{
  "experiment": "exp6_baseline",
  "game": "prisoners_dilemma",
  "provider": "openai",
  "baseline": "GenerousTitForTat",
  "trial": 28,
  "rounds": 30,
  "payoff": 90,
  "coop_rate": 1.0,
  "llm_history": [
    "COOPERATE",
    "COOPERATE",
    "COOPERATE",
    "COOPERATE",
    "COOPERATE",
    "COOPERATE",
    "COOPERATE",
    "COOPERATE",
    "COOPERATE",
    "COOPERATE",
    "COOPERATE",
    "COOPERATE",
    "COOPERATE",
    "COOPERATE",
    "COOPERATE",
    "COOPERATE",
    "COOPERATE",
    "COOPERATE",
    "COOPERATE",
    "COOPERATE",
    "COOPERATE",
    "COOPERATE",
    "COOPERATE",
    "COOPERATE",
    "COOPERATE",
    "COOPERATE",
    "COOPERATE",
    "COOPERATE",
    "COOPERATE",
    "COOPERATE"
  ],
  "opp_history": [
    "COOPERATE",
    "COOPERATE",
    "COOPERATE",
    "COOPERATE",
    "COOPERATE",
    "COOPERATE",
    "COOPERATE",
    "COOPERATE",
    "COOPERATE",
    "COOPERATE",
    "COOPERATE",
    "COOPERATE",
    "COOPERATE",
    "COOPERATE",
    "COOPERATE",
    "COOPERATE",
    "COOPERATE",
    "COOPERATE",
    "COOPERATE",
    "COOPERATE",
    "COOPERATE",
    "COOPERATE",
    "COOPERATE",
    "COOPERATE",
    "COOPERATE",
    "COOPERATE",
    "COOPERATE",
    "COOPERATE",
    "COOPERATE",
    "COOPERATE"
  ],
  "llm_responses": [
    "THINKING: In the first round of a repeated Prisoner's Dilemma game, there is no history to analyze, and cooperation can encourage mutual trust and higher payoffs in future rounds. Starting with cooperation sets a positive tone.  \n\nACTION: COOPERATE",
    "THINKING: The opponent has cooperated in the previous round and has a 100% cooperation rate so far. Maintaining cooperation can build trust and maximize mutual payoffs over time.\n\nACTION: COOPERATE",
    "THINKING: Both I and my opponent have cooperated 100% so far, leading to mutual benefits. Continuing cooperation builds trust and maximizes long-term payoffs in this scenario.\n\nACTION: COOPERATE",
    "THINKING: The opponent has consistently cooperated, and both of us have a cooperation rate of 100%. Maintaining cooperation maximizes mutual payoffs and builds trust for future rounds. Defecting now risks breaking the cooperative dynamic and reducing overall payoffs.  \nACTION: COOPERATE",
    "THINKING: The opponent has consistently cooperated, and mutual cooperation yields a higher total payoff over time. Defecting now would break trust and result in lower long-term payoffs. Continuing to cooperate is the best strategy to maintain mutual benefit.\n\nACTION: COOPERATE",
    "THINKING: The opponent has been consistently cooperative, and mutual cooperation yields the highest joint payoff (3 each). Defecting could damage the trust and lead to worse outcomes in future rounds. I will maintain cooperation to encourage long-term mutual benefit.  \nACTION: COOPERATE",
    "THINKING: Both I and the Opponent have maintained 100% cooperation so far, leading to a mutually beneficial outcome. Breaking this pattern by defecting could risk losing trust and long-term gains. \n\nACTION: COOPERATE",
    "THINKING: The opponent has demonstrated perfect cooperation so far, and mutual cooperation yields the best long-term payoff. Defecting now could break the trust and harm future outcomes.  \nACTION: COOPERATE",
    "THINKING: Both my cooperation rate and the opponent's cooperation rate are 100%, showing mutual trust and maximizing payoffs. Defecting now risks breaking this trust and leading to lower payoffs in future rounds.\n\nACTION: COOPERATE",
    "THINKING: Both you and your opponent have been consistently cooperating, resulting in mutual high payoffs. Defecting now would break trust and risk future cooperation. Maintaining cooperation maximizes long-term benefits.  \n\nACTION: COOPERATE",
    "THINKING: Both I and the Opponent have cooperated consistently, leading to mutual benefits. Continuing to cooperate preserves trust and maximizes joint payoffs in the long term.\n\nACTION: COOPERATE",
    "THINKING: Both my opponent and I have consistently cooperated, leading to mutually beneficial outcomes. Defecting now would break the trust and reduce future payoffs if the opponent retaliates.\n\nACTION: COOPERATE",
    "THINKING: The opponent has consistently cooperated, fostering mutual trust and maximizing payoffs for both players. Maintaining cooperation ensures continued high payoffs and preserves the cooperative dynamic.  \n\nACTION: COOPERATE  ",
    "THINKING: The opponent has consistently cooperated in all previous rounds, and mutual cooperation yields the best long-term payoff. Defecting now would disrupt trust and likely lead to lower future payoffs. \n\nACTION: COOPERATE",
    "THINKING: The opponent has been consistently cooperative, and mutual cooperation yields a higher payoff over time compared to defecting. Defecting now would break the trust and risk future cooperation.  \nACTION: COOPERATE",
    "THINKING: The opponent has been fully cooperative for all 15 rounds, demonstrating a highly trustworthy and consistent pattern. Continuing to cooperate maximizes long-term mutual payoffs in this situation.  \n\nACTION: COOPERATE",
    "THINKING: The opponent has shown consistent cooperation throughout all previous rounds, and mutual cooperation yields the highest shared payoff. Defecting would break trust and potentially lead to worse outcomes in future rounds.  \n\nACTION: COOPERATE",
    "THINKING: Both I and the Opponent have cooperated 100% of the time, maintaining mutual trust and maximizing payoffs. Breaking this pattern by defecting risks undermining this trust and reducing long-term payoffs.  \nACTION: COOPERATE",
    "THINKING: The opponent has been consistently cooperative, and mutual cooperation yields the highest payoff for both players. Defecting would break the trust and likely lead to worse outcomes in future rounds.  \n\nACTION: COOPERATE  ",
    "THINKING: Both my opponent and I have cooperated in every round so far, leading to mutual trust and maximum payoffs. Defecting now would break this trust and reduce both payoffs moving forward.\n\nACTION: COOPERATE",
    "THINKING: Both my opponent and I have consistently cooperated for all 20 rounds, leading to mutual benefit. Defecting now would break the trust and likely lead to lower payoffs in future rounds.\n\nACTION: COOPERATE",
    "THINKING: The opponent has been fully cooperative for 21 rounds, and defecting now would break the established trust and likely lead to mutual defection in future rounds, reducing both of our payoffs. Continuing to cooperate maximizes long-term gains.  \n\nACTION: COOPERATE",
    "THINKING: The opponent has consistently cooperated in every round, demonstrating a highly cooperative strategy. Continuing to cooperate ensures mutual payoff maximization and maintains trust.  \n\nACTION: COOPERATE",
    "THINKING: Both I and the opponent have consistently cooperated for all 23 rounds, resulting in mutual benefit. Breaking this pattern now would harm trust and reduce future gains.\n\nACTION: COOPERATE",
    "THINKING: Both I and the Opponent have cooperated consistently for all prior rounds, establishing mutual trust and maximizing joint payoffs. Defecting now would break this trust and potentially shift the game into a less cooperative dynamic, reducing long-term payoffs.\n\nACTION: COOPERATE",
    "THINKING: Both my and my opponent's behavior has been 100% cooperative so far, maintaining mutual trust and maximizing payoffs. Defecting now risks damaging this trust and reducing future payoffs in the repeated game.  \n\nACTION: COOPERATE",
    "THINKING: The opponent has consistently cooperated in all previous rounds, and defecting now would risk breaking the mutual trust that has been established. Continuing cooperation maximizes long-term payoffs for both players.\n\nACTION: COOPERATE",
    "THINKING: The opponent has consistently cooperated, resulting in mutual benefits for both parties. Defecting now could jeopardize the trust built and disrupt the cooperative dynamic. \n\nACTION: COOPERATE",
    "THINKING: Both the opponent and I have been fully cooperative so far, resulting in maximum mutual payoffs. There is no indication that the opponent will deviate from cooperation, and defecting now would harm the established trust and long-term gains. \n\nACTION: COOPERATE",
    "THINKING: The opponent has consistently cooperated in every round, suggesting a highly cooperative strategy. Maintaining mutual cooperation maximizes the payoff for both parties and aligns with the established trust.\n\nACTION: COOPERATE"
  ]
}