{
  "experiment": "exp6_baseline",
  "game": "prisoners_dilemma",
  "provider": "openai",
  "baseline": "GrimTrigger",
  "trial": 19,
  "rounds": 30,
  "payoff": 90,
  "coop_rate": 1.0,
  "llm_history": [
    "COOPERATE",
    "COOPERATE",
    "COOPERATE",
    "COOPERATE",
    "COOPERATE",
    "COOPERATE",
    "COOPERATE",
    "COOPERATE",
    "COOPERATE",
    "COOPERATE",
    "COOPERATE",
    "COOPERATE",
    "COOPERATE",
    "COOPERATE",
    "COOPERATE",
    "COOPERATE",
    "COOPERATE",
    "COOPERATE",
    "COOPERATE",
    "COOPERATE",
    "COOPERATE",
    "COOPERATE",
    "COOPERATE",
    "COOPERATE",
    "COOPERATE",
    "COOPERATE",
    "COOPERATE",
    "COOPERATE",
    "COOPERATE",
    "COOPERATE"
  ],
  "opp_history": [
    "COOPERATE",
    "COOPERATE",
    "COOPERATE",
    "COOPERATE",
    "COOPERATE",
    "COOPERATE",
    "COOPERATE",
    "COOPERATE",
    "COOPERATE",
    "COOPERATE",
    "COOPERATE",
    "COOPERATE",
    "COOPERATE",
    "COOPERATE",
    "COOPERATE",
    "COOPERATE",
    "COOPERATE",
    "COOPERATE",
    "COOPERATE",
    "COOPERATE",
    "COOPERATE",
    "COOPERATE",
    "COOPERATE",
    "COOPERATE",
    "COOPERATE",
    "COOPERATE",
    "COOPERATE",
    "COOPERATE",
    "COOPERATE",
    "COOPERATE"
  ],
  "llm_responses": [
    "THINKING: Since this is the first round and there is no history to analyze, it is generally a good idea to start with cooperation to establish trust and encourage mutual cooperation in future rounds.  \nACTION: COOPERATE",
    "THINKING: Both you and your opponent cooperated in the previous round, indicating mutual trust. Continuing to cooperate maximizes the collective payoff and builds trust for future rounds.  \nACTION: COOPERATE",
    "THINKING: Both the opponent and I have cooperated 100% so far, which has maximized mutual payoffs. There is no indication that the opponent intends to defect, so continuing to cooperate builds trust and maintains a higher long-term payoff.  \n\nACTION: COOPERATE",
    "THINKING: The opponent has consistently cooperated in all previous rounds, and maintaining mutual cooperation maximizes payoff for both players. Defecting would break trust and reduce long-term potential gains.  \n\nACTION: COOPERATE",
    "THINKING: Both I and the Opponent have shown high cooperation rates, and the Opponent seems trustworthy so far. Continuing to cooperate maximizes long-term payoffs in this scenario.\n\nACTION: COOPERATE",
    "THINKING: Both I and my opponent have consistently cooperated, and the opponent's behavior suggests a highly cooperative strategy. Defecting now would break mutual trust and lower future payoffs.  \nACTION: COOPERATE  ",
    "THINKING: Both I and my opponent have demonstrated 100% cooperation so far, which has maximized mutual payoffs. Maintaining cooperation sustains trust and ensures optimal outcomes for both players.  \nACTION: COOPERATE",
    "THINKING: Both I and the Opponent have cooperated in every round so far, maintaining a mutually beneficial outcome. Defecting now would break the trust and potentially lead to worse payoffs in future rounds. Maintaining cooperation is the optimal strategy for continued mutual benefit.\n\nACTION: COOPERATE",
    "THINKING: The opponent has consistently cooperated in all 8 rounds, and mutual cooperation yields the highest joint payoff. Defecting now would break trust and potentially lead to mutual defection in future rounds, reducing overall payoffs. Maintaining cooperation maximizes long-term benefits.\n\nACTION: COOPERATE",
    "THINKING: The opponent has consistently cooperated in all rounds, and maintaining mutual cooperation maximizes long-term payoffs for both players. Defecting would betray the established trust and harm future cooperation.  \nACTION: COOPERATE  ",
    "THINKING: The opponent has consistently cooperated in all previous rounds, and mutual cooperation yields the highest collective payoff. Defecting now could disrupt this trust and lower future payoffs.  \n\nACTION: COOPERATE",
    "THINKING: The opponent has consistently cooperated in all previous rounds, and maintaining mutual cooperation will maximize long-term payoffs for both of us. Defecting now would break the trust and likely lead to worse future outcomes.\n\nACTION: COOPERATE",
    "THINKING: Both I and the Opponent have consistently cooperated in all previous rounds, and maintaining mutual cooperation maximizes our payoffs. Defecting now would betray the trust built and likely lead to worse long-term outcomes.\n\nACTION: COOPERATE",
    "THINKING: Both I and the Opponent have been fully cooperative so far, leading to mutual benefits. Maintaining cooperation ensures continued high payoffs without jeopardizing trust.  \nACTION: COOPERATE",
    "THINKING: Both my opponent and I have cooperated in every round so far, leading to a mutually beneficial outcome. Maintaining cooperation ensures continued high payoffs for both of us.\n\nACTION: COOPERATE",
    "THINKING: Both I and the Opponent have cooperated consistently, which has maximized mutual payoffs. Breaking this trust now would risk disrupting a beneficial pattern and encourage retaliation in future rounds. Sustaining cooperation is optimal for long-term gains.\n\nACTION: COOPERATE",
    "THINKING: The opponent has cooperated in all previous rounds, and both of us have achieved consistent mutual cooperation. Defecting now risks breaking this trust and reducing long-term payoffs.  \nACTION: COOPERATE",
    "THINKING: Both my opponent and I have cooperated consistently for all previous rounds, leading to a mutually beneficial outcome. Breaking the pattern now could disrupt trust and harm my long-term payoff.\n\nACTION: COOPERATE",
    "THINKING: The opponent has consistently cooperated in all previous rounds, and mutual cooperation maximizes long-term payoffs. Breaking the cooperation could risk losing trust and lead to lower future payoffs.\n\nACTION: COOPERATE",
    "THINKING: The opponent has maintained a perfect cooperation record, and mutual cooperation maximizes long-term payoffs in this game. Defecting now would break the trust and likely harm future cooperation.\n\nACTION: COOPERATE",
    "THINKING: Both I and the Opponent have cooperated for all 20 rounds, maximizing mutual payoffs. Defecting now would break the trust and likely lead to retaliation, reducing long-term payoffs. Continuing to cooperate sustains the mutually beneficial outcome.\n\nACTION: COOPERATE",
    "THINKING: The opponent has exhibited consistent cooperation throughout all 21 rounds. Defecting now could break mutual trust and jeopardize future gains, while continuing to cooperate maximizes long-term benefits.\n\nACTION: COOPERATE",
    "THINKING: Both I and the opponent have fully cooperated so far, resulting in maximum mutual payoffs. Defecting now risks breaking the trust and shifting the game to a less rewarding dynamic. \n\nACTION: COOPERATE",
    "THINKING: Given the opponent's consistent cooperation (100% cooperation rate across all rounds), defecting would break mutual trust and reduce long-term payoffs. Continuing to cooperate maintains the current payoff equilibrium and ensures a stable, mutually beneficial strategy.\n\nACTION: COOPERATE",
    "THINKING: Both you and the opponent have consistently cooperated, resulting in mutual benefits. Maintaining cooperation ensures ongoing high payoffs without risking trust or triggering retaliation.  \n\nACTION: COOPERATE",
    "THINKING: Both I and my opponent have consistently cooperated for 25 rounds, maximizing mutual payoffs. Maintaining cooperation ensures continued trust and mutual benefit in this highly cooperative dynamic.\n\nACTION: COOPERATE",
    "THINKING: Given the opponent's flawless cooperation history and my own perfect cooperation rate, continuing to cooperate maximizes mutual payoffs and sustains trust. Defecting would break the established trust and likely lead to worse outcomes in future rounds.  \nACTION: COOPERATE",
    "THINKING: Both I and my opponent have cooperated 100% of the time, and defecting now would risk breaking the mutual trust and reducing long-term payoffs. Maintaining cooperation maximizes mutual benefits.\n\nACTION: COOPERATE",
    "THINKING: Both you and the opponent have consistently cooperated for all 28 rounds, leading to mutual maximum payoff. Defecting now risks breaking trust and creating a less favorable outcome for both parties in future rounds. Continuing cooperation preserves the beneficial dynamic.\n\nACTION: COOPERATE",
    "THINKING: The opponent has consistently cooperated in all rounds, which suggests a highly cooperative strategy. Defecting now would betray trust and could lead to a breakdown of cooperation, reducing long-term payoffs for both players.\n\nACTION: COOPERATE"
  ]
}