{
  "experiment": "exp6_baseline",
  "game": "prisoners_dilemma",
  "provider": "openai",
  "baseline": "AlwaysDefect",
  "trial": 17,
  "rounds": 30,
  "payoff": 29,
  "coop_rate": 0.03333333333333333,
  "llm_history": [
    "COOPERATE",
    "DEFECT",
    "DEFECT",
    "DEFECT",
    "DEFECT",
    "DEFECT",
    "DEFECT",
    "DEFECT",
    "DEFECT",
    "DEFECT",
    "DEFECT",
    "DEFECT",
    "DEFECT",
    "DEFECT",
    "DEFECT",
    "DEFECT",
    "DEFECT",
    "DEFECT",
    "DEFECT",
    "DEFECT",
    "DEFECT",
    "DEFECT",
    "DEFECT",
    "DEFECT",
    "DEFECT",
    "DEFECT",
    "DEFECT",
    "DEFECT",
    "DEFECT",
    "DEFECT"
  ],
  "opp_history": [
    "DEFECT",
    "DEFECT",
    "DEFECT",
    "DEFECT",
    "DEFECT",
    "DEFECT",
    "DEFECT",
    "DEFECT",
    "DEFECT",
    "DEFECT",
    "DEFECT",
    "DEFECT",
    "DEFECT",
    "DEFECT",
    "DEFECT",
    "DEFECT",
    "DEFECT",
    "DEFECT",
    "DEFECT",
    "DEFECT",
    "DEFECT",
    "DEFECT",
    "DEFECT",
    "DEFECT",
    "DEFECT",
    "DEFECT",
    "DEFECT",
    "DEFECT",
    "DEFECT",
    "DEFECT"
  ],
  "llm_responses": [
    "THINKING: Since this is the first round and there is no historical data, cooperating can establish trust and potentially lead to mutual high payoffs if the opponent reciprocates. Defecting could result in a low payoff or set a negative tone for subsequent rounds.  \nACTION: COOPERATE",
    "THINKING: In the first round, the Opponent defected while I cooperated, resulting in a payoff of 0 for me. Given the Opponent's 0% cooperation rate so far, it seems they are prioritizing their own gain. To avoid being exploited again, I should defect in this round.\n\nACTION: DEFECT",
    "THINKING: The opponent has defected in both previous rounds, showing a 0% cooperation rate. Continuing to cooperate is unlikely to yield a positive payoff, so defecting is the best strategy to avoid being exploited.\n\nACTION: DEFECT",
    "THINKING: The opponent has consistently defected in all rounds so far, showing no inclination to cooperate. Defecting maximizes my payoff under these circumstances.\n\nACTION: DEFECT",
    "THINKING: The opponent has consistently defected in all previous rounds, showing no inclination to cooperate. Continuing to cooperate would result in a guaranteed loss, so the best response to maximize my payoff is to defect as well.  \nACTION: DEFECT",
    "THINKING: The opponent has consistently defected in every round, showing no willingness to cooperate. Since cooperation will only result in a payoff of 0 for me, the rational choice is to defect to maximize my payoff.  \n\nACTION: DEFECT",
    "THINKING: The opponent has consistently defected in all rounds, showing no willingness to cooperate. Defecting is the rational choice to avoid being exploited further.\n\nACTION: DEFECT",
    "THINKING: The opponent has consistently defected in every round, indicating a clear strategy of non-cooperation. To maximize my own payoff, I should also defect since cooperating will only result in losing points.  \n\nACTION: DEFECT",
    "THINKING: The opponent has consistently defected in all previous rounds, showing no willingness to cooperate. Defecting is the rational choice to avoid being exploited further.  \nACTION: DEFECT  ",
    "THINKING: The opponent has always defected, showing no inclination to cooperate. Continuing to cooperate in this situation would only result in consistently poor outcomes for me. Defecting is the rational choice to avoid being exploited.\n\nACTION: DEFECT",
    "THINKING: The opponent has consistently defected in every round and has a cooperation rate of 0%. Cooperating in this situation will only result in a lower payoff for me, as they will continue to exploit cooperation. Defecting ensures I avoid being taken advantage of.  \nACTION: DEFECT  ",
    "THINKING: The opponent has consistently defected in all previous rounds, and their cooperation rate is 0%. Given this pattern, cooperating would only result in a worse payoff for me.\n\nACTION: DEFECT",
    "THINKING: The opponent has consistently defected in all rounds, and their cooperation rate is 0%. Cooperating would only allow them to exploit me, given their established pattern of defection.\n\nACTION: DEFECT",
    "THINKING: The opponent has consistently defected in all rounds, demonstrating a pattern of non-cooperation. Since cooperating will result in a guaranteed loss (0 points for me, 5 for the opponent), the optimal strategy is to defect to avoid being exploited.  \n\nACTION: DEFECT",
    "THINKING: Based on the opponent's consistent strategy of always defecting and their 0% cooperation rate, cooperating would only result in a payoff of 0 for me. Defecting guarantees at least a payoff of 1.  \nACTION: DEFECT",
    "THINKING: The opponent has consistently defected in all rounds, showing no intention of cooperating. Defecting is the only rational decision to maximize my payoff in this repeated game.  \n\nACTION: DEFECT",
    "THINKING: The opponent has consistently defected in every round, with a 0% cooperation rate. Cooperating would only result in a payoff of 0 for me while benefiting the opponent; therefore, defecting is the most rational choice.\n\nACTION: DEFECT",
    "THINKING: The opponent has consistently defected in every round, and their cooperation rate is 0%. Cooperating would result in a guaranteed loss, while defecting is the only rational response to maximize my payoff.\n\nACTION: DEFECT",
    "THINKING: The opponent has consistently defected in all previous rounds, showing no intention to cooperate. Continuing to cooperate will only result in losses for me, so defecting is the rational choice to minimize my losses.\n\nACTION: DEFECT",
    "THINKING: The opponent has consistently defected in all 19 rounds, showing no intention to cooperate. Defecting maximizes my payoff under these circumstances.  \n\nACTION: DEFECT",
    "THINKING: The opponent has consistently defected in all previous rounds, and their cooperation rate is 0%. Cooperating will result in a guaranteed loss for me, so defecting is the rational choice to maximize my payoff.\n\nACTION: DEFECT",
    "THINKING: The opponent has consistently defected in every round, showing no cooperative behavior. Given this pattern, cooperating would only result in a worse payoff for me.\n\nACTION: DEFECT",
    "THINKING: The opponent has consistently defected in all prior rounds (0% cooperation rate). Continuing to defect is the optimal strategy to minimize loss in this situation, as cooperation would result in zero payoff for me.  \nACTION: DEFECT  ",
    "THINKING: The opponent has consistently defected in all previous rounds, showing no willingness to cooperate. Defecting is the only rational choice to avoid being exploited.  \nACTION: DEFECT",
    "THINKING: The opponent has consistently defected in all previous rounds, indicating no intention to cooperate. Defecting ensures I avoid being exploited and guarantees the highest possible payoff against their strategy.  \n\nACTION: DEFECT",
    "THINKING: The opponent has demonstrated a consistent strategy of always defecting, with a 0% cooperation rate over 25 rounds. Given that cooperating will result in a guaranteed loss for me, the optimal choice is to defect.\n\nACTION: DEFECT",
    "THINKING: The opponent has consistently defected in all previous rounds, showing no intention to cooperate. Defecting maximizes my payoff under these circumstances.  \n\nACTION: DEFECT  ",
    "THINKING: The opponent has consistently defected in all previous rounds, showing no intention to cooperate. Cooperating would only result in a loss for me, while defecting ensures I at least gain 1 point.\n\nACTION: DEFECT",
    "THINKING: The opponent has consistently defected in every round, showing no indication of willingness to cooperate. To maximize my payoff in this situation, I should also defect since cooperation would only result in a worse outcome for me.  \n\nACTION: DEFECT",
    "THINKING: The opponent has consistently defected every round, indicating a strategy of non-cooperation. Defecting maximizes my payoff in this scenario, as cooperation would result in zero points.\n\nACTION: DEFECT"
  ]
}