{
  "experiment": "exp6_baseline",
  "game": "prisoners_dilemma",
  "provider": "openai",
  "baseline": "GrimTrigger",
  "trial": 14,
  "rounds": 30,
  "payoff": 90,
  "coop_rate": 1.0,
  "llm_history": [
    "COOPERATE",
    "COOPERATE",
    "COOPERATE",
    "COOPERATE",
    "COOPERATE",
    "COOPERATE",
    "COOPERATE",
    "COOPERATE",
    "COOPERATE",
    "COOPERATE",
    "COOPERATE",
    "COOPERATE",
    "COOPERATE",
    "COOPERATE",
    "COOPERATE",
    "COOPERATE",
    "COOPERATE",
    "COOPERATE",
    "COOPERATE",
    "COOPERATE",
    "COOPERATE",
    "COOPERATE",
    "COOPERATE",
    "COOPERATE",
    "COOPERATE",
    "COOPERATE",
    "COOPERATE",
    "COOPERATE",
    "COOPERATE",
    "COOPERATE"
  ],
  "opp_history": [
    "COOPERATE",
    "COOPERATE",
    "COOPERATE",
    "COOPERATE",
    "COOPERATE",
    "COOPERATE",
    "COOPERATE",
    "COOPERATE",
    "COOPERATE",
    "COOPERATE",
    "COOPERATE",
    "COOPERATE",
    "COOPERATE",
    "COOPERATE",
    "COOPERATE",
    "COOPERATE",
    "COOPERATE",
    "COOPERATE",
    "COOPERATE",
    "COOPERATE",
    "COOPERATE",
    "COOPERATE",
    "COOPERATE",
    "COOPERATE",
    "COOPERATE",
    "COOPERATE",
    "COOPERATE",
    "COOPERATE",
    "COOPERATE",
    "COOPERATE"
  ],
  "llm_responses": [
    "THINKING: Since this is the first round and there is no historical data, cooperating can establish trust and potentially lead to mutual cooperation in future rounds, maximizing long-term payoffs.  \nACTION: COOPERATE",
    "THINKING: The opponent has cooperated in the first round, and their cooperation rate is 100%. To build trust and maximize long-term payoffs, I should continue to cooperate for now.  \nACTION: COOPERATE",
    "THINKING: Both I and my opponent have cooperated 100% so far, indicating a mutual trust. Defecting now could damage the trust and lead to less favorable payoffs in future rounds.\n\nACTION: COOPERATE",
    "THINKING: Both you and the opponent have demonstrated consistent cooperation, leading to mutual trust and optimal payoffs. Maintaining cooperation ensures stability and maximizes long-term rewards.  \nACTION: COOPERATE  ",
    "THINKING: Both the opponent and I have consistently cooperated, and the opponent shows a highly cooperative pattern. Maintaining cooperation maximizes long-term mutual payoffs and trust.  \nACTION: COOPERATE",
    "THINKING: Both my opponent and I have shown consistent cooperation so far, and this has led to mutual trust and a stable payoff. Defecting now would break the trust and potentially lead to worse outcomes in future rounds.\n\nACTION: COOPERATE",
    "THINKING: The opponent has been consistently cooperative, maintaining a 100% cooperation rate. Continuing to cooperate will maximize mutual payoffs and sustain trust in the game.\n\nACTION: COOPERATE",
    "THINKING: Both I and the Opponent have consistently cooperated, and their behavior has shown no sign of defection. Continuing to cooperate maximizes long-term mutual payoff and maintains trust.  \nACTION: COOPERATE",
    "THINKING: The opponent has consistently cooperated in every round, leading to mutual trust and higher payoffs for both. Defecting would break this trust and could lead to worse payoffs in future rounds.\n\nACTION: COOPERATE",
    "THINKING: Both I and the Opponent have cooperated in all previous rounds, leading to mutual payoffs of 3 each time. Maintaining cooperation maximizes long-term mutual benefits and preserves trust. \n\nACTION: COOPERATE",
    "THINKING: The opponent has shown consistent cooperation throughout all previous rounds, and mutual cooperation maximizes joint payoffs. Defecting now would break trust and could lead to worse outcomes in future rounds.  \n\nACTION: COOPERATE",
    "THINKING: Both the opponent and I have cooperated in every round so far, indicating mutual trust and a highly cooperative dynamic. Breaking this pattern could jeopardize the trust and lead to worse outcomes in future rounds.\n\nACTION: COOPERATE",
    "THINKING: Given that both my cooperation rate and the opponent's cooperation rate are 100%, and the opponent has demonstrated consistent cooperation, mutual cooperation maximizes payoffs for both of us. Defecting now would break trust and likely lead to worse outcomes in future rounds.  \nACTION: COOPERATE",
    "THINKING: So far, both I and the Opponent have fully cooperated, indicating a mutually beneficial relationship. Defecting now would betray the established trust and risk future cooperation from the Opponent.\n\nACTION: COOPERATE",
    "THINKING: Both the opponent and I have cooperated in every round, maximizing mutual payoff. Defecting now would break the trust and potentially lead to mutual defection in future rounds, reducing long-term payoffs. \n\nACTION: COOPERATE",
    "THINKING: The opponent has been consistently cooperative, and mutual cooperation yields the highest long-term payoff for both parties. Breaking the trust now risks damaging future cooperation. \n\nACTION: COOPERATE",
    "THINKING: The opponent has consistently cooperated, and I have also maintained a 100% cooperation rate. Defecting now could disrupt the mutually beneficial dynamic and lead to lower payoffs for both of us overall. \n\nACTION: COOPERATE",
    "THINKING: Both I and the Opponent have cooperated consistently for the entire game, resulting in mutual high payoffs. Breaking this pattern by defecting could harm the trust and reduce payoffs in future rounds. Maintaining cooperation seems optimal given the Opponent's consistent behavior.\n\nACTION: COOPERATE",
    "THINKING: Both you and your opponent have been consistently cooperative for 18 rounds, resulting in mutual trust and high payoffs. Breaking this trust now could lead to retaliation and lower payoffs in future rounds.  \n\nACTION: COOPERATE",
    "THINKING: The opponent has consistently cooperated in all 19 rounds, suggesting a highly cooperative strategy. Continuing to cooperate will likely maintain mutual high payoffs and maximize long-term gains. \n\nACTION: COOPERATE",
    "THINKING: The opponent has consistently cooperated in all 20 rounds, and mutual cooperation yields the highest combined payoff in the long term. Maintaining cooperation preserves trust and maximizes shared benefits.\n\nACTION: COOPERATE",
    "THINKING: The opponent has demonstrated consistent cooperation across all rounds, and mutual cooperation provides the highest collective payoff. Maintaining cooperation builds trust and ensures steady payoffs.\n\nACTION: COOPERATE",
    "THINKING: The opponent has cooperated consistently in all previous rounds, and mutual cooperation yields a higher long-term payoff than defecting. Breaking this cooperative streak could harm trust and future payoffs. \n\nACTION: COOPERATE",
    "THINKING: Both you and the Opponent have maintained perfect cooperation so far, resulting in mutual high payoffs. Breaking this pattern without provocation risks damaging trust and future cooperation. \n\nACTION: COOPERATE",
    "THINKING: The opponent has been consistently cooperative for all previous rounds. Defecting now risks breaking mutual trust and could lead to lower payoffs in future rounds. Maintaining cooperation ensures continued high payoffs.  \nACTION: COOPERATE",
    "THINKING: Both I and the Opponent have consistently cooperated for all 25 rounds, resulting in a stable and mutually beneficial outcome. Defecting now would break the trust and likely lead to worse outcomes in future rounds.  \n\nACTION: COOPERATE",
    "THINKING: Both I and my opponent have been fully cooperative, and the opponent has shown no signs of defecting. Continuing to cooperate maximizes mutual benefit and maintains trust.  \nACTION: COOPERATE",
    "THINKING: The opponent has consistently cooperated in all 27 rounds, and mutual cooperation yields the highest cumulative payoff. Breaking trust by defecting could risk future cooperation and lower long-term rewards.  \nACTION: COOPERATE",
    "THINKING: The opponent has consistently cooperated, and maintaining mutual cooperation ensures a steady payoff of 3 for both parties, avoiding the risk of retaliation or breaking trust. Defecting could jeopardize the long-term benefits of cooperation.  \n\nACTION: COOPERATE",
    "THINKING: The opponent has been consistently cooperative with a 100% cooperation rate, and defecting now would break mutual trust, potentially leading to worse outcomes in future rounds. Maximizing long-term payoff requires maintaining cooperation.  \nACTION: COOPERATE"
  ]
}