{
  "experiment": "exp6_baseline",
  "game": "prisoners_dilemma",
  "provider": "openai",
  "baseline": "Extort2",
  "trial": 1,
  "rounds": 30,
  "payoff": 49,
  "coop_rate": 0.4666666666666667,
  "llm_history": [
    "COOPERATE",
    "COOPERATE",
    "COOPERATE",
    "COOPERATE",
    "COOPERATE",
    "COOPERATE",
    "COOPERATE",
    "COOPERATE",
    "COOPERATE",
    "COOPERATE",
    "COOPERATE",
    "COOPERATE",
    "COOPERATE",
    "DEFECT",
    "COOPERATE",
    "DEFECT",
    "DEFECT",
    "DEFECT",
    "DEFECT",
    "DEFECT",
    "DEFECT",
    "DEFECT",
    "DEFECT",
    "DEFECT",
    "DEFECT",
    "DEFECT",
    "DEFECT",
    "DEFECT",
    "DEFECT",
    "DEFECT"
  ],
  "opp_history": [
    "COOPERATE",
    "COOPERATE",
    "COOPERATE",
    "COOPERATE",
    "COOPERATE",
    "COOPERATE",
    "COOPERATE",
    "COOPERATE",
    "COOPERATE",
    "COOPERATE",
    "COOPERATE",
    "DEFECT",
    "DEFECT",
    "DEFECT",
    "DEFECT",
    "DEFECT",
    "DEFECT",
    "DEFECT",
    "DEFECT",
    "DEFECT",
    "DEFECT",
    "DEFECT",
    "DEFECT",
    "DEFECT",
    "DEFECT",
    "DEFECT",
    "DEFECT",
    "DEFECT",
    "DEFECT",
    "DEFECT"
  ],
  "llm_responses": [
    "THINKING: Since this is the first round and there is no history or pattern to analyze, cooperating can establish trust and encourage mutual cooperation in subsequent rounds, which leads to higher payoffs in the long run.  \nACTION: COOPERATE  ",
    "THINKING: The opponent has cooperated in the previous round, and their cooperation rate is 100%. To encourage mutual cooperation and establish trust, it is rational to cooperate again.  \n\nACTION: COOPERATE",
    "THINKING: The opponent has cooperated 100% of the time so far, and mutual cooperation provides the best long-term payoff. Defecting now might break trust and lead to worse outcomes in future rounds.  \nACTION: COOPERATE  ",
    "THINKING: The opponent has consistently cooperated in all previous rounds, and maintaining mutual cooperation maximizes both our payoffs. Defecting would jeopardize a beneficial dynamic.  \n\nACTION: COOPERATE",
    "THINKING: Both I and my opponent have been fully cooperative so far, leading to the highest possible mutual payoff. Breaking cooperation now could jeopardize this mutually beneficial dynamic. \n\nACTION: COOPERATE",
    "THINKING: The opponent has shown consistent cooperation with a 100% cooperation rate, and maintaining mutual cooperation yields the highest joint payoff. Defecting now risks breaking the trust and reducing long-term payoffs. \n\nACTION: COOPERATE",
    "THINKING: Both players have consistently cooperated so far, resulting in mutual benefit. Breaking this pattern by defecting would harm the trust and potentially lead to worse outcomes in future rounds.\n\nACTION: COOPERATE",
    "THINKING: The opponent has consistently cooperated in all rounds, indicating a highly cooperative strategy. To maximize long-term benefits, maintaining cooperation will foster trust and yield higher payoffs over time.  \n\nACTION: COOPERATE",
    "THINKING: The opponent has consistently cooperated in every round, and mutual cooperation yields a higher payoff (3 each) than mutual defection (1 each). Maintaining trust and cooperation maximizes long-term benefits.  \nACTION: COOPERATE  ",
    "THINKING: The opponent has demonstrated consistent cooperation, and both of us have been cooperating every round, maximizing mutual payoff. Continuing to cooperate aligns with a long-term strategy to sustain trust and maximize collective gains.\n\nACTION: COOPERATE",
    "THINKING: The opponent has been fully cooperative so far, with a 100% cooperation rate. To sustain mutual benefit and maximize long-term payoffs, continuing to cooperate is the optimal strategy. \n\nACTION: COOPERATE",
    "THINKING: Both I and the opponent have cooperated consistently so far, maintaining mutual trust and maximizing joint payoffs. Defecting now would risk breaking this trust and reduce the long-term benefits of cooperation.  \n\nACTION: COOPERATE",
    "THINKING: The opponent has been highly cooperative overall, with only one defect in 12 rounds, likely testing my response. Continuing to cooperate maximizes long-term payoffs in this scenario.  \nACTION: COOPERATE",
    "THINKING: Although the opponent has been highly cooperative overall, their last action was a defection, which could indicate a potential shift in strategy or a test of my response. To maintain a balance between reciprocity and deterrence, I will defect this round to signal that I won't tolerate consistent defections.  \n\nACTION: DEFECT",
    "THINKING: The opponent's cooperation rate is relatively high, but they defected in the last round, suggesting conditional behavior. To potentially encourage future cooperation and maintain trust, I should consider cooperating. However, defecting might punish their recent defection.  \n\nACTION: COOPERATE",
    "THINKING: The opponent has a moderately high cooperation rate but defected in the previous round, suggesting conditional behavior. To encourage mutual cooperation while protecting myself from exploitation, I will defect this round to signal that defection won't be ignored.  \n\nACTION: DEFECT",
    "THINKING: The opponent's cooperation rate is relatively high (69%), but their last action was to defect, indicating conditional or mixed behavior. To discourage exploitation and signal that defections won't go unchecked, defecting this round may be a strategic move.  \n\nACTION: DEFECT",
    "THINKING: The opponent has a lower cooperation rate (65%) and has recently been defecting, suggesting they may prioritize short-term gains. To avoid consistently losing while maintaining leverage, defecting this round seems strategic.  \n\nACTION: DEFECT",
    "THINKING: The opponent's cooperation rate has been moderate (61%), but their recent pattern suggests a tendency to defect. Given their last action was to defect, and mutual defection at least ensures a minimal payoff, I will defect to avoid being exploited.  \nACTION: DEFECT",
    "THINKING: The opponent's cooperation rate is lower than mine, and their recent pattern suggests they mostly defect. Given the payoff matrix, defecting in response to their likely defection minimizes my losses. \n\nACTION: DEFECT",
    "THINKING: The opponent's recent pattern of always defecting suggests they are not inclined to cooperate anymore. Continuing to cooperate would likely result in repeated losses for me, so defecting is the rational choice to avoid being exploited.  \nACTION: DEFECT",
    "THINKING: The opponent has been defecting consistently, and cooperating would result in no payoff for me while benefiting the opponent. To maximize my own payoff in this scenario, I should defect as well.\n\nACTION: DEFECT",
    "THINKING: The opponent has been consistently defecting, and cooperating would result in a guaranteed loss for me. To maximize my payoff, I should also defect.  \n\nACTION: DEFECT",
    "THINKING: The opponent has consistently defected recently, showing no willingness to cooperate, and my cooperation has not yielded a payoff so far. Defecting will minimize losses and potentially encourage a shift in strategy from the opponent.\n\nACTION: DEFECT",
    "THINKING: The opponent has consistently defected, especially in recent rounds, indicating they are unlikely to cooperate. Defecting maximizes my payoff in this scenario since mutual cooperation is not viable.  \nACTION: DEFECT  ",
    "THINKING: The opponent has been consistently defecting, including recently, and their cooperation rate is low. To maximize my payoff in this scenario, I should defect as well.  \n\nACTION: DEFECT",
    "THINKING: The opponent has consistently defected recently and has a lower cooperation rate overall. Since mutual defection provides a higher payoff than cooperating while the opponent defects, it is rational to defect.\n\nACTION: DEFECT",
    "THINKING: The opponent has a low cooperation rate (41%) and has been consistently defecting recently. Continuing to cooperate would only result in continued exploitation, so defecting maximizes my payoff in this scenario.  \n\nACTION: DEFECT",
    "THINKING: The opponent has consistently defected, which indicates they are unlikely to cooperate regardless of my action. Defecting minimizes my losses and avoids exploitation.  \n\nACTION: DEFECT",
    "THINKING: The opponent's cooperation rate is low at 38% and their recent pattern indicates they always defect. Since cooperating would consistently result in a worse payoff for me against their defection, I should defect to minimize losses.\n\nACTION: DEFECT"
  ]
}