{
  "experiment": "exp6_baseline",
  "game": "prisoners_dilemma",
  "provider": "deepseek",
  "baseline": "GrimTrigger",
  "trial": 30,
  "rounds": 30,
  "payoff": 52,
  "coop_rate": 0.5,
  "llm_history": [
    "COOPERATE",
    "COOPERATE",
    "COOPERATE",
    "COOPERATE",
    "COOPERATE",
    "COOPERATE",
    "COOPERATE",
    "COOPERATE",
    "COOPERATE",
    "COOPERATE",
    "COOPERATE",
    "DEFECT",
    "COOPERATE",
    "COOPERATE",
    "COOPERATE",
    "DEFECT",
    "DEFECT",
    "COOPERATE",
    "DEFECT",
    "DEFECT",
    "DEFECT",
    "DEFECT",
    "DEFECT",
    "DEFECT",
    "DEFECT",
    "DEFECT",
    "DEFECT",
    "DEFECT",
    "DEFECT",
    "DEFECT"
  ],
  "opp_history": [
    "COOPERATE",
    "COOPERATE",
    "COOPERATE",
    "COOPERATE",
    "COOPERATE",
    "COOPERATE",
    "COOPERATE",
    "COOPERATE",
    "COOPERATE",
    "COOPERATE",
    "COOPERATE",
    "COOPERATE",
    "DEFECT",
    "DEFECT",
    "DEFECT",
    "DEFECT",
    "DEFECT",
    "DEFECT",
    "DEFECT",
    "DEFECT",
    "DEFECT",
    "DEFECT",
    "DEFECT",
    "DEFECT",
    "DEFECT",
    "DEFECT",
    "DEFECT",
    "DEFECT",
    "DEFECT",
    "DEFECT"
  ],
  "llm_responses": [
    "THINKING: This is the first round with no history, so I'll start by cooperating to signal willingness to cooperate and see how the opponent responds.  \nACTION: COOPERATE",
    "THINKING: Since the opponent cooperated in the first round and has a 100% cooperation rate, starting with cooperation is a good sign. I'll reciprocate to build mutual cooperation.\n\nACTION: COOPERATE",
    "THINKING: The opponent has cooperated in both previous rounds, and my cooperation rate is 100%. Since we are both cooperating, I should continue cooperating to maintain mutual benefit and build trust.\n\nACTION: COOPERATE",
    "THINKING: The opponent has cooperated 100% so far, and mutual cooperation yields the highest long-term payoff. Defecting now risks breaking trust and reducing future gains.\n\nACTION: COOPERATE",
    "THINKING: The opponent has cooperated 100% of the time so far, and my total payoff is currently zero, meaning I have been cooperating while they have been cooperating. Continuing to cooperate maintains mutual benefit.\n\nACTION: COOPERATE",
    "THINKING: Opponent has cooperated 100% so far, and mutual cooperation yields the best long-term payoff.  \nACTION: COOPERATE",
    "THINKING: Opponent has cooperated 100% of the time so far, and mutual cooperation yields the highest long-term payoff. Defecting now risks breaking the cooperative pattern and reducing future gains.  \nACTION: COOPERATE",
    "THINKING: The opponent has cooperated 100% of the time so far, and mutual cooperation yields the highest long-term payoff. Defecting now risks breaking the cooperative pattern and lowering future gains.  \nACTION: COOPERATE",
    "THINKING: The opponent has cooperated 100% of the time so far, and mutual cooperation yields a good payoff. Defecting now risks breaking this cooperative pattern for a short-term gain.\n\nACTION: COOPERATE",
    "THINKING: The opponent has cooperated 100% of the time so far, and mutual cooperation yields the highest long-term payoff. Defecting now risks breaking this beneficial pattern.\n\nACTION: COOPERATE",
    "THINKING: The opponent has cooperated 100% of the time so far, and mutual cooperation yields the best long-term payoff. Defecting now risks breaking the cooperative pattern and reducing future gains.\n\nACTION: COOPERATE",
    "THINKING: The opponent has cooperated 100% of the time, and my total payoff is zero, meaning I have been cooperating while they have been defecting in every round.  \nACTION: DEFECT",
    "THINKING: The opponent has cooperated 100% of the time, and my cooperation rate is high. Continuing to cooperate maintains mutual benefit and avoids triggering potential retaliation.  \nACTION: COOPERATE",
    "THINKING: The opponent has a high cooperation rate overall, but they just defected in the last round. Given the repeated nature of the game, a single defection might be a test or mistake, and retaliating with a defection could trigger a downward spiral. Since mutual cooperation yields the best long-term payoff, I will try to return to cooperation.\n\nACTION: COOPERATE",
    "THINKING: The opponent has a high cooperation rate and a recent pattern of being highly cooperative, despite their last action being defect. Given my total payoff is currently zero, maintaining cooperation could maximize long-term mutual benefit.\n\nACTION: COOPERATE",
    "THINKING: Opponent has a high cooperation rate but just defected last round; given my near-total cooperation, they may be testing my response. Defecting now could protect against exploitation while signaling I won't be taken advantage of.  \nACTION: DEFECT",
    "THINKING: The opponent has a high cooperation rate overall but just defected last round. Given my total payoff is zero, I need to avoid being exploited further, so I'll defect to protect myself and possibly reset cooperation.\n\nACTION: DEFECT",
    "THINKING: Opponent has a high cooperation rate overall but just defected last round, possibly testing my response. Given my high cooperation rate, a retaliatory defect might be necessary to avoid exploitation, but since it's a repeated game, a forgiving cooperative move could restore mutual cooperation.\n\nACTION: COOPERATE",
    "THINKING: The opponent has been defecting recently and my total payoff is zero, so continuing to cooperate is not working. I should defect to protect myself and possibly improve my payoff.\n\nACTION: DEFECT",
    "THINKING: The opponent has been defecting recently and my total payoff is zero, so continuing to cooperate is not beneficial. I should defect to protect myself and possibly improve my payoff.\n\nACTION: DEFECT",
    "THINKING: The opponent has been defecting recently and has a lower cooperation rate than me, so continuing to cooperate is likely to result in a poor payoff.  \nACTION: DEFECT",
    "THINKING: The opponent has recently been always defecting, and my cooperation rate is high while my total payoff is zero, meaning I've been exploited. Continuing to cooperate is not beneficial.\n\nACTION: DEFECT",
    "THINKING: The opponent has been defecting recently and has a lower cooperation rate than me, so continuing to cooperate is likely to lead to a poor payoff for me this round.  \nACTION: DEFECT",
    "THINKING: The opponent has been defecting recently and their overall cooperation rate is low, so cooperating now is likely to lead to a poor payoff for me.  \nACTION: DEFECT",
    "THINKING: The opponent has been defecting recently and has a 50% overall cooperation rate, but my cooperation rate is high (62%) and my total payoff is zero, meaning I've been exploited. To avoid further losses, I should defect now.\n\nACTION: DEFECT",
    "THINKING: The opponent has been always defecting recently, and my cooperation rate is already high, so cooperating again is unlikely to change their behavior and will just cost me more payoff.  \nACTION: DEFECT",
    "THINKING: The opponent has been defecting consistently recently, and my cooperation rate is higher than theirs, suggesting they are exploiting my cooperation. Continuing to cooperate will likely lead to a poor payoff.\n\nACTION: DEFECT",
    "THINKING: The opponent has a recent pattern of always defecting, and my cooperation rate is higher than theirs, so continuing to cooperate is likely to result in a loss for me this round.  \nACTION: DEFECT",
    "THINKING: The opponent has a low cooperation rate and is currently in a pattern of always defecting, so they are likely to defect again. Defecting is the best response to maximize my payoff this round.\n\nACTION: DEFECT",
    "THINKING: The opponent has a low cooperation rate and is currently in a pattern of always defecting, so defecting is the rational choice to avoid being exploited.  \nACTION: DEFECT"
  ]
}