{
  "experiment": "exp6_baseline",
  "game": "prisoners_dilemma",
  "provider": "deepseek",
  "baseline": "AlwaysDefect",
  "trial": 6,
  "rounds": 30,
  "payoff": 29,
  "coop_rate": 0.03333333333333333,
  "llm_history": [
    "COOPERATE",
    "DEFECT",
    "DEFECT",
    "DEFECT",
    "DEFECT",
    "DEFECT",
    "DEFECT",
    "DEFECT",
    "DEFECT",
    "DEFECT",
    "DEFECT",
    "DEFECT",
    "DEFECT",
    "DEFECT",
    "DEFECT",
    "DEFECT",
    "DEFECT",
    "DEFECT",
    "DEFECT",
    "DEFECT",
    "DEFECT",
    "DEFECT",
    "DEFECT",
    "DEFECT",
    "DEFECT",
    "DEFECT",
    "DEFECT",
    "DEFECT",
    "DEFECT",
    "DEFECT"
  ],
  "opp_history": [
    "DEFECT",
    "DEFECT",
    "DEFECT",
    "DEFECT",
    "DEFECT",
    "DEFECT",
    "DEFECT",
    "DEFECT",
    "DEFECT",
    "DEFECT",
    "DEFECT",
    "DEFECT",
    "DEFECT",
    "DEFECT",
    "DEFECT",
    "DEFECT",
    "DEFECT",
    "DEFECT",
    "DEFECT",
    "DEFECT",
    "DEFECT",
    "DEFECT",
    "DEFECT",
    "DEFECT",
    "DEFECT",
    "DEFECT",
    "DEFECT",
    "DEFECT",
    "DEFECT",
    "DEFECT"
  ],
  "llm_responses": [
    "THINKING: This is the first round with no history, so I'll start with cooperation to signal willingness to cooperate and see how the opponent responds.  \nACTION: COOPERATE",
    "THINKING: The opponent defected in the first round, and my cooperation rate is 100% while theirs is 0%. Starting with a defection suggests they may be playing a strategy like Always Defect. To avoid being exploited, I should defect this round.\n\nACTION: DEFECT",
    "THINKING: Opponent has defected in both previous rounds, so they are likely playing a strategy that defects often. My best response to a defector is to defect to avoid being exploited.\n\nACTION: DEFECT",
    "THINKING: The opponent has defected every round so far, and my cooperation rate is low because I've tried cooperating but got punished. Continuing to cooperate against an always-defect strategy will only lose more points.\n\nACTION: DEFECT",
    "THINKING: The opponent has defected every round so far, and my cooperation rate is low because I've mostly defected too. Continuing to defect is the safest choice to avoid being exploited.\n\nACTION: DEFECT",
    "THINKING: The opponent has always defected so far, and my cooperation rate is low, so continuing to defect is the rational choice to avoid being exploited.  \nACTION: DEFECT",
    "THINKING: The opponent has always defected so far, and my cooperation has only led to losses. Continuing to cooperate is not rational.  \nACTION: DEFECT",
    "THINKING: The opponent has defected every round so far, and my cooperation has only led to losses. Continuing to cooperate is not rational.\n\nACTION: DEFECT",
    "THINKING: The opponent has defected every round so far, and my cooperation has only led to zero payoff. Continuing to cooperate is not rational.  \nACTION: DEFECT",
    "THINKING: The opponent has defected every round so far, and my cooperation has only led to losses. Continuing to cooperate is not rational.  \nACTION: DEFECT",
    "THINKING: The opponent has defected every round so far and shows no sign of cooperating, so cooperating now would only give them a higher payoff at my expense.  \nACTION: DEFECT",
    "THINKING: The opponent has consistently defected in all previous rounds, and my cooperation has only led to losses. Continuing to cooperate is not rational.\n\nACTION: DEFECT",
    "THINKING: The opponent has always defected so far, and my cooperation has only led to losses. Continuing to cooperate is not rational.  \nACTION: DEFECT",
    "THINKING: The opponent has always defected so far, and my cooperation has only led to losses. Continuing to cooperate is not rational.  \nACTION: DEFECT",
    "THINKING: The opponent has defected in every previous round and has a 0% cooperation rate, so cooperating now would likely result in a payoff of 0 with no benefit.  \nACTION: DEFECT",
    "THINKING: The opponent has defected in every round so far, and my cooperation has only led to losses. Continuing to cooperate is not rational.\n\nACTION: DEFECT",
    "THINKING: The opponent has always defected, and my cooperation rate is low, so continuing to defect is the rational choice to avoid being exploited.  \nACTION: DEFECT",
    "THINKING: The opponent has defected every single round so far, and my cooperation has only led to losses. Continuing to cooperate is irrational.  \nACTION: DEFECT",
    "THINKING: The opponent has consistently defected in all previous rounds, and my cooperation has only led to losses. Continuing to cooperate is not rational in this situation.\n\nACTION: DEFECT",
    "THINKING: The opponent has defected in all 19 previous rounds and has a 0% cooperation rate, so they are playing a pure \"Always Defect\" strategy. Cooperating will only lead to a payoff of 0, while defecting guarantees at least 1.\n\nACTION: DEFECT",
    "THINKING: The opponent has defected in every round so far and has a 0% cooperation rate, so they are not reciprocating cooperation. Cooperating again would likely just lose more points.\n\nACTION: DEFECT",
    "THINKING: The opponent has defected 100% of the time, and cooperating against a constant defector only gives me 0 points while they get 5. To maximize my payoff, I should defect.\n\nACTION: DEFECT",
    "THINKING: The opponent has defected in all 22 previous rounds, and my cooperation has only led to losses. Continuing to cooperate is irrational.  \nACTION: DEFECT",
    "THINKING: The opponent has defected in every previous round, and my cooperation has only led to losses. Continuing to cooperate is not rational in this scenario.\n\nACTION: DEFECT",
    "THINKING: The opponent has defected in all 24 previous rounds, showing no willingness to cooperate. Cooperating now would only give them a higher payoff at my expense.\n\nACTION: DEFECT",
    "THINKING: The opponent has defected 100% of the time, so there is no incentive to cooperate now. Defecting minimizes my losses and matches their strategy.\n\nACTION: DEFECT",
    "THINKING: The opponent has always defected, and my cooperation rate is very low, so there's no incentive to cooperate now. Defecting ensures I get at least 1 point instead of risking 0.  \nACTION: DEFECT",
    "THINKING: The opponent has defected in all 27 previous rounds, showing no sign of cooperation. My best response to a player who always defects is to also defect to minimize my losses.\n\nACTION: DEFECT",
    "THINKING: The opponent has always defected so far, and my cooperation rate is very low, so there's no sign of them rewarding cooperation. Defecting now minimizes my risk of getting zero payoff.  \nACTION: DEFECT",
    "THINKING: The opponent has defected in 100% of previous rounds, and my cooperation has only led to losses. Continuing to cooperate is not rational.  \nACTION: DEFECT"
  ]
}