{
  "experiment": "exp6_baseline",
  "game": "prisoners_dilemma",
  "provider": "deepseek",
  "baseline": "AlwaysCooperate",
  "trial": 19,
  "rounds": 30,
  "payoff": 128,
  "coop_rate": 0.36666666666666664,
  "llm_history": [
    "COOPERATE",
    "COOPERATE",
    "COOPERATE",
    "COOPERATE",
    "DEFECT",
    "COOPERATE",
    "COOPERATE",
    "DEFECT",
    "DEFECT",
    "DEFECT",
    "COOPERATE",
    "DEFECT",
    "DEFECT",
    "DEFECT",
    "DEFECT",
    "COOPERATE",
    "DEFECT",
    "DEFECT",
    "DEFECT",
    "COOPERATE",
    "DEFECT",
    "DEFECT",
    "DEFECT",
    "COOPERATE",
    "DEFECT",
    "COOPERATE",
    "DEFECT",
    "DEFECT",
    "DEFECT",
    "DEFECT"
  ],
  "opp_history": [
    "COOPERATE",
    "COOPERATE",
    "COOPERATE",
    "COOPERATE",
    "COOPERATE",
    "COOPERATE",
    "COOPERATE",
    "COOPERATE",
    "COOPERATE",
    "COOPERATE",
    "COOPERATE",
    "COOPERATE",
    "COOPERATE",
    "COOPERATE",
    "COOPERATE",
    "COOPERATE",
    "COOPERATE",
    "COOPERATE",
    "COOPERATE",
    "COOPERATE",
    "COOPERATE",
    "COOPERATE",
    "COOPERATE",
    "COOPERATE",
    "COOPERATE",
    "COOPERATE",
    "COOPERATE",
    "COOPERATE",
    "COOPERATE",
    "COOPERATE"
  ],
  "llm_responses": [
    "THINKING: This is the first round with no history, so I'll start by cooperating to signal willingness to cooperate and see how the opponent responds.  \nACTION: COOPERATE",
    "THINKING: The opponent cooperated in round 1, and both cooperation rates are 100%. Starting with mutual cooperation is beneficial, so I'll reciprocate to build trust.\n\nACTION: COOPERATE",
    "THINKING: Opponent has cooperated both previous rounds, and my cooperation rate is 100%. Continuing to cooperate may sustain mutual cooperation for high payoffs.  \nACTION: COOPERATE",
    "THINKING: The opponent has cooperated 100% so far, and mutual cooperation yields the highest long-term payoff. Defecting now risks breaking trust and reducing future gains.\n\nACTION: COOPERATE",
    "THINKING: The opponent has cooperated 100% of the time so far, and my total payoff is zero because I've only cooperated while they have defected against me in some rounds (otherwise my payoff couldn't be 0 if they always cooperated). This suggests they may be playing \"Tit-for-Tat\" or similar, but the history says their last action was cooperate. To test their response and avoid exploitation, I should defect to see if they retaliate.  \nACTION: DEFECT",
    "THINKING: The opponent has cooperated 100% of the time, and my high cooperation rate has likely encouraged this. Continuing to cooperate maximizes mutual payoff in this round.  \nACTION: COOPERATE",
    "THINKING: The opponent has cooperated 100% of the time so far, making them highly predictable and trustworthy. My total payoff is currently zero, so cooperating now is likely to yield a positive payoff and maintain mutual cooperation.\n\nACTION: COOPERATE",
    "THINKING: The opponent has cooperated 100% of the time, so they are likely playing a purely cooperative strategy like \"Always Cooperate.\" Defecting now yields a higher payoff for this round.\n\nACTION: DEFECT",
    "THINKING: The opponent has cooperated 100% of the time so far, making them highly predictable and exploitable. Defecting now maximizes my payoff for this round without immediate retaliation based on their past behavior.\n\nACTION: DEFECT",
    "THINKING: The opponent has cooperated 100% of the time so far, showing no sign of defecting. My total payoff is currently zero, so to maximize my score, I should exploit their consistent cooperation by defecting this round.\n\nACTION: DEFECT",
    "THINKING: The opponent has cooperated 100% of the time so far, showing a highly cooperative pattern. My total payoff is currently zero, so cooperating now is likely to yield a positive payoff and maintain mutual cooperation.\n\nACTION: COOPERATE",
    "THINKING: The opponent has cooperated 100% of the time, so they are likely playing a purely cooperative strategy like \"Always Cooperate.\" Defecting now would give me a higher payoff this round (5 vs 3) with no apparent risk of retaliation.\n\nACTION: DEFECT",
    "THINKING: The opponent has cooperated 100% of the time so far, making them extremely predictable and exploitable. Defecting now yields the highest immediate payoff (5 vs 3) with no sign of retaliation.\n\nACTION: DEFECT",
    "THINKING: The opponent has cooperated 100% of the time so far, making them extremely predictable and exploitable. Defecting now maximizes my payoff for this round without immediate risk of retaliation.\n\nACTION: DEFECT",
    "THINKING: The opponent has cooperated 100% of the time so far, and my total payoff is currently zero, meaning I have likely been alternating or defecting frequently. To maximize my payoff in this round, I should exploit their consistent cooperation.\n\nACTION: DEFECT",
    "THINKING: The opponent has cooperated 100% of the time, so they are extremely predictable and trusting. Defecting now would give me a higher payoff this round, but since the game is repeated, cooperating maintains the high mutual payoff for future rounds.\n\nACTION: COOPERATE",
    "THINKING: The opponent has cooperated in all 16 previous rounds, showing a highly cooperative pattern. To maximize my payoff in this round, I should defect and take advantage of their cooperation.\n\nACTION: DEFECT",
    "THINKING: The opponent has cooperated 100% of the time so far, making them extremely predictable and exploitable. Defecting now yields the highest immediate payoff (5 vs 3) with minimal risk given their consistent behavior.\n\nACTION: DEFECT",
    "THINKING: The opponent has cooperated 100% of the time so far, making them extremely predictable and exploitable. Defecting now maximizes my payoff for this round.\n\nACTION: DEFECT",
    "THINKING: The opponent has cooperated 100% of the time, so defecting now would yield a higher payoff for this round, but risks damaging future cooperation. Given their consistent cooperation, a cooperative response is likely to sustain mutual gains for the remaining rounds.  \nACTION: COOPERATE",
    "THINKING: The opponent has cooperated 100% of the time, making them extremely predictable and exploitable. Defecting now yields the highest immediate payoff (5 vs 3) with no sign of retaliation.\n\nACTION: DEFECT",
    "THINKING: The opponent has cooperated 100% of the time so far, making them extremely predictable and exploitable. Defecting now will give me the maximum payoff for this round without any sign of retaliation in their past behavior.\n\nACTION: DEFECT",
    "THINKING: The opponent has cooperated 100% of the time so far, making them extremely predictable and exploitable. Defecting now yields the highest immediate payoff (5) with minimal risk since they are likely to cooperate again.\n\nACTION: DEFECT",
    "THINKING: The opponent has cooperated in every single round so far, and my total payoff is currently zero because I have been defecting too often. To maximize my payoff in this repeated game, cooperating now is likely to keep the opponent cooperating, which yields a higher mutual payoff.\n\nACTION: COOPERATE",
    "THINKING: The opponent has cooperated 100% of the time so far, making them extremely predictable and exploitable. Defecting now maximizes my payoff for this round.  \nACTION: DEFECT",
    "THINKING: The opponent has cooperated in all 25 rounds, so they are extremely predictable and trustworthy. Cooperating now yields the highest mutual payoff (3 each) and maintains the beneficial cycle.\n\nACTION: COOPERATE",
    "THINKING: The opponent has cooperated 100% of the time so far, making them extremely predictable and exploitable. Defecting now maximizes my payoff for this round without any sign of retaliation.\n\nACTION: DEFECT",
    "THINKING: The opponent has cooperated 100% of the time, making them extremely predictable and exploitable. Defecting now maximizes my payoff for this round with no sign of retaliation.\n\nACTION: DEFECT",
    "THINKING: The opponent has cooperated 100% of the time so far, making them extremely predictable and exploitable. Defecting now maximizes my payoff for this round without risking retaliation, since there's no indication they will change strategy.\n\nACTION: DEFECT",
    "THINKING: The opponent has cooperated 100% of the time so far, and my low total payoff suggests I've been defecting often. To maximize my payoff in this final round, I should defect since there is no future retaliation to consider.\n\nACTION: DEFECT"
  ]
}