{
  "experiment": "exp6_baseline",
  "game": "prisoners_dilemma",
  "provider": "openai",
  "baseline": "GenerousTitForTat",
  "trial": 17,
  "rounds": 30,
  "payoff": 90,
  "coop_rate": 1.0,
  "llm_history": [
    "COOPERATE",
    "COOPERATE",
    "COOPERATE",
    "COOPERATE",
    "COOPERATE",
    "COOPERATE",
    "COOPERATE",
    "COOPERATE",
    "COOPERATE",
    "COOPERATE",
    "COOPERATE",
    "COOPERATE",
    "COOPERATE",
    "COOPERATE",
    "COOPERATE",
    "COOPERATE",
    "COOPERATE",
    "COOPERATE",
    "COOPERATE",
    "COOPERATE",
    "COOPERATE",
    "COOPERATE",
    "COOPERATE",
    "COOPERATE",
    "COOPERATE",
    "COOPERATE",
    "COOPERATE",
    "COOPERATE",
    "COOPERATE",
    "COOPERATE"
  ],
  "opp_history": [
    "COOPERATE",
    "COOPERATE",
    "COOPERATE",
    "COOPERATE",
    "COOPERATE",
    "COOPERATE",
    "COOPERATE",
    "COOPERATE",
    "COOPERATE",
    "COOPERATE",
    "COOPERATE",
    "COOPERATE",
    "COOPERATE",
    "COOPERATE",
    "COOPERATE",
    "COOPERATE",
    "COOPERATE",
    "COOPERATE",
    "COOPERATE",
    "COOPERATE",
    "COOPERATE",
    "COOPERATE",
    "COOPERATE",
    "COOPERATE",
    "COOPERATE",
    "COOPERATE",
    "COOPERATE",
    "COOPERATE",
    "COOPERATE",
    "COOPERATE"
  ],
  "llm_responses": [
    "THINKING: In the first round, there is no history to predict the opponent’s behavior. Starting with cooperation can encourage mutual trust and potentially lead to higher payoffs in future rounds.  \n\nACTION: COOPERATE",
    "THINKING: The opponent has cooperated in the previous round, suggesting a cooperative strategy. Maintaining mutual cooperation maximizes long-term payoffs for both players. Defecting now risks breaking trust and reducing future payoffs.  \n\nACTION: COOPERATE",
    "THINKING: Given the opponent's 100% cooperation rate so far and the mutual benefit of cooperation (payoff of 3 each), maintaining cooperation seems optimal to build trust and maximize long-term payoffs. Defecting now could disrupt this beneficial pattern.  \n\nACTION: COOPERATE",
    "THINKING: Both I and the Opponent have been fully cooperative so far, leading to mutual gains. Maintaining cooperation is likely to sustain a high payoff for both, as there is no evidence of betrayal from the Opponent.  \nACTION: COOPERATE",
    "THINKING: Both the opponent and I have consistently cooperated, which has resulted in mutual gains. Given the opponent's highly cooperative behavior, continuing to cooperate seems optimal for maintaining mutual trust and maximizing long-term payoffs. \n\nACTION: COOPERATE",
    "THINKING: Both I and my opponent have cooperated 100% so far, indicating mutual trust and maximizing our payoffs. Maintaining cooperation ensures continued high payoffs for both parties.\n\nACTION: COOPERATE",
    "THINKING: The opponent has shown a highly cooperative pattern (100% cooperation rate), and mutual cooperation yields a higher long-term payoff than defecting and breaking trust. Maintaining cooperation ensures continued mutual benefit.\n\nACTION: COOPERATE",
    "THINKING: The opponent has consistently cooperated in all previous rounds, and mutual cooperation yields a stable payoff of 3 for both. Defecting would break trust and likely cause the opponent to defect in future rounds, reducing long-term payoffs.\n\nACTION: COOPERATE",
    "THINKING: The opponent has consistently cooperated in all previous rounds, and mutual cooperation maximizes both players' payoffs. Defecting would break the trust established so far and lead to worse long-term outcomes if the opponent retaliates. \n\nACTION: COOPERATE",
    "THINKING: Both my cooperation rate and my opponent's cooperation rate are 100%, indicating mutual trust and a consistently cooperative pattern. Defecting now risks breaking this trust and reducing future payoffs.\n\nACTION: COOPERATE",
    "THINKING: The opponent has consistently cooperated in all 10 rounds, demonstrating a highly cooperative strategy. To maximize long-term payoff and maintain mutual trust, it is rational to continue cooperating.  \nACTION: COOPERATE",
    "THINKING: The opponent has consistently cooperated in all previous rounds, maintaining a perfect cooperation rate. Mutual cooperation yields the highest long-term payoff, so continuing to cooperate sustains trust and maximizes mutual benefits.\n\nACTION: COOPERATE",
    "THINKING: Both my opponent and I have consistently chosen to cooperate, leading to mutual benefits. Breaking this pattern by defecting would harm trust and likely lead to worse outcomes in future rounds.\n\nACTION: COOPERATE",
    "THINKING: The Opponent has shown consistent cooperation with a 100% cooperation rate and no indication of defection. Maintaining mutual cooperation ensures the highest consistent payoff for both parties.  \n\nACTION: COOPERATE",
    "THINKING: The opponent has displayed consistent cooperation across all rounds, and mutual cooperation yields the highest joint payoff. Defecting now risks breaking trust and reducing future payoffs.  \nACTION: COOPERATE  ",
    "THINKING: Both I and the Opponent have been cooperating consistently for all rounds so far, and this mutual trust has led to maximum shared payoffs. Defecting now would break the trust and likely result in lower future payoffs.  \nACTION: COOPERATE",
    "THINKING: Both you and your opponent have consistently cooperated, resulting in mutual payoffs of 3 per round. Maintaining cooperation maximizes long-term rewards and preserves trust in this repeated game. \n\nACTION: COOPERATE",
    "THINKING: The opponent has shown consistent cooperation (17/17 rounds), and mutual cooperation yields the best long-term payoff (3 each). Defecting now would risk breaking the trust and reducing future payoffs.\n\nACTION: COOPERATE",
    "THINKING: The opponent has consistently cooperated in all 18 rounds, and mutual cooperation yields the highest long-term payoff. Breaking cooperation now risks ruining the trust and leading to mutual defection in future rounds.\n\nACTION: COOPERATE",
    "THINKING: Both I and the Opponent have consistently cooperated for all 19 rounds, leading to a high payoff and mutual trust. Breaking this streak now with a defect could harm long-term cooperation and diminish overall payoffs.\n\nACTION: COOPERATE",
    "THINKING: The opponent has shown consistent cooperation across all rounds, and mutual cooperation ensures a steady payoff of 3 each round. Defecting may break trust and diminish future payoffs.  \nACTION: COOPERATE",
    "THINKING: Both I and the Opponent have cooperated consistently, leading to mutual trust and high payoffs. Continuing to cooperate sustains this beneficial dynamic and avoids risking trust.  \nACTION: COOPERATE",
    "THINKING: The opponent has cooperated consistently in all previous rounds, and mutual cooperation yields the highest total payoff for both of us. Defecting now would break the trust and likely lead to lower payoffs in future rounds.  \nACTION: COOPERATE",
    "THINKING: Both my opponent and I have been consistently cooperating, leading to mutual high payoffs. Breaking this pattern now would risk losing a beneficial long-term strategy.\n\nACTION: COOPERATE",
    "THINKING: Both I and the Opponent have maintained a 100% cooperation rate, which maximizes joint payoffs and builds trust. There is no indication the Opponent will deviate from cooperation, so continuing to cooperate is the optimal strategy to sustain mutual benefit.  \nACTION: COOPERATE",
    "THINKING: The opponent has been consistently cooperative (100% cooperation rate), and defecting would break the mutual trust we have established. Maintaining cooperation maximizes long-term payoffs in this scenario.  \n\nACTION: COOPERATE",
    "THINKING: Both I and the Opponent have maintained perfect cooperation so far, resulting in mutual benefit. Defecting now would break trust and likely lead to lower payoffs in future rounds.\n\nACTION: COOPERATE",
    "THINKING: Both you and the opponent have shown perfect cooperation so far, leading to a mutually beneficial outcome. Defecting now could jeopardize this trust and result in lower payoffs in the future rounds. \n\nACTION: COOPERATE",
    "THINKING: The opponent has consistently cooperated in all previous rounds, indicating a stable strategy of mutual cooperation. Defecting now would disrupt this pattern and lead to a lower overall payoff.\n\nACTION: COOPERATE",
    "THINKING: The opponent has been perfectly cooperative so far, and my cooperation has led to a stable, mutually beneficial outcome. Defecting now would break the trust and likely lead to worse payoffs in future rounds.  \nACTION: COOPERATE"
  ]
}