{
  "experiment": "exp6_baseline",
  "game": "prisoners_dilemma",
  "provider": "deepseek",
  "baseline": "AlwaysDefect",
  "trial": 28,
  "rounds": 30,
  "payoff": 29,
  "coop_rate": 0.03333333333333333,
  "llm_history": [
    "COOPERATE",
    "DEFECT",
    "DEFECT",
    "DEFECT",
    "DEFECT",
    "DEFECT",
    "DEFECT",
    "DEFECT",
    "DEFECT",
    "DEFECT",
    "DEFECT",
    "DEFECT",
    "DEFECT",
    "DEFECT",
    "DEFECT",
    "DEFECT",
    "DEFECT",
    "DEFECT",
    "DEFECT",
    "DEFECT",
    "DEFECT",
    "DEFECT",
    "DEFECT",
    "DEFECT",
    "DEFECT",
    "DEFECT",
    "DEFECT",
    "DEFECT",
    "DEFECT",
    "DEFECT"
  ],
  "opp_history": [
    "DEFECT",
    "DEFECT",
    "DEFECT",
    "DEFECT",
    "DEFECT",
    "DEFECT",
    "DEFECT",
    "DEFECT",
    "DEFECT",
    "DEFECT",
    "DEFECT",
    "DEFECT",
    "DEFECT",
    "DEFECT",
    "DEFECT",
    "DEFECT",
    "DEFECT",
    "DEFECT",
    "DEFECT",
    "DEFECT",
    "DEFECT",
    "DEFECT",
    "DEFECT",
    "DEFECT",
    "DEFECT",
    "DEFECT",
    "DEFECT",
    "DEFECT",
    "DEFECT",
    "DEFECT"
  ],
  "llm_responses": [
    "THINKING: This is the first round with no history, so I'll start by cooperating to signal willingness to cooperate and see how the opponent responds.  \nACTION: COOPERATE",
    "THINKING: Opponent defected in the first round, and my cooperation rate is 100%, so they may be playing a defector strategy. I should defect to avoid exploitation and signal I won't be taken advantage of.\n\nACTION: DEFECT",
    "THINKING: The opponent has defected in both previous rounds, so they are likely playing a strategy that defects often. My best response to a defector is to defect as well to avoid being exploited.  \nACTION: DEFECT",
    "THINKING: The opponent has defected every round so far, and my cooperation rate is low because I've tried cooperating but got punished. Continuing to cooperate against an always-defect strategy only hurts my score.\n\nACTION: DEFECT",
    "THINKING: The opponent has defected every round so far, and my cooperation rate is low because I've mostly defected too. Continuing to defect is the safest choice to avoid exploitation.\n\nACTION: DEFECT",
    "THINKING: The opponent has always defected so far, and my cooperation has led to zero payoff. Continuing to cooperate is unlikely to change their behavior, so I should defect to minimize losses.  \nACTION: DEFECT",
    "THINKING: The opponent has defected every round so far, so cooperating again would likely just lose me more points. Defecting at least guarantees a payoff of 1 instead of 0.\n\nACTION: DEFECT",
    "THINKING: The opponent has defected every round so far and has a 0% cooperation rate, so cooperating again is unlikely to yield a better payoff.  \nACTION: DEFECT",
    "THINKING: The opponent has defected every round so far, and my cooperation has only led to zero payoff. To avoid further losses, I should defect as well.  \nACTION: DEFECT",
    "THINKING: The opponent has defected in every previous round, and my cooperation has only led to losses. Continuing to cooperate is not rational against an always-defect strategy.\n\nACTION: DEFECT",
    "THINKING: The opponent has defected every round so far, and my cooperation has only led to losses. Continuing to cooperate is not rational.  \nACTION: DEFECT",
    "THINKING: The opponent has always defected so far, and my cooperation has only led to losses. Continuing to cooperate is not rational in this situation.  \nACTION: DEFECT",
    "THINKING: The opponent has always defected so far, and my cooperation has led to zero payoff. Continuing to cooperate is not rational; I should defect to minimize losses.\n\nACTION: DEFECT",
    "THINKING: The opponent has consistently defected in all previous rounds, and my cooperation has only led to losses. To minimize further losses, I should defect as well.  \nACTION: DEFECT",
    "THINKING: The opponent has always defected, so cooperating again would just lose more points. Defecting at least ensures I get 1 instead of 0 if they defect again.  \nACTION: DEFECT",
    "THINKING: The opponent has defected every single round so far, and my cooperation has only led to zero payoff. Continuing to cooperate is not rational.  \nACTION: DEFECT",
    "THINKING: The opponent has consistently defected for all 16 rounds, showing no willingness to cooperate. Continuing to cooperate will only yield a payoff of 0, while defecting at least secures a payoff of 1.\n\nACTION: DEFECT",
    "THINKING: The opponent has defected in every previous round and has a 0% cooperation rate, so cooperating now would likely just give them another high payoff at my expense.  \nACTION: DEFECT",
    "THINKING: The opponent has defected every round so far, and my cooperation has only led to losses. Continuing to cooperate is not rational.  \nACTION: DEFECT",
    "THINKING: The opponent has defected in all 19 previous rounds and has a 0% cooperation rate, so they are playing a pure \"Always Defect\" strategy. Cooperating again will only lead to another payoff of 0.\n\nACTION: DEFECT",
    "THINKING: The opponent has defected in every previous round and has a 0% cooperation rate, so cooperating now would likely just give them another high payoff at my expense.  \nACTION: DEFECT",
    "THINKING: The opponent has defected in every round so far and shows no sign of cooperating, so cooperating now would only lower my score.  \nACTION: DEFECT",
    "THINKING: The opponent has always defected so far, and my cooperation rate is only 5%, meaning cooperating has not been successful. To maximize my payoff in this round, I should defect.\n\nACTION: DEFECT",
    "THINKING: The opponent has defected in every previous round, and my cooperation has only led to losses. Continuing to cooperate is not rational against an always-defect strategy.\n\nACTION: DEFECT",
    "THINKING: The opponent has consistently defected for 24 rounds, and my cooperation has only led to losses. Continuing to cooperate is irrational.  \nACTION: DEFECT",
    "THINKING: The opponent has defected 100% of the time, so cooperating will only give me 0 points while defecting guarantees at least 1 point.  \nACTION: DEFECT",
    "THINKING: The opponent has consistently defected in all previous rounds, and my cooperation attempts have yielded zero payoff. Continuing to cooperate is not rational here.\n\nACTION: DEFECT",
    "THINKING: The opponent has defected in every previous round and has a 0% cooperation rate, so cooperating now would likely just give them another high payoff at my expense.  \nACTION: DEFECT",
    "THINKING: The opponent has defected in all 28 previous rounds, showing no willingness to cooperate. My cooperation rate is already low, and cooperating now would only reward their defection with no benefit to me.\n\nACTION: DEFECT",
    "THINKING: The opponent has defected almost every time, and my cooperation has only led to losses. Continuing to cooperate is not rational.  \nACTION: DEFECT"
  ]
}