{
  "experiment": "exp6_baseline",
  "game": "prisoners_dilemma",
  "provider": "openai",
  "baseline": "GrimTrigger",
  "trial": 7,
  "rounds": 30,
  "payoff": 90,
  "coop_rate": 1.0,
  "llm_history": [
    "COOPERATE",
    "COOPERATE",
    "COOPERATE",
    "COOPERATE",
    "COOPERATE",
    "COOPERATE",
    "COOPERATE",
    "COOPERATE",
    "COOPERATE",
    "COOPERATE",
    "COOPERATE",
    "COOPERATE",
    "COOPERATE",
    "COOPERATE",
    "COOPERATE",
    "COOPERATE",
    "COOPERATE",
    "COOPERATE",
    "COOPERATE",
    "COOPERATE",
    "COOPERATE",
    "COOPERATE",
    "COOPERATE",
    "COOPERATE",
    "COOPERATE",
    "COOPERATE",
    "COOPERATE",
    "COOPERATE",
    "COOPERATE",
    "COOPERATE"
  ],
  "opp_history": [
    "COOPERATE",
    "COOPERATE",
    "COOPERATE",
    "COOPERATE",
    "COOPERATE",
    "COOPERATE",
    "COOPERATE",
    "COOPERATE",
    "COOPERATE",
    "COOPERATE",
    "COOPERATE",
    "COOPERATE",
    "COOPERATE",
    "COOPERATE",
    "COOPERATE",
    "COOPERATE",
    "COOPERATE",
    "COOPERATE",
    "COOPERATE",
    "COOPERATE",
    "COOPERATE",
    "COOPERATE",
    "COOPERATE",
    "COOPERATE",
    "COOPERATE",
    "COOPERATE",
    "COOPERATE",
    "COOPERATE",
    "COOPERATE",
    "COOPERATE"
  ],
  "llm_responses": [
    "THINKING: Since this is the first round and there is no history to analyze, cooperating sets a foundation for mutual trust, which could lead to higher payoffs in the long term. Defecting early risks immediate distrust and lower overall payoffs.  \n\nACTION: COOPERATE",
    "THINKING: The opponent has cooperated consistently so far, and mutual cooperation leads to a higher payoff for both parties in the long term. Continuing to cooperate builds trust and maximizes joint rewards.  \n\nACTION: COOPERATE",
    "THINKING: The opponent has cooperated 100% of the time so far, and mutual cooperation yields the best long-term payoff in this game. Defecting now would break trust, which could lead to suboptimal outcomes in future rounds.\n\nACTION: COOPERATE",
    "THINKING: The opponent has consistently cooperated, demonstrating a highly cooperative pattern. Continuing to cooperate maximizes mutual payoff and maintains trust in this repeated game.  \n\nACTION: COOPERATE",
    "THINKING: Both I and the opponent have maintained a perfect cooperation rate so far, which has likely maximized mutual payoffs. Maintaining cooperation is optimal in this trust-based scenario to sustain high payoffs and avoid mutual loss.  \nACTION: COOPERATE",
    "THINKING: The Opponent has been consistently cooperative for all previous rounds, and both of us have achieved the best mutual payoff through cooperation. Defecting now risks breaking this cooperation streak and damaging future payoffs. \n\nACTION: COOPERATE",
    "THINKING: The opponent has been consistently cooperative, and both of us have maintained a 100% cooperation rate, leading to mutual benefit. Defecting now would break the trust and likely lead to worse outcomes in future rounds.\n\nACTION: COOPERATE",
    "THINKING: So far, both I and the opponent have cooperated in every round, leading to mutual high payoffs. Maintaining cooperation maximizes mutual benefits and avoids the risk of breaking the trust.\n\nACTION: COOPERATE",
    "THINKING: The opponent has been consistently cooperative, and mutual cooperation maximizes long-term payoffs. Defecting now would break the trust and damage future outcomes.\n\nACTION: COOPERATE",
    "THINKING: Given that the opponent has consistently cooperated in all previous rounds and my cooperation rate is 100%, maintaining cooperation will maximize mutual payoff and sustain trust. Defecting risks breaking this cooperative pattern and reducing overall payoff.\n\nACTION: COOPERATE",
    "THINKING: Both I and my opponent have been consistently cooperating, and mutual cooperation yields the highest joint payoff. Maintaining cooperation sustains trust and maximizes long-term gains.\n\nACTION: COOPERATE",
    "THINKING: My opponent has consistently cooperated in all previous rounds, and mutual cooperation yields the highest joint payoff. Defecting would break the trust and likely lead to a breakdown in cooperation in future rounds.\n\nACTION: COOPERATE",
    "THINKING: Both players have demonstrated consistent cooperation, leading to mutually beneficial payoffs. Maintaining cooperation will likely sustain this trend and maximize long-term gains for both sides.\n\nACTION: COOPERATE",
    "THINKING: Both the opponent and I have consistently cooperated, resulting in mutual benefit. Defecting now would break the trust and risk losing long-term gains. \n\nACTION: COOPERATE",
    "THINKING: Both my opponent and I have maintained perfect cooperation so far, leading to a stable and mutually beneficial outcome. Defecting now risks breaking this trust and reducing our overall payoffs.\n\nACTION: COOPERATE",
    "THINKING: The opponent has been fully cooperative for 15 rounds, demonstrating a highly trustworthy pattern. Defecting now risks breaking the mutual trust and reducing long-term payoffs.\n\nACTION: COOPERATE",
    "THINKING: The Opponent has consistently cooperated in every round, and both of us have maintained a perfect cooperation rate, leading to mutual high payoffs. Continuing to cooperate will preserve trust and maximize the payoff for both parties.  \nACTION: COOPERATE",
    "THINKING: The opponent has shown consistent cooperation throughout all 17 rounds, and my cooperation rate is 100% as well. Maintaining cooperation ensures mutual benefit and avoids breaking trust, which has been the foundation of the game so far. \n\nACTION: COOPERATE",
    "THINKING: The opponent has consistently cooperated in all previous rounds, suggesting a highly cooperative strategy. Defecting now could potentially disrupt mutual trust and lower overall payoffs in future rounds.\n\nACTION: COOPERATE",
    "THINKING: Both I and the opponent have cooperated in every round so far, leading to a highly cooperative dynamic that maximizes mutual payoff. Defecting now would break the trust and likely lead to suboptimal payoffs in future rounds. \n\nACTION: COOPERATE",
    "THINKING: The opponent has maintained a 100% cooperation rate for 20 rounds, indicating strong trustworthiness. Defecting now would break the established trust and risk destabilizing mutual cooperation, which has the highest long-term payoff. \n\nACTION: COOPERATE",
    "THINKING: The opponent has demonstrated consistent cooperation over 21 rounds, and mutual cooperation yields better long-term payoffs than defection. Breaking the trust could harm future payoffs.\n\nACTION: COOPERATE",
    "THINKING: Both I and my opponent have maintained a 100% cooperation rate, which has maximized mutual payoffs. Defecting now would risk breaking the trust and reducing future payoffs in this repeated game. Continuing to cooperate aligns with the current strategy and benefits both parties.\n\nACTION: COOPERATE",
    "THINKING: The Opponent has cooperated in every round so far, indicating a highly cooperative strategy. Continuing to cooperate maximizes mutual payoff and maintains trust in the game. \n\nACTION: COOPERATE",
    "THINKING: Both you and your opponent have maintained perfect cooperation throughout the game, which has yielded mutual benefits. Defecting now would break trust and likely lead to mutual defection in future rounds, reducing overall payoffs.  \n\nACTION: COOPERATE  ",
    "THINKING: The opponent has consistently cooperated for 25 rounds, and I have also maintained a 100% cooperation rate. Mutual cooperation maximizes long-term payoffs, and there is no indication the opponent will defect.  \n\nACTION: COOPERATE",
    "THINKING: Both I and the opponent have maintained 100% cooperation, leading to maximum shared payoffs. Defecting now would break trust and likely result in worse outcomes in future rounds.  \nACTION: COOPERATE  ",
    "THINKING: The opponent has demonstrated consistent cooperation throughout all 27 rounds, and I have also cooperated 100% of the time. Mutual cooperation maximizes our payoffs in the long run, and defecting now would break trust and likely lead to lower payoffs in future rounds.\n\nACTION: COOPERATE",
    "THINKING: Both you and your opponent have maintained a perfect cooperation rate, which suggests mutual trust and maximized payoffs. Defecting now could break the trust and reduce future payoffs.\n\nACTION: COOPERATE",
    "THINKING: The Opponent has a perfect cooperation rate of 100%, and maintaining mutual cooperation ensures the highest long-term payoff for both players. Defecting would break the trust and likely lead to worse outcomes in future rounds. \n\nACTION: COOPERATE"
  ]
}