{
  "experiment": "exp6_baseline",
  "game": "prisoners_dilemma",
  "provider": "deepseek",
  "baseline": "AlwaysCooperate",
  "trial": 7,
  "rounds": 30,
  "payoff": 104,
  "coop_rate": 0.7666666666666667,
  "llm_history": [
    "COOPERATE",
    "COOPERATE",
    "COOPERATE",
    "COOPERATE",
    "COOPERATE",
    "COOPERATE",
    "COOPERATE",
    "COOPERATE",
    "COOPERATE",
    "COOPERATE",
    "DEFECT",
    "COOPERATE",
    "COOPERATE",
    "DEFECT",
    "COOPERATE",
    "DEFECT",
    "COOPERATE",
    "COOPERATE",
    "DEFECT",
    "COOPERATE",
    "COOPERATE",
    "COOPERATE",
    "DEFECT",
    "COOPERATE",
    "COOPERATE",
    "COOPERATE",
    "COOPERATE",
    "DEFECT",
    "DEFECT",
    "COOPERATE"
  ],
  "opp_history": [
    "COOPERATE",
    "COOPERATE",
    "COOPERATE",
    "COOPERATE",
    "COOPERATE",
    "COOPERATE",
    "COOPERATE",
    "COOPERATE",
    "COOPERATE",
    "COOPERATE",
    "COOPERATE",
    "COOPERATE",
    "COOPERATE",
    "COOPERATE",
    "COOPERATE",
    "COOPERATE",
    "COOPERATE",
    "COOPERATE",
    "COOPERATE",
    "COOPERATE",
    "COOPERATE",
    "COOPERATE",
    "COOPERATE",
    "COOPERATE",
    "COOPERATE",
    "COOPERATE",
    "COOPERATE",
    "COOPERATE",
    "COOPERATE",
    "COOPERATE"
  ],
  "llm_responses": [
    "THINKING: This is the first round with no history, so I'll start by cooperating to signal willingness to cooperate and see how the opponent responds.  \nACTION: COOPERATE",
    "THINKING: Since the opponent cooperated in the first round and has a 100% cooperation rate so far, cooperating now encourages mutual cooperation and maximizes potential payoff in this round.  \nACTION: COOPERATE",
    "THINKING: Opponent has cooperated both times so far, and my cooperation rate is high, so continuing to cooperate may encourage mutual cooperation for higher long-term payoffs.  \nACTION: COOPERATE",
    "THINKING: The opponent has cooperated every round so far, and my total payoff is currently zero because I have always cooperated while they have always cooperated, giving me 3 each round. Since they appear to be playing a cooperative strategy like Tit-for-Tat, cooperating again is likely to continue mutual cooperation and increase my payoff.\n\nACTION: COOPERATE",
    "THINKING: The opponent has cooperated 100% of the time so far, and my total payoff is currently zero, meaning I've been cooperating while they have been cooperating as well. Continuing to cooperate maintains mutual benefit.\n\nACTION: COOPERATE",
    "THINKING: Opponent has cooperated 100% so far, and mutual cooperation yields the highest long-term payoff. Defecting now risks breaking trust and reducing future gains.\n\nACTION: COOPERATE",
    "THINKING: The opponent has cooperated 100% of the time, and mutual cooperation yields a good payoff. Defecting now risks breaking the cooperative pattern and lowering future payoffs.\n\nACTION: COOPERATE",
    "THINKING: The opponent has cooperated 100% of the time so far, and my total payoff is currently zero, meaning I've been cooperating while they've been cooperating. Defecting now would give me a higher payoff this round, but could break the mutual cooperation and trigger retaliation in future rounds.\n\nACTION: COOPERATE",
    "THINKING: The opponent has cooperated 100% of the time so far, and mutual cooperation yields a good payoff. Defecting now risks breaking this profitable pattern and triggering retaliation in future rounds.\n\nACTION: COOPERATE",
    "THINKING: The opponent has cooperated 100% of the time so far, and mutual cooperation yields a good payoff. Defecting now risks breaking this cooperative pattern and lowering future payoffs.\n\nACTION: COOPERATE",
    "THINKING: The opponent has cooperated 100% of the time so far, and my total payoff is zero because I've always cooperated while they have always defected against me. This suggests they are exploiting my cooperation, so I should defect to improve my score.\n\nACTION: DEFECT",
    "THINKING: The opponent has cooperated 100% of the time so far, and my high cooperation rate hasn't been punished. Continuing to cooperate maintains mutual benefit and high payoffs.  \nACTION: COOPERATE",
    "THINKING: The opponent has cooperated 100% of the time, and my cooperation rate is high. Continuing to cooperate maintains mutual benefit and high payoffs.\n\nACTION: COOPERATE",
    "THINKING: The opponent has cooperated 100% of the time, and my high cooperation rate has yielded a total payoff of 0, meaning I've been exploited. To improve my score, I should defect now to claim a higher payoff.\n\nACTION: DEFECT",
    "THINKING: The opponent has cooperated 100% of the time so far, and my cooperation rate is high. Defecting now would give me a short-term gain but risks damaging future cooperation in a repeated game. Since the opponent is highly cooperative, mutual cooperation is the most beneficial long-term strategy.\n\nACTION: COOPERATE",
    "THINKING: The opponent has cooperated 100% of the time so far, and my total payoff is currently zero, meaning I've likely been exploited when I cooperated. To improve my score, I should defect now to claim a higher payoff.\n\nACTION: DEFECT",
    "THINKING: The opponent has cooperated 100% of the time, so defecting now would give a short-term gain but likely trigger retaliation in future rounds, reducing long-term payoff.  \nACTION: COOPERATE",
    "THINKING: The opponent has cooperated 100% of the time so far, and my cooperation rate is high. Continuing to cooperate maintains mutual high payoffs and avoids triggering retaliation.\n\nACTION: COOPERATE",
    "THINKING: The opponent has cooperated 100% of the time so far, making them extremely predictable and exploitable. Defecting now yields the highest immediate payoff (5 vs 3) with no sign of retaliation.\n\nACTION: DEFECT",
    "THINKING: The opponent has cooperated 100% of the time, so they are likely a cooperative player like Tit-for-Tat or Always Cooperate. Defecting now would give a short-term gain, but cooperating maintains mutual benefit and high total payoff.\n\nACTION: COOPERATE",
    "THINKING: The opponent has cooperated 100% of the time, so they are likely a cooperative strategy like Tit-for-Tat or Always Cooperate. Defecting now would give a short-term gain but risks damaging future cooperation. Given my total payoff is currently 0.0, I need to build mutual cooperation to improve my score.\n\nACTION: COOPERATE",
    "THINKING: The opponent has cooperated 100% of the time, so defecting now would give me a high payoff of 5, but it risks ending their cooperation in future rounds. Since my total payoff is currently 0.0, I need to build mutual cooperation to improve it.\n\nACTION: COOPERATE",
    "THINKING: The opponent has cooperated 100% of the time, making them extremely predictable and exploitable. Defecting now yields the highest immediate payoff (5 vs 3) with no sign of retaliation.\n\nACTION: DEFECT",
    "THINKING: The opponent has cooperated 100% of the time, so defecting now would give me a higher payoff this round, but it risks breaking their trust and future cooperation.  \nACTION: COOPERATE",
    "THINKING: The opponent has cooperated 100% of the time, so cooperating now is likely to yield a payoff of 3, while defecting would risk breaking their cooperative pattern for a one-time gain of 5.  \nACTION: COOPERATE",
    "THINKING: The opponent has cooperated 100% of the time so far, and my cooperation rate is 80%. Continuing to cooperate maintains mutual benefit and high payoffs, while defecting risks breaking their trust and triggering retaliation in future rounds.\n\nACTION: COOPERATE",
    "THINKING: The opponent has cooperated 100% of the time, so defecting now would yield a higher immediate payoff (5 vs 3). However, with a high cooperation rate myself, maintaining mutual cooperation maximizes long-term payoff, and a sudden defection could trigger retaliation in future rounds.\n\nACTION: COOPERATE",
    "THINKING: The opponent has cooperated 100% of the time so far, and my current total payoff is zero, meaning I have been exploited for cooperating while they defect. This suggests a possible recording error or a strategy where they always defect but it's logged as cooperate. To test this and maximize my payoff, I should defect.\n\nACTION: DEFECT",
    "THINKING: The opponent has cooperated 100% of the time so far, making them extremely predictable and exploitable. Since this is a repeated game, but the opponent shows no sign of retaliation, defecting now maximizes my payoff.\n\nACTION: DEFECT",
    "THINKING: The opponent has cooperated 100% of the time so far, and my cooperation rate is high. Defecting now would give me a higher payoff this round, but it risks breaking a long-term cooperative pattern that has been mutually beneficial. Since we are in a repeated game and the opponent is highly cooperative, maintaining cooperation is likely optimal for overall payoff.\n\nACTION: COOPERATE"
  ]
}