{
  "experiment": "exp6_baseline",
  "game": "prisoners_dilemma",
  "provider": "openai",
  "baseline": "Extort2",
  "trial": 6,
  "rounds": 30,
  "payoff": 39,
  "coop_rate": 0.23333333333333334,
  "llm_history": [
    "COOPERATE",
    "COOPERATE",
    "COOPERATE",
    "COOPERATE",
    "COOPERATE",
    "DEFECT",
    "COOPERATE",
    "DEFECT",
    "COOPERATE",
    "DEFECT",
    "DEFECT",
    "DEFECT",
    "DEFECT",
    "DEFECT",
    "DEFECT",
    "DEFECT",
    "DEFECT",
    "DEFECT",
    "DEFECT",
    "DEFECT",
    "DEFECT",
    "DEFECT",
    "DEFECT",
    "DEFECT",
    "DEFECT",
    "DEFECT",
    "DEFECT",
    "DEFECT",
    "DEFECT",
    "DEFECT"
  ],
  "opp_history": [
    "COOPERATE",
    "COOPERATE",
    "COOPERATE",
    "COOPERATE",
    "DEFECT",
    "COOPERATE",
    "DEFECT",
    "DEFECT",
    "DEFECT",
    "DEFECT",
    "DEFECT",
    "DEFECT",
    "DEFECT",
    "DEFECT",
    "DEFECT",
    "DEFECT",
    "DEFECT",
    "DEFECT",
    "DEFECT",
    "DEFECT",
    "DEFECT",
    "DEFECT",
    "DEFECT",
    "DEFECT",
    "DEFECT",
    "DEFECT",
    "DEFECT",
    "DEFECT",
    "DEFECT",
    "DEFECT"
  ],
  "llm_responses": [
    "THINKING: Since this is the first round and there is no history to analyze, it is often beneficial to start with cooperation to build trust and potentially encourage mutual cooperation in future rounds.\n\nACTION: COOPERATE",
    "THINKING: The opponent has cooperated so far and has a 100% cooperation rate. Continuing to cooperate encourages mutual trust and maximizes long-term payoffs.  \nACTION: COOPERATE  ",
    "THINKING: The opponent has cooperated 100% of the time so far, and mutual cooperation yields the best long-term payoff (3 each). Breaking this trust now could risk damaging future cooperation and lead to worse outcomes.  \nACTION: COOPERATE",
    "THINKING: Both you and your opponent have been fully cooperative so far, which maximizes mutual payoffs. Defecting now risks breaking the trust and reducing long-term gains. Continuing to cooperate preserves the high payoff trend.  \n\nACTION: COOPERATE",
    "THINKING: The opponent has been consistently cooperative, and maintaining mutual cooperation maximizes long-term payoffs in repeated games. Defecting now risks breaking the trust and leading to lower future payoffs.  \nACTION: COOPERATE",
    "THINKING: Despite the opponent's high cooperation rate, their last action was to defect, suggesting a potential shift in strategy. To test if their defection was an anomaly or a strategy change, I will defect this round to protect myself from exploitation.  \n\nACTION: DEFECT",
    "THINKING: The opponent has shown a highly cooperative pattern with an 83% cooperation rate, matching mine. Maintaining cooperation maximizes mutual payoff and builds trust for future rounds.\n\nACTION: COOPERATE",
    "THINKING: The opponent is a conditional cooperator who defected last round, possibly responding to my previous actions. To maximize long-term payoffs, I should encourage cooperation, but I must also signal that defection carries consequences to deter repeated defections.  \n\nACTION: DEFECT",
    "THINKING: The opponent has a mixed/conditional cooperation strategy and defected in the last round, possibly testing or punishing. To encourage mutual cooperation and maximize long-term payoff, I will cooperate this round and attempt to rebuild trust.  \nACTION: COOPERATE  ",
    "THINKING: Opponent's cooperation rate is moderate, but they defected in the last round, potentially signaling a conditional strategy. To test their behavior while minimizing risk, defecting seems prudent for this round.  \n\nACTION: DEFECT",
    "THINKING: The opponent has a 50% cooperation rate and defected in the last round, suggesting they may be playing conditionally or tit-for-tat. To avoid being exploited while encouraging cooperation, I will defect this round to signal retaliation for their previous defection. \n\nACTION: DEFECT",
    "THINKING: The opponent has a low cooperation rate (45%) and has mostly defected recently, including in the last round. Continuing to cooperate would likely result in exploitation rather than mutual benefit.  \nACTION: DEFECT",
    "THINKING: Opponent has a low cooperation rate and a pattern of mostly defecting, indicating they are likely to defect again. To maximize my payoff in this round, it is better to defect as cooperation would likely result in zero points.  \nACTION: DEFECT",
    "THINKING: The opponent has a low cooperation rate (38%) and mostly defects, which suggests they are unlikely to cooperate consistently. Defecting minimizes losses if the opponent continues to defect.  \n\nACTION: DEFECT",
    "THINKING: Opponent has consistently defected, and their low cooperation rate indicates they are unlikely to change strategy. Defecting minimizes my losses while avoiding exploitation.  \n\nACTION: DEFECT",
    "THINKING: The opponent has consistently defected and has a low cooperation rate of 33%, showing no inclination to cooperate. To maximize my payoff in this situation, defecting is the optimal choice.  \nACTION: DEFECT",
    "THINKING: The opponent's cooperation rate is low, and they have consistently defected in recent rounds. To maximize my payoff in this situation, the rational choice is to defect as well.  \n\nACTION: DEFECT",
    "THINKING: The opponent has consistently defected, as evidenced by a 29% cooperation rate and a recent pattern of always defecting. Cooperating would likely result in a loss, so defecting is the rational choice to avoid being exploited.  \nACTION: DEFECT",
    "THINKING: The opponent's cooperation rate is low (28%) and their recent pattern shows they always defect. Continuing to cooperate would yield minimal payoff, so defecting maximizes my outcome.  \nACTION: DEFECT  ",
    "THINKING: The opponent has consistently defected and has a low cooperation rate. Continuing to cooperate would result in repeated losses; defecting minimizes losses against their strategy. \n\nACTION: DEFECT",
    "THINKING: The opponent has shown a consistent pattern of defecting, with a cooperation rate of only 25%, and there is no incentive to cooperate if they are not reciprocating. To maximize my payoff, I should also defect.  \nACTION: DEFECT",
    "THINKING: The opponent has consistently defected, showing no intention to cooperate. To maximize my payoff, I should also defect since cooperation would lead to a loss.  \n\nACTION: DEFECT",
    "THINKING: The Opponent has consistently defected, showing no intent to cooperate. Continuing to cooperate will lead to repeated losses for me, as the payoff matrix heavily penalizes unilateral cooperation.  \nACTION: DEFECT",
    "THINKING: The opponent has an extremely low cooperation rate (22%) and consistently defects, making cooperation highly disadvantageous. To maximize my payoff, I should also defect.  \nACTION: DEFECT",
    "THINKING: The opponent has a very low cooperation rate (21%) and has consistently defected. Continuing to cooperate would only result in repeated losses, so defecting maximizes my payoff given their strategy.  \nACTION: DEFECT",
    "THINKING: The opponent consistently defects, and their cooperation rate is very low. Cooperating in this situation would likely result in a payoff of 0 for me, while defecting guarantees a payoff of 1.  \n\nACTION: DEFECT",
    "THINKING: Given the opponent's consistent strategy of defecting and their low cooperation rate, cooperating would yield no benefit. Defecting ensures at least a minimal payoff.\n\nACTION: DEFECT",
    "THINKING: The opponent has consistently defected, with a very low cooperation rate (19%) and a recent pattern of always defecting. Continuing to cooperate would likely lead to a lower payoff for me, so defecting is the optimal strategy to minimize loss.\n\nACTION: DEFECT",
    "THINKING: The opponent has shown a consistent pattern of defection (18% cooperation rate and always defecting recently). Cooperating in this scenario would only lead to being exploited further, so defection is the rational choice to maximize my payoff.\n\nACTION: DEFECT",
    "THINKING: The opponent has shown a consistent pattern of defecting, with a cooperation rate of only 17%. Continuing to cooperate would only result in a lower payoff for me while benefiting the opponent, so defecting is the rational choice.  \n\nACTION: DEFECT"
  ]
}