{
  "experiment": "exp6_baseline",
  "game": "prisoners_dilemma",
  "provider": "deepseek",
  "baseline": "GenerousTitForTat",
  "trial": 28,
  "rounds": 30,
  "payoff": 88,
  "coop_rate": 0.9333333333333333,
  "llm_history": [
    "COOPERATE",
    "COOPERATE",
    "COOPERATE",
    "COOPERATE",
    "COOPERATE",
    "COOPERATE",
    "COOPERATE",
    "COOPERATE",
    "COOPERATE",
    "DEFECT",
    "COOPERATE",
    "DEFECT",
    "COOPERATE",
    "COOPERATE",
    "COOPERATE",
    "COOPERATE",
    "COOPERATE",
    "COOPERATE",
    "COOPERATE",
    "COOPERATE",
    "COOPERATE",
    "COOPERATE",
    "COOPERATE",
    "COOPERATE",
    "COOPERATE",
    "COOPERATE",
    "COOPERATE",
    "COOPERATE",
    "COOPERATE",
    "COOPERATE"
  ],
  "opp_history": [
    "COOPERATE",
    "COOPERATE",
    "COOPERATE",
    "COOPERATE",
    "COOPERATE",
    "COOPERATE",
    "COOPERATE",
    "COOPERATE",
    "COOPERATE",
    "COOPERATE",
    "DEFECT",
    "COOPERATE",
    "DEFECT",
    "COOPERATE",
    "COOPERATE",
    "COOPERATE",
    "COOPERATE",
    "COOPERATE",
    "COOPERATE",
    "COOPERATE",
    "COOPERATE",
    "COOPERATE",
    "COOPERATE",
    "COOPERATE",
    "COOPERATE",
    "COOPERATE",
    "COOPERATE",
    "COOPERATE",
    "COOPERATE",
    "COOPERATE"
  ],
  "llm_responses": [
    "THINKING: This is the first round with no history, so I'll start by cooperating to signal willingness to cooperate and see how the opponent responds.  \nACTION: COOPERATE",
    "THINKING: Opponent cooperated in round 1, and I have no reason to defect yet since we are both at 100% cooperation. Starting with mutual cooperation builds trust for higher long-term payoffs.  \nACTION: COOPERATE",
    "THINKING: The opponent has cooperated both times so far, and my cooperation rate is 100%. Since this is a repeated game, establishing mutual cooperation early yields the highest long-term payoff.  \nACTION: COOPERATE",
    "THINKING: Opponent has cooperated 100% so far, so cooperating again likely yields mutual benefit and maintains trust.  \nACTION: COOPERATE",
    "THINKING: The opponent has cooperated 100% of the time so far, and my total payoff is currently zero, meaning I've been cooperating while they've been cooperating. Continuing to cooperate maintains mutual benefit.\n\nACTION: COOPERATE",
    "THINKING: The opponent has cooperated 100% of the time so far, and mutual cooperation yields the best long-term payoff. Defecting now could break the trust and trigger retaliation in future rounds.\n\nACTION: COOPERATE",
    "THINKING: The opponent has cooperated 100% of the time so far, and mutual cooperation yields a good payoff. Defecting now risks breaking this cooperative pattern and lowering future payoffs.  \nACTION: COOPERATE",
    "THINKING: The opponent has cooperated in all 7 previous rounds, showing a highly cooperative pattern. In a repeated Prisoner's Dilemma, mutual cooperation yields the best long-term payoff, and defecting now could break the trust and trigger retaliation.\n\nACTION: COOPERATE",
    "THINKING: Opponent has cooperated 100% of the time, so maintaining mutual cooperation yields the best long-term payoff.  \nACTION: COOPERATE",
    "THINKING: The opponent has cooperated 100% of the time so far, and my total payoff is zero because I've also always cooperated. To improve my score, I should test their response by defecting once.\n\nACTION: DEFECT",
    "THINKING: The opponent has cooperated 100% of the time so far, and my high cooperation rate has not been punished. Continuing to cooperate is likely to maintain mutual high payoffs.\n\nACTION: COOPERATE",
    "THINKING: The opponent has a high cooperation rate overall, but they just defected last round. Given the repeated nature, I should punish defection to avoid being exploited, but also consider restoring cooperation.\n\nACTION: DEFECT",
    "THINKING: Opponent has been highly cooperative (92%), and my cooperation rate is high, so mutual cooperation yields the best payoff per round.  \nACTION: COOPERATE",
    "THINKING: The opponent has been highly cooperative overall (85%), but they just defected in the last round. Given my total payoff is currently zero, I should try to rebuild mutual cooperation to earn higher payoffs, so I'll respond with cooperation to encourage that.  \nACTION: COOPERATE",
    "THINKING: With both cooperation rates high and the opponent recently cooperating, mutual cooperation yields the best payoff. Defecting risks breaking trust and lowering future payoffs.  \nACTION: COOPERATE",
    "THINKING: Opponent has been highly cooperative (87% rate) and just cooperated last round. Mutual cooperation yields a good payoff, and defecting now could break trust and reduce future gains.\n\nACTION: COOPERATE",
    "THINKING: Both players have been highly cooperative (88% each), and the opponent just cooperated last round. In a repeated Prisoner's Dilemma with a cooperative opponent, mutual cooperation yields the best long-term payoff.\n\nACTION: COOPERATE",
    "THINKING: Both of us have been highly cooperative (88% each), and the opponent just cooperated last round. Continuing to cooperate maximizes mutual payoff in a cooperative pattern.  \nACTION: COOPERATE",
    "THINKING: Both of us have high cooperation rates, and the opponent just cooperated last round. Continuing to cooperate maintains mutual high payoffs.\n\nACTION: COOPERATE",
    "THINKING: Both players have been highly cooperative (89% each), and the opponent just cooperated last round. In a repeated Prisoner's Dilemma with high mutual cooperation, sticking with cooperation maximizes long-term payoff.  \nACTION: COOPERATE",
    "THINKING: Both players have high cooperation rates, and the opponent has been highly cooperative recently. Maintaining mutual cooperation maximizes long-term payoff.\n\nACTION: COOPERATE",
    "THINKING: Both of us have been highly cooperative (90% each), leading to mutual benefit. Continuing to cooperate maximizes long-term payoff.  \nACTION: COOPERATE",
    "THINKING: With both cooperation rates at 91% and a highly cooperative recent pattern, mutual cooperation yields the best long-term payoff. Defecting risks breaking this profitable pattern.  \nACTION: COOPERATE",
    "THINKING: Both sides have been highly cooperative (91% each), and the opponent just cooperated last round. Maintaining mutual cooperation maximizes long-term payoff in this repeated game.  \nACTION: COOPERATE",
    "THINKING: Both of us have been highly cooperative (92% each), and mutual cooperation yields the best long-term payoff. Defecting now risks breaking this beneficial pattern.\n\nACTION: COOPERATE",
    "THINKING: With both cooperation rates at 92% and a highly cooperative recent pattern, mutual cooperation yields the best long-term payoff. Defecting now risks breaking the cooperative equilibrium.  \nACTION: COOPERATE",
    "THINKING: Both of us have been highly cooperative (92% each), and mutual cooperation yields the best long-term payoff per round. Defecting now risks breaking this beneficial pattern.\n\nACTION: COOPERATE",
    "THINKING: Opponent has been highly cooperative (93%), and mutual cooperation yields the best long-term payoff. Defecting now risks breaking trust and reducing future gains.\n\nACTION: COOPERATE",
    "THINKING: With both cooperation rates at 93% and a highly cooperative history, mutual cooperation yields the best ongoing payoff. Defecting now risks breaking trust and losing future gains in the final rounds.  \nACTION: COOPERATE",
    "THINKING: Both of us have been highly cooperative (93% each), leading to mutual benefit. Continuing to cooperate maximizes our joint payoff and maintains trust.\n\nACTION: COOPERATE"
  ]
}