{
  "experiment": "exp6_baseline",
  "game": "prisoners_dilemma",
  "provider": "openai",
  "baseline": "GrimTrigger",
  "trial": 2,
  "rounds": 30,
  "payoff": 90,
  "coop_rate": 1.0,
  "llm_history": [
    "COOPERATE",
    "COOPERATE",
    "COOPERATE",
    "COOPERATE",
    "COOPERATE",
    "COOPERATE",
    "COOPERATE",
    "COOPERATE",
    "COOPERATE",
    "COOPERATE",
    "COOPERATE",
    "COOPERATE",
    "COOPERATE",
    "COOPERATE",
    "COOPERATE",
    "COOPERATE",
    "COOPERATE",
    "COOPERATE",
    "COOPERATE",
    "COOPERATE",
    "COOPERATE",
    "COOPERATE",
    "COOPERATE",
    "COOPERATE",
    "COOPERATE",
    "COOPERATE",
    "COOPERATE",
    "COOPERATE",
    "COOPERATE",
    "COOPERATE"
  ],
  "opp_history": [
    "COOPERATE",
    "COOPERATE",
    "COOPERATE",
    "COOPERATE",
    "COOPERATE",
    "COOPERATE",
    "COOPERATE",
    "COOPERATE",
    "COOPERATE",
    "COOPERATE",
    "COOPERATE",
    "COOPERATE",
    "COOPERATE",
    "COOPERATE",
    "COOPERATE",
    "COOPERATE",
    "COOPERATE",
    "COOPERATE",
    "COOPERATE",
    "COOPERATE",
    "COOPERATE",
    "COOPERATE",
    "COOPERATE",
    "COOPERATE",
    "COOPERATE",
    "COOPERATE",
    "COOPERATE",
    "COOPERATE",
    "COOPERATE",
    "COOPERATE"
  ],
  "llm_responses": [
    "THINKING: Since this is the first round, there is no history to analyze, and cooperation could help establish trust for potential long-term gains. However, the opponent's behavior is unknown, so there is some risk. I'll start by cooperating to signal goodwill.  \nACTION: COOPERATE",
    "THINKING: The opponent has cooperated in the first round, and their cooperation rate is currently 100%. Maintaining mutual cooperation maximizes long-term payoffs.  \n\nACTION: COOPERATE",
    "THINKING: So far, both I and my opponent have consistently cooperated, and maintaining mutual cooperation yields the highest long-term payoff. It is too early to risk breaking this trust.  \nACTION: COOPERATE  ",
    "THINKING: The opponent has been consistently cooperative, and mutual cooperation yields the highest shared payoff. Defecting risks breaking the trust and may lead to lower payoffs in future rounds.  \nACTION: COOPERATE",
    "THINKING: Both I and the opponent have been consistently cooperating, resulting in mutual benefit. Continuing to cooperate maximizes long-term payoffs and maintains trust. \n\nACTION: COOPERATE",
    "THINKING: Both I and the Opponent have shown consistent cooperation thus far, which has maintained mutual trust and maximized joint payoffs. To sustain this mutually beneficial outcome, it’s logical to continue cooperating.  \n\nACTION: COOPERATE",
    "THINKING: The opponent has consistently cooperated in all previous rounds, creating a highly cooperative dynamic. Defecting now would break mutual trust and likely harm future payoffs.\n\nACTION: COOPERATE",
    "THINKING: Both my opponent and I have maintained a 100% cooperation rate, and the opponent has shown consistent cooperative behavior. Continuing to cooperate maximizes mutual payoff and maintains trust. \n\nACTION: COOPERATE",
    "THINKING: Both I and the Opponent have cooperated consistently so far, resulting in mutual high payoffs. There is a strong incentive to maintain this cooperative pattern to maximize long-term gains. Breaking cooperation now risks undermining trust and reducing future payoffs.\n\nACTION: COOPERATE",
    "THINKING: The opponent has consistently cooperated in all previous rounds, and mutual cooperation maximizes long-term payoffs. Maintaining trust and cooperation seems optimal. \n\nACTION: COOPERATE",
    "THINKING: Both my opponent and I have shown consistent cooperation so far, leading to mutual benefits. There is no incentive to defect now, as it would likely disrupt this cooperative dynamic and harm future payoffs.  \n\nACTION: COOPERATE",
    "THINKING: Given the opponent's perfect cooperation rate and the history of mutual cooperation, continuing to cooperate maximizes long-term payoffs and maintains trust. Defecting now risks breaking the cooperative relationship and reducing future gains.\n\nACTION: COOPERATE",
    "THINKING: Both my opponent and I have been fully cooperative so far, and defecting now would break the mutual trust, likely leading to lower payoffs in future rounds. Continuing to cooperate maximizes long-term gains given the opponent's cooperation pattern.\n\nACTION: COOPERATE",
    "THINKING: The opponent has been consistently cooperative throughout the game, and mutual cooperation yields a higher long-term payoff than defecting. Maintaining trust is crucial for maximizing the outcome in repeated games.  \n\nACTION: COOPERATE",
    "THINKING: The opponent has consistently cooperated in all 14 rounds, and mutual cooperation maximizes collective payoff. Breaking this pattern could jeopardize long-term trust and cooperation. \n\nACTION: COOPERATE",
    "THINKING: The opponent has been consistently cooperative (100% cooperation rate), and mutual cooperation yields a higher payoff than defecting in this scenario. Maintaining cooperation sustains trust and maximizes long-term gains.  \nACTION: COOPERATE  ",
    "THINKING: The Opponent has consistently cooperated, fostering mutual trust and maximizing payoffs for both parties. Breaking this pattern by defecting could jeopardize future collaboration and lead to lower long-term payoffs.\n\nACTION: COOPERATE",
    "THINKING: The Opponent has been consistently cooperative for all 17 rounds, and mutual cooperation maximizes long-term gains. Defecting now would break the trust and likely lead to lower payoffs in future rounds.  \nACTION: COOPERATE  ",
    "THINKING: Both I and the opponent have consistently cooperated, resulting in mutual maximization of payoffs. Maintaining cooperation ensures continued trust and optimal outcomes.   \nACTION: COOPERATE",
    "THINKING: Both I and the Opponent have maintained 100% cooperation so far, which maximizes mutual payoffs. Defecting now would betray the established trust and likely lead to a breakdown of cooperation in future rounds. Continuing to cooperate ensures consistent gains.  \n\nACTION: COOPERATE",
    "THINKING: The opponent has consistently cooperated in all 20 rounds, indicating a highly cooperative strategy. Continuing to cooperate maximizes long-term mutual payoffs in this scenario.\n\nACTION: COOPERATE",
    "THINKING: The opponent has consistently cooperated in all 21 rounds, and maintaining mutual cooperation maximizes long-term payoffs for both of us. Defecting now would break the trust and lead to lower payoffs in future rounds. \n\nACTION: COOPERATE",
    "THINKING: Both my opponent and I have maintained a 100% cooperation rate, leading to mutual trust and maximizing long-term payoffs. Defecting now risks breaking that trust and reducing future payoffs.\n\nACTION: COOPERATE",
    "THINKING: The opponent has consistently cooperated throughout all rounds, and maintaining mutual cooperation maximizes the payoff for both players. Breaking cooperation now could undermine trust and reduce long-term gains.  \nACTION: COOPERATE",
    "THINKING: The opponent has consistently cooperated in all 24 rounds, and maintaining mutual cooperation maximizes long-term payoffs for both players. Defecting would break trust and reduce future cooperation potential. \n\nACTION: COOPERATE",
    "THINKING: Both I and Opponent have maintained 100% cooperation so far, leading to mutual maximum payoffs. Breaking this pattern by defecting could harm future trust and reduce long-term payoffs.  \nACTION: COOPERATE  ",
    "THINKING: The opponent has been highly cooperative, with a 100% cooperation rate over 26 rounds. Defecting now would unnecessarily break mutual trust and could lead to reduced payoffs in future rounds.\n\nACTION: COOPERATE",
    "THINKING: Both I and the Opponent have cooperated in all previous rounds, leading to mutual trust and maximizing our payoffs. Defecting now would break this trust and reduce long-term gains.  \n\nACTION: COOPERATE",
    "THINKING: Both my cooperation rate and the Opponent's cooperation rate are 100%, suggesting a highly stable and mutually beneficial cooperative relationship. Defecting would disrupt this trust and likely lead to lower payoffs in future rounds. \n\nACTION: COOPERATE",
    "THINKING: Both I and the opponent have maintained perfect cooperation for 29 rounds, resulting in a mutually beneficial outcome. Breaking the trust now could jeopardize the cooperative relationship and lead to lower payoffs over future rounds.\n\nACTION: COOPERATE"
  ]
}