{
  "experiment": "exp6_baseline",
  "game": "prisoners_dilemma",
  "provider": "deepseek",
  "baseline": "Pavlov",
  "trial": 1,
  "rounds": 30,
  "payoff": 87,
  "coop_rate": 0.9333333333333333,
  "llm_history": [
    "COOPERATE",
    "COOPERATE",
    "COOPERATE",
    "COOPERATE",
    "DEFECT",
    "DEFECT",
    "COOPERATE",
    "COOPERATE",
    "COOPERATE",
    "COOPERATE",
    "COOPERATE",
    "COOPERATE",
    "COOPERATE",
    "COOPERATE",
    "COOPERATE",
    "COOPERATE",
    "COOPERATE",
    "COOPERATE",
    "COOPERATE",
    "COOPERATE",
    "COOPERATE",
    "COOPERATE",
    "COOPERATE",
    "COOPERATE",
    "COOPERATE",
    "COOPERATE",
    "COOPERATE",
    "COOPERATE",
    "COOPERATE",
    "COOPERATE"
  ],
  "opp_history": [
    "COOPERATE",
    "COOPERATE",
    "COOPERATE",
    "COOPERATE",
    "COOPERATE",
    "DEFECT",
    "DEFECT",
    "COOPERATE",
    "COOPERATE",
    "COOPERATE",
    "COOPERATE",
    "COOPERATE",
    "COOPERATE",
    "COOPERATE",
    "COOPERATE",
    "COOPERATE",
    "COOPERATE",
    "COOPERATE",
    "COOPERATE",
    "COOPERATE",
    "COOPERATE",
    "COOPERATE",
    "COOPERATE",
    "COOPERATE",
    "COOPERATE",
    "COOPERATE",
    "COOPERATE",
    "COOPERATE",
    "COOPERATE",
    "COOPERATE"
  ],
  "llm_responses": [
    "THINKING: Since this is the first round and there is no history, I'll start with cooperation to signal willingness to cooperate and see how the opponent responds.  \nACTION: COOPERATE",
    "THINKING: The opponent has cooperated in the first round, and both cooperation rates are 100%. Starting with cooperation builds trust in a repeated game.  \nACTION: COOPERATE",
    "THINKING: Opponent has cooperated both previous rounds, and my cooperation rate is high, so continuing to cooperate may sustain mutual cooperation for higher payoffs.  \nACTION: COOPERATE",
    "THINKING: The opponent has cooperated 100% so far, and mutual cooperation yields the highest long-term payoff. Defecting now risks breaking trust and reducing future gains.\n\nACTION: COOPERATE",
    "THINKING: The opponent has cooperated 100% of the time so far, and my total payoff is currently zero because I have always cooperated while they have defected in at least one early round (since payoff is 0.0). To improve my score, I should test their response by defecting once.\n\nACTION: DEFECT",
    "THINKING: The opponent has cooperated 100% of the time so far, and my high cooperation rate (80%) has yielded a total payoff of 0, meaning I've been exploited when I cooperated and they defected. To improve my score, I should defect now to claim a higher payoff while they are still likely to cooperate.\n\nACTION: DEFECT",
    "THINKING: Opponent has been highly cooperative overall (83%), but they just defected last round. Given my total payoff is currently zero, I should aim to rebuild mutual cooperation rather than retaliate, as they have a strong cooperative history.\n\nACTION: COOPERATE",
    "THINKING: The opponent has a 71% cooperation rate but just defected last round, suggesting they may be responding to my actions. My total payoff is currently zero, so I need to improve my score. Given the repeated nature, I'll try to re-establish cooperation by cooperating this round.\n\nACTION: COOPERATE",
    "THINKING: The opponent has a high cooperation rate and just cooperated last round, so cooperating now is likely to lead to mutual cooperation and a higher payoff this round.  \nACTION: COOPERATE",
    "THINKING: Opponent has cooperated 78% of the time and just cooperated last round. My cooperation rate is also high, so mutual cooperation is likely and yields the best payoff (3 vs 1 if both defect).  \nACTION: COOPERATE",
    "THINKING: The opponent has been highly cooperative (80% cooperation rate) and just cooperated last round. With my current total payoff at 0, I should reciprocate cooperation to build mutual gains.  \nACTION: COOPERATE",
    "THINKING: The opponent has been highly cooperative (82% cooperation rate) and just cooperated last round. In a repeated Prisoner's Dilemma with a cooperative opponent, mutual cooperation yields the best long-term payoff.\n\nACTION: COOPERATE",
    "THINKING: Opponent has been highly cooperative (83% rate) and just cooperated last round. Mutual cooperation yields the best long-term payoff, and defecting now could break trust and reduce future gains.\n\nACTION: COOPERATE",
    "THINKING: With both cooperation rates high and the opponent recently cooperating, mutual cooperation yields the best payoff (3 each) and sustains long-term gains.  \nACTION: COOPERATE",
    "THINKING: With both cooperation rates high and the opponent recently cooperating, mutual cooperation yields the best payoff for both.  \nACTION: COOPERATE",
    "THINKING: Opponent has been highly cooperative (87% cooperation rate) and just cooperated last round. Mutual cooperation yields good payoffs, and defecting now could break trust and reduce future gains.\n\nACTION: COOPERATE",
    "THINKING: Both players have high cooperation rates and the opponent just cooperated, so mutual cooperation is likely to yield the best payoff this round.  \nACTION: COOPERATE",
    "THINKING: The opponent has been highly cooperative (88% rate) and just cooperated last round. In a repeated Prisoner's Dilemma with a cooperative opponent, mutual cooperation yields the best long-term payoff.  \nACTION: COOPERATE",
    "THINKING: With both cooperation rates at 89% and a highly cooperative recent pattern, mutual cooperation yields the best joint payoff. Defecting risks breaking this profitable pattern for minimal short-term gain.\n\nACTION: COOPERATE",
    "THINKING: The opponent has been highly cooperative (89% cooperation rate) and just cooperated last round. In a repeated Prisoner's Dilemma with a cooperative opponent, mutual cooperation yields the best long-term payoff. Defecting now risks breaking the cooperative pattern and reducing future gains.\n\nACTION: COOPERATE",
    "THINKING: Both of us have high cooperation rates, and the opponent has been consistently cooperative. Continuing to cooperate maximizes mutual payoff in this repeated game.  \nACTION: COOPERATE",
    "THINKING: With both cooperation rates at 90% and the opponent highly cooperative, mutual cooperation yields the best long-term payoff. Defecting risks breaking this beneficial pattern.  \nACTION: COOPERATE",
    "THINKING: Both of us have been highly cooperative (91% each), and the opponent just cooperated last round. Continuing to cooperate maximizes mutual payoff in this repeated game.\n\nACTION: COOPERATE",
    "THINKING: With both cooperation rates at 91% and a highly cooperative recent pattern, mutual cooperation yields the best long-term payoff. Defecting now risks breaking the cooperative equilibrium.\n\nACTION: COOPERATE",
    "THINKING: Both of us have been highly cooperative (92% each), and the opponent just cooperated last round. Continuing mutual cooperation maximizes long-term payoff in a repeated Prisoner's Dilemma.  \nACTION: COOPERATE",
    "THINKING: Both of us have been highly cooperative (92%), leading to mutual benefit. Defecting now risks breaking this trust and reducing future payoffs.\n\nACTION: COOPERATE",
    "THINKING: Both of us have been highly cooperative (92% each), and the opponent just cooperated last round. Continuing to cooperate maximizes mutual payoff in this repeated game.\n\nACTION: COOPERATE",
    "THINKING: The opponent has been highly cooperative (93% rate), and mutual cooperation yields a good payoff for both. Defecting risks breaking the cooperative pattern and lowering future payoffs.  \nACTION: COOPERATE",
    "THINKING: With both cooperation rates at 93% and a highly cooperative history, mutual cooperation yields the best ongoing payoff. Defecting now risks breaking trust and losing future gains.  \nACTION: COOPERATE",
    "THINKING: With both cooperation rates above 90% and a history of mutual cooperation, maintaining cooperation maximizes long-term payoff in this repeated game.  \nACTION: COOPERATE"
  ]
}