{
  "experiment": "exp6_baseline",
  "game": "prisoners_dilemma",
  "provider": "deepseek",
  "baseline": "AlwaysDefect",
  "trial": 19,
  "rounds": 30,
  "payoff": 29,
  "coop_rate": 0.03333333333333333,
  "llm_history": [
    "COOPERATE",
    "DEFECT",
    "DEFECT",
    "DEFECT",
    "DEFECT",
    "DEFECT",
    "DEFECT",
    "DEFECT",
    "DEFECT",
    "DEFECT",
    "DEFECT",
    "DEFECT",
    "DEFECT",
    "DEFECT",
    "DEFECT",
    "DEFECT",
    "DEFECT",
    "DEFECT",
    "DEFECT",
    "DEFECT",
    "DEFECT",
    "DEFECT",
    "DEFECT",
    "DEFECT",
    "DEFECT",
    "DEFECT",
    "DEFECT",
    "DEFECT",
    "DEFECT",
    "DEFECT"
  ],
  "opp_history": [
    "DEFECT",
    "DEFECT",
    "DEFECT",
    "DEFECT",
    "DEFECT",
    "DEFECT",
    "DEFECT",
    "DEFECT",
    "DEFECT",
    "DEFECT",
    "DEFECT",
    "DEFECT",
    "DEFECT",
    "DEFECT",
    "DEFECT",
    "DEFECT",
    "DEFECT",
    "DEFECT",
    "DEFECT",
    "DEFECT",
    "DEFECT",
    "DEFECT",
    "DEFECT",
    "DEFECT",
    "DEFECT",
    "DEFECT",
    "DEFECT",
    "DEFECT",
    "DEFECT",
    "DEFECT"
  ],
  "llm_responses": [
    "THINKING: This is the first round with no history, so I'll start by cooperating to signal willingness to cooperate and see how the opponent responds.  \nACTION: COOPERATE",
    "THINKING: The opponent defected in the first round, and my cooperation rate is high, so they may be exploiting me. I should defect to protect myself and signal I won't be taken advantage of.  \nACTION: DEFECT",
    "THINKING: The opponent has defected in both previous rounds, so they are likely playing a strategy that defects often. To maximize my payoff, I should defect to avoid being exploited.\n\nACTION: DEFECT",
    "THINKING: The opponent has defected every round so far, and my cooperation has only led to losses. Continuing to cooperate is unlikely to change their behavior, so I should defect to minimize further losses.  \nACTION: DEFECT",
    "THINKING: The opponent has defected every round so far, and my cooperation rate is low because I've mostly defected too. Continuing to defect is the safest choice to avoid being exploited.\n\nACTION: DEFECT",
    "THINKING: The opponent has defected every round so far, and my cooperation rate is low because I've mostly defected too. Continuing to defect is the safest choice to avoid being exploited.\n\nACTION: DEFECT",
    "THINKING: The opponent has always defected so far, and my cooperation has only led to losses. Continuing to cooperate is not rational.  \nACTION: DEFECT",
    "THINKING: The opponent has always defected so far, and my cooperation has led to zero payoff. Continuing to cooperate is not rational.  \nACTION: DEFECT",
    "THINKING: The opponent has always defected so far, and my cooperation has led to zero payoff. Continuing to cooperate is not rational here.  \nACTION: DEFECT",
    "THINKING: The opponent has defected every round so far and has a 0% cooperation rate, so cooperating now would likely just give them another high payoff at my expense.  \nACTION: DEFECT",
    "THINKING: The opponent has defected every round so far, and my cooperation has only led to losses. Continuing to cooperate is not rational.  \nACTION: DEFECT",
    "THINKING: The opponent has always defected, so cooperating again would just give them another high payoff at my expense.  \nACTION: DEFECT",
    "THINKING: The opponent has consistently defected every round, and my cooperation attempts have only lowered my payoff. Continuing to cooperate is not rational in this situation.\n\nACTION: DEFECT",
    "THINKING: The opponent has always defected so far, and my cooperation has led to zero payoff. Continuing to cooperate is not rational in a one-shot or short-term perspective; I should defect to minimize losses.\n\nACTION: DEFECT",
    "THINKING: The opponent has always defected, so cooperating again would just lose me more points. Defecting at least gives me a chance to get 1 instead of 0 if they defect again.  \nACTION: DEFECT",
    "THINKING: The opponent has always defected, and my cooperation has only led to losses. Continuing to cooperate is not rational.  \nACTION: DEFECT",
    "THINKING: The opponent has defected every single round so far, and my cooperation has only led to losses. Continuing to cooperate is irrational when the opponent is clearly playing \"always defect.\"\n\nACTION: DEFECT",
    "THINKING: The opponent has defected in every previous round and has a 0% cooperation rate, so cooperating now would likely result in a poor payoff for me.  \nACTION: DEFECT",
    "THINKING: The opponent has always defected so far, and my cooperation has only hurt my score. Continuing to cooperate is unlikely to change their behavior and will just give them more points at my expense.\n\nACTION: DEFECT",
    "THINKING: The opponent has defected in all 19 previous rounds, showing no willingness to cooperate. Continuing to cooperate will only yield zero payoff, while defecting at least guarantees a payoff of 1.\n\nACTION: DEFECT",
    "THINKING: The opponent has defected in every previous round and has a 0% cooperation rate, so they are playing a pure defection strategy. Cooperating now would only give them a higher payoff at my expense.\n\nACTION: DEFECT",
    "THINKING: The opponent has defected 100% of the time, and cooperating against a constant defector only gives me 0 points while defecting gives me 1 point. There's no incentive to cooperate.\n\nACTION: DEFECT",
    "THINKING: The opponent has defected in all 22 previous rounds, showing no willingness to cooperate, so cooperating now would only give them a higher payoff at my expense.  \nACTION: DEFECT",
    "THINKING: The opponent has defected in every previous round, showing no willingness to cooperate, so cooperating now would only lower my score.  \nACTION: DEFECT",
    "THINKING: The opponent has defected in all 24 previous rounds and has a 0% cooperation rate, so they are playing a pure \"Always Defect\" strategy. Cooperating will only give me 0 points while defecting guarantees at least 1 point.\n\nACTION: DEFECT",
    "THINKING: The opponent has defected 100% of the time, so they are playing \"Always Defect.\" Cooperating now would only give me 0 points, while defecting guarantees at least 1 point.  \nACTION: DEFECT",
    "THINKING: The opponent has defected in every previous round, and my cooperation rate is very low, so there's no sign of mutual cooperation to build on. Defecting is the safest choice to avoid a sucker's payoff.\n\nACTION: DEFECT",
    "THINKING: The opponent has defected in all 27 previous rounds, showing no sign of cooperation, so the rational choice is to defect as well to avoid being exploited.  \nACTION: DEFECT",
    "THINKING: The opponent has consistently defected for 28 rounds, showing no willingness to cooperate. My cooperation has only led to losses, so the rational choice is to defect to minimize further losses.\n\nACTION: DEFECT",
    "THINKING: The opponent has defected almost every time, and my cooperation has only led to losses. Continuing to cooperate is not rational.  \nACTION: DEFECT"
  ]
}