{
  "experiment": "exp6_baseline",
  "game": "prisoners_dilemma",
  "provider": "deepseek",
  "baseline": "GrimTrigger",
  "trial": 20,
  "rounds": 30,
  "payoff": 50,
  "coop_rate": 0.4666666666666667,
  "llm_history": [
    "COOPERATE",
    "COOPERATE",
    "COOPERATE",
    "COOPERATE",
    "COOPERATE",
    "COOPERATE",
    "COOPERATE",
    "COOPERATE",
    "COOPERATE",
    "COOPERATE",
    "DEFECT",
    "COOPERATE",
    "COOPERATE",
    "COOPERATE",
    "DEFECT",
    "DEFECT",
    "COOPERATE",
    "DEFECT",
    "DEFECT",
    "DEFECT",
    "DEFECT",
    "DEFECT",
    "DEFECT",
    "DEFECT",
    "DEFECT",
    "DEFECT",
    "DEFECT",
    "DEFECT",
    "DEFECT",
    "DEFECT"
  ],
  "opp_history": [
    "COOPERATE",
    "COOPERATE",
    "COOPERATE",
    "COOPERATE",
    "COOPERATE",
    "COOPERATE",
    "COOPERATE",
    "COOPERATE",
    "COOPERATE",
    "COOPERATE",
    "COOPERATE",
    "DEFECT",
    "DEFECT",
    "DEFECT",
    "DEFECT",
    "DEFECT",
    "DEFECT",
    "DEFECT",
    "DEFECT",
    "DEFECT",
    "DEFECT",
    "DEFECT",
    "DEFECT",
    "DEFECT",
    "DEFECT",
    "DEFECT",
    "DEFECT",
    "DEFECT",
    "DEFECT",
    "DEFECT"
  ],
  "llm_responses": [
    "THINKING: This is the first round with no history, so I'll start by cooperating to signal willingness to cooperate and see how the opponent responds.  \nACTION: COOPERATE",
    "THINKING: The opponent cooperated in round 1, and we have no reason to suspect defection yet. Starting with cooperation builds trust and can lead to mutual gains in a repeated game.\n\nACTION: COOPERATE",
    "THINKING: The opponent has cooperated in both previous rounds, and my cooperation rate is high, so continuing to cooperate may encourage mutual cooperation for higher payoffs.  \nACTION: COOPERATE",
    "THINKING: The opponent has cooperated 100% of the time so far, and mutual cooperation yields the highest joint payoff. Defecting now risks breaking the cooperative pattern and lowering future payoffs.\n\nACTION: COOPERATE",
    "THINKING: The opponent has cooperated 100% of the time so far, and my total payoff is currently zero, meaning I have been cooperating while they have been cooperating. Continuing to cooperate maintains mutual benefit.\n\nACTION: COOPERATE",
    "THINKING: The opponent has cooperated 100% of the time so far, and mutual cooperation yields the best long-term payoff. Defecting now risks breaking this beneficial pattern.\n\nACTION: COOPERATE",
    "THINKING: Opponent has cooperated 100% of the time, and mutual cooperation yields the highest long-term payoff. Defecting now risks breaking trust and reducing future gains.  \nACTION: COOPERATE",
    "THINKING: The opponent has cooperated 100% of the time so far, and my total payoff is currently zero, meaning I've been cooperating while they've been cooperating. Continuing to cooperate maintains mutual benefit.\n\nACTION: COOPERATE",
    "THINKING: The opponent has cooperated 100% of the time, and mutual cooperation yields a good payoff. Defecting now risks breaking the cooperative pattern and lowering future payoffs.\n\nACTION: COOPERATE",
    "THINKING: The opponent has cooperated 100% of the time so far, and mutual cooperation yields the best long-term payoff. Defecting now risks breaking this beneficial pattern.\n\nACTION: COOPERATE",
    "THINKING: The opponent has cooperated 100% of the time so far, and my total payoff is zero because I have always cooperated while they have always defected against me. To improve my score, I should defect this round to get the higher payoff of 5.\n\nACTION: DEFECT",
    "THINKING: The opponent has cooperated 100% of the time, and my high cooperation rate has likely encouraged this. Defecting now would break trust and likely reduce my future payoffs.\n\nACTION: COOPERATE",
    "THINKING: The opponent has a high cooperation rate (92%) and has been highly cooperative overall, but they just defected in the last round. This could be a one-time deviation. Given the long-term benefit of mutual cooperation and my current low total payoff, I should try to restore cooperation.\n\nACTION: COOPERATE",
    "THINKING: The opponent has been highly cooperative overall (85%), but they just defected last round. Given my high cooperation rate, they might be testing me; defecting now could risk a breakdown in cooperation.\n\nACTION: COOPERATE",
    "THINKING: The opponent has a high cooperation rate but defected last round, suggesting they might be testing my response. My total payoff is currently zero, so I need to avoid being exploited while encouraging cooperation.  \nACTION: DEFECT",
    "THINKING: The opponent has a high cooperation rate overall (73%) but defected last round. Given my high cooperation rate (87%), they might be testing my response to defection. I should defect now to signal I won't be exploited, but remain open to future cooperation.\n\nACTION: DEFECT",
    "THINKING: Opponent has a high cooperation rate overall but just defected last round, possibly testing my response. Given my high cooperation rate, a retaliatory defect might push us into mutual defection, lowering my payoff.  \nACTION: COOPERATE",
    "THINKING: The opponent has been defecting recently and has a lower cooperation rate than me, so continuing to cooperate is likely to lead to a poor payoff.  \nACTION: DEFECT",
    "THINKING: The opponent has been defecting recently and has a lower cooperation rate than me, so continuing to cooperate is likely to lead to another loss.  \nACTION: DEFECT",
    "THINKING: The opponent has a high defect rate recently and defected last round, so continuing to cooperate is likely to lead to exploitation.  \nACTION: DEFECT",
    "THINKING: The opponent has a recent pattern of always defecting, and they just defected last round. Continuing to cooperate would likely result in a low payoff for me.  \nACTION: DEFECT",
    "THINKING: The opponent has been defecting recently and their overall cooperation rate is low, so cooperating now is likely to lead to a poor payoff for me.  \nACTION: DEFECT",
    "THINKING: The opponent has a 50% cooperation rate overall, but their recent pattern is \"always defects.\" Since they just defected last round and are likely to continue defecting, cooperating now would yield me 0 points while defecting yields at least 1 point.  \n\nACTION: DEFECT",
    "THINKING: The opponent has been defecting recently and has a lower cooperation rate overall. Continuing to cooperate will likely lead to more losses, so defecting is the rational choice to protect my payoff.\n\nACTION: DEFECT",
    "THINKING: The opponent has been defecting consistently recently, and my cooperation rate is already high, so cooperating again is unlikely to change their behavior or improve my payoff.  \nACTION: DEFECT",
    "THINKING: The opponent has been defecting recently and has a lower cooperation rate overall, so continuing to cooperate is unlikely to yield a better payoff.  \nACTION: DEFECT",
    "THINKING: The opponent has a low cooperation rate and is currently in a pattern of always defecting. Given that they are likely to defect again, cooperating would yield me 0 points while defecting ensures at least 1 point.\n\nACTION: DEFECT",
    "THINKING: The opponent has been defecting consistently recently, and my cooperation rate is higher than theirs, so continuing to cooperate is unlikely to change their behavior or improve my payoff.  \nACTION: DEFECT",
    "THINKING: The opponent has been defecting consistently recently, and with only one round left after this, there's no future incentive to encourage cooperation. Defecting now maximizes my payoff given their likely defect.\n\nACTION: DEFECT",
    "THINKING: The opponent has been defecting consistently recently, and their overall cooperation rate is low, so cooperating now is unlikely to be reciprocated.  \nACTION: DEFECT"
  ]
}