{
  "experiment": "exp6_baseline",
  "game": "prisoners_dilemma",
  "provider": "deepseek",
  "baseline": "Extort2",
  "trial": 16,
  "rounds": 30,
  "payoff": 43,
  "coop_rate": 0.3,
  "llm_history": [
    "COOPERATE",
    "COOPERATE",
    "COOPERATE",
    "DEFECT",
    "COOPERATE",
    "COOPERATE",
    "COOPERATE",
    "COOPERATE",
    "COOPERATE",
    "DEFECT",
    "DEFECT",
    "DEFECT",
    "COOPERATE",
    "DEFECT",
    "DEFECT",
    "DEFECT",
    "DEFECT",
    "DEFECT",
    "DEFECT",
    "DEFECT",
    "DEFECT",
    "DEFECT",
    "DEFECT",
    "DEFECT",
    "DEFECT",
    "DEFECT",
    "DEFECT",
    "DEFECT",
    "DEFECT",
    "DEFECT"
  ],
  "opp_history": [
    "COOPERATE",
    "COOPERATE",
    "COOPERATE",
    "COOPERATE",
    "DEFECT",
    "COOPERATE",
    "COOPERATE",
    "COOPERATE",
    "DEFECT",
    "DEFECT",
    "DEFECT",
    "DEFECT",
    "DEFECT",
    "DEFECT",
    "DEFECT",
    "DEFECT",
    "DEFECT",
    "DEFECT",
    "DEFECT",
    "DEFECT",
    "DEFECT",
    "DEFECT",
    "DEFECT",
    "DEFECT",
    "DEFECT",
    "DEFECT",
    "DEFECT",
    "DEFECT",
    "DEFECT",
    "DEFECT"
  ],
  "llm_responses": [
    "THINKING: This is the first round with no history, so I'll start by cooperating to signal willingness to cooperate and see how the opponent responds.  \nACTION: COOPERATE",
    "THINKING: The opponent cooperated in round 1, and with no reason to defect yet, cooperating maintains mutual benefit and builds trust.  \nACTION: COOPERATE",
    "THINKING: Both players have cooperated in the first two rounds, resulting in high mutual payoffs. Since the opponent has a 100% cooperation rate so far, continuing to cooperate is likely to sustain mutual benefit.\n\nACTION: COOPERATE",
    "THINKING: The opponent has cooperated 100% of the time so far, and my total payoff is zero because I've always cooperated while they've defected against me. To avoid exploitation, I should test their response by defecting now.\n\nACTION: DEFECT",
    "THINKING: The opponent has cooperated 100% of the time so far, and my cooperation rate is high. Continuing to cooperate maximizes mutual payoff and maintains trust in this repeated game.\n\nACTION: COOPERATE",
    "THINKING: The opponent has been highly cooperative overall (80% cooperation rate) but defected last round. Given my total payoff is currently zero, I should try to rebuild mutual cooperation to improve my score, so I'll respond with cooperation to encourage future cooperation.  \nACTION: COOPERATE",
    "THINKING: Both of us have high cooperation rates and the opponent just cooperated, so continuing to cooperate is likely to maximize mutual payoff.  \nACTION: COOPERATE",
    "THINKING: Opponent has been highly cooperative (86% cooperation rate) and just cooperated last round. Cooperating now likely continues mutual cooperation for high payoffs.\n\nACTION: COOPERATE",
    "THINKING: Both of us have been highly cooperative (88% each), and the opponent just cooperated last round. Continuing to cooperate maximizes mutual payoff in this repeated game.\n\nACTION: COOPERATE",
    "THINKING: The opponent has a high cooperation rate overall but just defected last round, suggesting possible testing or a conditional strategy. My total payoff is currently zero, so I need to avoid being exploited while encouraging mutual cooperation.\n\nACTION: DEFECT",
    "THINKING: The opponent has a 70% cooperation rate overall but defected last round. Given my high cooperation rate, they may be testing if I'll retaliate. To encourage future cooperation, I should defect now to signal I won't tolerate exploitation.\n\nACTION: DEFECT",
    "THINKING: The opponent has a 64% cooperation rate overall but defected last round, and my total payoff is currently zero, so I need to be more cautious to avoid exploitation.  \nACTION: DEFECT",
    "THINKING: The opponent has a mixed pattern and just defected last round, but my cooperation rate is high and they still cooperate more than half the time. A conditional cooperator might return to cooperating if I do.  \nACTION: COOPERATE",
    "THINKING: The opponent has been defecting recently and has a lower cooperation rate than me, so continuing to cooperate is likely to lead to a poor payoff for me.  \nACTION: DEFECT",
    "THINKING: The opponent has been defecting recently and has a 50% cooperation rate overall, but my cooperation rate is high (64%) and I currently have zero total payoff. Continuing to cooperate while they defect is costing me; I should defect to protect my payoff and possibly shift their strategy.\n\nACTION: DEFECT",
    "THINKING: The opponent has been defecting recently and has a lower cooperation rate than me, so continuing to cooperate is likely to lead to a poor payoff for me. I should defect to protect myself and try to improve my total score.\n\nACTION: DEFECT",
    "THINKING: The opponent has been defecting recently and has a lower cooperation rate than me, so continuing to cooperate is likely to lead to exploitation.  \nACTION: DEFECT",
    "THINKING: The opponent has a low cooperation rate and recently always defects, so cooperating now would likely result in a poor payoff for me.  \nACTION: DEFECT",
    "THINKING: The opponent has been defecting consistently recently, and my cooperation rate is already 50%, so cooperating now would likely just give them another advantage.  \nACTION: DEFECT",
    "THINKING: The opponent has been defecting consistently recently, and my cooperation rate is already fairly high. Continuing to cooperate will likely just give them more points without benefit to me.  \n\nACTION: DEFECT",
    "THINKING: The opponent has a low cooperation rate and is currently in a pattern of always defecting, so cooperating now would likely lead to a poor payoff for me.  \nACTION: DEFECT",
    "THINKING: The opponent has been defecting consistently recently, and their overall cooperation rate is low. Cooperating now would likely result in a payoff of 0, while defecting ensures at least 1.\n\nACTION: DEFECT",
    "THINKING: The opponent has been defecting consistently, and my cooperation has led to low payoff. Continuing to cooperate is unlikely to change their behavior, so I should defect to minimize losses.\n\nACTION: DEFECT",
    "THINKING: The opponent has been defecting consistently recently, and with a low overall cooperation rate, it's unlikely they'll cooperate now. Defecting ensures I don't get the worst payoff (0) and secures at least 1 point.\n\nACTION: DEFECT",
    "THINKING: The opponent has been defecting consistently recently and has a low overall cooperation rate, so cooperating now would likely result in a poor payoff for me.  \nACTION: DEFECT",
    "THINKING: The opponent has been defecting consistently recently, and my cooperation rate is low, so cooperating now is unlikely to change their behavior or improve my payoff.  \nACTION: DEFECT",
    "THINKING: The opponent has been consistently defecting recently, and my cooperation rate is higher than theirs, yet I have zero total payoff. Continuing to cooperate seems unlikely to change their behavior, so I should defect to avoid further losses.\n\nACTION: DEFECT",
    "THINKING: The opponent has been defecting consistently, and my cooperation rate is higher than theirs, so cooperating now would likely just lose me more payoff.  \nACTION: DEFECT",
    "THINKING: The opponent has a low cooperation rate and recently always defects, so cooperating now is unlikely to yield a better payoff.  \nACTION: DEFECT",
    "THINKING: The opponent has been defecting consistently and has a low cooperation rate overall, so cooperating now would likely result in a loss for me.  \nACTION: DEFECT"
  ]
}