{
  "experiment": "exp6_baseline",
  "game": "prisoners_dilemma",
  "provider": "openai",
  "baseline": "Extort2",
  "trial": 15,
  "rounds": 30,
  "payoff": 47,
  "coop_rate": 0.4666666666666667,
  "llm_history": [
    "COOPERATE",
    "COOPERATE",
    "COOPERATE",
    "COOPERATE",
    "DEFECT",
    "COOPERATE",
    "COOPERATE",
    "COOPERATE",
    "COOPERATE",
    "COOPERATE",
    "COOPERATE",
    "COOPERATE",
    "COOPERATE",
    "COOPERATE",
    "DEFECT",
    "COOPERATE",
    "DEFECT",
    "DEFECT",
    "DEFECT",
    "DEFECT",
    "DEFECT",
    "DEFECT",
    "DEFECT",
    "DEFECT",
    "DEFECT",
    "DEFECT",
    "DEFECT",
    "DEFECT",
    "DEFECT",
    "DEFECT"
  ],
  "opp_history": [
    "COOPERATE",
    "COOPERATE",
    "COOPERATE",
    "DEFECT",
    "COOPERATE",
    "COOPERATE",
    "COOPERATE",
    "COOPERATE",
    "COOPERATE",
    "DEFECT",
    "DEFECT",
    "COOPERATE",
    "COOPERATE",
    "DEFECT",
    "DEFECT",
    "DEFECT",
    "DEFECT",
    "DEFECT",
    "DEFECT",
    "DEFECT",
    "DEFECT",
    "DEFECT",
    "DEFECT",
    "DEFECT",
    "DEFECT",
    "DEFECT",
    "DEFECT",
    "DEFECT",
    "DEFECT",
    "DEFECT"
  ],
  "llm_responses": [
    "THINKING: Since this is the first round with no history or information about the Opponent's strategy, I will choose to cooperate to test if the Opponent is inclined towards mutual cooperation. This can help establish trust for potential higher payoffs in future rounds.  \n\nACTION: COOPERATE",
    "THINKING: The opponent has cooperated in the previous round, and their cooperation rate is 100%. To build mutual trust and maximize long-term payoffs, it is strategic to cooperate again.\n\nACTION: COOPERATE",
    "THINKING: The opponent has cooperated consistently so far (100% cooperation rate), and mutual cooperation yields the highest combined payoff. To build trust and maximize long-term gains, it is beneficial to continue cooperating. \n\nACTION: COOPERATE",
    "THINKING: The opponent has consistently cooperated in every round, showing a highly cooperative pattern. By maintaining mutual cooperation, we can maximize both our payoffs over time.  \n\nACTION: COOPERATE",
    "THINKING: The opponent defected in the last round, indicating they may be testing or taking advantage of my consistent cooperation. To encourage reciprocity and avoid being exploited, I will defect this round to signal that I will not always cooperate unconditionally. \n\nACTION: DEFECT",
    "THINKING: The opponent has been highly cooperative, with an 80% cooperation rate, matching my own. Maintaining mutual cooperation maximizes joint payoff, and defecting now could risk breaking the trust and lowering future payoffs.  \nACTION: COOPERATE",
    "THINKING: The opponent has been highly cooperative, matching my cooperation rate at 83%. To maintain mutual trust and maximize long-term payoff, it makes sense to continue cooperating. \n\nACTION: COOPERATE",
    "THINKING: The opponent has been highly cooperative so far, matching my cooperation rate. Continuing to cooperate could sustain mutual benefits, while defecting now risks breaking trust and reducing long-term payoffs.  \n\nACTION: COOPERATE",
    "THINKING: Both my cooperation rate and the opponent's are high, indicating mutual trust and a preference for maximizing shared payoffs. Maintaining cooperation will likely lead to the optimal outcome for both players.  \nACTION: COOPERATE  ",
    "THINKING: The opponent has been highly cooperative, with a cooperation rate of 89%, matching mine. Maintaining mutual cooperation will maximize our payoffs in the long run, as defection risks breaking the positive dynamic we've established.  \n\nACTION: COOPERATE",
    "THINKING: The opponent has been highly cooperative overall but defected in the last round, which could be a test or a shift in strategy. To encourage mutual cooperation and maintain a long-term positive outcome, I should lean toward cooperation but remain cautious.\n\nACTION: COOPERATE",
    "THINKING: The opponent has cooperated a majority of the time but defected in the last round, indicating conditional or mixed behavior. To encourage cooperation and maximize long-term payoffs, I will choose to cooperate this round and test their willingness to return to cooperation.  \n\nACTION: COOPERATE",
    "THINKING: The opponent has a moderately high cooperation rate (75%) and cooperated in the last round, suggesting they respond positively to cooperation. To encourage mutual benefit and increase my payoff, continuing to cooperate seems prudent.\n\nACTION: COOPERATE",
    "THINKING: The opponent has a relatively high cooperation rate (77%) and cooperated in the last round, suggesting they may continue cooperating if I do as well. Maintaining cooperation increases the likelihood of mutual benefit, which aligns with maximizing long-term payoffs.\n\nACTION: COOPERATE",
    "THINKING: The opponent has a mixed/conditional cooperation pattern and defected in the last round. Since my cooperation rate is very high, a single defection on my part might encourage the opponent to cooperate more in future rounds, resetting a more cooperative dynamic.\n\nACTION: DEFECT",
    "THINKING: The opponent is a mixed/conditional cooperator and defected in the last round. To incentivize future cooperation and maintain a high cooperation rate, I will cooperate once more, despite the risk of exploitation.  \n\nACTION: COOPERATE",
    "THINKING: The opponent has a mixed/conditional cooperation pattern and defected in the last round. To discourage further defections and possibly shift the dynamic back toward cooperation, I will defect this round as a retaliatory move.\n\nACTION: DEFECT",
    "THINKING: Opponent's cooperation rate is relatively low (59%), and their recent pattern indicates they mostly defect. To maximize my payoff and discourage further defections, defecting seems strategically optimal.  \n\nACTION: DEFECT",
    "THINKING: The opponent has a cooperation rate of 56% and has been mostly defecting recently, including in the last round. Continuing to cooperate is unlikely to yield a favorable outcome given the opponent's pattern, so defecting is the safer choice to avoid being exploited.\n\nACTION: DEFECT",
    "THINKING: The opponent has been mostly defecting and has a lower cooperation rate, which suggests they are unlikely to cooperate in this round. To avoid being exploited, it’s strategically better to defect in response.\n\nACTION: DEFECT",
    "THINKING: The opponent has been defecting more frequently and has a lower cooperation rate than mine. Continuing to cooperate while the opponent mostly defects leads to poor payoffs for me, so I should defect to avoid being exploited.\n\nACTION: DEFECT",
    "THINKING: The opponent has shown a higher tendency to defect (48% cooperation rate) and recently defected. Cooperating further is likely to be exploited, as my cooperation rate hasn’t encouraged reciprocation.  \nACTION: DEFECT  ",
    "THINKING: The opponent's cooperation rate is low (45%) and they have recently established a pattern of always defecting. Continuing to cooperate would likely result in me receiving the lowest payoff (0), so defecting is the rational choice to minimize losses.\n\nACTION: DEFECT",
    "THINKING: The opponent has shown a consistent pattern of defecting, and cooperating against a defecting opponent will continue to result in the worst possible outcome for me (0 payoff). To maximize my payoff, I should defect in response.\n\nACTION: DEFECT",
    "THINKING: The opponent has consistently defected and shows a low cooperation rate. Continuing to cooperate would likely result in a worse payoff for me, as mutual cooperation seems unlikely.  \n\nACTION: DEFECT",
    "THINKING: The opponent has consistently defected in recent rounds, indicating they are not prioritizing mutual cooperation. Defecting minimizes my losses and prevents being exploited.\n\nACTION: DEFECT",
    "THINKING: The opponent has consistently defected in recent rounds and has a low overall cooperation rate. Continuing to cooperate would result in consistently losing payoff, so defecting is the rational choice to avoid being exploited.  \nACTION: DEFECT",
    "THINKING: The opponent has a low cooperation rate (37%) and has consistently defected in recent rounds, making cooperation unlikely to yield a positive outcome. To maximize my payoff, defecting is the rational choice.  \nACTION: DEFECT",
    "THINKING: The opponent has consistently defected and has a low cooperation rate of 36%. Cooperating further in this situation will likely result in continued losses, so defecting is the rational choice to maximize my payoff.  \n\nACTION: DEFECT",
    "THINKING: The opponent has consistently defected and has a low cooperation rate (34%), indicating they are unlikely to cooperate in this round. Defecting maximizes my payoff given their predictable behavior.  \n\nACTION: DEFECT"
  ]
}