{
  "experiment": "exp6_baseline",
  "game": "prisoners_dilemma",
  "provider": "deepseek",
  "baseline": "Pavlov",
  "trial": 20,
  "rounds": 30,
  "payoff": 89,
  "coop_rate": 0.9666666666666667,
  "llm_history": [
    "COOPERATE",
    "COOPERATE",
    "COOPERATE",
    "COOPERATE",
    "DEFECT",
    "COOPERATE",
    "COOPERATE",
    "COOPERATE",
    "COOPERATE",
    "COOPERATE",
    "COOPERATE",
    "COOPERATE",
    "COOPERATE",
    "COOPERATE",
    "COOPERATE",
    "COOPERATE",
    "COOPERATE",
    "COOPERATE",
    "COOPERATE",
    "COOPERATE",
    "COOPERATE",
    "COOPERATE",
    "COOPERATE",
    "COOPERATE",
    "COOPERATE",
    "COOPERATE",
    "COOPERATE",
    "COOPERATE",
    "COOPERATE",
    "COOPERATE"
  ],
  "opp_history": [
    "COOPERATE",
    "COOPERATE",
    "COOPERATE",
    "COOPERATE",
    "COOPERATE",
    "DEFECT",
    "COOPERATE",
    "COOPERATE",
    "COOPERATE",
    "COOPERATE",
    "COOPERATE",
    "COOPERATE",
    "COOPERATE",
    "COOPERATE",
    "COOPERATE",
    "COOPERATE",
    "COOPERATE",
    "COOPERATE",
    "COOPERATE",
    "COOPERATE",
    "COOPERATE",
    "COOPERATE",
    "COOPERATE",
    "COOPERATE",
    "COOPERATE",
    "COOPERATE",
    "COOPERATE",
    "COOPERATE",
    "COOPERATE",
    "COOPERATE"
  ],
  "llm_responses": [
    "THINKING: This is the first round with no history, so I'll start by cooperating to signal willingness to cooperate and see how the opponent responds.  \nACTION: COOPERATE",
    "THINKING: The opponent cooperated in round 1, and both cooperation rates are 100%. In early rounds, cooperating builds trust and can lead to mutual gains in the repeated game.  \nACTION: COOPERATE",
    "THINKING: Opponent has cooperated both previous rounds, and my cooperation rate is 100%. Continuing to cooperate may sustain mutual cooperation for high payoffs.  \nACTION: COOPERATE",
    "THINKING: The opponent has cooperated 100% of the time so far, and mutual cooperation yields the highest long-term payoff. Defecting now could break the trust and trigger retaliation.\n\nACTION: COOPERATE",
    "THINKING: The opponent has cooperated 100% of the time so far, and my total payoff is currently zero because I have always cooperated while they have defected against me in at least one round (since my payoff is 0). To maximize my payoff, I should defect now to exploit their consistent cooperation.\n\nACTION: DEFECT",
    "THINKING: The opponent has cooperated 100% of the time, so they are likely playing a cooperative strategy like Tit-for-Tat or Always Cooperate. Defecting now would give a short-term gain but could trigger retaliation and reduce future payoffs. Given the high long-term value of mutual cooperation, cooperating is the best choice.\n\nACTION: COOPERATE",
    "THINKING: The opponent has been highly cooperative overall (83%), but they just defected last round. Given my total payoff is currently zero, I should try to rebuild cooperation to improve my score, so I'll respond with cooperation to signal willingness to return to mutual cooperation.  \nACTION: COOPERATE",
    "THINKING: The opponent has been highly cooperative (86% cooperation rate) and just cooperated last round. Cooperating now likely leads to mutual cooperation and a payoff of 3, while defecting risks breaking trust and lowering future payoffs.\n\nACTION: COOPERATE",
    "THINKING: Both of us have been highly cooperative (88% each), and the opponent just cooperated last round. Continuing mutual cooperation maximizes long-term payoff in a repeated Prisoner's Dilemma.  \nACTION: COOPERATE",
    "THINKING: With both cooperation rates high and the opponent recently cooperating, mutual cooperation yields the best payoff (3 each) and maintains a positive cycle.  \nACTION: COOPERATE",
    "THINKING: The opponent has been highly cooperative (90% rate) and just cooperated last round. In a repeated Prisoner's Dilemma with a cooperative opponent, mutual cooperation yields the best long-term payoff.  \nACTION: COOPERATE",
    "THINKING: The opponent has been highly cooperative (91% cooperation rate) and just cooperated last round. In a repeated Prisoner's Dilemma with a cooperative opponent, mutual cooperation yields the best long-term payoff.  \nACTION: COOPERATE",
    "THINKING: Both of us have been highly cooperative (92% each), and the opponent just cooperated last round. Continuing to cooperate maximizes mutual payoff in this repeated game.  \nACTION: COOPERATE",
    "THINKING: Both of us have been highly cooperative, and mutual cooperation yields the best joint payoff. Since the opponent has cooperated 92% of the time and just cooperated last round, cooperating now is likely to sustain mutual gains.\n\nACTION: COOPERATE",
    "THINKING: Both of us have been highly cooperative (93% each), and mutual cooperation yields the best joint payoff. Given the opponent's consistent cooperation, defecting now risks breaking the trust and reducing future payoffs.\n\nACTION: COOPERATE",
    "THINKING: With both cooperation rates above 90% and a history of mutual cooperation, maintaining cooperation maximizes long-term payoff.  \nACTION: COOPERATE",
    "THINKING: Both of us have been highly cooperative (94% each), and mutual cooperation yields the best long-term payoff. Defecting now risks breaking this beneficial pattern.\n\nACTION: COOPERATE",
    "THINKING: Both of us have been highly cooperative (94% each), and mutual cooperation yields the best long-term payoff per round. Defecting now risks breaking this profitable pattern.\n\nACTION: COOPERATE",
    "THINKING: Both of us have very high cooperation rates, and the opponent just cooperated last round. Continuing mutual cooperation maximizes my payoff in this round and maintains the beneficial pattern.\n\nACTION: COOPERATE",
    "THINKING: With both cooperation rates very high and the opponent consistently cooperating, mutual cooperation yields the best long-term payoff. Defecting now risks breaking trust and reducing future gains.  \nACTION: COOPERATE",
    "THINKING: Both of us have been highly cooperative (95%), leading to mutual high payoffs in most rounds. Continuing to cooperate is likely to maintain this beneficial outcome.\n\nACTION: COOPERATE",
    "THINKING: Both of us have been highly cooperative (95% each), and the opponent just cooperated last round. In a repeated Prisoner's Dilemma with high mutual cooperation, maintaining cooperation yields the best long-term payoff.\n\nACTION: COOPERATE",
    "THINKING: Both of us have been highly cooperative (95% each), and mutual cooperation yields the best long-term payoff per round. Defecting now risks breaking this beneficial pattern.\n\nACTION: COOPERATE",
    "THINKING: Both of us have been cooperating almost all the time, leading to high mutual payoffs. Defecting now would break the trust and likely reduce my long-term gains.\n\nACTION: COOPERATE",
    "THINKING: Both of us have been cooperating almost all the time, leading to high mutual payoffs. Defecting now would break the trust and likely reduce my long-term payoff.\n\nACTION: COOPERATE",
    "THINKING: With both cooperation rates extremely high and the opponent consistently cooperating, mutual cooperation yields the best long-term payoff. Defecting now risks breaking the cooperative equilibrium for minimal short-term gain.  \nACTION: COOPERATE",
    "THINKING: Both of us have been cooperating almost all the time, leading to high mutual payoffs. Since the opponent is highly cooperative, continuing to cooperate is the best way to maximize my long-term score.\n\nACTION: COOPERATE",
    "THINKING: Both of us have been cooperating almost all the time, leading to high mutual payoffs. Defecting now would break this trust and likely reduce my future payoffs.\n\nACTION: COOPERATE",
    "THINKING: With both cooperation rates near 100% and a history of mutual cooperation, defecting now would risk losing future cooperation and my payoff is currently zero, so I should continue cooperating to build mutual benefit.  \nACTION: COOPERATE",
    "THINKING: Both of us have been cooperating almost all the time, leading to high mutual payoffs. Defecting now would break the trust and likely reduce my long-term payoff.\n\nACTION: COOPERATE"
  ]
}