{
  "experiment": "exp6_baseline",
  "game": "prisoners_dilemma",
  "provider": "deepseek",
  "baseline": "Extort2",
  "trial": 28,
  "rounds": 30,
  "payoff": 51,
  "coop_rate": 0.4666666666666667,
  "llm_history": [
    "COOPERATE",
    "COOPERATE",
    "COOPERATE",
    "DEFECT",
    "COOPERATE",
    "DEFECT",
    "COOPERATE",
    "COOPERATE",
    "COOPERATE",
    "COOPERATE",
    "COOPERATE",
    "COOPERATE",
    "COOPERATE",
    "COOPERATE",
    "COOPERATE",
    "COOPERATE",
    "DEFECT",
    "DEFECT",
    "DEFECT",
    "DEFECT",
    "DEFECT",
    "DEFECT",
    "DEFECT",
    "DEFECT",
    "DEFECT",
    "DEFECT",
    "DEFECT",
    "DEFECT",
    "DEFECT",
    "DEFECT"
  ],
  "opp_history": [
    "COOPERATE",
    "COOPERATE",
    "DEFECT",
    "COOPERATE",
    "DEFECT",
    "COOPERATE",
    "COOPERATE",
    "COOPERATE",
    "COOPERATE",
    "DEFECT",
    "COOPERATE",
    "COOPERATE",
    "COOPERATE",
    "COOPERATE",
    "DEFECT",
    "DEFECT",
    "DEFECT",
    "DEFECT",
    "DEFECT",
    "DEFECT",
    "DEFECT",
    "DEFECT",
    "DEFECT",
    "DEFECT",
    "DEFECT",
    "DEFECT",
    "DEFECT",
    "DEFECT",
    "DEFECT",
    "DEFECT"
  ],
  "llm_responses": [
    "THINKING: This is the first round with no history, so I'll start by cooperating to signal willingness to cooperate and see how the opponent responds.  \nACTION: COOPERATE",
    "THINKING: The opponent cooperated in the first round, and both cooperation rates are 100%. In early rounds, cooperating builds trust and encourages mutual cooperation for higher long-term payoffs.  \nACTION: COOPERATE",
    "THINKING: Opponent has cooperated both times so far, and my total payoff is zero because I've cooperated while they defected once earlier (since my cooperation rate is 100% but total payoff is 0, meaning I got 0 in at least one round). Still, they seem cooperative recently. I'll try cooperating again to encourage mutual cooperation.\n\nACTION: COOPERATE",
    "THINKING: Opponent has defected once after two cooperations, but my 100% cooperation rate may have made me exploitable. Given their mixed pattern, a defection now could signal I'm not always forgiving.\n\nACTION: DEFECT",
    "THINKING: The opponent has a high cooperation rate and just cooperated last round, so cooperating now is likely to lead to mutual cooperation and a better payoff.  \nACTION: COOPERATE",
    "THINKING: The opponent has a 60% cooperation rate but just defected last round, suggesting they may be testing defection. My high cooperation rate (80%) might be exploited, so I should defect to protect against further exploitation and signal I won't be taken advantage of.\n\nACTION: DEFECT",
    "THINKING: Opponent has cooperated recently and has a 67% cooperation rate, suggesting they may be conditionally cooperative. My total payoff is currently zero, so I should try to build mutual cooperation to improve it.  \nACTION: COOPERATE",
    "THINKING: Opponent has cooperated 71% of the time and just cooperated last round, suggesting they are conditionally cooperative. My cooperation rate is also high, so cooperating now is likely to sustain mutual cooperation and maximize long-term payoff.  \nACTION: COOPERATE",
    "THINKING: The opponent has cooperated 75% of the time and just cooperated last round, so they are likely to cooperate again. My total payoff is currently zero, so I need to build mutual cooperation to improve my score.\n\nACTION: COOPERATE",
    "THINKING: Opponent has a high cooperation rate and just cooperated last round; cooperating now likely maintains mutual cooperation for good payoffs.  \nACTION: COOPERATE",
    "THINKING: The opponent has a 70% cooperation rate overall but defected last round, suggesting possible tit-for-tat or testing behavior. My cooperation rate is high (80%), so cooperating now may encourage future cooperation and maximize long-term payoff.\n\nACTION: COOPERATE",
    "THINKING: Opponent has cooperated 73% of the time and just cooperated last round. With my high cooperation rate, they likely see me as cooperative and will continue cooperating. Mutual cooperation gives the best long-term payoff.\n\nACTION: COOPERATE",
    "THINKING: The opponent has a high cooperation rate and just cooperated last round, so cooperating now is likely to lead to mutual cooperation and a better payoff.  \nACTION: COOPERATE",
    "THINKING: The opponent is highly cooperative (77% overall, last action cooperate) and my cooperation rate is high, so mutual cooperation is likely to yield the best payoff this round.  \nACTION: COOPERATE",
    "THINKING: The opponent has been highly cooperative (79% overall, last action cooperate), and mutual cooperation yields the highest long-term payoff. Defecting now risks retaliation and reduces future gains.\n\nACTION: COOPERATE",
    "THINKING: The opponent has a high cooperation rate overall (73%) and is described as \"highly cooperative\" recently, but they just defected last round. Given my high cooperation rate, they might be testing me, but cooperating now could restore mutual cooperation.\n\nACTION: COOPERATE",
    "THINKING: The opponent has a high cooperation rate overall but just defected last round, suggesting possible tit-for-tat behavior. My cooperation rate is very high, so defecting now may protect me from exploitation while still maintaining a cooperative image.\n\nACTION: DEFECT",
    "THINKING: The opponent has a mixed/conditional pattern and just defected last round, so they may be testing my response. My high cooperation rate (82%) suggests I've been forgiving, but to avoid exploitation I should defect now to signal I won't be taken advantage of.\n\nACTION: DEFECT",
    "THINKING: The opponent has a moderate cooperation rate (61%) but just defected last round, and my total payoff is currently zero, so I need to be more cautious to avoid exploitation.  \nACTION: DEFECT",
    "THINKING: The opponent has a high defect rate recently and defected last round, so continuing to cooperate is likely to result in a low payoff for me.  \nACTION: DEFECT",
    "THINKING: The opponent has been defecting recently and has a lower cooperation rate than me, so continuing to cooperate is likely to lead to more losses.  \nACTION: DEFECT",
    "THINKING: The opponent has been defecting recently and has a lower cooperation rate than me, so continuing to cooperate is likely to result in a poor payoff for me this round.  \nACTION: DEFECT",
    "THINKING: The opponent has been defecting recently and has a lower cooperation rate than me, so continuing to cooperate is likely to lead to a poor payoff.  \nACTION: DEFECT",
    "THINKING: The opponent has been defecting recently and has a lower cooperation rate overall, so continuing to cooperate is unlikely to yield a better payoff.  \nACTION: DEFECT",
    "THINKING: The opponent has been defecting consistently recently, and my cooperation rate is already high, so cooperating again is unlikely to change their behavior. To maximize my payoff this round, I should defect.\n\nACTION: DEFECT",
    "THINKING: The opponent has been defecting consistently recently, and my cooperation rate is higher than theirs. Continuing to cooperate while they defect yields me 0 points, so I should defect to protect my payoff.  \nACTION: DEFECT",
    "THINKING: The opponent has been defecting consistently recently, and my total payoff is currently zero, so continuing to cooperate is unlikely to improve my score.  \nACTION: DEFECT",
    "THINKING: The opponent has been defecting consistently recently, and my cooperation rate is already higher than theirs, so cooperating now would likely just give them another advantage.  \nACTION: DEFECT",
    "THINKING: The opponent has been defecting consistently recently, and my total payoff is currently zero, so cooperating again is unlikely to change their behavior or improve my score.  \nACTION: DEFECT",
    "THINKING: The opponent has been defecting consistently recently and has a lower cooperation rate than me, so cooperating now would likely just give them a higher payoff at my expense.  \nACTION: DEFECT"
  ]
}