{
  "experiment": "exp6_baseline",
  "game": "prisoners_dilemma",
  "provider": "openai",
  "baseline": "Extort2",
  "trial": 22,
  "rounds": 30,
  "payoff": 34,
  "coop_rate": 0.16666666666666666,
  "llm_history": [
    "COOPERATE",
    "COOPERATE",
    "COOPERATE",
    "COOPERATE",
    "COOPERATE",
    "DEFECT",
    "DEFECT",
    "DEFECT",
    "DEFECT",
    "DEFECT",
    "DEFECT",
    "DEFECT",
    "DEFECT",
    "DEFECT",
    "DEFECT",
    "DEFECT",
    "DEFECT",
    "DEFECT",
    "DEFECT",
    "DEFECT",
    "DEFECT",
    "DEFECT",
    "DEFECT",
    "DEFECT",
    "DEFECT",
    "DEFECT",
    "DEFECT",
    "DEFECT",
    "DEFECT",
    "DEFECT"
  ],
  "opp_history": [
    "COOPERATE",
    "COOPERATE",
    "COOPERATE",
    "DEFECT",
    "DEFECT",
    "DEFECT",
    "DEFECT",
    "DEFECT",
    "DEFECT",
    "DEFECT",
    "DEFECT",
    "DEFECT",
    "DEFECT",
    "DEFECT",
    "DEFECT",
    "DEFECT",
    "DEFECT",
    "DEFECT",
    "DEFECT",
    "DEFECT",
    "DEFECT",
    "DEFECT",
    "DEFECT",
    "DEFECT",
    "DEFECT",
    "DEFECT",
    "DEFECT",
    "DEFECT",
    "DEFECT",
    "DEFECT"
  ],
  "llm_responses": [
    "THINKING: Since this is the first round, there is no history to analyze, and the opponent's strategy is unknown. Cooperating initially can establish trust and open the door for mutual cooperation in future rounds.  \n\nACTION: COOPERATE",
    "THINKING: Since the opponent has cooperated in the previous round and their cooperation rate is currently 100%, it is likely they will continue to cooperate. Mutual cooperation maximizes payoffs for both players in the long run. \n\nACTION: COOPERATE",
    "THINKING: The opponent has cooperated 100% of the time so far, and mutual cooperation yields the highest joint payoff. Maintaining cooperation builds trust and maximizes long-term gains in this repeated game.  \n\nACTION: COOPERATE",
    "THINKING: Both players have been consistently cooperating, resulting in the maximum possible payoff for the repeated game. Maintaining cooperation ensures mutual trust and maximizes long-term benefits.  \nACTION: COOPERATE",
    "THINKING: The opponent has cooperated 75% of the time but defected in the last round. To encourage mutual cooperation and maximize long-term payoffs, I will cooperate again, giving the opponent a chance to return to cooperation. However, I will monitor future actions closely.  \nACTION: COOPERATE",
    "THINKING: The opponent has shown a mixed cooperation pattern, with a 60% cooperation rate, but defected in the last round. To discourage exploitation while balancing future cooperation, I will defect this round to signal that repeated defection will not be tolerated.  \n\nACTION: DEFECT",
    "THINKING: The opponent has a mixed cooperation pattern, and their cooperation rate is significantly lower than mine. Since they defected in the last round, I risk being exploited if I cooperate again. A defect here may signal that I won't tolerate consistent defection.\n\nACTION: DEFECT",
    "THINKING: The opponent has a low cooperation rate (43%) and has mostly defected in the past. Continuing to cooperate would likely result in being exploited again, so defecting is the safer option to avoid further losses.  \nACTION: DEFECT",
    "THINKING: The opponent has primarily been defecting (62% defect rate), which has resulted in low payoffs for me. Continuing to cooperate in this situation is unlikely to yield better outcomes, so defecting is the more strategic choice to minimize losses.  \n\nACTION: DEFECT",
    "THINKING: The opponent has shown a low cooperation rate (33%) and has mostly defected, including in the most recent round. Continuing to cooperate is unlikely to yield a favorable outcome, as the opponent appears to exploit cooperation.\n\nACTION: DEFECT",
    "THINKING: The opponent has a low cooperation rate (30%) and frequently defects, indicating they prioritize maximizing their short-term gain over mutual benefit. To avoid being exploited, it is more rational to defect in this round.\n\nACTION: DEFECT",
    "THINKING: The opponent has a low cooperation rate (27%) and a pattern of mostly defecting, including in the last round. To maximize my payoff in this context, it seems more rational to defect, as cooperation is unlikely to be reciprocated.\n\nACTION: DEFECT",
    "THINKING: Based on the opponent's low cooperation rate (25%) and consistent pattern of defecting, it is highly likely they will defect again. Cooperating would result in a payoff of 0 for me, while defecting ensures at least 1 point.\n\nACTION: DEFECT",
    "THINKING: The opponent's cooperation rate is very low, and their consistent pattern of defection suggests that they are unlikely to cooperate regardless of my actions. Defecting minimizes further losses in this situation.  \nACTION: DEFECT",
    "THINKING: Based on the opponent’s consistent behavior of defecting and their low cooperation rate, cooperating would consistently result in a payoff of 0 for me. Defecting ensures I at least get 1 point in this round. \n\nACTION: DEFECT",
    "THINKING: The opponent has a very low cooperation rate (20%) and has consistently defected in recent rounds, showing no incentive to cooperate. To maximize my payoff, I should defect as well.  \n\nACTION: DEFECT",
    "THINKING: The opponent has an extremely low cooperation rate (19%) and has consistently defected, including in the most recent round. Continuing to cooperate would likely result in repeated losses, so defecting maximizes my payoff given their behavior.  \nACTION: DEFECT",
    "THINKING: The opponent has demonstrated a consistent pattern of defecting, with a very low cooperation rate. To maximize my payoff, I should defect as well since cooperating would only result in a loss.  \n\nACTION: DEFECT",
    "THINKING: The opponent has consistently defected (17% cooperation rate) and shows no incentive to change this behavior. To maximize my payoff in this scenario, defecting is the rational choice.\n\nACTION: DEFECT",
    "THINKING: The opponent has an extremely low cooperation rate (16%) and has consistently defected recently, making cooperation highly unlikely to result in mutual benefit. To maximize my payoff, the rational choice is to defect.\n\nACTION: DEFECT",
    "THINKING: The opponent has consistently defected, showing a clear pattern of non-cooperation. Cooperating would yield no benefit, as the opponent is unlikely to change their strategy. Defecting ensures I maximize my payoff in this situation.  \nACTION: DEFECT",
    "THINKING: The opponent has consistently defected (14% cooperation rate) and shows no indication of changing their strategy. To maximize my payoff given their behavior, I should defect as well.  \n\nACTION: DEFECT",
    "THINKING: The opponent has consistently defected and has a very low cooperation rate, indicating no intention to cooperate. To maximize my payoff, I should defect as well.  \n\nACTION: DEFECT",
    "THINKING: The opponent has an extremely low cooperation rate (13%) and consistently defects. Cooperating in this situation would only result in exploitation, as the opponent is unlikely to change their strategy. \n\nACTION: DEFECT",
    "THINKING: The opponent has a very low cooperation rate (12%) and has consistently defected in recent rounds. Cooperating would likely lead to a poor payoff, as the opponent is unlikely to reciprocate. \n\nACTION: DEFECT",
    "THINKING: The opponent has a very low cooperation rate (12%) and consistently defects, making cooperation unlikely to yield a payoff. Defecting ensures at least 1 point instead of risking 0 points. \n\nACTION: DEFECT",
    "THINKING: The opponent consistently defects, showing no intention to cooperate. Defecting is the optimal strategy to avoid exploitation and maximize payoff.  \n\nACTION: DEFECT",
    "THINKING: The opponent has a very low cooperation rate (11%) and consistently defects, making cooperation highly unlikely to be reciprocated. To maximize my payoff in this situation, the rational choice is to defect.  \nACTION: DEFECT",
    "THINKING: The opponent has consistently defected, showing no indication of a willingness to cooperate. Continuing to cooperate would only lead to a lower payoff for me with no strategic benefit. \n\nACTION: DEFECT",
    "THINKING: The opponent has consistently defected, showing a clear pattern of prioritizing their own payoff. Continuing to cooperate would only lead to exploitation and a lower payoff for me.  \n\nACTION: DEFECT"
  ]
}