{
  "experiment": "exp6_baseline",
  "game": "prisoners_dilemma",
  "provider": "openai",
  "baseline": "GenerousTitForTat",
  "trial": 2,
  "rounds": 30,
  "payoff": 90,
  "coop_rate": 1.0,
  "llm_history": [
    "COOPERATE",
    "COOPERATE",
    "COOPERATE",
    "COOPERATE",
    "COOPERATE",
    "COOPERATE",
    "COOPERATE",
    "COOPERATE",
    "COOPERATE",
    "COOPERATE",
    "COOPERATE",
    "COOPERATE",
    "COOPERATE",
    "COOPERATE",
    "COOPERATE",
    "COOPERATE",
    "COOPERATE",
    "COOPERATE",
    "COOPERATE",
    "COOPERATE",
    "COOPERATE",
    "COOPERATE",
    "COOPERATE",
    "COOPERATE",
    "COOPERATE",
    "COOPERATE",
    "COOPERATE",
    "COOPERATE",
    "COOPERATE",
    "COOPERATE"
  ],
  "opp_history": [
    "COOPERATE",
    "COOPERATE",
    "COOPERATE",
    "COOPERATE",
    "COOPERATE",
    "COOPERATE",
    "COOPERATE",
    "COOPERATE",
    "COOPERATE",
    "COOPERATE",
    "COOPERATE",
    "COOPERATE",
    "COOPERATE",
    "COOPERATE",
    "COOPERATE",
    "COOPERATE",
    "COOPERATE",
    "COOPERATE",
    "COOPERATE",
    "COOPERATE",
    "COOPERATE",
    "COOPERATE",
    "COOPERATE",
    "COOPERATE",
    "COOPERATE",
    "COOPERATE",
    "COOPERATE",
    "COOPERATE",
    "COOPERATE",
    "COOPERATE"
  ],
  "llm_responses": [
    "THINKING: Since this is the first round, there is no prior history to analyze, and cooperating can help establish trust and encourage mutual cooperation in future rounds. Starting with cooperation often leads to better outcomes in repeated games.\n\nACTION: COOPERATE",
    "THINKING: Since the opponent has cooperated in the previous round and their cooperation rate is 100%, it seems they are inclined to cooperate. Maintaining mutual cooperation maximizes long-term payoffs. \n\nACTION: COOPERATE",
    "THINKING: Both you and the opponent have consistently cooperated, indicating mutual trust and a potential long-term benefit. Maintaining cooperation maximizes shared payoffs and avoids triggering retaliation.  \n\nACTION: COOPERATE",
    "THINKING: The Opponent has consistently cooperated in every round, showing a reliable pattern of cooperation. Maintaining mutual cooperation maximizes long-term payoffs for both players in this repeated game.  \nACTION: COOPERATE",
    "THINKING: The opponent has been consistently cooperative, and defecting now would break the trust built so far, risking future cooperation. Mutual cooperation yields a better long-term payoff than defecting.  \n\nACTION: COOPERATE",
    "THINKING: The opponent has consistently cooperated in every round, and mutual cooperation yields the best collective payoff. Defecting now risks breaking the trust and may lead to worse outcomes in future rounds.  \nACTION: COOPERATE",
    "THINKING: Both I and the opponent have cooperated in every round so far, leading to a highly cooperative dynamic that maximizes mutual payoffs. Breaking this cooperation by defecting risks losing trust and reducing overall payoffs in future rounds.\n\nACTION: COOPERATE",
    "THINKING: The opponent has consistently cooperated in every round, and this mutual cooperation has led to a stable and high payoff for both players. Defecting now would break trust and likely lead to lower payoffs in future rounds. \n\nACTION: COOPERATE",
    "THINKING: The opponent has been consistently cooperative, and mutual cooperation results in the highest collective payoff. Maintaining cooperation ensures trust and maximizes long-term benefits in a repeated game.  \nACTION: COOPERATE  ",
    "THINKING: Both I and the Opponent have displayed consistent cooperation so far, and mutual cooperation maximizes the payoff for both sides. Defecting would risk breaking the established trust and reducing the long-term payoff.  \nACTION: COOPERATE",
    "THINKING: Both you and the opponent have cooperated in every round, maintaining mutual trust and maximizing the joint payoff. Defecting now would break this trust and potentially lead to worse outcomes in future rounds. \n\nACTION: COOPERATE",
    "THINKING: Both I and the opponent have been fully cooperative, and the opponent shows a consistent pattern of cooperation. Maintaining cooperation will maximize mutual payoffs and encourage trust. \n\nACTION: COOPERATE",
    "THINKING: The opponent has shown a consistent and reliable pattern of cooperation throughout all 12 rounds. Mutual cooperation has the highest long-term payoff in the Prisoner's Dilemma, and maintaining trust ensures continued success.\n\nACTION: COOPERATE",
    "THINKING: Both I and my opponent have been fully cooperative so far, leading to mutual trust and optimal payoffs. Defecting now could break this trust and harm long-term gains in future rounds.\n\nACTION: COOPERATE",
    "THINKING: Both my opponent and I have cooperated consistently, leading to mutual trust and maximizing payoffs. Defecting now would break this trust and risk spiraling into mutual defection, which yields lower payoffs. \n\nACTION: COOPERATE",
    "THINKING: Both my opponent and I have cooperated in every round so far, leading to consistent mutual benefit. Defecting now would break the trust and risk lowering payoffs in future rounds.  \nACTION: COOPERATE",
    "THINKING: The opponent has consistently cooperated in all previous rounds, and maintaining mutual cooperation maximizes our joint payoffs. Defecting would break trust and lead to lower long-term outcomes.\n\nACTION: COOPERATE",
    "THINKING: Both my opponent and I have been highly cooperative throughout the game, and mutual cooperation has consistently yielded the best long-term payoff. There's no indication that my opponent will defect now, so continuing to cooperate maximizes our mutual gain.\n\nACTION: COOPERATE",
    "THINKING: The opponent has consistently cooperated in all 18 rounds, indicating a highly cooperative strategy. Continuing to cooperate maximizes mutual payoff and maintains trust in this repeated game scenario.  \nACTION: COOPERATE",
    "THINKING: Both I and the Opponent have cooperated consistently, leading to mutual benefit and maximum payoff. Breaking this trust now with defection would risk losing the established cooperation and long-term gains.\n\nACTION: COOPERATE",
    "THINKING: The opponent has demonstrated consistent cooperation across all 20 rounds, and mutual cooperation yields the highest consistent payoff. Defecting now could break the trust and risk future cooperation.  \nACTION: COOPERATE",
    "THINKING: Both I and my opponent have maintained a 100% cooperation rate across 21 rounds, indicating a mutually beneficial and trust-based strategy. Defecting now would risk breaking this trust and lead to lower long-term payoffs.\n\nACTION: COOPERATE",
    "THINKING: The opponent has demonstrated consistent cooperation (100% cooperation rate). Defecting now would betray the trust built and likely lead to mutual defection in future rounds, reducing overall payoffs. Continuing to cooperate maximizes long-term gains in this highly cooperative dynamic.\n\nACTION: COOPERATE",
    "THINKING: The Opponent has shown consistent cooperation throughout the game, with a 100% cooperation rate. Maintaining cooperation ensures mutual benefit and avoids risking the trust we've built.\n\nACTION: COOPERATE",
    "THINKING: The opponent has cooperated 100% of the time, indicating a highly cooperative strategy. Defecting now would break mutual trust and risk future cooperation, reducing long-term payoffs. It is optimal to continue cooperating to maximize overall rewards.\n\nACTION: COOPERATE",
    "THINKING: The opponent has shown a consistent pattern of cooperation (100% cooperation rate). To maximize long-term payoffs and maintain trust, it is beneficial to continue cooperating.  \nACTION: COOPERATE",
    "THINKING: Both my opponent and I have maintained a perfect cooperation rate, resulting in consistent mutual payoffs. Defecting now would break the established trust and likely lead to mutual defection in future rounds, reducing overall payoffs.  \nACTION: COOPERATE  ",
    "THINKING: Both my opponent and I have consistently cooperated for 27 rounds, leading to mutual high payoffs. Maintaining cooperation ensures continued mutual benefit and avoids risking trust for short-term gain.\n\nACTION: COOPERATE",
    "THINKING: The opponent has been consistently cooperative for all 28 rounds, maintaining a 100% cooperation rate. To maximize long-term payoffs and maintain mutual trust, I should continue cooperating.  \nACTION: COOPERATE",
    "THINKING: The opponent has consistently cooperated, and maintaining mutual cooperation maximizes payoffs for both players in the long run. Defecting would break the trust and reduce my total payoff. \n\nACTION: COOPERATE"
  ]
}