{
  "experiment": "exp6_baseline",
  "game": "prisoners_dilemma",
  "provider": "openai",
  "baseline": "Extort2",
  "trial": 29,
  "rounds": 30,
  "payoff": 36,
  "coop_rate": 0.2,
  "llm_history": [
    "COOPERATE",
    "COOPERATE",
    "COOPERATE",
    "COOPERATE",
    "COOPERATE",
    "COOPERATE",
    "DEFECT",
    "DEFECT",
    "DEFECT",
    "DEFECT",
    "DEFECT",
    "DEFECT",
    "DEFECT",
    "DEFECT",
    "DEFECT",
    "DEFECT",
    "DEFECT",
    "DEFECT",
    "DEFECT",
    "DEFECT",
    "DEFECT",
    "DEFECT",
    "DEFECT",
    "DEFECT",
    "DEFECT",
    "DEFECT",
    "DEFECT",
    "DEFECT",
    "DEFECT",
    "DEFECT"
  ],
  "opp_history": [
    "COOPERATE",
    "COOPERATE",
    "COOPERATE",
    "COOPERATE",
    "DEFECT",
    "DEFECT",
    "DEFECT",
    "DEFECT",
    "DEFECT",
    "DEFECT",
    "DEFECT",
    "DEFECT",
    "DEFECT",
    "DEFECT",
    "DEFECT",
    "DEFECT",
    "DEFECT",
    "DEFECT",
    "DEFECT",
    "DEFECT",
    "DEFECT",
    "DEFECT",
    "DEFECT",
    "DEFECT",
    "DEFECT",
    "DEFECT",
    "DEFECT",
    "DEFECT",
    "DEFECT",
    "DEFECT"
  ],
  "llm_responses": [
    "THINKING: In the first round, there is no prior history to gauge the opponent's behavior. Cooperating initially sets a tone of trust and opens the possibility of mutual cooperation for higher payoffs in the long term.  \nACTION: COOPERATE",
    "THINKING: Since the opponent has cooperated in the first round and both players have a 100% cooperation rate so far, it is in our best interest to maintain mutual cooperation to maximize long-term payoffs. Defecting now could break trust and lead to suboptimal outcomes in future rounds.\n\nACTION: COOPERATE",
    "THINKING: So far, both I and the opponent have consistently cooperated, leading to mutual gains. Since the opponent has shown no signs of defection, continuing cooperation maximizes long-term payoffs.\n\nACTION: COOPERATE",
    "THINKING: The opponent has consistently cooperated in all previous rounds, and both of us have maintained a 100% cooperation rate. Sustaining mutual cooperation leads to the highest shared payoff. Defecting now risks breaking the trust and reducing future payoffs.  \n\nACTION: COOPERATE",
    "THINKING: Given the opponent's consistent cooperation and the mutual benefit of cooperating (3,3 payoff), maintaining cooperation seems the best strategy to maximize long-term payoff and preserve trust. Defecting might yield a short-term benefit but risks retaliation and losing future gains.  \nACTION: COOPERATE",
    "THINKING: The opponent has been highly cooperative overall but defected in the last round, possibly testing my response. Maintaining cooperation may encourage mutual benefit and restore trust, while defecting risks reducing long-term payoffs. \n\nACTION: COOPERATE",
    "THINKING: The opponent has defected recently and has a mixed cooperation strategy. To avoid being exploited and signal that defection has consequences, I should defect this round to balance the dynamic.\n\nACTION: DEFECT",
    "THINKING: The opponent's cooperation rate is moderate (57%), and they recently defected, suggesting conditional or mixed behavior. To incentivize future cooperation while minimizing risk, I will defect this round as a defensive strategy.\n\nACTION: DEFECT",
    "THINKING: The opponent has a mixed cooperation pattern and defected last round, suggesting conditional behavior. To maximize my payoff and signal retaliation, I will defect this round.\n\nACTION: DEFECT",
    "THINKING: The opponent has shown a tendency to defect, as evidenced by their low cooperation rate (44%) and recent pattern of mostly defecting. Continuing to cooperate would likely result in me being exploited again, so defecting is the safer choice to maximize my payoff in this round.  \nACTION: DEFECT",
    "THINKING: The opponent has a low cooperation rate (40%) and has recently been defecting, indicating they are likely not trustworthy. Defecting maximizes my payoff given their pattern of betrayal.  \n\nACTION: DEFECT",
    "THINKING: The opponent has a low cooperation rate (36%) and has mostly defected, including in the last round. To maximize my payoff and prevent exploitation, I should defect as well. \n\nACTION: DEFECT",
    "THINKING: The opponent has a low cooperation rate (33%) and has mostly been defecting, including in the last round. To maximize my payoff, I should defect as cooperating is unlikely to be reciprocated.\n\nACTION: DEFECT",
    "THINKING: The opponent has a low cooperation rate (31%) and has consistently defected in recent rounds. To maximize my payoff against a consistently defecting opponent, the optimal strategy is to defect as well. \n\nACTION: DEFECT",
    "THINKING: The opponent has a low cooperation rate (29%) and has consistently defected in recent rounds, indicating they are unlikely to cooperate. Defecting is the best response to maximize my payoff in this situation.  \nACTION: DEFECT",
    "THINKING: Given the opponent's consistent pattern of defection and low cooperation rate, cooperating would likely result in a payoff of 0 for me, while defecting ensures a payoff of 1 regardless of their action. The goal is to maximize my payoff in this repeated game.  \n\nACTION: DEFECT",
    "THINKING: The opponent has a history of consistently defecting and shows a low cooperation rate (25%), indicating they are unlikely to cooperate regardless of my actions. Defecting maximizes my payoff in this situation.\n\nACTION: DEFECT",
    "THINKING: Opponent has consistently defected, showing a low cooperation rate of 24%. Continuing to cooperate would likely result in a disadvantage for me, given their pattern of exploiting cooperation. \n\nACTION: DEFECT",
    "THINKING: The opponent has consistently defected, showing no intention to cooperate, and their cooperation rate is very low. Defecting maximizes my payoff in this scenario.  \n\nACTION: DEFECT",
    "THINKING: Opponent's cooperation rate is very low (21%), and they have consistently defected in every recent round. Cooperating would likely result in a payoff of 0, while defecting ensures at least 1 point.\n\nACTION: DEFECT",
    "THINKING: The opponent has consistently defected, showing no willingness to cooperate, and their cooperation rate is lower than mine. To maximize my payoff, I should defect as well.  \n\nACTION: DEFECT",
    "THINKING: The opponent has consistently defected, as evidenced by their 19% cooperation rate and their recent pattern of always defecting. Cooperation in this situation yields no benefit since my opponent is unlikely to reciprocate.\n\nACTION: DEFECT",
    "THINKING: The opponent has consistently defected, showing no intention to cooperate. Given their pattern, cooperating would result in a guaranteed loss for me. Defecting minimizes my losses.  \nACTION: DEFECT",
    "THINKING: The opponent has consistently defected throughout the game, with a low cooperation rate of 17%. Given their predictable defection pattern, cooperating would only result in a lower payoff for me.\n\nACTION: DEFECT",
    "THINKING: The opponent has a very low cooperation rate (17%) and has consistently defected in recent rounds. Cooperating in this situation would likely result in a payoff of 0, while defecting guarantees at least 1. \n\nACTION: DEFECT",
    "THINKING: The opponent has a very low cooperation rate (16%) and is consistently defecting. To maximize my payoff in this situation, defecting is the most rational choice.\n\nACTION: DEFECT",
    "THINKING: The opponent has a very low cooperation rate and consistently defects, showing they are unlikely to cooperate regardless of my actions. To maximize my payoff, the best response is to defect as well.\n\nACTION: DEFECT",
    "THINKING: The opponent has consistently chosen to defect, showing no willingness to cooperate, and their cooperation rate (15%) is even lower than mine. Defecting is the rational choice to avoid being exploited further.  \nACTION: DEFECT",
    "THINKING: The opponent has shown a consistent pattern of defecting and has a very low cooperation rate. Cooperating in this situation would likely result in a lower payoff for me.\n\nACTION: DEFECT",
    "THINKING: The opponent has a very low cooperation rate (14%) and has consistently defected, showing no intention to cooperate. Defecting is the best strategy to avoid being exploited further.  \nACTION: DEFECT  "
  ]
}