{
  "experiment": "exp6_baseline",
  "game": "prisoners_dilemma",
  "provider": "deepseek",
  "baseline": "Extort2",
  "trial": 4,
  "rounds": 30,
  "payoff": 50,
  "coop_rate": 0.4666666666666667,
  "llm_history": [
    "COOPERATE",
    "COOPERATE",
    "COOPERATE",
    "COOPERATE",
    "COOPERATE",
    "COOPERATE",
    "COOPERATE",
    "COOPERATE",
    "COOPERATE",
    "COOPERATE",
    "DEFECT",
    "DEFECT",
    "COOPERATE",
    "COOPERATE",
    "COOPERATE",
    "DEFECT",
    "COOPERATE",
    "DEFECT",
    "DEFECT",
    "DEFECT",
    "DEFECT",
    "DEFECT",
    "DEFECT",
    "DEFECT",
    "DEFECT",
    "DEFECT",
    "DEFECT",
    "DEFECT",
    "DEFECT",
    "DEFECT"
  ],
  "opp_history": [
    "COOPERATE",
    "COOPERATE",
    "COOPERATE",
    "COOPERATE",
    "COOPERATE",
    "COOPERATE",
    "COOPERATE",
    "COOPERATE",
    "COOPERATE",
    "COOPERATE",
    "COOPERATE",
    "DEFECT",
    "DEFECT",
    "DEFECT",
    "DEFECT",
    "DEFECT",
    "DEFECT",
    "DEFECT",
    "DEFECT",
    "DEFECT",
    "DEFECT",
    "DEFECT",
    "DEFECT",
    "DEFECT",
    "DEFECT",
    "DEFECT",
    "DEFECT",
    "DEFECT",
    "DEFECT",
    "DEFECT"
  ],
  "llm_responses": [
    "THINKING: This is the first round with no history, so I'll start by cooperating to signal willingness to cooperate and see how the opponent responds.  \nACTION: COOPERATE",
    "THINKING: The opponent cooperated in round 1, and both cooperation rates are 100%. Starting with mutual cooperation is beneficial in repeated Prisoner's Dilemma to build trust and maximize long-term payoff.  \nACTION: COOPERATE",
    "THINKING: The opponent has cooperated in both previous rounds, and my cooperation rate is 100%. Since we are both cooperating, I am currently getting a payoff of 3 per round, which is better than the 1 from mutual defection. To encourage continued cooperation, I should cooperate again.\n\nACTION: COOPERATE",
    "THINKING: The opponent has cooperated 100% so far, and mutual cooperation yields the highest long-term payoff.  \nACTION: COOPERATE",
    "THINKING: The opponent has cooperated 100% of the time so far, and my total payoff is zero because I've always cooperated while they have always cooperated as well. Continuing to cooperate maintains mutual benefit.\n\nACTION: COOPERATE",
    "THINKING: The opponent has cooperated 100% of the time so far, and mutual cooperation yields a good payoff. Defecting now risks breaking this cooperative pattern and lowering future payoffs.\n\nACTION: COOPERATE",
    "THINKING: The opponent has cooperated 100% of the time so far, and mutual cooperation yields a good payoff. Defecting now risks breaking this cooperative pattern and lowering future payoffs.  \nACTION: COOPERATE",
    "THINKING: The opponent has cooperated 100% of the time so far, and mutual cooperation yields a good payoff. Defecting now risks breaking the cooperative pattern and lowering future payoffs.\n\nACTION: COOPERATE",
    "THINKING: The opponent has cooperated in all 8 rounds, and my total payoff is 0, meaning I've cooperated every time but they've never defected. In a repeated Prisoner's Dilemma with a highly cooperative opponent, mutual cooperation yields the best long-term payoff. Defecting now risks breaking trust and triggering retaliation.\n\nACTION: COOPERATE",
    "THINKING: The opponent has cooperated 100% of the time so far, and my total payoff is zero because I have always cooperated while they have defected in the past. Given their recent highly cooperative pattern, they appear to be playing a cooperative strategy now, so cooperating maintains mutual benefit.\n\nACTION: COOPERATE",
    "THINKING: The opponent has cooperated 100% of the time so far, and my total payoff is currently zero because I have always cooperated while they have defected in a way that gave me zero points. To improve my score, I should exploit their consistent cooperation by defecting this round.\n\nACTION: DEFECT",
    "THINKING: The opponent has cooperated 100% of the time so far, and my high cooperation rate (91%) has yielded a total payoff of 0, meaning they have exploited my cooperation in the past. To improve my score, I should defect now to claim a higher payoff while they are likely to cooperate again.\n\nACTION: DEFECT",
    "THINKING: The opponent has been highly cooperative overall (92%), but they just defected last round. Given my high cooperation rate, they might be testing me, but defecting now could trigger mutual defection. Since we both benefit most from mutual cooperation, I'll try to return to cooperation.\n\nACTION: COOPERATE",
    "THINKING: The opponent has been highly cooperative overall (85%), but they just defected last round. Given my total payoff is currently zero, I should try to rebuild mutual cooperation rather than risk a retaliation spiral.\n\nACTION: COOPERATE",
    "THINKING: The opponent has a high cooperation rate overall but just defected last round; they may be testing my response. Given my high cooperation rate, defecting now could lower future cooperation and my total payoff is currently zero, so I need to rebuild mutual cooperation.\n\nACTION: COOPERATE",
    "THINKING: The opponent has a high cooperation rate but just defected last round; given my total payoff is zero, I need to be cautious and avoid exploitation.  \nACTION: DEFECT",
    "THINKING: The opponent has a high cooperation rate overall but just defected last round; given my high cooperation rate, they may be testing my response. Defecting now could risk mutual defection, but cooperating might restore cooperation.\n\nACTION: COOPERATE",
    "THINKING: Opponent has been defecting recently and has a lower cooperation rate than me, so continuing to cooperate is likely to lead to another loss.  \nACTION: DEFECT",
    "THINKING: The opponent has been defecting recently and has a lower cooperation rate than me, so continuing to cooperate is likely to result in a poor payoff for me this round.  \nACTION: DEFECT",
    "THINKING: The opponent has a high defect rate recently and defected last round, so continuing to cooperate is likely to lead to exploitation.  \nACTION: DEFECT",
    "THINKING: The opponent has recently switched to always defecting, and my cooperation rate is high, so continuing to cooperate will likely lead to exploitation.  \nACTION: DEFECT",
    "THINKING: The opponent has been defecting consistently recently, and my cooperation rate is high while theirs is lower. Continuing to cooperate when they always defect yields me 0 points, while defecting yields at least 1 point. It’s rational to defect now.\n\nACTION: DEFECT",
    "THINKING: The opponent has been defecting consistently recently, and my cooperation rate is high while my total payoff is zero, indicating I've been exploited. Continuing to cooperate is unlikely to change their behavior.\n\nACTION: DEFECT",
    "THINKING: The opponent has been defecting recently and has a lower cooperation rate overall, so cooperating now is likely to lead to a poor payoff for me.  \nACTION: DEFECT",
    "THINKING: The opponent has been defecting consistently recently, and with a low overall cooperation rate, continuing to cooperate is unlikely to yield a better payoff. Given the repeated defections, the rational choice is to defect to avoid being exploited.\n\nACTION: DEFECT",
    "THINKING: The opponent has a recent pattern of always defecting, and my total payoff is currently zero, so continuing to cooperate is unlikely to improve my score.  \nACTION: DEFECT",
    "THINKING: The opponent has a low cooperation rate and is currently in a pattern of always defecting, so cooperating now would likely result in a poor payoff for me.  \nACTION: DEFECT",
    "THINKING: The opponent has been defecting consistently recently, and my total payoff is currently zero, so continuing to cooperate is unlikely to improve my score.  \nACTION: DEFECT",
    "THINKING: The opponent has been defecting recently and has a low overall cooperation rate, so cooperating now would likely lead to a poor payoff.  \nACTION: DEFECT",
    "THINKING: The opponent has been defecting consistently recently, and my cooperation hasn't changed their behavior, so defecting is the rational choice to avoid exploitation.  \nACTION: DEFECT"
  ]
}