{
  "experiment": "exp6_baseline",
  "game": "prisoners_dilemma",
  "provider": "deepseek",
  "baseline": "AlwaysCooperate",
  "trial": 22,
  "rounds": 30,
  "payoff": 110,
  "coop_rate": 0.6666666666666666,
  "llm_history": [
    "COOPERATE",
    "COOPERATE",
    "COOPERATE",
    "COOPERATE",
    "COOPERATE",
    "COOPERATE",
    "COOPERATE",
    "COOPERATE",
    "COOPERATE",
    "COOPERATE",
    "DEFECT",
    "DEFECT",
    "COOPERATE",
    "DEFECT",
    "DEFECT",
    "COOPERATE",
    "COOPERATE",
    "DEFECT",
    "DEFECT",
    "COOPERATE",
    "DEFECT",
    "COOPERATE",
    "COOPERATE",
    "COOPERATE",
    "COOPERATE",
    "DEFECT",
    "DEFECT",
    "COOPERATE",
    "COOPERATE",
    "DEFECT"
  ],
  "opp_history": [
    "COOPERATE",
    "COOPERATE",
    "COOPERATE",
    "COOPERATE",
    "COOPERATE",
    "COOPERATE",
    "COOPERATE",
    "COOPERATE",
    "COOPERATE",
    "COOPERATE",
    "COOPERATE",
    "COOPERATE",
    "COOPERATE",
    "COOPERATE",
    "COOPERATE",
    "COOPERATE",
    "COOPERATE",
    "COOPERATE",
    "COOPERATE",
    "COOPERATE",
    "COOPERATE",
    "COOPERATE",
    "COOPERATE",
    "COOPERATE",
    "COOPERATE",
    "COOPERATE",
    "COOPERATE",
    "COOPERATE",
    "COOPERATE",
    "COOPERATE"
  ],
  "llm_responses": [
    "THINKING: This is the first round with no history, so I'll start by cooperating to signal willingness to cooperate and see how the opponent responds.  \nACTION: COOPERATE",
    "THINKING: Opponent cooperated in round 1, and both cooperation rates are 100%. Starting with mutual cooperation is promising, so I'll continue cooperating to build trust and aim for high mutual payoffs.  \nACTION: COOPERATE",
    "THINKING: The opponent has cooperated both times so far, and my cooperation rate is 100%. Continuing to cooperate builds trust and mutual payoff in this repeated game.  \nACTION: COOPERATE",
    "THINKING: The opponent has cooperated 100% of the time so far, and mutual cooperation yields the highest joint payoff. Defecting now could break the cooperative pattern and reduce my future payoffs.\n\nACTION: COOPERATE",
    "THINKING: The opponent has cooperated 100% of the time so far, and my total payoff is currently zero, meaning I've been cooperating while they've been cooperating. Continuing to cooperate maintains mutual benefit.\n\nACTION: COOPERATE",
    "THINKING: Opponent has cooperated 100% so far, and mutual cooperation yields the best long-term payoff. Defecting now risks breaking trust and lowering future gains.  \nACTION: COOPERATE",
    "THINKING: The opponent has cooperated 100% of the time so far, and mutual cooperation yields the highest long-term payoff. Defecting now risks breaking this beneficial pattern.\n\nACTION: COOPERATE",
    "THINKING: The opponent has cooperated 100% of the time so far, and mutual cooperation yields the best long-term payoff. Defecting now risks breaking the cooperative equilibrium and lowering future payoffs.  \nACTION: COOPERATE",
    "THINKING: The opponent has cooperated 100% of the time so far, and mutual cooperation yields the best long-term payoff. Defecting now risks breaking this beneficial pattern.\n\nACTION: COOPERATE",
    "THINKING: The opponent has cooperated in all 9 previous rounds, and my total payoff is currently 0, meaning I have been cooperating while they have been cooperating as well. In a repeated Prisoner's Dilemma with a highly cooperative opponent, mutual cooperation yields the best long-term payoff.\n\nACTION: COOPERATE",
    "THINKING: The opponent has cooperated 100% of the time so far, and my total payoff is currently zero because I have always cooperated while they have always defected against me. To improve my score, I should defect now to claim a higher payoff.\n\nACTION: DEFECT",
    "THINKING: The opponent has cooperated 100% of the time so far, and my high cooperation rate (91%) has yielded me zero total payoff, meaning they have consistently exploited my cooperation. To improve my score, I should defect now to claim a higher payoff.\n\nACTION: DEFECT",
    "THINKING: The opponent has cooperated 100% of the time, and my cooperation rate is high. Continuing to cooperate maintains mutual benefit and high payoffs.\n\nACTION: COOPERATE",
    "THINKING: The opponent has cooperated 100% of the time, so they are likely playing a pure cooperative strategy like \"Always Cooperate.\" Defecting now yields a higher immediate payoff (5 vs 3) with no apparent retaliation risk.\n\nACTION: DEFECT",
    "THINKING: The opponent has cooperated 100% of the time so far, making them highly predictable and exploitable. Defecting now maximizes my payoff for this round without immediate retaliation risk.\n\nACTION: DEFECT",
    "THINKING: The opponent has cooperated 100% of the time so far, and my low total payoff suggests I've been defecting too much against a highly cooperative strategy. To maximize my payoff in this round, I should cooperate to get 3 points instead of risking mutual defection for 1 point.\n\nACTION: COOPERATE",
    "THINKING: The opponent has cooperated 100% of the time, so they are likely a cooperative strategy like Tit-for-Tat or Always Cooperate. My total payoff is 0.0, meaning I've been defecting too much against a cooperative opponent, missing out on mutual gains. To maximize my payoff from here, I should cooperate to start earning 3 points per round.\n\nACTION: COOPERATE",
    "THINKING: The opponent has cooperated 100% of the time so far, and my total payoff is currently zero, meaning I've been exploited when I cooperated. To improve my score, I should take advantage of their consistent cooperation now.\n\nACTION: DEFECT",
    "THINKING: The opponent has cooperated 100% of the time, so they are likely playing a purely cooperative strategy like \"Always Cooperate.\" Defecting now would give me a higher payoff this round, but since it's a repeated game, exploiting their trust could be risky if there are more rounds. However, with a total payoff of 0.0 so far, I need to gain points, and defecting once against an always-cooperating opponent is a safe, high-reward move.\n\nACTION: DEFECT",
    "THINKING: The opponent has cooperated 100% of the time so far, and my low total payoff suggests I've been defecting too often against a highly cooperative strategy. To maximize my payoff in this round, I should cooperate to get 3 points instead of 1.\n\nACTION: COOPERATE",
    "THINKING: The opponent has cooperated 100% of the time so far, making them extremely predictable and exploitable. Defecting now maximizes my payoff for this round.\n\nACTION: DEFECT",
    "THINKING: The opponent has cooperated 100% of the time so far, making them extremely predictable and trustworthy. Defecting now would give a short-term gain but likely break the cooperative pattern and reduce future payoffs.\n\nACTION: COOPERATE",
    "THINKING: The opponent has cooperated 100% of the time, so cooperating now maximizes mutual payoff and maintains the cooperative equilibrium.  \nACTION: COOPERATE",
    "THINKING: The opponent has cooperated 100% of the time so far, and my current total payoff is zero, meaning I have been punished for defecting too often. To maximize my payoff from this highly cooperative opponent, I should cooperate now.\n\nACTION: COOPERATE",
    "THINKING: The opponent has cooperated 100% of the time, making them extremely predictable and trustworthy. Cooperating now maximizes mutual payoff and maintains the high-reward pattern.\n\nACTION: COOPERATE",
    "THINKING: The opponent has cooperated 100% of the time so far, making them extremely predictable and exploitable. Defecting now yields a higher payoff (5 vs 3) with no sign of retaliation.  \nACTION: DEFECT",
    "THINKING: The opponent has cooperated 100% of the time so far, showing no sign of defecting. My total payoff is currently zero, so I need to maximize my score now. Defecting now gives me the highest immediate payoff (5) with minimal risk.\n\nACTION: DEFECT",
    "THINKING: The opponent has cooperated 100% of the time, and my current payoff is zero, meaning I've likely been defecting often. To maximize my total payoff, I should cooperate now to benefit from mutual cooperation.\n\nACTION: COOPERATE",
    "THINKING: The opponent has cooperated 100% of the time so far, and my total payoff is currently zero, meaning I have been punished for defecting against a cooperative opponent. To maximize my payoff in this round, I should cooperate to get 3 points instead of risking mutual defection.\n\nACTION: COOPERATE",
    "THINKING: The opponent has cooperated 100% of the time, so defecting now would maximize my payoff for this round without immediate retaliation in the current game structure.  \nACTION: DEFECT"
  ]
}