{
  "experiment": "exp6_baseline",
  "game": "prisoners_dilemma",
  "provider": "openai",
  "baseline": "AlwaysCooperate",
  "trial": 2,
  "rounds": 30,
  "payoff": 90,
  "coop_rate": 1.0,
  "llm_history": [
    "COOPERATE",
    "COOPERATE",
    "COOPERATE",
    "COOPERATE",
    "COOPERATE",
    "COOPERATE",
    "COOPERATE",
    "COOPERATE",
    "COOPERATE",
    "COOPERATE",
    "COOPERATE",
    "COOPERATE",
    "COOPERATE",
    "COOPERATE",
    "COOPERATE",
    "COOPERATE",
    "COOPERATE",
    "COOPERATE",
    "COOPERATE",
    "COOPERATE",
    "COOPERATE",
    "COOPERATE",
    "COOPERATE",
    "COOPERATE",
    "COOPERATE",
    "COOPERATE",
    "COOPERATE",
    "COOPERATE",
    "COOPERATE",
    "COOPERATE"
  ],
  "opp_history": [
    "COOPERATE",
    "COOPERATE",
    "COOPERATE",
    "COOPERATE",
    "COOPERATE",
    "COOPERATE",
    "COOPERATE",
    "COOPERATE",
    "COOPERATE",
    "COOPERATE",
    "COOPERATE",
    "COOPERATE",
    "COOPERATE",
    "COOPERATE",
    "COOPERATE",
    "COOPERATE",
    "COOPERATE",
    "COOPERATE",
    "COOPERATE",
    "COOPERATE",
    "COOPERATE",
    "COOPERATE",
    "COOPERATE",
    "COOPERATE",
    "COOPERATE",
    "COOPERATE",
    "COOPERATE",
    "COOPERATE",
    "COOPERATE",
    "COOPERATE"
  ],
  "llm_responses": [
    "THINKING: In the first round, there is no history to analyze, so establishing trust by cooperating can encourage mutual cooperation in future rounds, maximizing long-term payoffs.  \nACTION: COOPERATE  ",
    "THINKING: Since the opponent cooperated in the previous round and has a 100% cooperation rate, maintaining mutual cooperation maximizes the payoff for both parties in this repeated game scenario. Defecting now risks breaking trust and reducing long-term gains.  \n\nACTION: COOPERATE",
    "THINKING: The opponent has cooperated in 100% of the rounds so far, and mutual cooperation yields the highest long-term payoff (3 each). Defecting now risks breaking the trust and reducing future payoffs. I will continue cooperating to maintain trust and maximize potential gains.\n\nACTION: COOPERATE",
    "THINKING: The opponent has consistently cooperated in all previous rounds, and both of us have maintained a cooperation rate of 100%. Defecting now risks breaking trust and lowering payoffs in future rounds. Continuing cooperation maximizes mutual benefit over the long term.\n\nACTION: COOPERATE",
    "THINKING: Both my opponent and I have maintained a perfect cooperation rate so far, which has maximized mutual gains. There is no benefit in defecting now, as it risks breaking the trust and reducing long-term payoffs. Continuing to cooperate aligns with a strategy for sustained mutual benefit.  \nACTION: COOPERATE",
    "THINKING: Both I and my opponent have consistently cooperated, resulting in mutual benefit. Defecting now would break the trust and jeopardize the cooperative dynamic, which has been optimal for both of us.  \nACTION: COOPERATE",
    "THINKING: The opponent has consistently cooperated in all previous rounds, showing a highly cooperative strategy. Continuing to cooperate can build mutual trust and maximize long-term payoffs.  \nACTION: COOPERATE  ",
    "THINKING: The opponent has been consistently cooperative, and my own cooperation rate is 100%. Defecting could jeopardize the mutual trust and lead to worse long-term outcomes in this repeated game. Continuing to cooperate maximizes long-term payoffs.  \n\nACTION: COOPERATE",
    "THINKING: The opponent has maintained a 100% cooperation rate so far, and the history suggests they are highly cooperative. Continuing to cooperate preserves mutual trust and ensures the maximum long-term payoff for both players. \n\nACTION: COOPERATE",
    "THINKING: Since the opponent has consistently cooperated in every round, maintaining mutual cooperation maximizes payoffs for both players. Defecting would disrupt the trust and likely result in lower long-term payoffs.  \n\nACTION: COOPERATE",
    "THINKING: Both I and the opponent have shown consistent cooperation, and defecting would break the trust we've built, potentially leading to lower payoffs in future rounds. Given the opponent's highly cooperative behavior, I will continue to cooperate to maintain mutual benefit.  \nACTION: COOPERATE",
    "THINKING: Both my opponent and I have been perfectly cooperative throughout all rounds, resulting in mutual high payoffs. Maintaining cooperation ensures continued mutual benefit and avoids the risk of breaking trust.\n\nACTION: COOPERATE",
    "THINKING: Given the opponent's consistent cooperation and my 100% cooperation rate, defecting now would break mutual trust and risk future lower payoffs. Maintaining cooperation ensures the maximum possible payoff for both players.  \nACTION: COOPERATE  ",
    "THINKING: Both I and the Opponent have shown full cooperation so far, which has maximized mutual payoffs. Breaking this mutual cooperation could harm long-term rewards and damage trust. Maintaining cooperation seems optimal given the Opponent’s cooperative behavior.\n\nACTION: COOPERATE",
    "THINKING: The Opponent has consistently cooperated in every round, demonstrating a highly cooperative strategy. To maximize mutual payoffs and maintain trust, it is optimal to continue cooperating.  \nACTION: COOPERATE",
    "THINKING: The opponent has been fully cooperative so far, indicating a strong trust-based strategy. Defecting now would betray that trust and disrupt the mutually beneficial outcome of 3 points each per round.\n\nACTION: COOPERATE",
    "THINKING: The opponent has consistently cooperated in all previous rounds, demonstrating a highly cooperative strategy. Defecting now would break mutual trust and damage the potential for maximizing long-term payoffs through cooperation.  \n\nACTION: COOPERATE",
    "THINKING: The opponent has been highly cooperative throughout all previous rounds, and both of us have a 100% cooperation rate. Defecting would break the trust and likely lead to mutual defection in future rounds, reducing both of our payoffs. Continuing to cooperate maximizes long-term benefits.  \nACTION: COOPERATE",
    "THINKING: The opponent has consistently cooperated in all previous rounds, maintaining a 100% cooperation rate. Continuing to cooperate maximizes mutual benefits and avoids jeopardizing trust, which is key in repeated interactions.  \n\nACTION: COOPERATE",
    "THINKING: Both you and your opponent have been highly cooperative, and this has created mutual trust. Defecting now would break that trust and potentially harm future payoffs. Maintaining cooperation maximizes long-term benefits in this repeated game.  \nACTION: COOPERATE",
    "THINKING: The opponent has consistently cooperated in all 20 rounds, showing a highly cooperative pattern. To maintain mutual benefit and maximize long-term payoffs, I should also cooperate.\n\nACTION: COOPERATE",
    "THINKING: The opponent has consistently cooperated in all 21 rounds, which has fostered mutual trust and maximized shared payoffs. Maintaining cooperation ensures continued mutual benefit and avoids risking the trust established so far.\n\nACTION: COOPERATE",
    "THINKING: Both I and the Opponent have cooperated consistently for 22 rounds, building mutual trust and maximizing payoffs. Defecting now would risk breaking this trust and reduce long-term payoffs. \n\nACTION: COOPERATE",
    "THINKING: The opponent has demonstrated consistent cooperation throughout all 23 rounds, and mutual cooperation provides the highest collective payoff. Defecting now would break trust and potentially lead to a suboptimal outcome in future rounds.\n\nACTION: COOPERATE",
    "THINKING: Since both parties have cooperated for all previous rounds, continuing to cooperate maximizes mutual payoff and maintains trust. Defecting now risks breaking the cooperative equilibrium.  \nACTION: COOPERATE  ",
    "THINKING: Both players have maintained full cooperation so far, leading to optimal payoffs consistently. Changing my strategy now could break mutual trust and result in lower payoffs in future rounds. \n\nACTION: COOPERATE",
    "THINKING: Both I and my opponent have cooperated consistently, maintaining mutual trust and maximizing payoffs. Breaking this pattern could disrupt the trust and lead to lower payoffs in future rounds.\n\nACTION: COOPERATE",
    "THINKING: The opponent has consistently cooperated in every round, and maintaining mutual cooperation maximizes long-term payoffs for both of us. Defecting now would break trust and potentially lead to lower payoffs in future rounds.\n\nACTION: COOPERATE",
    "THINKING: Both players have consistently cooperated in all previous rounds, resulting in mutual high payoffs. Continuing to cooperate maximizes long-term benefits and maintains trust.  \nACTION: COOPERATE",
    "THINKING: The opponent has been consistently cooperative, and I have maintained a 100% cooperation rate. Defecting now would break the trust and potentially lead to a lower payoff in future rounds. \n\nACTION: COOPERATE"
  ]
}