{
  "experiment": "exp6_baseline",
  "game": "prisoners_dilemma",
  "provider": "openai",
  "baseline": "GrimTrigger",
  "trial": 18,
  "rounds": 30,
  "payoff": 90,
  "coop_rate": 1.0,
  "llm_history": [
    "COOPERATE",
    "COOPERATE",
    "COOPERATE",
    "COOPERATE",
    "COOPERATE",
    "COOPERATE",
    "COOPERATE",
    "COOPERATE",
    "COOPERATE",
    "COOPERATE",
    "COOPERATE",
    "COOPERATE",
    "COOPERATE",
    "COOPERATE",
    "COOPERATE",
    "COOPERATE",
    "COOPERATE",
    "COOPERATE",
    "COOPERATE",
    "COOPERATE",
    "COOPERATE",
    "COOPERATE",
    "COOPERATE",
    "COOPERATE",
    "COOPERATE",
    "COOPERATE",
    "COOPERATE",
    "COOPERATE",
    "COOPERATE",
    "COOPERATE"
  ],
  "opp_history": [
    "COOPERATE",
    "COOPERATE",
    "COOPERATE",
    "COOPERATE",
    "COOPERATE",
    "COOPERATE",
    "COOPERATE",
    "COOPERATE",
    "COOPERATE",
    "COOPERATE",
    "COOPERATE",
    "COOPERATE",
    "COOPERATE",
    "COOPERATE",
    "COOPERATE",
    "COOPERATE",
    "COOPERATE",
    "COOPERATE",
    "COOPERATE",
    "COOPERATE",
    "COOPERATE",
    "COOPERATE",
    "COOPERATE",
    "COOPERATE",
    "COOPERATE",
    "COOPERATE",
    "COOPERATE",
    "COOPERATE",
    "COOPERATE",
    "COOPERATE"
  ],
  "llm_responses": [
    "THINKING: Since this is the first round and there is no history or pattern to analyze, I will start by cooperating to establish trust and encourage mutual cooperation. This strategy aligns with the principle of \"tit for tat\" in repeated games.  \n\nACTION: COOPERATE",
    "THINKING: The opponent has cooperated in the first round, and their cooperation rate is 100%. To build trust and maximize long-term payoffs, it is optimal to also cooperate in this round.  \nACTION: COOPERATE",
    "THINKING: So far, the opponent has consistently cooperated, and both of us have maintained a 100% cooperation rate. Continuing to cooperate will maximize mutual payoffs and build trust for future rounds. Defecting now could risk breaking this mutually beneficial dynamic.\n\nACTION: COOPERATE",
    "THINKING: The opponent has consistently cooperated, and both of us maintaining cooperation maximizes mutual payoffs over repeated rounds. Defecting risks breaking trust and reducing long-term gains.  \nACTION: COOPERATE",
    "THINKING: Both my Opponent and I have cooperated 100% so far, leading to mutually beneficial outcomes. Defecting now would risk breaking the trust and reducing long-term payoffs in this repeated game. Staying cooperative ensures continued mutual benefit.  \nACTION: COOPERATE",
    "THINKING: The opponent has been consistently cooperative, and maintaining mutual cooperation results in the highest long-term payoff for both of us. Defecting now would break trust and reduce overall payoffs.  \nACTION: COOPERATE",
    "THINKING: Both I and the Opponent have cooperated 100% so far, resulting in a stable and mutually beneficial outcome. Maintaining cooperation will likely sustain this high payoff equilibrium. \n\nACTION: COOPERATE",
    "THINKING: Both I and the Opponent have consistently cooperated so far, resulting in mutual benefit. Defecting now would break the trust and likely lead to a worse long-term outcome. Cooperation has been a successful strategy.\n\nACTION: COOPERATE",
    "THINKING: Both I and the Opponent have cooperated consistently so far, and the Opponent has shown a highly cooperative pattern. Maintaining mutual cooperation maximizes our payoffs and preserves trust.  \nACTION: COOPERATE",
    "THINKING: Given the opponent's consistent cooperation and the mutual benefit of both cooperating, defecting could harm trust and reduce future payoffs. Maintaining cooperation aligns with the established pattern and maximizes long-term gains.  \n\nACTION: COOPERATE",
    "THINKING: Both my opponent and I have maintained a perfect cooperation rate so far, leading to mutual benefits. Defecting now would break the trust and likely lead to worse outcomes in future rounds.\n\nACTION: COOPERATE",
    "THINKING: The opponent has demonstrated consistent cooperation, and mutual cooperation yields the highest joint payoff. Defecting risks breaking the trust and could lead to lower long-term payoffs.  \nACTION: COOPERATE",
    "THINKING: Opponent has been entirely cooperative, and mutual cooperation yields a higher long-term payoff than defecting. Defecting now would risk breaking the trust and reducing future payoffs. \n\nACTION: COOPERATE",
    "THINKING: Both I and the opponent have been fully cooperative so far, and defecting now would break the mutual trust, likely leading to a breakdown of cooperation in future rounds. Maintaining cooperation maximizes long-term payoffs for both players.  \nACTION: COOPERATE",
    "THINKING: Both I and my opponent have been fully cooperative so far, maintaining mutual trust and maximizing collective payoff. Continuing to cooperate ensures the best long-term outcome, especially with a highly cooperative opponent.  \n\nACTION: COOPERATE",
    "THINKING: The opponent has cooperated in every round so far, demonstrating a highly cooperative strategy. Maintaining mutual cooperation ensures a steady payoff of 3 points, while defecting risks breaking trust and reducing long-term payoffs.\n\nACTION: COOPERATE",
    "THINKING: The opponent has consistently cooperated in all 16 rounds, demonstrating a highly cooperative strategy. Continuing to cooperate maximizes mutual payoff and maintains trust. \n\nACTION: COOPERATE",
    "THINKING: The opponent has been consistently cooperative with a 100% cooperation rate, and mutual cooperation yields higher payoffs in the long run. Defecting now risks breaking the trust and reducing future payoffs.  \nACTION: COOPERATE",
    "THINKING: The opponent has consistently cooperated for all previous rounds, indicating a likely strategy of mutual cooperation. Defecting now would disrupt trust and reduce future payoffs.\n\nACTION: COOPERATE",
    "THINKING: Both I and the opponent have been fully cooperative for 19 rounds, maintaining mutual trust and maximizing collective payoffs. Defecting now would break this trust and lower the long-term benefits of cooperation.\n\nACTION: COOPERATE",
    "THINKING: The opponent has been consistently cooperative, with a 100% cooperation rate across all 20 rounds. Continuing to cooperate will maintain mutual high payoffs and avoid risking the trust established so far.\n\nACTION: COOPERATE",
    "THINKING: Both I and my opponent have cooperated in all previous rounds, resulting in mutual trust and maximum payoffs. Defecting now would break this trust and likely lead to worse outcomes in future rounds.\n\nACTION: COOPERATE",
    "THINKING: Both I and the opponent have been highly cooperative so far, leading to a mutually beneficial outcome. Defecting now would break the trust and risk long-term gains in this repeated game. \n\nACTION: COOPERATE",
    "THINKING: The opponent has consistently cooperated in all rounds, and mutual cooperation yields the highest payoff for both players. Maintaining cooperation builds trust and maximizes long-term benefits.  \nACTION: COOPERATE  ",
    "THINKING: Both you and your opponent have consistently cooperated for 24 rounds, leading to mutual benefit. Maintaining cooperation ensures continued high payoffs for both players and builds trust in the repeated game.  \n\nACTION: COOPERATE",
    "THINKING: Both my cooperation rate and the opponent's cooperation rate are 100%, and the opponent has shown consistent cooperative behavior over 25 rounds. Continuing to cooperate maximizes mutual payoffs and sustains trust.  \n\nACTION: COOPERATE",
    "THINKING: The Opponent has consistently cooperated in every round, and mutual cooperation yields the highest combined payoff in this game. Defecting now could risk breaking the trust and reducing long-term payoffs.  \nACTION: COOPERATE  ",
    "THINKING: Both I and my opponent have maintained a 100% cooperation rate, resulting in maximum mutual payoffs. Defecting now risks breaking this trust and reducing long-term payoffs. \n\nACTION: COOPERATE",
    "THINKING: The opponent has consistently cooperated for 28 rounds, and both of our cooperation rates are 100%, leading to maximum mutual payoffs. Breaking this trust by defecting would harm long-term outcomes and risk losing this cooperative dynamic. \n\nACTION: COOPERATE",
    "THINKING: The opponent has been consistently cooperative for all 29 rounds, showing no signs of defection. Maintaining mutual cooperation maximizes long-term payoffs for both players in a repeated game setting.\n\nACTION: COOPERATE"
  ]
}