{
  "experiment": "exp6_baseline",
  "game": "prisoners_dilemma",
  "provider": "openai",
  "baseline": "AlwaysDefect",
  "trial": 6,
  "rounds": 30,
  "payoff": 29,
  "coop_rate": 0.03333333333333333,
  "llm_history": [
    "COOPERATE",
    "DEFECT",
    "DEFECT",
    "DEFECT",
    "DEFECT",
    "DEFECT",
    "DEFECT",
    "DEFECT",
    "DEFECT",
    "DEFECT",
    "DEFECT",
    "DEFECT",
    "DEFECT",
    "DEFECT",
    "DEFECT",
    "DEFECT",
    "DEFECT",
    "DEFECT",
    "DEFECT",
    "DEFECT",
    "DEFECT",
    "DEFECT",
    "DEFECT",
    "DEFECT",
    "DEFECT",
    "DEFECT",
    "DEFECT",
    "DEFECT",
    "DEFECT",
    "DEFECT"
  ],
  "opp_history": [
    "DEFECT",
    "DEFECT",
    "DEFECT",
    "DEFECT",
    "DEFECT",
    "DEFECT",
    "DEFECT",
    "DEFECT",
    "DEFECT",
    "DEFECT",
    "DEFECT",
    "DEFECT",
    "DEFECT",
    "DEFECT",
    "DEFECT",
    "DEFECT",
    "DEFECT",
    "DEFECT",
    "DEFECT",
    "DEFECT",
    "DEFECT",
    "DEFECT",
    "DEFECT",
    "DEFECT",
    "DEFECT",
    "DEFECT",
    "DEFECT",
    "DEFECT",
    "DEFECT",
    "DEFECT"
  ],
  "llm_responses": [
    "THINKING: In the first round, there is no history to analyze the opponent's behavior. Cooperating initially can build trust and encourage mutual cooperation in subsequent rounds, maximizing long-term payoffs.  \nACTION: COOPERATE  ",
    "THINKING: In the first round, the opponent defected, and their cooperation rate is currently 0%. This suggests they may be playing an uncooperative strategy, so continuing to cooperate could lead to exploitation. To protect my own payoff, I will defect.  \nACTION: DEFECT",
    "THINKING: The opponent has a 0% cooperation rate so far, consistently defecting in both rounds. Continuing to cooperate would likely result in further losses for me, so defecting is the safer strategy to avoid being exploited.\n\nACTION: DEFECT",
    "THINKING: The opponent has shown a consistent strategy of always defecting, and cooperating will lead to a guaranteed loss for me. The optimal response to this behavior is to defect to minimize losses.  \nACTION: DEFECT",
    "THINKING: The opponent has consistently defected in all rounds, indicating a clear pattern of non-cooperation. To maximize my payoff in this zero-cooperation scenario, the optimal strategy is to defect as well.  \n\nACTION: DEFECT",
    "THINKING: Opponent has consistently defected in all previous rounds, showing no intention to cooperate. Continuing to cooperate would yield no benefit, while defecting ensures at least a minimal payoff.\n\nACTION: DEFECT",
    "THINKING: The opponent has consistently defected in every round, showing no indication of cooperation. To maximize my payoff under these circumstances, the rational choice is to defect as well.  \n\nACTION: DEFECT",
    "THINKING: The opponent has consistently defected in all past rounds and shows no indication of changing their strategy. Cooperating would only result in a worse outcome for me given their pattern of always defecting.\n\nACTION: DEFECT",
    "THINKING: The opponent has consistently defected in every round, showing no intention to cooperate. Defecting is the rational choice to avoid being exploited further.  \nACTION: DEFECT",
    "THINKING: The opponent has consistently defected in every round, showing no intention of cooperating. To maximize my payoff, defecting is the rational choice in this situation. \n\nACTION: DEFECT",
    "THINKING: The opponent has consistently defected in all previous rounds, showing no intention to cooperate. Defecting maximizes my payoff in this situation since cooperation would yield no benefit.  \nACTION: DEFECT",
    "THINKING: The opponent has consistently defected in every round, indicating a clear strategy of non-cooperation. Continuing to cooperate would only result in zero payoffs for me, so defecting is the optimal choice to maximize my outcome.\n\nACTION: DEFECT",
    "THINKING: The opponent has consistently defected in every round, showing no intention to cooperate. Defecting is the best response to maximize my payoff given their behavior.\n\nACTION: DEFECT",
    "THINKING: The opponent has consistently defected in all previous rounds, showing no intention to cooperate. Continuing to cooperate would result in a payoff of 0 for me, while defecting ensures I at least gain 1 point. \n\nACTION: DEFECT",
    "THINKING: Since the opponent has consistently defected in all previous rounds, cooperating would only result in a lower payoff for me. Defecting ensures I at least get 1 point.  \n\nACTION: DEFECT",
    "THINKING: The opponent has consistently defected every round and has a 0% cooperation rate, indicating no intention to cooperate. Defecting maximizes my payoff given their predictable strategy.\n\nACTION: DEFECT",
    "THINKING: The opponent has consistently defected in all 16 rounds, showing no intention of cooperating. Cooperating would only result in a worse payoff for me, so defecting is the best choice to minimize losses.  \nACTION: DEFECT",
    "THINKING: The opponent has consistently defected in every round, demonstrating no intention to cooperate. Since cooperation would only result in receiving the worst possible payoff (0), the rational choice is to defect to maximize my payoff.\n\nACTION: DEFECT",
    "THINKING: The opponent has consistently defected in every round, showing no intention to cooperate. Cooperating would only result in a payoff of 0 for me while granting the opponent a payoff of 5. Defecting ensures I at least get a payoff of 1. \n\nACTION: DEFECT",
    "THINKING: The opponent has consistently defected in all previous rounds, and their cooperation rate is 0%. Cooperating would only lead to a worse payoff for me, so the rational strategy is to defect.\n\nACTION: DEFECT",
    "THINKING: The opponent has consistently defected in every round, and cooperating would only result in a lower payoff for me. To maximize my payoff given their behavior, the rational choice is to defect.\n\nACTION: DEFECT",
    "THINKING: The opponent has consistently defected in every single round, showing no intention to cooperate. Continuing to cooperate would result in consistently poor payoffs, so defecting is the best response to maximize my outcome.\n\nACTION: DEFECT",
    "THINKING: The opponent has consistently defected in all previous rounds, and there is no evidence to suggest they will change their strategy. Defecting maximizes my payoff in this situation.  \nACTION: DEFECT",
    "THINKING: The opponent has a 0% cooperation rate and consistently defects, meaning cooperation on my part will yield no benefit and only result in the lowest possible payoff for me. Defecting ensures I minimize loss in this situation.\n\nACTION: DEFECT",
    "THINKING: Since the opponent has consistently defected in every round and has a 0% cooperation rate, cooperating would only result in a guaranteed loss for me. Defecting maximizes my payoff given their pattern.\n\nACTION: DEFECT",
    "THINKING: The opponent has consistently defected in every round, showing no willingness to cooperate. Defecting maximizes my payoff in this situation since cooperation would only result in a payoff of 0.\n\nACTION: DEFECT",
    "THINKING: Given the opponent's consistent pattern of always defecting, cooperating will consistently yield no payoff for me while defecting ensures a minimal payoff. There is no incentive to cooperate in this scenario.  \n\nACTION: DEFECT",
    "THINKING: The opponent has consistently defected in every round, showing no intention to cooperate. Defecting is the rational choice to avoid exploitation and maximize my payoff.  \n\nACTION: DEFECT",
    "THINKING: Opponent has consistently defected in all previous rounds, indicating a strategy of always defecting. Since cooperation would result in a guaranteed loss (0 payoff), the only rational choice is to defect to avoid being exploited.\n\nACTION: DEFECT",
    "THINKING: The opponent has consistently defected in all previous rounds, showing no willingness to cooperate. Cooperating would only lead to a lower payoff for me, while defecting ensures a minimal payoff. \n\nACTION: DEFECT"
  ]
}