{
  "experiment": "exp6_baseline",
  "game": "prisoners_dilemma",
  "provider": "openai",
  "baseline": "AlwaysCooperate",
  "trial": 17,
  "rounds": 30,
  "payoff": 90,
  "coop_rate": 1.0,
  "llm_history": [
    "COOPERATE",
    "COOPERATE",
    "COOPERATE",
    "COOPERATE",
    "COOPERATE",
    "COOPERATE",
    "COOPERATE",
    "COOPERATE",
    "COOPERATE",
    "COOPERATE",
    "COOPERATE",
    "COOPERATE",
    "COOPERATE",
    "COOPERATE",
    "COOPERATE",
    "COOPERATE",
    "COOPERATE",
    "COOPERATE",
    "COOPERATE",
    "COOPERATE",
    "COOPERATE",
    "COOPERATE",
    "COOPERATE",
    "COOPERATE",
    "COOPERATE",
    "COOPERATE",
    "COOPERATE",
    "COOPERATE",
    "COOPERATE",
    "COOPERATE"
  ],
  "opp_history": [
    "COOPERATE",
    "COOPERATE",
    "COOPERATE",
    "COOPERATE",
    "COOPERATE",
    "COOPERATE",
    "COOPERATE",
    "COOPERATE",
    "COOPERATE",
    "COOPERATE",
    "COOPERATE",
    "COOPERATE",
    "COOPERATE",
    "COOPERATE",
    "COOPERATE",
    "COOPERATE",
    "COOPERATE",
    "COOPERATE",
    "COOPERATE",
    "COOPERATE",
    "COOPERATE",
    "COOPERATE",
    "COOPERATE",
    "COOPERATE",
    "COOPERATE",
    "COOPERATE",
    "COOPERATE",
    "COOPERATE",
    "COOPERATE",
    "COOPERATE"
  ],
  "llm_responses": [
    "THINKING: In the first round, there is no history to analyze, so choosing to cooperate can help establish a foundation of trust and encourage mutual cooperation in future rounds. This aligns with strategies often seen in repeated Prisoner's Dilemma games.  \nACTION: COOPERATE  ",
    "THINKING: Based on the opponent's 100% cooperation rate so far and no indication of defection, it is in my best interest to build trust and maintain mutual cooperation to maximize long-term payoffs. Defecting now risks breaking this trust and resulting in lower payoffs in future rounds.\n\nACTION: COOPERATE",
    "THINKING: Both I and my opponent have consistently cooperated so far, leading to mutual high payoffs. Since there is no evidence of betrayal and cooperation maximizes long-term gains, continuing to cooperate is optimal for building trust and maximizing payoffs.  \nACTION: COOPERATE  ",
    "THINKING: Both my cooperation rate and the opponent's cooperation rate have been consistently at 100%, and the opponent has shown a highly cooperative pattern. Mutual cooperation leads to the best payoff for both parties. Breaking this trust would risk future cooperation and reduce long-term rewards.\n\nACTION: COOPERATE",
    "THINKING: Both I and my opponent have cooperated consistently, resulting in mutual benefit. Breaking this trust by defecting could harm future rounds and reduce long-term payoffs. \n\nACTION: COOPERATE",
    "THINKING: The opponent has shown consistent cooperation with a 100% cooperation rate. Defecting now could break trust and potentially lead to mutual defection in future rounds, reducing overall payoffs. Maintaining mutual cooperation maximizes long-term benefits.  \nACTION: COOPERATE",
    "THINKING: Both I and my opponent have been fully cooperative so far, leading to mutual benefits. Defecting now would break this trust and likely lead to worse outcomes in future rounds.  \nACTION: COOPERATE",
    "THINKING: The opponent has exhibited perfect cooperation so far, suggesting a highly cooperative strategy. Maintaining mutual cooperation maximizes long-term payoffs and preserves trust, which is advantageous in repeated interactions.  \n\nACTION: COOPERATE",
    "THINKING: So far, both I and the Opponent have been fully cooperative, leading to mutual high payoffs. Breaking this pattern by defecting would risk damaging trust and losing higher long-term payoffs.  \n\nACTION: COOPERATE",
    "THINKING: Both you and the opponent have been consistently cooperating, resulting in mutual gains. Maintaining cooperation ensures continued payoff stability and fosters trust. Defecting now could risk breaking this beneficial equilibrium.\n\nACTION: COOPERATE",
    "THINKING: The opponent has been consistently cooperative with a 100% cooperation rate. Continuing to cooperate maximizes mutual payoff and maintains trust in this repeated game.  \n\nACTION: COOPERATE",
    "THINKING: Both I and my opponent have been consistently cooperative for all rounds, which has resulted in mutual benefit. Defecting now would risk breaking the trust and disrupting this mutually beneficial pattern. \n\nACTION: COOPERATE",
    "THINKING: The opponent has shown consistent cooperation (100% cooperation rate), and mutual cooperation yields the highest combined payoff. Defecting now would break the trust and likely lead to worse outcomes in future rounds.\n\nACTION: COOPERATE",
    "THINKING: The opponent has shown consistent cooperation throughout the game, and mutual cooperation yields the highest long-term payoff (3 each). Defecting now would break trust and likely lead to worse outcomes in future rounds.\n\nACTION: COOPERATE",
    "THINKING: Both I and the Opponent have been consistently cooperating, leading to mutual high payoffs. Breaking this pattern by defecting would risk damaging the trust and long-term mutual benefit. Maintaining cooperation maximizes the overall payoff.\n\nACTION: COOPERATE",
    "THINKING: The opponent has consistently cooperated in all past rounds, establishing a pattern of trust and mutual benefit. Defecting now risks breaking this trust and disrupting the cooperative equilibrium, which has the potential for higher long-term payoffs.  \nACTION: COOPERATE",
    "THINKING: The opponent has consistently cooperated throughout all previous rounds, suggesting a high level of trust and mutual benefit in continuing cooperation. Defecting now would break this trust and likely lead to reduced payoffs in subsequent rounds.  \nACTION: COOPERATE",
    "THINKING: The Opponent has demonstrated consistent cooperation over 17 rounds, with a 100% cooperation rate. Continuing to cooperate maximizes mutual payoff, and defecting would break trust and likely lead to worse outcomes in future rounds.\n\nACTION: COOPERATE",
    "THINKING: Both players have consistently cooperated in all rounds, resulting in mutual high payoffs. Defecting now would break trust and likely lead to worse outcomes in future rounds. Cooperation maintains the stable and mutually beneficial dynamic.\n\nACTION: COOPERATE",
    "THINKING: Both I and the Opponent have maintained perfect cooperation so far, resulting in mutually beneficial payoffs. Breaking this pattern risks losing trust and may lead to worse outcomes in future rounds.\n\nACTION: COOPERATE",
    "THINKING: The opponent has shown consistent cooperation over all 20 rounds, and mutual cooperation maximizes long-term payoffs for both players. Maintaining trust is critical to sustaining this beneficial outcome.\n\nACTION: COOPERATE",
    "THINKING: The Opponent has consistently cooperated in all 21 rounds, and I have done the same. Maintaining mutual cooperation maximizes the payoff for both of us. Breaking this trust now could lead to a breakdown in cooperation and lower payoffs in future rounds.\n\nACTION: COOPERATE",
    "THINKING: The opponent has been consistently cooperative, with a 100% cooperation rate across 22 rounds. Maintaining mutual cooperation maximizes long-term payoffs, so continuing to cooperate is the most strategic choice.\n\nACTION: COOPERATE",
    "THINKING: The opponent has consistently cooperated in all 23 rounds, demonstrating a highly cooperative strategy. Maintaining cooperation ensures mutual benefit and avoids jeopardizing the established trust.  \n\nACTION: COOPERATE",
    "THINKING: Both you and your opponent have demonstrated consistent cooperation, leading to a favorable payoff for both. Defecting now risks breaking trust and reducing total payoffs over future rounds.  \n\nACTION: COOPERATE",
    "THINKING: The opponent has consistently cooperated in every round, showing a highly cooperative strategy. Continuing to cooperate preserves mutual trust and maximizes long-term payoffs.\n\nACTION: COOPERATE",
    "THINKING: Both I and my opponent have been fully cooperative so far, and defecting now would break the trust and likely trigger retaliation, resulting in lower payoffs for both in future rounds. Maintaining cooperation maximizes long-term benefits.  \n\nACTION: COOPERATE  ",
    "THINKING: The opponent has consistently cooperated in all 27 rounds, showing a highly cooperative strategy. By cooperating, I maintain mutual trust and maximize the long-term payoff.\n\nACTION: COOPERATE",
    "THINKING: Both you and your opponent have been fully cooperative for all previous rounds, resulting in mutual high payoffs. Maintaining cooperation ensures continued mutual benefit and avoids the risk of damaging trust. \n\nACTION: COOPERATE",
    "THINKING: The opponent has consistently cooperated in all previous rounds, demonstrating a highly cooperative strategy. Maintaining mutual cooperation ensures the best long-term payoff for both parties in this repeated game. \n\nACTION: COOPERATE"
  ]
}