{
  "experiment": "exp6_baseline",
  "game": "prisoners_dilemma",
  "provider": "deepseek",
  "baseline": "Pavlov",
  "trial": 22,
  "rounds": 30,
  "payoff": 86,
  "coop_rate": 0.9,
  "llm_history": [
    "COOPERATE",
    "COOPERATE",
    "COOPERATE",
    "COOPERATE",
    "DEFECT",
    "DEFECT",
    "COOPERATE",
    "DEFECT",
    "COOPERATE",
    "COOPERATE",
    "COOPERATE",
    "COOPERATE",
    "COOPERATE",
    "COOPERATE",
    "COOPERATE",
    "COOPERATE",
    "COOPERATE",
    "COOPERATE",
    "COOPERATE",
    "COOPERATE",
    "COOPERATE",
    "COOPERATE",
    "COOPERATE",
    "COOPERATE",
    "COOPERATE",
    "COOPERATE",
    "COOPERATE",
    "COOPERATE",
    "COOPERATE",
    "COOPERATE"
  ],
  "opp_history": [
    "COOPERATE",
    "COOPERATE",
    "COOPERATE",
    "COOPERATE",
    "COOPERATE",
    "DEFECT",
    "DEFECT",
    "COOPERATE",
    "DEFECT",
    "COOPERATE",
    "COOPERATE",
    "COOPERATE",
    "COOPERATE",
    "COOPERATE",
    "COOPERATE",
    "COOPERATE",
    "COOPERATE",
    "COOPERATE",
    "COOPERATE",
    "COOPERATE",
    "COOPERATE",
    "COOPERATE",
    "COOPERATE",
    "COOPERATE",
    "COOPERATE",
    "COOPERATE",
    "COOPERATE",
    "COOPERATE",
    "COOPERATE",
    "COOPERATE"
  ],
  "llm_responses": [
    "THINKING: This is the first round with no history, so I'll start by cooperating to signal willingness to cooperate and see how the opponent responds.  \nACTION: COOPERATE",
    "THINKING: Since the opponent cooperated in the first round and has a 100% cooperation rate so far, cooperating again is likely to build mutual trust and maximize long-term payoff in this repeated game.  \nACTION: COOPERATE",
    "THINKING: The opponent has cooperated in both previous rounds, and my cooperation rate is 100%. Since we are both cooperating, I'm currently getting a payoff of 3 per round, which is good. Defecting now might break the cooperative pattern and risk lower future payoffs.\n\nACTION: COOPERATE",
    "THINKING: The opponent has cooperated 100% of the time so far, and mutual cooperation yields a good payoff. Defecting now risks breaking the cooperative pattern and lowering future payoffs.\n\nACTION: COOPERATE",
    "THINKING: The opponent has cooperated 100% of the time so far, and my total payoff is currently zero because I have always cooperated while they have defected in at least one early round (since my payoff is 0.0). To maximize my payoff, I should defect now to exploit their consistent cooperation.\n\nACTION: DEFECT",
    "THINKING: The opponent has cooperated 100% of the time so far, and my high cooperation rate (80%) has yielded a total payoff of 0, meaning I've been exploited when I cooperated and they defected. To improve my score, I should exploit their consistent cooperation now.  \nACTION: DEFECT",
    "THINKING: The opponent has been highly cooperative overall (83%), but they just defected last round. Given my total payoff is currently zero, I should try to restore cooperation to improve my score, so I'll cooperate to signal willingness to return to mutual cooperation.  \nACTION: COOPERATE",
    "THINKING: Opponent has a high cooperation rate but just defected last round, suggesting they may be testing my response. To encourage future cooperation, I should defect now to show I won't tolerate exploitation.  \nACTION: DEFECT",
    "THINKING: The opponent has a high cooperation rate (75%) and just cooperated last round, suggesting they are likely to cooperate again. My total payoff is currently 0, so I need to build mutual cooperation to increase my score. Defecting now risks breaking their cooperative pattern.\n\nACTION: COOPERATE",
    "THINKING: The opponent has a 67% cooperation rate but just defected last round, suggesting they may be responsive to my actions. Since my cooperation rate is also 67%, mutual cooperation benefits both, so I'll try to return to cooperation.\n\nACTION: COOPERATE",
    "THINKING: The opponent has a 70% cooperation rate and just cooperated last round, suggesting they are conditionally cooperative. My total payoff is currently zero, so I need to build mutual cooperation to improve it.  \n\nACTION: COOPERATE",
    "THINKING: Both our cooperation rates are identical at 73%, and the opponent just cooperated last round. Given the repeated nature and their conditional cooperation pattern, cooperating now is likely to sustain mutual cooperation and maximize long-term payoff.\n\nACTION: COOPERATE",
    "THINKING: The opponent has a high cooperation rate and just cooperated last round, so cooperating now is likely to lead to mutual cooperation and a higher payoff.  \nACTION: COOPERATE",
    "THINKING: The opponent has a high cooperation rate and just cooperated last round, suggesting they are conditionally cooperative. My total payoff is currently zero, so I should aim to build mutual cooperation to improve my score.  \n\nACTION: COOPERATE",
    "THINKING: The opponent has a high cooperation rate (79%) and just cooperated last round, indicating they are likely to cooperate again. Mutual cooperation yields a higher payoff (3) than mutual defection (1), and defecting now risks breaking the cooperative pattern.\n\nACTION: COOPERATE",
    "THINKING: With both cooperation rates at 80% and the opponent recently cooperating, mutual cooperation yields the highest long-term payoff. Defecting risks triggering retaliation and lowering future gains.  \nACTION: COOPERATE",
    "THINKING: The opponent has been highly cooperative (81% cooperation rate) and just cooperated last round, so cooperating now is likely to lead to mutual cooperation and a payoff of 3.  \nACTION: COOPERATE",
    "THINKING: Both of us have high cooperation rates and the opponent just cooperated last round, so mutual cooperation is likely and yields the best payoff for this round.  \nACTION: COOPERATE",
    "THINKING: With both cooperation rates at 83% and the opponent highly cooperative, mutual cooperation yields the best long-term payoff. Defecting now risks breaking this beneficial pattern.\n\nACTION: COOPERATE",
    "THINKING: Both of us have high cooperation rates, and the opponent has been highly cooperative recently, so mutual cooperation maximizes my payoff this round.  \nACTION: COOPERATE",
    "THINKING: Both of us have high cooperation rates and the opponent just cooperated, so mutual cooperation is likely and yields the best payoff for both in this round.  \nACTION: COOPERATE",
    "THINKING: The opponent has been highly cooperative (86% rate) and just cooperated last round. Mutual cooperation yields a good payoff for both, and defecting now could break the trust and reduce future gains.  \nACTION: COOPERATE",
    "THINKING: Both of us have been highly cooperative (86% each), and the opponent just cooperated last round. Continuing to cooperate maximizes mutual payoff in this repeated game.\n\nACTION: COOPERATE",
    "THINKING: With both cooperation rates at 87% and a highly cooperative recent pattern, mutual cooperation yields the best long-term payoff. Defecting now risks breaking the profitable cooperative equilibrium.\n\nACTION: COOPERATE",
    "THINKING: Both of us have high cooperation rates and the opponent just cooperated, so mutual cooperation is likely to yield the best payoff this round.  \nACTION: COOPERATE",
    "THINKING: With both cooperation rates at 88% and a history of mutual cooperation, maintaining cooperation maximizes long-term payoff in this repeated game.  \nACTION: COOPERATE",
    "THINKING: With both cooperation rates at 88% and a highly cooperative recent pattern, mutual cooperation yields the best long-term payoff. Defecting now risks breaking the cooperative equilibrium for minimal short-term gain.  \nACTION: COOPERATE",
    "THINKING: The opponent has been highly cooperative (89% rate) and just cooperated last round. In a repeated Prisoner's Dilemma with a cooperative opponent, mutual cooperation yields the best long-term payoff.  \nACTION: COOPERATE",
    "THINKING: With both cooperation rates at 89% and the opponent highly cooperative, mutual cooperation maximizes my payoff this round and maintains trust for the final rounds.  \nACTION: COOPERATE",
    "THINKING: With both cooperation rates at 90% and a highly cooperative history, mutual cooperation yields the best ongoing payoff. Defecting now risks breaking the cooperative equilibrium for minimal short-term gain.\n\nACTION: COOPERATE"
  ]
}