{
  "experiment": "exp6_baseline",
  "game": "prisoners_dilemma",
  "provider": "openai",
  "baseline": "GrimTrigger",
  "trial": 12,
  "rounds": 30,
  "payoff": 90,
  "coop_rate": 1.0,
  "llm_history": [
    "COOPERATE",
    "COOPERATE",
    "COOPERATE",
    "COOPERATE",
    "COOPERATE",
    "COOPERATE",
    "COOPERATE",
    "COOPERATE",
    "COOPERATE",
    "COOPERATE",
    "COOPERATE",
    "COOPERATE",
    "COOPERATE",
    "COOPERATE",
    "COOPERATE",
    "COOPERATE",
    "COOPERATE",
    "COOPERATE",
    "COOPERATE",
    "COOPERATE",
    "COOPERATE",
    "COOPERATE",
    "COOPERATE",
    "COOPERATE",
    "COOPERATE",
    "COOPERATE",
    "COOPERATE",
    "COOPERATE",
    "COOPERATE",
    "COOPERATE"
  ],
  "opp_history": [
    "COOPERATE",
    "COOPERATE",
    "COOPERATE",
    "COOPERATE",
    "COOPERATE",
    "COOPERATE",
    "COOPERATE",
    "COOPERATE",
    "COOPERATE",
    "COOPERATE",
    "COOPERATE",
    "COOPERATE",
    "COOPERATE",
    "COOPERATE",
    "COOPERATE",
    "COOPERATE",
    "COOPERATE",
    "COOPERATE",
    "COOPERATE",
    "COOPERATE",
    "COOPERATE",
    "COOPERATE",
    "COOPERATE",
    "COOPERATE",
    "COOPERATE",
    "COOPERATE",
    "COOPERATE",
    "COOPERATE",
    "COOPERATE",
    "COOPERATE"
  ],
  "llm_responses": [
    "THINKING: Since this is the first round and there is no prior history with the Opponent, I will choose to cooperate to promote mutual trust and potentially encourage a cooperative dynamic in future rounds.  \nACTION: COOPERATE  ",
    "THINKING: The opponent has cooperated in the first round, and their cooperation rate is 100%. To build trust and maximize long-term payoffs, it is best to continue cooperating until more data suggests otherwise. \n\nACTION: COOPERATE",
    "THINKING: The opponent has cooperated 100% of the time so far, and mutual cooperation yields the highest long-term payoff. Defecting now risks breaking the trust and reducing future payoffs.\n\nACTION: COOPERATE",
    "THINKING: The opponent has consistently cooperated in all previous rounds, and maintaining mutual cooperation maximizes the payoff for both parties in the long term. Defecting may disrupt this cooperative dynamic.  \nACTION: COOPERATE  ",
    "THINKING: Both my opponent and I have maintained a 100% cooperation rate, and the opponent appears highly cooperative. Continuing to cooperate maximizes mutual payoff and maintains trust in the repeated game.  \n\nACTION: COOPERATE",
    "THINKING: Both players have been highly cooperative so far, and defecting now would break the trust established, potentially leading to a series of mutual defections and lower payoffs for both in the long run. Continuing to cooperate maximizes trust and long-term payoffs.\n\nACTION: COOPERATE",
    "THINKING: Both I and Opponent have consistently cooperated, resulting in mutual benefits. Defecting now would break trust and risk future cooperation, which could yield higher long-term payoffs.\n\nACTION: COOPERATE",
    "THINKING: Both I and the opponent have cooperated in every round so far, maintaining mutual trust and maximizing joint payoffs. Breaking this pattern by defecting could harm trust and lead to lower payoffs in future rounds.  \nACTION: COOPERATE",
    "THINKING: The opponent has consistently cooperated in all previous rounds, indicating a highly cooperative strategy. Mutual cooperation maximizes long-term payoffs, so continuing to cooperate is the best strategy to maintain trust and maximize points.\n\nACTION: COOPERATE",
    "THINKING: The opponent has consistently cooperated, and mutual cooperation yields the highest payoff for both players. Defecting would break trust and could lead to a retaliatory cycle of mutual defection, which is less beneficial overall. \n\nACTION: COOPERATE",
    "THINKING: Both I and the Opponent have cooperated 100% of the time so far, and the Opponent has demonstrated a highly cooperative pattern. Breaking this mutual trust by defecting would risk destabilizing the beneficial dynamic we have established.\n\nACTION: COOPERATE",
    "THINKING: The opponent has been consistently cooperative for all 11 rounds, showing a strong pattern of trustworthiness. Continuing to cooperate maximizes long-term payoffs for both of us in this repeated game.  \n\nACTION: COOPERATE",
    "THINKING: Both I and my opponent have cooperated in all previous rounds, maintaining a mutually beneficial relationship. Defecting now would break this trust and likely lead to worse payoffs in future rounds.\n\nACTION: COOPERATE",
    "THINKING: Both my cooperation rate and my opponent's are 100%, which suggests mutual trust and maximized payoffs so far. Defecting now would break this trust and likely lead to a breakdown of cooperation in future rounds, reducing my long-term payoff.\n\nACTION: COOPERATE",
    "THINKING: The opponent has been fully cooperative in all previous rounds, and maintaining mutual cooperation maximizes long-term payoffs. Breaking the trust by defecting would harm future cooperation opportunities.  \nACTION: COOPERATE  ",
    "THINKING: The opponent has shown consistent cooperation with a 100% cooperation rate over 15 rounds. Continuing to cooperate maximizes mutual payoff and maintains trust. Defecting now risks breaking the cooperative dynamic without strategic justification.\n\nACTION: COOPERATE",
    "THINKING: Both my cooperation rate and my opponent's cooperation rate are 100%, indicating mutual trust and maximum payoffs so far. Defecting would break this trust and likely lead to lower payoffs in future rounds of the repeated game. \n\nACTION: COOPERATE",
    "THINKING: Both I and my opponent have cooperated consistently for 17 rounds, building mutual trust and maximizing shared payoffs. Breaking this trust by defecting now would harm the established cooperation and likely lead to worse outcomes in future rounds.\n\nACTION: COOPERATE",
    "THINKING: Both players have consistently cooperated in all previous rounds. Defecting now would break the mutual trust, likely reducing future payoffs in this repeated game. Cooperation ensures continued high payoffs for both.  \nACTION: COOPERATE",
    "THINKING: The opponent has consistently cooperated in all 19 previous rounds, indicating a highly cooperative strategy. To maintain mutual trust and maximize long-term payoffs, I should continue cooperating.\n\nACTION: COOPERATE",
    "THINKING: The opponent has demonstrated consistent cooperation over 20 rounds, and mutual cooperation maximizes total payoff. Defecting now could harm the trust and lead to a breakdown of cooperation in future rounds. \n\nACTION: COOPERATE",
    "THINKING: Both I and the opponent have cooperated consistently, which has maximized mutual payoffs. Defecting now would break trust and lead to worse outcomes in future rounds. Maintaining cooperation ensures continued mutual benefit.\n\nACTION: COOPERATE",
    "THINKING: The opponent has demonstrated consistent cooperation, and mutual cooperation yields the highest shared payoff. Defecting would break the trust and likely lead to worse outcomes in future rounds.\n\nACTION: COOPERATE",
    "THINKING: The opponent has consistently cooperated in all previous rounds, and mutual cooperation maximizes long-term payoffs. Defecting would break the trust and reduce overall gains.  \n\nACTION: COOPERATE  ",
    "THINKING: The opponent has consistently cooperated every round, and we both have maintained a perfect cooperation rate. Defecting now would betray the established trust and lower my overall payoff in the long run. Cooperation maximizes mutual benefits.  \n\nACTION: COOPERATE",
    "THINKING: Given the opponent's perfect cooperation rate and the mutual benefits of cooperation (3 points each), continuing to cooperate maximizes long-term gains and maintains trust. Defecting would break the established cooperative dynamic and risk retaliation in future rounds.  \nACTION: COOPERATE",
    "THINKING: The opponent has cooperated in every round so far, creating a mutually beneficial pattern. Defecting now could break trust and lead to worse outcomes in future rounds.\n\nACTION: COOPERATE",
    "THINKING: The opponent has been fully cooperative (27/27 rounds), and mutual cooperation yields the best long-term payoff for both players. Defecting now would break the trust and could lead to worse outcomes in future rounds.\n\nACTION: COOPERATE",
    "THINKING: The opponent has consistently cooperated in every round, and maintaining mutual cooperation maximizes both players' payoffs. Defecting would disrupt the trust built and reduce the overall payoff.  \n\nACTION: COOPERATE",
    "THINKING: The opponent has been completely cooperative so far (100% cooperation rate), and mutual cooperation yields a higher long-term payoff than defecting. Maintaining trust ensures continued mutual gains.\n\nACTION: COOPERATE"
  ]
}