{
  "experiment": "exp6_baseline",
  "game": "prisoners_dilemma",
  "provider": "openai",
  "baseline": "AlwaysCooperate",
  "trial": 14,
  "rounds": 30,
  "payoff": 90,
  "coop_rate": 1.0,
  "llm_history": [
    "COOPERATE",
    "COOPERATE",
    "COOPERATE",
    "COOPERATE",
    "COOPERATE",
    "COOPERATE",
    "COOPERATE",
    "COOPERATE",
    "COOPERATE",
    "COOPERATE",
    "COOPERATE",
    "COOPERATE",
    "COOPERATE",
    "COOPERATE",
    "COOPERATE",
    "COOPERATE",
    "COOPERATE",
    "COOPERATE",
    "COOPERATE",
    "COOPERATE",
    "COOPERATE",
    "COOPERATE",
    "COOPERATE",
    "COOPERATE",
    "COOPERATE",
    "COOPERATE",
    "COOPERATE",
    "COOPERATE",
    "COOPERATE",
    "COOPERATE"
  ],
  "opp_history": [
    "COOPERATE",
    "COOPERATE",
    "COOPERATE",
    "COOPERATE",
    "COOPERATE",
    "COOPERATE",
    "COOPERATE",
    "COOPERATE",
    "COOPERATE",
    "COOPERATE",
    "COOPERATE",
    "COOPERATE",
    "COOPERATE",
    "COOPERATE",
    "COOPERATE",
    "COOPERATE",
    "COOPERATE",
    "COOPERATE",
    "COOPERATE",
    "COOPERATE",
    "COOPERATE",
    "COOPERATE",
    "COOPERATE",
    "COOPERATE",
    "COOPERATE",
    "COOPERATE",
    "COOPERATE",
    "COOPERATE",
    "COOPERATE",
    "COOPERATE"
  ],
  "llm_responses": [
    "THINKING: Since this is the first round, there is no history to analyze. Cooperating initially can foster trust and encourage mutual cooperation in future rounds.  \nACTION: COOPERATE  ",
    "THINKING: The opponent has cooperated in the first round, and their cooperation rate is 100%. To encourage mutual cooperation and maximize long-term payoffs, I should reciprocate their cooperative behavior.  \nACTION: COOPERATE",
    "THINKING: Both I and the opponent have cooperated 100% so far, which maximizes mutual payoffs. Breaking this mutual cooperation now would harm trust and reduce long-term gains. Continuing cooperation is the optimal choice.  \n\nACTION: COOPERATE",
    "THINKING: Both players have consistently cooperated; defecting now would break the trust and potentially lead to retaliatory defection, reducing long-term payoffs. Maximizing sustained cooperation benefits both players.  \n\nACTION: COOPERATE",
    "THINKING: Both I and the opponent have cooperated in every round so far, and maintaining mutual cooperation maximizes payoffs in the long term. Defecting now risks breaking the trust and reducing future payoffs.\n\nACTION: COOPERATE",
    "THINKING: The opponent has been consistently cooperative, and mutual cooperation yields a higher long-term payoff than defecting. Defecting now risks breaking the trust and may trigger retaliation in future rounds. \n\nACTION: COOPERATE",
    "THINKING: The opponent has been fully cooperative so far, and mutual cooperation provides the highest collective payoff. Maintaining trust ensures continued high payoffs.  \nACTION: COOPERATE",
    "THINKING: Both I and my opponent have maintained a perfect cooperation rate so far, resulting in mutual benefit. Breaking this trust now would jeopardize future cooperation and lead to lower payoffs in the long run.\n\nACTION: COOPERATE",
    "THINKING: The opponent has been highly cooperative with a 100% cooperation rate, and defecting now could disrupt our mutual benefit in the long run. Maintaining cooperation ensures continued trust and maximizes both payoffs.\n\nACTION: COOPERATE",
    "THINKING: The opponent has consistently cooperated, and maintaining mutual cooperation maximizes long-term payoffs. Defecting now would break the trust and potentially lead to mutual defection in future rounds, reducing overall payoffs.  \n\nACTION: COOPERATE",
    "THINKING: The opponent has consistently cooperated in all previous rounds. Maintaining mutual cooperation yields the best long-term payoff for both players, and there is no evidence to suggest the opponent will deviate from this strategy.\n\nACTION: COOPERATE",
    "THINKING: The opponent has been highly cooperative, and cooperation ensures mutual benefits in the long run. Defecting now might break trust and reduce future payoffs. I will maintain cooperation to preserve the current pattern of mutual benefit.  \nACTION: COOPERATE",
    "THINKING: The opponent has been consistently cooperating, and mutual cooperation maximizes long-term payoffs for both players. Defecting would break the trust and likely lead to lower payoffs in future rounds.  \nACTION: COOPERATE",
    "THINKING: Both I and the Opponent have maintained a perfect cooperation rate so far, leading to mutual high payoffs. Defecting now would break the trust and potentially lead to worse outcomes in future rounds. \n\nACTION: COOPERATE",
    "THINKING: The opponent has demonstrated consistent cooperation with a 100% cooperation rate over 14 rounds. Maintaining mutual cooperation maximizes payoffs for both players, and defecting now would likely harm long-term trust and outcomes.  \nACTION: COOPERATE  ",
    "THINKING: The opponent has consistently cooperated across all rounds, and mutual cooperation maximizes the payoff for both players. Breaking the trust by defecting now risks reducing future cooperation and long-term payoffs.\n\nACTION: COOPERATE",
    "THINKING: The opponent has consistently cooperated for all previous rounds, and maintaining mutual cooperation yields the highest payoff for both players over time. Breaking the trust now would likely harm the long-term benefits of cooperation.  \nACTION: COOPERATE",
    "THINKING: Both my opponent and I have cooperated consistently, leading to a mutually beneficial outcome so far. Breaking this cooperation now would risk damaging the trust and reducing long-term payoffs.\n\nACTION: COOPERATE",
    "THINKING: Both you and the opponent have consistently cooperated, resulting in mutual payoffs of 3 each round. Defecting would break the trust and likely lead to lower payoffs in future rounds. Consistency and trust are key in repeated games.  \n\nACTION: COOPERATE",
    "THINKING: Both I and the Opponent have consistently cooperated for all 19 rounds, maintaining mutual trust and maximizing payoffs for both. Defecting now would break this trust and likely lead to retaliation, reducing long-term payoffs.\n\nACTION: COOPERATE",
    "THINKING: Both I and the Opponent have maintained a 100% cooperation rate, which has maximized the mutual payoff so far. There is no indication that the Opponent will deviate, and defecting would break the trust and potentially lead to lower long-term payoffs for both.\n\nACTION: COOPERATE",
    "THINKING: Both I and the Opponent have cooperated consistently in all previous rounds, leading to mutual trust and a high payoff for both. Defecting now would break this trust and potentially lead to worse outcomes in future rounds.\n\nACTION: COOPERATE",
    "THINKING: The opponent has shown consistent cooperation throughout all 22 rounds, and mutual cooperation leads to the highest collective payoff. Defecting now risks breaking the trust and reducing future gains.  \n\nACTION: COOPERATE",
    "THINKING: The opponent has demonstrated consistent cooperation over 23 rounds, and mutual cooperation yields the highest possible joint payoff. Breaking this cooperation now could damage trust and lead to lower future payoffs.\n\nACTION: COOPERATE",
    "THINKING: Both you and your opponent have maintained a perfect cooperation rate across all rounds, leading to mutual trust and maximum payoffs. Changing to defect now would break this trust and likely reduce future payoffs.\n\nACTION: COOPERATE",
    "THINKING: The opponent has consistently cooperated in all previous rounds, and mutual cooperation ensures the highest shared payoff. Maintaining cooperation fosters trust and stability in this repeated interaction. \n\nACTION: COOPERATE",
    "THINKING: Both my opponent and I have cooperated every round so far, resulting in mutual trust and maximum payoffs. Breaking that trust could risk future cooperation and diminish long-term gains.\n\nACTION: COOPERATE",
    "THINKING: The opponent has demonstrated consistent cooperation across all previous rounds, and defecting now could break the trust and lead to mutual defection in future rounds, reducing overall payoffs for both of us. Maintaining cooperation maximizes long-term benefits.\n\nACTION: COOPERATE",
    "THINKING: Since both my cooperation rate and the opponent's cooperation rate are 100%, and the opponent has consistently cooperated, defecting now would break the trust and potentially harm future payoffs. Continuing to cooperate maximizes long-term mutual benefit.  \n\nACTION: COOPERATE",
    "THINKING: The opponent has cooperated in every round, maintaining a 100% cooperation rate. Defecting now would break mutual trust and potentially end the cooperative streak, which has the highest long-term payoff.\n\nACTION: COOPERATE"
  ]
}