{
  "experiment": "exp6_baseline",
  "game": "prisoners_dilemma",
  "provider": "openai",
  "baseline": "Extort2",
  "trial": 9,
  "rounds": 30,
  "payoff": 35,
  "coop_rate": 0.13333333333333333,
  "llm_history": [
    "COOPERATE",
    "COOPERATE",
    "COOPERATE",
    "COOPERATE",
    "DEFECT",
    "DEFECT",
    "DEFECT",
    "DEFECT",
    "DEFECT",
    "DEFECT",
    "DEFECT",
    "DEFECT",
    "DEFECT",
    "DEFECT",
    "DEFECT",
    "DEFECT",
    "DEFECT",
    "DEFECT",
    "DEFECT",
    "DEFECT",
    "DEFECT",
    "DEFECT",
    "DEFECT",
    "DEFECT",
    "DEFECT",
    "DEFECT",
    "DEFECT",
    "DEFECT",
    "DEFECT",
    "DEFECT"
  ],
  "opp_history": [
    "COOPERATE",
    "COOPERATE",
    "COOPERATE",
    "DEFECT",
    "DEFECT",
    "DEFECT",
    "DEFECT",
    "DEFECT",
    "DEFECT",
    "DEFECT",
    "DEFECT",
    "DEFECT",
    "DEFECT",
    "DEFECT",
    "DEFECT",
    "DEFECT",
    "DEFECT",
    "DEFECT",
    "DEFECT",
    "DEFECT",
    "DEFECT",
    "DEFECT",
    "DEFECT",
    "DEFECT",
    "DEFECT",
    "DEFECT",
    "DEFECT",
    "DEFECT",
    "DEFECT",
    "DEFECT"
  ],
  "llm_responses": [
    "THINKING: Since this is the first round and there is no history to analyze, cooperating can signal goodwill and encourage mutual cooperation in future rounds. Establishing trust might lead to higher payoffs over time.  \nACTION: COOPERATE  ",
    "THINKING: The opponent has cooperated in the past, and their cooperation rate is 100%. Continuing to cooperate will build trust and maximize long-term payoffs if the opponent continues to cooperate.  \nACTION: COOPERATE",
    "THINKING: So far, both I and my opponent have cooperated in every round, showing a pattern of mutual trust. Defecting now risks breaking this trust and potentially triggering a cycle of mutual defection, which would lower long-term payoffs for both of us.\n\nACTION: COOPERATE",
    "THINKING: The opponent has consistently cooperated in all previous rounds, and mutual cooperation yields the highest payoff for both players. Maintaining a cooperative strategy preserves trust and maximizes long-term benefits.  \n\nACTION: COOPERATE",
    "THINKING: The opponent's cooperation rate suggests they are mostly cooperative but occasionally defect. Since they defected in the last round, they may be testing my behavior. I'll defect this round to discourage exploitation but will consider cooperating if they return to cooperation.  \nACTION: DEFECT",
    "THINKING: The opponent has a mixed strategy with a 60% cooperation rate, and they defected in the last round. To encourage future cooperation and avoid exploitation, defecting this round may discourage them from taking advantage of me.  \nACTION: DEFECT  ",
    "THINKING: The opponent has a mixed strategy and defected in the last round. My cooperation rate is high, but continuing to cooperate might lead to exploitation if the opponent defects again. I will defect to test if the opponent responds to a shift in strategy.  \n\nACTION: DEFECT",
    "THINKING: The Opponent has a low cooperation rate (43%) and has mostly defected recently, including in the last round. To maximize my payoff and avoid being exploited, defecting is the safer choice. \n\nACTION: DEFECT",
    "THINKING: The opponent has a low cooperation rate (38%) and a recent pattern of mostly defecting, which suggests they're unlikely to cooperate. Defecting maximizes my payoff in this case given their behavior.  \n\nACTION: DEFECT",
    "THINKING: The opponent predominantly defects, and their cooperation rate is lower than mine. Continuing to cooperate would likely result in a lower payoff for me. Given their pattern, defecting maximizes my payoff.  \n\nACTION: DEFECT",
    "THINKING: The opponent has a low cooperation rate (30%) and has mostly defected recently, including in the last round. Given their behavior, defecting will protect against exploitation and ensure at least a minimal payoff. \n\nACTION: DEFECT",
    "THINKING: The opponent has a low cooperation rate (27%) and mostly defects, indicating they are not inclined to cooperate. To maximize my payoff in this situation, it is rational to defect as well.  \nACTION: DEFECT",
    "THINKING: The opponent consistently defects (25% cooperation rate, recent pattern of always defecting), and cooperating would only result in a worse payoff for me. Defecting is the rational choice to minimize losses.  \nACTION: DEFECT",
    "THINKING: Based on the opponent's consistent pattern of defection and low cooperation rate, cooperating would result in a payoff of 0 for me, while defecting guarantees at least 1 point. Maximizing my payoff requires defecting.  \nACTION: DEFECT",
    "THINKING: The opponent has consistently defected, showing no intention to cooperate. Defecting maximizes my payoff in this scenario and prevents exploitation.  \nACTION: DEFECT",
    "THINKING: The opponent has consistently defected and has a very low cooperation rate (20%), indicating they are unlikely to cooperate. Defecting maximizes my payoff in this situation since mutual cooperation is improbable.  \n\nACTION: DEFECT",
    "THINKING: The opponent has consistently defected (19% cooperation rate) and shows no inclination to cooperate. Defecting maximizes my payoff in this situation, as cooperation would only result in zero points.  \nACTION: DEFECT",
    "THINKING: The opponent has demonstrated a consistent pattern of always defecting, with no indication of shifting behavior. To maximize my payoff in this scenario, the optimal choice is to defect as well.\n\nACTION: DEFECT",
    "THINKING: The opponent has demonstrated a clear pattern of always defecting, and their cooperation rate is even lower than mine. Continuing to cooperate would only result in me being exploited, so defecting is the only rational choice to maximize my payoff.  \nACTION: DEFECT",
    "THINKING: The opponent has consistently defected and shows a very low cooperation rate, indicating no intention to cooperate. Defecting maximizes my payoff under these conditions.  \nACTION: DEFECT",
    "THINKING: The opponent has shown a consistent pattern of defection (15% cooperation rate, always defecting recently). Cooperating would result in a guaranteed loss, so defecting is the only rational choice to minimize losses.  \nACTION: DEFECT",
    "THINKING: Opponent has consistently defected and has a very low cooperation rate. Cooperating would likely result in a payoff of 0, while defecting guarantees at least a payoff of 1. \n\nACTION: DEFECT",
    "THINKING: The opponent has consistently defected and has an extremely low cooperation rate, indicating a strategy focused solely on maximizing their payoff at your expense. To avoid being exploited further, defecting is the rational choice.  \n\nACTION: DEFECT",
    "THINKING: The opponent's consistent pattern of defecting and their low cooperation rate indicate that cooperation is unlikely to be reciprocated. To maximize my payoff in this situation, defecting is the rational choice.  \nACTION: DEFECT  ",
    "THINKING: The opponent has consistently defected (with a cooperation rate of only 12%) and shows no incentive to change their strategy. Cooperation in this situation will only result in a worse payoff for me.\n\nACTION: DEFECT",
    "THINKING: The opponent has a consistent pattern of always defecting and has a very low cooperation rate. Cooperating in this scenario would result in zero payoff for me, so defecting is the optimal choice to minimize losses.\n\nACTION: DEFECT",
    "THINKING: The opponent has consistently defected (12% cooperation rate and a recent pattern of always defecting). Cooperating would result in a guaranteed loss, so defecting is the rational choice to maximize my payoff.  \n\nACTION: DEFECT  ",
    "THINKING: The opponent has consistently defected (11% cooperation rate and recent pattern of always defecting). Cooperation would result in a guaranteed loss, so defecting is the rational choice to minimize losses.  \nACTION: DEFECT",
    "THINKING: The opponent has consistently defected (11% cooperation rate) and shows no sign of reciprocating cooperation. Continuing to cooperate would only result in a lower payoff for me without changing the opponent's behavior. \n\nACTION: DEFECT",
    "THINKING: Given the opponent’s consistent pattern of defecting and their very low cooperation rate, cooperating results in a guaranteed loss for me. Defecting is the rational choice to minimize losses.  \n\nACTION: DEFECT"
  ]
}