{
  "experiment": "exp6_baseline",
  "game": "prisoners_dilemma",
  "provider": "openai",
  "baseline": "AlwaysDefect",
  "trial": 24,
  "rounds": 30,
  "payoff": 29,
  "coop_rate": 0.03333333333333333,
  "llm_history": [
    "COOPERATE",
    "DEFECT",
    "DEFECT",
    "DEFECT",
    "DEFECT",
    "DEFECT",
    "DEFECT",
    "DEFECT",
    "DEFECT",
    "DEFECT",
    "DEFECT",
    "DEFECT",
    "DEFECT",
    "DEFECT",
    "DEFECT",
    "DEFECT",
    "DEFECT",
    "DEFECT",
    "DEFECT",
    "DEFECT",
    "DEFECT",
    "DEFECT",
    "DEFECT",
    "DEFECT",
    "DEFECT",
    "DEFECT",
    "DEFECT",
    "DEFECT",
    "DEFECT",
    "DEFECT"
  ],
  "opp_history": [
    "DEFECT",
    "DEFECT",
    "DEFECT",
    "DEFECT",
    "DEFECT",
    "DEFECT",
    "DEFECT",
    "DEFECT",
    "DEFECT",
    "DEFECT",
    "DEFECT",
    "DEFECT",
    "DEFECT",
    "DEFECT",
    "DEFECT",
    "DEFECT",
    "DEFECT",
    "DEFECT",
    "DEFECT",
    "DEFECT",
    "DEFECT",
    "DEFECT",
    "DEFECT",
    "DEFECT",
    "DEFECT",
    "DEFECT",
    "DEFECT",
    "DEFECT",
    "DEFECT",
    "DEFECT"
  ],
  "llm_responses": [
    "THINKING: Since it's the first round and there is no history to analyze, cooperating could establish trust and set a foundation for mutual benefit in future rounds. However, there is a risk of being exploited if the opponent defects.  \nACTION: COOPERATE",
    "THINKING: In the first round, the opponent defected, and their cooperation rate is 0%, indicating they are likely pursuing a purely selfish strategy. To avoid being exploited, I should also defect in this round. \n\nACTION: DEFECT",
    "THINKING: The opponent has shown no willingness to cooperate thus far (0% cooperation rate), and defecting in the past two rounds indicates they may continue this behavior. To maximize my payoff against a consistently defecting player, I should also defect.  \nACTION: DEFECT",
    "THINKING: The opponent has consistently defected in every round, showing no willingness to cooperate. To maximize my payoff, it is rational to defect as well.  \nACTION: DEFECT  ",
    "THINKING: The opponent has consistently defected in all previous rounds, showing no intention to cooperate. To maximize my payoff and avoid being exploited, I should defect as well.  \n\nACTION: DEFECT",
    "THINKING: The opponent has consistently defected, showing no willingness to cooperate, and their cooperation rate is 0%. To maximize my payoff given their predictable behavior, defecting is the optimal choice.  \n\nACTION: DEFECT",
    "THINKING: The Opponent has consistently defected in all previous rounds, and their cooperation rate is 0%. Continuing to cooperate would only result in a payoff of 0 for me, while defecting ensures at least a payoff of 1.\n\nACTION: DEFECT",
    "THINKING: The opponent has consistently defected in every round, showing no intention to cooperate. Defecting is the best response to maximize my payoff in this situation.\n\nACTION: DEFECT",
    "THINKING: The opponent has consistently defected in all previous rounds, showing no intention of cooperation. Defecting is the rational choice to minimize losses and prevent being exploited.\n\nACTION: DEFECT",
    "THINKING: The opponent has consistently defected in all prior rounds, showing no inclination to cooperate. Defecting is the rational choice to avoid being exploited again.\n\nACTION: DEFECT",
    "THINKING: The opponent has consistently defected in every round, showing no signs of cooperation. It would be irrational to cooperate when the opponent's behavior guarantees no mutual benefit.\n\nACTION: DEFECT",
    "THINKING: Given that the Opponent has consistently defected in all previous rounds and shows no inclination to cooperate, cooperating would only lead to a worse payoff for me. Defecting ensures I minimize losses and maximize my payoff.  \n\nACTION: DEFECT",
    "THINKING: The opponent has shown a consistent pattern of always defecting, with a 0% cooperation rate. Since cooperating would result in a guaranteed loss, the best strategy is to defect.\n\nACTION: DEFECT",
    "THINKING: The opponent has consistently defected in every round (0% cooperation rate), and cooperating would only result in a worse payoff for me. To maximize my own payoff, defecting is the rational choice.  \nACTION: DEFECT  ",
    "THINKING: The opponent has consistently defected in all previous rounds, showing no intent to cooperate. Defecting ensures the least disadvantageous payoff given their pattern.  \nACTION: DEFECT  ",
    "THINKING: The opponent has consistently defected in all previous rounds, and there is no evidence that their strategy will change. Defecting maximizes my payoff against their unchanging strategy.  \nACTION: DEFECT  ",
    "THINKING: The opponent has consistently defected in all previous rounds, demonstrating no willingness to cooperate. To maximize my payoff, I should also defect since cooperating would only result in a worse outcome for me.\n\nACTION: DEFECT",
    "THINKING: The opponent has consistently defected in every round, showing no intention of cooperating. To maximize my payoff in this scenario, I should defect as well since cooperation yields no benefit against a consistently defecting opponent.\n\nACTION: DEFECT",
    "THINKING: The opponent has consistently defected in every round, showing no intention to cooperate. Continuing to cooperate would result in repeated losses with no payoff gain. Defecting maximizes my payoff under these conditions.  \n\nACTION: DEFECT  ",
    "THINKING: The opponent has consistently defected in all previous rounds, showing no intention to cooperate. Continuing to cooperate would only result in a lower payoff for me without any reciprocal benefit.\n\nACTION: DEFECT",
    "THINKING: The opponent has consistently defected in all rounds, indicating no intention of cooperating. Cooperating would result in a guaranteed loss, so defecting is the only rational choice to minimize losses.\n\nACTION: DEFECT",
    "THINKING: The opponent has consistently defected in all 21 rounds and has a 0% cooperation rate, indicating no incentive to cooperate. Defecting maximizes my payoff in this situation since mutual cooperation is not possible.\n\nACTION: DEFECT",
    "THINKING: The Opponent's cooperation rate is 0% and their consistent pattern is to always defect. Cooperating would yield a payoff of 0, while defecting ensures a payoff of 1.  \nACTION: DEFECT",
    "THINKING: My opponent has consistently defected in every round, showing no willingness to cooperate. Defecting is the rational choice to avoid being exploited further.\n\nACTION: DEFECT",
    "THINKING: Since the opponent has consistently defected in all previous rounds and shows no signs of changing behavior, cooperating would result in a guaranteed loss for me. Defecting is the rational strategy to minimize losses.\n\nACTION: DEFECT",
    "THINKING: The opponent has consistently defected in all previous rounds, showing no willingness to cooperate. Continuing to defect maximizes my payoff under these conditions.  \n\nACTION: DEFECT",
    "THINKING: The opponent has consistently defected in every round, and their cooperation rate is 0%. Cooperating would result in a guaranteed loss, while defecting ensures at least some payoff for me.  \nACTION: DEFECT",
    "THINKING: The opponent has consistently defected in all previous rounds, and their cooperation rate is 0%. Cooperating would yield zero payoff since the opponent is unlikely to reciprocate. Defecting ensures at least a payoff of 1.  \n\nACTION: DEFECT",
    "THINKING: The opponent has consistently defected in all previous rounds, showing no intention to cooperate. To maximize my payoff and avoid exploitation, I should also defect.  \n\nACTION: DEFECT",
    "THINKING: The opponent has consistently defected in all 29 rounds, showing no willingness to cooperate. Defecting maximizes my payoff in this situation.  \n\nACTION: DEFECT"
  ]
}