{
  "experiment": "exp6_baseline",
  "game": "prisoners_dilemma",
  "provider": "openai",
  "baseline": "AlwaysDefect",
  "trial": 21,
  "rounds": 30,
  "payoff": 29,
  "coop_rate": 0.03333333333333333,
  "llm_history": [
    "COOPERATE",
    "DEFECT",
    "DEFECT",
    "DEFECT",
    "DEFECT",
    "DEFECT",
    "DEFECT",
    "DEFECT",
    "DEFECT",
    "DEFECT",
    "DEFECT",
    "DEFECT",
    "DEFECT",
    "DEFECT",
    "DEFECT",
    "DEFECT",
    "DEFECT",
    "DEFECT",
    "DEFECT",
    "DEFECT",
    "DEFECT",
    "DEFECT",
    "DEFECT",
    "DEFECT",
    "DEFECT",
    "DEFECT",
    "DEFECT",
    "DEFECT",
    "DEFECT",
    "DEFECT"
  ],
  "opp_history": [
    "DEFECT",
    "DEFECT",
    "DEFECT",
    "DEFECT",
    "DEFECT",
    "DEFECT",
    "DEFECT",
    "DEFECT",
    "DEFECT",
    "DEFECT",
    "DEFECT",
    "DEFECT",
    "DEFECT",
    "DEFECT",
    "DEFECT",
    "DEFECT",
    "DEFECT",
    "DEFECT",
    "DEFECT",
    "DEFECT",
    "DEFECT",
    "DEFECT",
    "DEFECT",
    "DEFECT",
    "DEFECT",
    "DEFECT",
    "DEFECT",
    "DEFECT",
    "DEFECT",
    "DEFECT"
  ],
  "llm_responses": [
    "THINKING: Since it's the first round and there is no history to analyze, cooperating sets a positive tone for potential mutual benefit in future rounds. Establishing trust early may encourage the opponent to cooperate as well.  \n\nACTION: COOPERATE",
    "THINKING: The opponent defected in the first round, showing no cooperation so far. To avoid being exploited and to test if they will change their behavior, I will defect this round.  \n\nACTION: DEFECT  ",
    "THINKING: The opponent has a 0% cooperation rate and has defected in both rounds so far. To maximize my payoff in this scenario, it is rational to defect as well to avoid being exploited.\n\nACTION: DEFECT",
    "THINKING: The opponent has consistently defected in all previous rounds, showing no willingness to cooperate. To maximize my payoff and avoid being exploited, it is optimal to defect in this round as well.  \n\nACTION: DEFECT",
    "THINKING: The opponent has consistently defected in every round, showing no sign of cooperation. To maximize my payoff and avoid exploitation, defecting is the best strategy.  \nACTION: DEFECT",
    "THINKING: The opponent has consistently defected in every round, showing no willingness to cooperate. Defecting maximizes my payoff in this situation.  \n\nACTION: DEFECT",
    "THINKING: The opponent has consistently defected in all rounds, showing no willingness to cooperate. To maximize my payoff and avoid being exploited, it is rational to also defect.\n\nACTION: DEFECT",
    "THINKING: The opponent has consistently defected in all previous rounds, showing no willingness to cooperate. Defecting maximizes my payoff given their predictable strategy.  \n\nACTION: DEFECT",
    "THINKING: The opponent has consistently defected in every round, and their cooperation rate is 0%. Cooperating would result in a guaranteed loss, so defecting is the optimal strategy to minimize loss.\n\nACTION: DEFECT",
    "THINKING: The opponent has a 0% cooperation rate and has consistently defected in every round. Cooperating will only result in a payoff of 0 for me, while defecting ensures I get at least 1.\n\nACTION: DEFECT",
    "THINKING: The opponent has consistently defected in all rounds, indicating a clear strategy of maximizing their payoff regardless of my actions. Cooperating would only result in zero payoff for me, so defecting is the rational choice to avoid being exploited again.  \n\nACTION: DEFECT",
    "THINKING: Given that the opponent has consistently defected in every round so far and has a 0% cooperation rate, cooperating would only lead to a disadvantage for me. Defecting minimizes my losses in this situation.  \nACTION: DEFECT",
    "THINKING: The opponent has consistently defected in every round (0% cooperation rate), and cooperating will only result in a worse payoff for me. Defecting ensures I won't be exploited.  \nACTION: DEFECT",
    "THINKING: The opponent has consistently defected in all previous rounds, showing no willingness to cooperate. Defecting maximizes my payoff in this scenario since cooperation will only result in a loss.  \nACTION: DEFECT",
    "THINKING: The opponent has consistently defected in every round, showing no willingness to cooperate. Defecting maximizes my payoff under these circumstances. \n\nACTION: DEFECT",
    "THINKING: The opponent has consistently defected in all previous rounds and shows no signs of cooperating. Continuing to cooperate would only lead to a lower payoff for me. To maximize my payoff, I should defect as well.\n\nACTION: DEFECT",
    "THINKING: The opponent has consistently defected in all previous rounds, and cooperating would only lead to a worse outcome for me. Defecting ensures the best possible payoff in this situation.  \nACTION: DEFECT  ",
    "THINKING: Given that the opponent has defected in every round so far and shows no sign of cooperating, cooperation would only result in a worse payoff for me. To maximize my own payoff, I will defect as well.  \nACTION: DEFECT  ",
    "THINKING: The opponent has consistently defected every round, and their cooperation rate is 0%. Cooperating would result in a guaranteed loss, while defecting ensures the highest possible payoff given their strategy.  \nACTION: DEFECT",
    "THINKING: The opponent has consistently defected in all previous rounds and shows no intention of cooperating. Cooperating would only result in me being exploited, so defecting maximizes my payoff.\n\nACTION: DEFECT",
    "THINKING: The opponent has consistently defected in all previous rounds, showing no intention of cooperating. Defecting is the optimal strategy to minimize losses in this situation.\n\nACTION: DEFECT",
    "THINKING: The opponent has consistently defected in all previous rounds, showing no signs of cooperation. Defecting is the dominant strategy to avoid being exploited and to maximize my payoff.\n\nACTION: DEFECT",
    "THINKING: The opponent has defected every round with a 0% cooperation rate. Given that mutual cooperation is impossible and defecting minimizes my losses against an always-defecting opponent, the rational choice is to defect.\n\nACTION: DEFECT",
    "THINKING: The opponent has consistently defected in all previous rounds, with a cooperation rate of 0%. Given their behavior, cooperating would only result in a payoff of 0 for me, while defecting guarantees at least 1.\n\nACTION: DEFECT",
    "THINKING: Given the opponent's consistent strategy of always defecting and the history of low cooperation rates, cooperating would yield a payoff of 0, while defecting ensures a payoff of 1. Defection is the rational choice to maximize my payoff.  \nACTION: DEFECT",
    "THINKING: Since the opponent has consistently defected in all past rounds and has a 0% cooperation rate, cooperating would only result in a guaranteed loss for me. Defecting maximizes my payoff under these circumstances.  \nACTION: DEFECT",
    "THINKING: The opponent has defected every round, showing a consistent pattern of non-cooperation. Continuing to cooperate would result in a guaranteed loss, while defecting ensures at least a minimal payoff.  \n\nACTION: DEFECT  ",
    "THINKING: The opponent has consistently defected, showing no intention to cooperate. Given their 0% cooperation rate, defecting maximizes my payoff without risking exploitation. \n\nACTION: DEFECT",
    "THINKING: The opponent has consistently defected in all previous rounds, showing no willingness to cooperate. Continuing to defect is the rational choice to avoid being exploited.  \n\nACTION: DEFECT",
    "THINKING: Given the opponent's consistent strategy of defecting in all previous rounds, cooperating would result in a payoff of 0 for me, while defecting guarantees a payoff of 1. Since the opponent shows no sign of changing their behavior, defecting is the rational choice.  \n\nACTION: DEFECT"
  ]
}