{
  "experiment": "exp6_baseline",
  "game": "prisoners_dilemma",
  "provider": "deepseek",
  "baseline": "Extort2",
  "trial": 5,
  "rounds": 30,
  "payoff": 87,
  "coop_rate": 0.9333333333333333,
  "llm_history": [
    "COOPERATE",
    "COOPERATE",
    "COOPERATE",
    "COOPERATE",
    "DEFECT",
    "COOPERATE",
    "DEFECT",
    "COOPERATE",
    "COOPERATE",
    "COOPERATE",
    "COOPERATE",
    "COOPERATE",
    "COOPERATE",
    "COOPERATE",
    "COOPERATE",
    "COOPERATE",
    "COOPERATE",
    "COOPERATE",
    "COOPERATE",
    "COOPERATE",
    "COOPERATE",
    "COOPERATE",
    "COOPERATE",
    "COOPERATE",
    "COOPERATE",
    "COOPERATE",
    "COOPERATE",
    "COOPERATE",
    "COOPERATE",
    "COOPERATE"
  ],
  "opp_history": [
    "COOPERATE",
    "COOPERATE",
    "COOPERATE",
    "COOPERATE",
    "DEFECT",
    "DEFECT",
    "COOPERATE",
    "COOPERATE",
    "COOPERATE",
    "COOPERATE",
    "COOPERATE",
    "COOPERATE",
    "COOPERATE",
    "COOPERATE",
    "COOPERATE",
    "COOPERATE",
    "COOPERATE",
    "COOPERATE",
    "COOPERATE",
    "COOPERATE",
    "COOPERATE",
    "COOPERATE",
    "COOPERATE",
    "COOPERATE",
    "COOPERATE",
    "COOPERATE",
    "COOPERATE",
    "COOPERATE",
    "COOPERATE",
    "COOPERATE"
  ],
  "llm_responses": [
    "THINKING: This is the first round with no history, so I'll start by cooperating to signal willingness to cooperate and see how the opponent responds.  \nACTION: COOPERATE",
    "THINKING: Since the opponent cooperated in the first round and has a 100% cooperation rate so far, cooperating now encourages mutual cooperation and builds trust for higher future payoffs.  \nACTION: COOPERATE",
    "THINKING: Both players have cooperated in the first two rounds, leading to mutual benefit. Since the opponent has a 100% cooperation rate so far, cooperating again continues the mutually beneficial outcome and builds trust.\n\nACTION: COOPERATE",
    "THINKING: The opponent has cooperated 100% so far, and mutual cooperation yields the highest long-term payoff.  \nACTION: COOPERATE",
    "THINKING: The opponent has cooperated 100% of the time so far, and my total payoff is currently zero because I have always cooperated while they have defected in at least one early round (since my payoff is 0). To improve my score, I should test their response by defecting now.\n\nACTION: DEFECT",
    "THINKING: The opponent has been highly cooperative overall (80% cooperation rate), but they just defected in the last round. Given my total payoff is currently zero, I should try to rebuild mutual cooperation, so I'll respond with cooperation to encourage future cooperation.  \nACTION: COOPERATE",
    "THINKING: The opponent has a 67% cooperation rate but just defected last round; they may be testing my response. My high cooperation rate (83%) might be exploited if I don't retaliate occasionally to encourage cooperation.\n\nACTION: DEFECT",
    "THINKING: Opponent has cooperated 71% of the time and just cooperated last round, suggesting they are conditionally cooperative. My total payoff is currently zero, so I need to build mutual cooperation to improve my score.  \nACTION: COOPERATE",
    "THINKING: The opponent has a high cooperation rate and just cooperated last round, so cooperating now is likely to lead to mutual cooperation and a payoff of 3, which is better than risking mutual defection for 1.\n\nACTION: COOPERATE",
    "THINKING: With both cooperation rates at 78% and the opponent recently cooperating, mutual cooperation yields the best long-term payoff. Defecting now risks triggering retaliation and lowering future gains.  \nACTION: COOPERATE",
    "THINKING: With both cooperation rates at 80% and the opponent highly cooperative recently, mutual cooperation yields the best long-term payoff. Defecting now risks breaking the cooperative pattern.  \nACTION: COOPERATE",
    "THINKING: The opponent has been highly cooperative (82% cooperation rate) and just cooperated last round. Mutual cooperation yields the best long-term payoff, and defecting now could break trust and reduce future gains.\n\nACTION: COOPERATE",
    "THINKING: Opponent has been highly cooperative (83% rate) and just cooperated last round. My total payoff is currently zero, so I need to build mutual cooperation to improve my score. Defecting now could break trust and reduce future gains.\n\nACTION: COOPERATE",
    "THINKING: Both of us have high cooperation rates, and the opponent has been consistently cooperative recently. Mutual cooperation yields the best long-term payoff in a repeated game.\n\nACTION: COOPERATE",
    "THINKING: With both of us cooperating at 86% and the opponent recently cooperating, mutual cooperation yields the highest joint payoff. Defecting risks breaking the cooperative pattern and lowering future payoffs.\n\nACTION: COOPERATE",
    "THINKING: Both of us have high cooperation rates and the opponent just cooperated, so continuing to cooperate is likely to maximize mutual payoff.  \nACTION: COOPERATE",
    "THINKING: With both cooperation rates at 88% and the opponent highly cooperative, mutual cooperation yields the best long-term payoff. Defecting risks breaking trust and lowering future gains.  \nACTION: COOPERATE",
    "THINKING: The opponent has been highly cooperative (88% rate) and just cooperated last round. In a repeated Prisoner's Dilemma with a cooperative opponent, mutual cooperation yields the best long-term payoff.  \nACTION: COOPERATE",
    "THINKING: Both of us have high cooperation rates and the opponent just cooperated, so mutual cooperation is likely and gives the best collective payoff.  \nACTION: COOPERATE",
    "THINKING: Both of us have been highly cooperative (89% each), and the opponent just cooperated last round. Continuing to cooperate maximizes mutual payoff in this repeated game.\n\nACTION: COOPERATE",
    "THINKING: The opponent has been highly cooperative (90% cooperation rate) and just cooperated last round. In a repeated Prisoner's Dilemma with a cooperative opponent, mutual cooperation yields the best long-term payoff.\n\nACTION: COOPERATE",
    "THINKING: Opponent has been highly cooperative (90% rate) and just cooperated last round. Mutual cooperation yields the highest long-term payoff, and defecting now risks breaking trust.  \nACTION: COOPERATE",
    "THINKING: Both of us have been highly cooperative (91% each), and the opponent just cooperated last round. In a repeated Prisoner's Dilemma with high mutual cooperation, sticking with cooperation maximizes long-term payoff.\n\nACTION: COOPERATE",
    "THINKING: Both of us have been highly cooperative (91% each), and the opponent just cooperated last round. In a repeated Prisoner's Dilemma with a cooperative opponent, mutual cooperation yields the best long-term payoff.  \nACTION: COOPERATE",
    "THINKING: Both of us have been highly cooperative (92% each), leading to mutual benefit in most rounds. Continuing to cooperate is likely to maintain high payoffs.\n\nACTION: COOPERATE",
    "THINKING: Both of us have been highly cooperative (92% each), leading to mutual benefit historically. Continuing to cooperate maximizes long-term payoff in a repeated game.  \nACTION: COOPERATE",
    "THINKING: Both of us have been highly cooperative (92%), and mutual cooperation yields the best long-term payoff. Defecting now risks breaking this beneficial pattern.\n\nACTION: COOPERATE",
    "THINKING: Opponent has been highly cooperative (93%), and mutual cooperation yields the best long-term payoff. Defecting now risks breaking trust and reducing future gains.\n\nACTION: COOPERATE",
    "THINKING: With both cooperation rates at 93% and a highly cooperative history, mutual cooperation yields the best ongoing payoff. Defecting now risks breaking trust and lowering future payoffs.  \nACTION: COOPERATE",
    "THINKING: Both of us have been highly cooperative (93% each), leading to mutual benefit. Continuing to cooperate maximizes long-term payoff in this repeated game.\n\nACTION: COOPERATE"
  ]
}