{
  "experiment": "exp6_baseline",
  "game": "prisoners_dilemma",
  "provider": "deepseek",
  "baseline": "AlwaysDefect",
  "trial": 26,
  "rounds": 30,
  "payoff": 29,
  "coop_rate": 0.03333333333333333,
  "llm_history": [
    "COOPERATE",
    "DEFECT",
    "DEFECT",
    "DEFECT",
    "DEFECT",
    "DEFECT",
    "DEFECT",
    "DEFECT",
    "DEFECT",
    "DEFECT",
    "DEFECT",
    "DEFECT",
    "DEFECT",
    "DEFECT",
    "DEFECT",
    "DEFECT",
    "DEFECT",
    "DEFECT",
    "DEFECT",
    "DEFECT",
    "DEFECT",
    "DEFECT",
    "DEFECT",
    "DEFECT",
    "DEFECT",
    "DEFECT",
    "DEFECT",
    "DEFECT",
    "DEFECT",
    "DEFECT"
  ],
  "opp_history": [
    "DEFECT",
    "DEFECT",
    "DEFECT",
    "DEFECT",
    "DEFECT",
    "DEFECT",
    "DEFECT",
    "DEFECT",
    "DEFECT",
    "DEFECT",
    "DEFECT",
    "DEFECT",
    "DEFECT",
    "DEFECT",
    "DEFECT",
    "DEFECT",
    "DEFECT",
    "DEFECT",
    "DEFECT",
    "DEFECT",
    "DEFECT",
    "DEFECT",
    "DEFECT",
    "DEFECT",
    "DEFECT",
    "DEFECT",
    "DEFECT",
    "DEFECT",
    "DEFECT",
    "DEFECT"
  ],
  "llm_responses": [
    "THINKING: This is the first round with no history, so I'll start by cooperating to signal willingness to cooperate and see how the opponent responds.  \nACTION: COOPERATE",
    "THINKING: Opponent defected in the first round, and my cooperation rate is 100% while theirs is 0%. Starting with a defection suggests they may be playing a strategy like Always Defect. I should defect to avoid being exploited again.\n\nACTION: DEFECT",
    "THINKING: The opponent has defected in both previous rounds, so they are likely playing a strategy that defects often. To maximize my payoff, I should defect to avoid being exploited.\n\nACTION: DEFECT",
    "THINKING: The opponent has defected every round so far and has a 0% cooperation rate, so continuing to cooperate will likely lead to more losses.  \nACTION: DEFECT",
    "THINKING: The opponent has defected every round so far, and my cooperation rate is low because I've mostly defected too. Continuing to defect is the safest choice to avoid being exploited.\n\nACTION: DEFECT",
    "THINKING: The opponent has defected every round so far, and my cooperation has only led to losses. Continuing to cooperate is unlikely to change their behavior, so I should defect to minimize my losses.\n\nACTION: DEFECT",
    "THINKING: The opponent has always defected so far, and my cooperation has led to zero payoff. Continuing to cooperate is unlikely to change their behavior, so I should defect to minimize losses.\n\nACTION: DEFECT",
    "THINKING: The opponent has defected every round so far and has a 0% cooperation rate, so cooperating again is unlikely to change their behavior and will just cost me more payoff.  \nACTION: DEFECT",
    "THINKING: The opponent has defected every round so far, and my cooperation has only hurt my score. Continuing to cooperate is unlikely to change their behavior.  \nACTION: DEFECT",
    "THINKING: The opponent has defected every round so far, and my cooperation rate is low because I likely tried cooperating early but got punished. Continuing to cooperate against an always-defect strategy only hurts my score.\n\nACTION: DEFECT",
    "THINKING: The opponent has defected every round so far, and my cooperation rate is high but I have zero total payoff because they always exploit me. Continuing to cooperate is not rational.\n\nACTION: DEFECT",
    "THINKING: The opponent has consistently defected in all previous rounds, and my cooperation has only led to losses. Continuing to cooperate is not rational in this scenario.\n\nACTION: DEFECT",
    "THINKING: The opponent has always defected so far, and my cooperation has led to zero payoff. Continuing to cooperate is not rational in a repeated Prisoner's Dilemma against an always-defecting opponent.  \nACTION: DEFECT",
    "THINKING: The opponent has defected in every previous round, and my cooperation has only led to losses. Continuing to cooperate is not rational.  \nACTION: DEFECT",
    "THINKING: The opponent has defected in every previous round and has a 0% cooperation rate, so cooperating now would likely just give them another advantage.\n\nACTION: DEFECT",
    "THINKING: The opponent has consistently defected every round, and my cooperation has only led to losses. Continuing to cooperate is not rational in this scenario.  \nACTION: DEFECT",
    "THINKING: The opponent has always defected so far, and my cooperation has led to zero payoff. Continuing to cooperate is not rational in this repeated game given their consistent defection.  \nACTION: DEFECT",
    "THINKING: The opponent has defected 100% of the time, so they are playing \"Always Defect.\" Cooperating now would only give me 0 points while defecting gives me 1 point. There is no incentive to cooperate.\n\nACTION: DEFECT",
    "THINKING: The opponent has defected every round so far, and my cooperation has only led to losses. Continuing to cooperate is not rational.  \nACTION: DEFECT",
    "THINKING: The opponent has defected 100% of the time, so cooperating again would just yield another payoff of 0. The best response to an always-defect strategy is to defect to at least get 1 point instead of 0.  \nACTION: DEFECT",
    "THINKING: The opponent has defected in every previous round, and my cooperation rate is low, so there's no indication they will start cooperating now. Defecting ensures I avoid the worst payoff.\n\nACTION: DEFECT",
    "THINKING: The opponent has defected 100% of the time, and cooperating against a constant defector yields the worst payoff for me.  \nACTION: DEFECT",
    "THINKING: The opponent has defected 100% of the time, and cooperating now would only give me 0 points while defecting gives at least 1.  \nACTION: DEFECT",
    "THINKING: The opponent has defected in all 23 previous rounds, showing no willingness to cooperate, so cooperating now would only give them another opportunity to exploit me.  \nACTION: DEFECT",
    "THINKING: The opponent has consistently defected for 24 rounds, showing no willingness to cooperate. My cooperation rate is already low, so defecting is the rational choice to avoid exploitation and maximize my payoff in this round.\n\nACTION: DEFECT",
    "THINKING: The opponent has defected in every round so far, and my cooperation has only led to losses. Continuing to cooperate is not rational.\n\nACTION: DEFECT",
    "THINKING: The opponent has defected in every previous round, so cooperating now would only give them a higher payoff at my expense.  \nACTION: DEFECT",
    "THINKING: The opponent has always defected, so cooperating again would just give them another high payoff at my expense.  \nACTION: DEFECT",
    "THINKING: The opponent has always defected, and my cooperation has led to zero payoff so far. Defecting now at least guarantees a payoff of 1 instead of 0.  \nACTION: DEFECT",
    "THINKING: The opponent has almost always defected, and my cooperation has led to zero payoff so far. Continuing to cooperate is not beneficial.  \nACTION: DEFECT"
  ]
}