{
  "experiment": "exp6_baseline",
  "game": "prisoners_dilemma",
  "provider": "openai",
  "baseline": "GrimTrigger",
  "trial": 26,
  "rounds": 30,
  "payoff": 90,
  "coop_rate": 1.0,
  "llm_history": [
    "COOPERATE",
    "COOPERATE",
    "COOPERATE",
    "COOPERATE",
    "COOPERATE",
    "COOPERATE",
    "COOPERATE",
    "COOPERATE",
    "COOPERATE",
    "COOPERATE",
    "COOPERATE",
    "COOPERATE",
    "COOPERATE",
    "COOPERATE",
    "COOPERATE",
    "COOPERATE",
    "COOPERATE",
    "COOPERATE",
    "COOPERATE",
    "COOPERATE",
    "COOPERATE",
    "COOPERATE",
    "COOPERATE",
    "COOPERATE",
    "COOPERATE",
    "COOPERATE",
    "COOPERATE",
    "COOPERATE",
    "COOPERATE",
    "COOPERATE"
  ],
  "opp_history": [
    "COOPERATE",
    "COOPERATE",
    "COOPERATE",
    "COOPERATE",
    "COOPERATE",
    "COOPERATE",
    "COOPERATE",
    "COOPERATE",
    "COOPERATE",
    "COOPERATE",
    "COOPERATE",
    "COOPERATE",
    "COOPERATE",
    "COOPERATE",
    "COOPERATE",
    "COOPERATE",
    "COOPERATE",
    "COOPERATE",
    "COOPERATE",
    "COOPERATE",
    "COOPERATE",
    "COOPERATE",
    "COOPERATE",
    "COOPERATE",
    "COOPERATE",
    "COOPERATE",
    "COOPERATE",
    "COOPERATE",
    "COOPERATE",
    "COOPERATE"
  ],
  "llm_responses": [
    "THINKING: Since this is the first round with no history or pattern to analyze, cooperating sets a foundation for mutual trust and maximizes potential long-term payoffs if the opponent also cooperates. Defecting immediately could lead to a less cooperative dynamic.\n\nACTION: COOPERATE",
    "THINKING: Given the opponent’s 100% cooperation rate and the mutual benefits of cooperation, maintaining cooperation builds trust and maximizes long-term payoffs. Defecting now risks losing future cooperation.  \n\nACTION: COOPERATE",
    "THINKING: So far, the opponent has cooperated 100% of the time, suggesting they are playing a cooperative strategy. Maintaining mutual cooperation maximizes long-term payoffs in the Prisoner's Dilemma and builds trust.\n\nACTION: COOPERATE",
    "THINKING: The opponent has consistently cooperated in all previous rounds, and mutual cooperation leads to the best collective payoff. Defecting now could break trust and lead to lower payoffs in future rounds.  \nACTION: COOPERATE",
    "THINKING: The opponent has maintained a perfect cooperation rate, and mutual cooperation yields a higher payoff (3) than mutual defection (1). Breaking trust now would harm the long-term benefits of cooperation.  \nACTION: COOPERATE",
    "THINKING: Both the opponent and I have maintained a perfect cooperation rate so far, which has maximized mutual payoffs. Breaking this trust by defecting now could ruin our beneficial dynamic in future rounds.  \n\nACTION: COOPERATE",
    "THINKING: Both my opponent and I have cooperated in all rounds so far, leading to mutual high payoffs. Maintaining cooperation ensures continued trust and maximizes long-term gains in this repeated game. \n\nACTION: COOPERATE",
    "THINKING: Both I and the Opponent have cooperated consistently, showing mutual trust and maximizing payoffs. Defecting now would risk breaking this trust and reducing long-term rewards.\n\nACTION: COOPERATE",
    "THINKING: The opponent has consistently cooperated in all past rounds, and maintaining mutual cooperation maximizes long-term payoffs. Defecting now could break trust and lead to lower payoffs in future rounds.\n\nACTION: COOPERATE",
    "THINKING: Both you and your opponent have been consistently cooperating, resulting in mutually beneficial outcomes. Maintaining cooperation ensures continued high payoffs for both parties.  \nACTION: COOPERATE  ",
    "THINKING: The opponent has shown consistent cooperation (100% rate) over 10 rounds, and mutual cooperation yields the best long-term payoff for both players. Defecting now risks breaking the trust and reducing overall payoffs.  \n\nACTION: COOPERATE",
    "THINKING: Both I and my opponent have demonstrated consistent cooperation, and defecting now could jeopardize the mutually beneficial relationship we've established. Continuing to cooperate maximizes long-term payoffs in this scenario.  \nACTION: COOPERATE  ",
    "THINKING: The opponent has consistently cooperated in all previous rounds, and deviating from cooperation could break the mutual trust we have built. Continuing to cooperate maximizes long-term payoffs in this scenario.\n\nACTION: COOPERATE",
    "THINKING: The opponent has consistently cooperated in all 13 rounds, demonstrating a strategy of mutual cooperation. To maximize long-term payoffs and maintain trust, I should continue cooperating.\n\nACTION: COOPERATE",
    "THINKING: Both my opponent and I have cooperated 100% so far, leading to mutual trust and optimal payoffs. Defecting now would break this mutually beneficial dynamic and could lead to worse outcomes in future rounds.\n\nACTION: COOPERATE",
    "THINKING: The opponent has consistently cooperated in all previous rounds, suggesting a highly cooperative strategy. To maximize long-term payoffs and maintain mutual trust, continuing to cooperate is the best strategy.  \n\nACTION: COOPERATE",
    "THINKING: Given both players' consistent cooperation and the payoff matrix, continuing to cooperate ensures mutual benefit and maintains trust, avoiding mutual defection, which yields significantly lower payoffs. Defecting would undermine the established cooperative dynamic.  \n\nACTION: COOPERATE",
    "THINKING: Both my opponent and I have cooperated consistently for all 17 rounds, leading to maximum mutual payoffs. Defecting now would break the trust and potentially lead to worse outcomes in future rounds.\n\nACTION: COOPERATE",
    "THINKING: Both my cooperation rate and the opponent's cooperation rate are 100%, indicating a mutually beneficial strategy. Defecting now would break trust and likely lead to both sides defecting in future rounds, reducing overall payoffs.  \nACTION: COOPERATE",
    "THINKING: The opponent has cooperated consistently in all rounds, resulting in mutual benefits. Defecting now would break trust and jeopardize future cooperation, which is not optimal in a repeated game.\n\nACTION: COOPERATE",
    "THINKING: Both players have shown complete cooperation so far, resulting in a mutually beneficial outcome. Defecting now could break trust and reduce long-term payoffs. Maintaining cooperation maximizes steady gains.  \nACTION: COOPERATE",
    "THINKING: Both I and my opponent have consistently cooperated, building a foundation of mutual trust and maximizing payoffs for both of us. Defecting now would break this trust and likely lead to worse outcomes in future rounds.  \n\nACTION: COOPERATE",
    "THINKING: The opponent has consistently cooperated in all 22 previous rounds, maintaining a 100% cooperation rate. To maximize long-term payoffs and sustain mutual trust, it is optimal to continue cooperating.\n\nACTION: COOPERATE",
    "THINKING: The opponent has maintained a perfect cooperation rate, showing trust and commitment to mutual benefit. Defecting now would break that trust and potentially trigger retaliation, leading to worse outcomes in the long run.\n\nACTION: COOPERATE",
    "THINKING: The opponent has shown consistent cooperation with a 100% cooperation rate, which has led to mutual benefits in every round. Defecting now risks damaging the established trust and reducing long-term payoffs.  \n\nACTION: COOPERATE",
    "THINKING: The opponent has consistently cooperated for 25 rounds, maintaining a 100% cooperation rate. Mutual cooperation maximizes long-term payoffs in this scenario, and defecting now could unnecessarily disrupt the trust built so far.\n\nACTION: COOPERATE",
    "THINKING: The opponent has consistently cooperated for all 26 rounds, showing a highly cooperative strategy. Since mutual cooperation yields the best long-term payoff in this scenario, it's beneficial to maintain trust and continue cooperating.\n\nACTION: COOPERATE",
    "THINKING: The opponent has demonstrated perfect cooperation throughout the game, and mutual cooperation yields the best long-term payoff. Defecting now would break the trust and potentially lead to worse outcomes in future rounds.\n\nACTION: COOPERATE",
    "THINKING: Both you and the opponent have consistently cooperated for 28 rounds, resulting in mutual high payoffs. Maintaining cooperation will likely continue to maximize long-term gains for both players.  \n\nACTION: COOPERATE",
    "THINKING: The opponent has maintained a 100% cooperation rate throughout the game, indicating a highly trustworthy strategy. Mutual cooperation maximizes long-term payoffs, and defecting now would damage the trust built so far.\n\nACTION: COOPERATE"
  ]
}