{
  "experiment": "exp6_baseline",
  "game": "prisoners_dilemma",
  "provider": "deepseek",
  "baseline": "GenerousTitForTat",
  "trial": 2,
  "rounds": 30,
  "payoff": 88,
  "coop_rate": 0.9333333333333333,
  "llm_history": [
    "COOPERATE",
    "COOPERATE",
    "COOPERATE",
    "COOPERATE",
    "COOPERATE",
    "COOPERATE",
    "COOPERATE",
    "COOPERATE",
    "COOPERATE",
    "COOPERATE",
    "COOPERATE",
    "COOPERATE",
    "DEFECT",
    "COOPERATE",
    "DEFECT",
    "COOPERATE",
    "COOPERATE",
    "COOPERATE",
    "COOPERATE",
    "COOPERATE",
    "COOPERATE",
    "COOPERATE",
    "COOPERATE",
    "COOPERATE",
    "COOPERATE",
    "COOPERATE",
    "COOPERATE",
    "COOPERATE",
    "COOPERATE",
    "COOPERATE"
  ],
  "opp_history": [
    "COOPERATE",
    "COOPERATE",
    "COOPERATE",
    "COOPERATE",
    "COOPERATE",
    "COOPERATE",
    "COOPERATE",
    "COOPERATE",
    "COOPERATE",
    "COOPERATE",
    "COOPERATE",
    "COOPERATE",
    "COOPERATE",
    "DEFECT",
    "COOPERATE",
    "DEFECT",
    "COOPERATE",
    "COOPERATE",
    "COOPERATE",
    "COOPERATE",
    "COOPERATE",
    "COOPERATE",
    "COOPERATE",
    "COOPERATE",
    "COOPERATE",
    "COOPERATE",
    "COOPERATE",
    "COOPERATE",
    "COOPERATE",
    "COOPERATE"
  ],
  "llm_responses": [
    "THINKING: This is the first round with no history, so I'll start by cooperating to signal willingness to cooperate and see how the opponent responds.  \nACTION: COOPERATE",
    "THINKING: The opponent cooperated in round 1, and both cooperation rates are 100%. In early rounds, cooperating builds trust for mutual benefit.  \nACTION: COOPERATE",
    "THINKING: The opponent has cooperated in both previous rounds, and my cooperation rate is 100%. Since we are both cooperating, I am currently getting 3 points per round, which is a good outcome. To encourage continued mutual cooperation, I should cooperate again.\n\nACTION: COOPERATE",
    "THINKING: Opponent has cooperated 100% so far, and my total payoff is currently zero because I've been cooperating while they might have defected earlier. However, the history shows only 3 rounds with them cooperating each time, so mutual cooperation yields the best long-term payoff.  \nACTION: COOPERATE",
    "THINKING: Opponent has cooperated 100% of the time so far, and my total payoff is zero, meaning I've been cooperating while they've been defecting in previous rounds (since only mutual defection or being exploited gives me 0). Given their recent pattern of cooperating, they may be trying to build trust, so cooperating now could lead to mutual gains.\n\nACTION: COOPERATE",
    "THINKING: The opponent has cooperated 100% of the time so far, and mutual cooperation yields a good payoff. Defecting now risks breaking this cooperative pattern and lowering future payoffs.\n\nACTION: COOPERATE",
    "THINKING: The opponent has cooperated 100% of the time so far, and mutual cooperation yields the best long-term payoff. Defecting now risks breaking this beneficial pattern.\n\nACTION: COOPERATE",
    "THINKING: The opponent has cooperated 100% of the time so far, and mutual cooperation yields the highest long-term payoff. Defecting now risks breaking this beneficial pattern.\n\nACTION: COOPERATE",
    "THINKING: The opponent has cooperated 100% of the time so far, and mutual cooperation yields the highest long-term payoff. Defecting now risks breaking this beneficial pattern.\n\nACTION: COOPERATE",
    "THINKING: The opponent has cooperated 100% of the time so far, and mutual cooperation yields a good payoff. Defecting now risks breaking the cooperative pattern and lowering future payoffs.  \nACTION: COOPERATE",
    "THINKING: The opponent has cooperated 100% of the time so far, and mutual cooperation yields the best long-term payoff. Defecting now risks breaking this beneficial pattern.\n\nACTION: COOPERATE",
    "THINKING: The opponent has cooperated in all 11 previous rounds, and my total payoff is currently 0, meaning I've been cooperating while they've been cooperating. Defecting now would give me a short-term gain of 5, but risks breaking the mutual cooperation and future payoffs.\n\nACTION: COOPERATE",
    "THINKING: The opponent has cooperated in all 12 rounds, and my total payoff is currently 0, meaning I have been cooperating while they have been defecting. This suggests the opponent is actually defecting despite the reported 100% cooperation rate, so I should defect to protect myself.\n\nACTION: DEFECT",
    "THINKING: The opponent has cooperated 100% of the time, making them extremely predictable and trustworthy. My total payoff is currently zero, so cooperating now maximizes mutual benefit and continues the high-reward pattern.\n\nACTION: COOPERATE",
    "THINKING: The opponent has a high cooperation rate and a recent pattern of being highly cooperative, but they defected last round. Given my total payoff is currently zero, I should defect to protect myself and potentially gain a higher payoff this round.  \n\nACTION: DEFECT",
    "THINKING: The opponent has been highly cooperative (93% rate), and mutual cooperation yields the best long-term payoff in repeated play. Defecting now risks damaging future cooperation.\n\nACTION: COOPERATE",
    "THINKING: The opponent has a high cooperation rate (88%) and is generally cooperative, but they just defected last round. This might be a test or a slip; with high mutual cooperation, it's best to forgive quickly to restore mutual gains.\n\nACTION: COOPERATE",
    "THINKING: Both of us have been highly cooperative (88% each), and the opponent just cooperated last round. Continuing mutual cooperation maximizes long-term payoff in a repeated Prisoner's Dilemma.  \nACTION: COOPERATE",
    "THINKING: With both cooperation rates at 89% and a highly cooperative recent pattern, mutual cooperation yields the best joint payoff. Defecting now risks breaking the profitable cooperative equilibrium.\n\nACTION: COOPERATE",
    "THINKING: Both of us have high cooperation rates, and the opponent just cooperated last round. Continuing to cooperate maximizes mutual payoff in this repeated game.\n\nACTION: COOPERATE",
    "THINKING: Both players have been highly cooperative (90% each), and the opponent just cooperated last round. In a repeated Prisoner's Dilemma with high mutual cooperation, continuing to cooperate is likely to maintain good payoffs and avoid triggering retaliation.\n\nACTION: COOPERATE",
    "THINKING: The opponent has been highly cooperative (90% cooperation rate), and mutual cooperation yields the best long-term payoff. Defecting now risks breaking trust and reducing future gains.  \nACTION: COOPERATE",
    "THINKING: With both cooperation rates high and the opponent consistently cooperating, mutual cooperation maximizes long-term payoff.  \nACTION: COOPERATE",
    "THINKING: Both of us have been highly cooperative (91% each), and the opponent just cooperated last round. Continuing mutual cooperation maximizes long-term payoff in this repeated game.  \nACTION: COOPERATE",
    "THINKING: Both of us have been highly cooperative (92% each), leading to mutual benefit in most rounds. Continuing to cooperate is likely to maintain high payoffs for both.\n\nACTION: COOPERATE",
    "THINKING: Both of us have been highly cooperative (92% each), leading to mutual benefit in most rounds. Continuing to cooperate maximizes long-term payoff in a repeated game with a cooperative opponent.  \nACTION: COOPERATE",
    "THINKING: Both of us have been highly cooperative (92%), and mutual cooperation yields the best long-term payoff per round.  \nACTION: COOPERATE",
    "THINKING: Both of us have been highly cooperative (93% each), and the opponent just cooperated last round. Continuing to cooperate maximizes mutual payoff in this repeated game.\n\nACTION: COOPERATE",
    "THINKING: With both cooperation rates at 93% and a highly cooperative history, mutual cooperation yields the best ongoing payoff. Defecting now risks breaking trust and losing future gains in the final rounds.  \nACTION: COOPERATE",
    "THINKING: Both of us have been highly cooperative (93% each), leading to mutual benefit. Continuing to cooperate maximizes our joint payoff in this repeated game.\n\nACTION: COOPERATE"
  ]
}