{
  "experiment": "exp6_baseline",
  "game": "prisoners_dilemma",
  "provider": "openai",
  "baseline": "Extort2",
  "trial": 21,
  "rounds": 30,
  "payoff": 65,
  "coop_rate": 0.8333333333333334,
  "llm_history": [
    "COOPERATE",
    "COOPERATE",
    "COOPERATE",
    "COOPERATE",
    "COOPERATE",
    "COOPERATE",
    "COOPERATE",
    "COOPERATE",
    "COOPERATE",
    "COOPERATE",
    "COOPERATE",
    "COOPERATE",
    "COOPERATE",
    "COOPERATE",
    "COOPERATE",
    "COOPERATE",
    "COOPERATE",
    "COOPERATE",
    "COOPERATE",
    "COOPERATE",
    "COOPERATE",
    "COOPERATE",
    "COOPERATE",
    "COOPERATE",
    "DEFECT",
    "COOPERATE",
    "DEFECT",
    "DEFECT",
    "DEFECT",
    "DEFECT"
  ],
  "opp_history": [
    "COOPERATE",
    "COOPERATE",
    "COOPERATE",
    "COOPERATE",
    "COOPERATE",
    "COOPERATE",
    "COOPERATE",
    "COOPERATE",
    "COOPERATE",
    "COOPERATE",
    "COOPERATE",
    "COOPERATE",
    "COOPERATE",
    "COOPERATE",
    "COOPERATE",
    "COOPERATE",
    "COOPERATE",
    "COOPERATE",
    "DEFECT",
    "DEFECT",
    "DEFECT",
    "COOPERATE",
    "COOPERATE",
    "DEFECT",
    "DEFECT",
    "DEFECT",
    "DEFECT",
    "DEFECT",
    "DEFECT",
    "DEFECT"
  ],
  "llm_responses": [
    "THINKING: Since this is the first round and there is no historical data to analyze, cooperating could build trust and potentially encourage mutual cooperation in subsequent rounds. However, defecting might maximize immediate payoff if the opponent defects. I will prioritize long-term strategy.  \nACTION: COOPERATE",
    "THINKING: Both the opponent and I have cooperated so far, which has led to mutual benefit. Since the opponent's cooperation rate is 100% and there is no evidence of defection, continuing to cooperate builds trust and maximizes long-term payoffs. \n\nACTION: COOPERATE",
    "THINKING: Both I and Opponent have cooperated 100% so far, and mutual cooperation leads to the best long-term payoff. Since there’s no indication of betrayal, continuing to cooperate maximizes trust and potential gains.  \nACTION: COOPERATE  ",
    "THINKING: Both my cooperation rate and the opponent's cooperation rate are 100%, indicating mutual trust and a highly cooperative dynamic. Defecting now would disrupt this trust and likely lead to lower long-term payoffs. \n\nACTION: COOPERATE",
    "THINKING: Both I and the opponent have shown consistent cooperation so far, which maximizes mutual payoff. Defecting now would betray the established trust and likely lead to retaliation in future rounds, reducing overall payoffs.\n\nACTION: COOPERATE",
    "THINKING: So far, both I and the opponent have cooperated in all rounds, resulting in mutual gains. The opponent has shown consistent cooperation, and breaking this pattern now could harm future payoffs. Cooperation maximizes long-term outcomes in this situation.\n\nACTION: COOPERATE",
    "THINKING: The opponent has consistently cooperated, and mutual cooperation yields the highest joint payoff. Maintaining cooperation helps build trust and ensures long-term benefits. \n\nACTION: COOPERATE",
    "THINKING: The opponent has consistently cooperated in all previous rounds, showing a highly cooperative strategy. Maintaining mutual cooperation ensures a steady payoff of 3 for both parties, which is better than risking mutual defection or breaking trust.\n\nACTION: COOPERATE",
    "THINKING: The opponent has shown consistent cooperation in all rounds, indicating a strong likelihood to cooperate again. Continuing to cooperate maximizes long-term payoffs in this mutual strategy.  \n\nACTION: COOPERATE",
    "THINKING: The opponent has been consistently cooperative, and mutual cooperation is the best outcome for both players, maximizing overall payoffs. Defecting now could break trust and lead to reduced payoffs in future rounds.  \nACTION: COOPERATE",
    "THINKING: The opponent has consistently cooperated in all previous rounds, and mutual cooperation yields a high payoff for both. Defecting now could break trust and result in lower payoffs in future rounds.  \nACTION: COOPERATE  ",
    "THINKING: The opponent has cooperated in all previous rounds, indicating a highly cooperative strategy. Continuing to cooperate maximizes long-term payoffs in this repeated game scenario.\n\nACTION: COOPERATE",
    "THINKING: Both I and the Opponent have cooperated in every round so far, resulting in a high payoff for both. Maintaining mutual cooperation is the optimal strategy to maximize overall payouts in repeated games of the Prisoner's Dilemma. \n\nACTION: COOPERATE",
    "THINKING: The opponent has consistently cooperated, and mutual cooperation maximizes the payoff for both players. Defecting would break the trust and reduce long-term gains.  \nACTION: COOPERATE  ",
    "THINKING: The opponent has consistently cooperated in all 14 rounds, and mutual cooperation yields a higher overall payoff than defecting. Maintaining trust and cooperation maximizes long-term outcomes.  \nACTION: COOPERATE  ",
    "THINKING: The Opponent has consistently cooperated in all previous rounds, and mutual cooperation has the highest long-term payoff in this game. Breaking this pattern risks destabilizing trust, which could lead to lower payoffs for me in future rounds.  \nACTION: COOPERATE",
    "THINKING: Both my opponent and I have cooperated in every round so far, leading to mutual trust and maximizing payoffs. Defecting now would break this trust and could lead to suboptimal outcomes in future rounds.  \nACTION: COOPERATE",
    "THINKING: Both I and the Opponent have cooperated consistently across all rounds, maximizing mutual payoffs. Breaking this pattern risks losing trust and reducing future payoffs. \n\nACTION: COOPERATE",
    "THINKING: Opponent has cooperated consistently in all previous rounds, maintaining a 100% cooperation rate. Continuing to cooperate maximizes mutual payoff and fosters trust in the repeated game.  \n\nACTION: COOPERATE",
    "THINKING: The opponent has been highly cooperative (95% cooperation rate), and their recent defection could be a test or an anomaly. Maintaining cooperation could help rebuild trust and maximize long-term payoffs.  \n\nACTION: COOPERATE",
    "THINKING: The opponent has been highly cooperative throughout the game (90% cooperation rate) but defected in the last round. This could either be a test or a strategy shift. To maintain trust and encourage cooperation, I will continue cooperating for now.\n\nACTION: COOPERATE",
    "THINKING: The opponent has a high cooperation rate (86%) but defected in the last round, possibly testing my response. To encourage mutual cooperation and maintain long-term rewards, I should cooperate and test if the opponent returns to cooperating.  \nACTION: COOPERATE",
    "THINKING: The opponent has a high cooperation rate (86%) and cooperated in the last round, suggesting they are likely to continue cooperating. Defecting now could disrupt this cooperative dynamic and result in lower long-term payoffs.\n\nACTION: COOPERATE",
    "THINKING: The opponent has demonstrated a high cooperation rate (87%), indicating a general willingness to cooperate. To maximize long-term payoffs and maintain mutual trust, I should reciprocate their cooperative behavior.  \n\nACTION: COOPERATE",
    "THINKING: The opponent has a high cooperation rate (83%) but defected in the last round. To encourage mutual cooperation and avoid exploitation, I will defect this round as a signal that I won't tolerate consistent defection.  \n\nACTION: DEFECT",
    "THINKING: The opponent has a relatively high cooperation rate (80%) but defected in the last round, possibly testing my response. Given my high cooperation rate (96%), maintaining trust and encouraging cooperation is beneficial for maximizing long-term payoffs.\n\nACTION: COOPERATE",
    "THINKING: The opponent's recent pattern of mostly defecting suggests they may be exploiting my high cooperation rate. To avoid further one-sided losses, it is prudent to defect this round to protect my payoff. \n\nACTION: DEFECT",
    "THINKING: Opponent's recent behavior suggests a tendency to defect, despite a high overall cooperation rate. To avoid being exploited further and to disincentivize their defections, defecting in this round is the strategic choice.  \n\nACTION: DEFECT",
    "THINKING: My opponent has recently been defecting, and their cooperation rate is significantly lower than mine. To maximize my payoff and avoid exploitation, defecting seems to be the rational choice.  \n\nACTION: DEFECT",
    "THINKING: The opponent has been mostly defecting recently, indicating a lack of trust or a shift toward exploiting my cooperative strategy. To minimize losses and potentially signal a shift in my strategy, I should defect in this round.\n\nACTION: DEFECT"
  ]
}