{
  "experiment": "exp6_baseline",
  "game": "prisoners_dilemma",
  "provider": "openai",
  "baseline": "GrimTrigger",
  "trial": 1,
  "rounds": 30,
  "payoff": 90,
  "coop_rate": 1.0,
  "llm_history": [
    "COOPERATE",
    "COOPERATE",
    "COOPERATE",
    "COOPERATE",
    "COOPERATE",
    "COOPERATE",
    "COOPERATE",
    "COOPERATE",
    "COOPERATE",
    "COOPERATE",
    "COOPERATE",
    "COOPERATE",
    "COOPERATE",
    "COOPERATE",
    "COOPERATE",
    "COOPERATE",
    "COOPERATE",
    "COOPERATE",
    "COOPERATE",
    "COOPERATE",
    "COOPERATE",
    "COOPERATE",
    "COOPERATE",
    "COOPERATE",
    "COOPERATE",
    "COOPERATE",
    "COOPERATE",
    "COOPERATE",
    "COOPERATE",
    "COOPERATE"
  ],
  "opp_history": [
    "COOPERATE",
    "COOPERATE",
    "COOPERATE",
    "COOPERATE",
    "COOPERATE",
    "COOPERATE",
    "COOPERATE",
    "COOPERATE",
    "COOPERATE",
    "COOPERATE",
    "COOPERATE",
    "COOPERATE",
    "COOPERATE",
    "COOPERATE",
    "COOPERATE",
    "COOPERATE",
    "COOPERATE",
    "COOPERATE",
    "COOPERATE",
    "COOPERATE",
    "COOPERATE",
    "COOPERATE",
    "COOPERATE",
    "COOPERATE",
    "COOPERATE",
    "COOPERATE",
    "COOPERATE",
    "COOPERATE",
    "COOPERATE",
    "COOPERATE"
  ],
  "llm_responses": [
    "THINKING: Since this is the first round and there is no history or pattern to analyze, cooperating may encourage mutual trust and lead to higher payoffs in future rounds. Defecting might risk setting a negative tone for the game.  \nACTION: COOPERATE",
    "THINKING: Since the opponent cooperated in the first round and has a 100% cooperation rate, maintaining mutual cooperation maximizes the payoff for both players. Defecting now risks breaking trust and lowers long-term gains.\n\nACTION: COOPERATE",
    "THINKING: The opponent has consistently cooperated, and maintaining mutual cooperation yields the best long-term payoff in this game. Defecting now would risk breaking trust and lead to less favorable outcomes in future rounds. \n\nACTION: COOPERATE",
    "THINKING: Both my cooperation rate and the opponent's cooperation rate are 100%, indicating mutual trust and a highly cooperative dynamic. Defecting now would disrupt the established trust and likely lead to lower payoffs in future rounds if the opponent reacts negatively.\n\nACTION: COOPERATE",
    "THINKING: Both you and your opponent have maintained a 100% cooperation rate, leading to mutual benefits and trust. Continuing to cooperate ensures the highest long-term payoff in this repeated game.  \n\nACTION: COOPERATE",
    "THINKING: Both I and the opponent have consistently cooperated in all previous rounds, and the opponent has shown a highly cooperative pattern. Continuing to cooperate maximizes mutual payoff and maintains trust.  \nACTION: COOPERATE",
    "THINKING: Both the opponent and I have maintained full cooperation, resulting in mutual benefits so far. Defecting now would risk breaking the trust and the mutually beneficial dynamic.  \n\nACTION: COOPERATE",
    "THINKING: Both I and the Opponent have consistently cooperated, resulting in mutual benefits. There is no indication of betrayal from the Opponent, and sustaining cooperation maximizes long-term payoffs.  \nACTION: COOPERATE",
    "THINKING: Both I and the Opponent have maintained a 100% cooperation rate so far, which has led to consistent mutual gains. Breaking this trust by defecting risks disrupting the cooperative dynamic and could lead to reduced payoffs in future rounds.\n\nACTION: COOPERATE",
    "THINKING: The opponent has consistently cooperated in all previous rounds, showing a highly cooperative pattern. Maintaining mutual cooperation ensures the highest payoff for both players.\n\nACTION: COOPERATE",
    "THINKING: Both I and the Opponent have cooperated in every round so far, maintaining mutual trust and maximizing collective payoffs. Defecting now could jeopardize this trust, reducing future payoffs.\n\nACTION: COOPERATE",
    "THINKING: The opponent has been fully cooperative throughout all 11 rounds, and mutual cooperation maximizes the total payoff for both players. Defecting risks breaking the cooperative dynamic and reducing long-term payoffs.\n\nACTION: COOPERATE",
    "THINKING: The opponent has consistently cooperated in all previous rounds, maintaining a 100% cooperation rate. To sustain mutual benefit and maximize long-term payoffs, continuing to cooperate aligns with the spirit of reciprocity.\n\nACTION: COOPERATE",
    "THINKING: Both I and my opponent have displayed consistent cooperation, leading to mutual benefit. Breaking this pattern by defecting could harm trust and long-term outcomes.  \n\nACTION: COOPERATE",
    "THINKING: The opponent has been consistently cooperative for 14 rounds, showing high trustworthiness. Maintaining cooperation maximizes mutual payoff and builds trust for future rounds.\n\nACTION: COOPERATE",
    "THINKING: Both my cooperation rate and the opponent's cooperation rate are 100%, and the opponent has shown consistent cooperation. Defecting now would break trust and harm the mutual benefits we've been achieving.\n\nACTION: COOPERATE",
    "THINKING: The opponent has consistently cooperated in all previous rounds, and defecting now would break mutual trust, potentially leading to lower payoffs in subsequent rounds. Continuing to cooperate maximizes both players' payoffs in a long-term repeated game.  \nACTION: COOPERATE",
    "THINKING: Both my opponent and I have consistently cooperated, maintaining a mutually beneficial outcome. Breaking this trust by defecting could jeopardize future cooperation and harm my long-term payoff.  \nACTION: COOPERATE",
    "THINKING: Both you and your opponent have consistently cooperated, resulting in mutually beneficial payoffs. Defecting now risks breaking the trust and harming future payoffs. Staying cooperative aligns with the established pattern and maximizes long-term gains.  \n\nACTION: COOPERATE  ",
    "THINKING: The opponent has been consistently cooperative, with a 100% cooperation rate across 19 rounds. Maintaining cooperation ensures mutual benefit, while defecting risks breaking trust and reducing long-term payoffs.\n\nACTION: COOPERATE",
    "THINKING: Both I and my opponent have cooperated 100% of the time, resulting in mutual benefits. Breaking the trust now by defecting would risk damaging the established cooperative equilibrium and may lead to lower payoffs in future rounds.\n\nACTION: COOPERATE",
    "THINKING: Both I and my opponent have maintained a 100% cooperation rate, which has maximized mutual payoff so far. Defecting now would break trust and likely lead to lower payoffs in future rounds.  \nACTION: COOPERATE",
    "THINKING: Both my opponent and I have consistently cooperated in all previous rounds, leading to maximum mutual payoffs. Breaking this pattern by defecting would risk losing trust and future cooperative payoffs. Maintaining cooperation is the best long-term strategy.  \nACTION: COOPERATE",
    "THINKING: The opponent has consistently cooperated every round, and mutual cooperation maximizes collective payoff. Defecting now would betray the trust established and could lead to both defecting in future rounds, lowering long-term payoffs.\n\nACTION: COOPERATE",
    "THINKING: My opponent has shown consistent cooperation throughout all previous rounds, and mutual cooperation yields the highest payoff for both players. Defecting now could break the trust and lead to lower payoffs in future rounds.  \n\nACTION: COOPERATE",
    "THINKING: Both you and the opponent have consistently cooperated for all prior rounds, establishing mutual trust and maximizing shared payoffs. Continuing cooperation will likely maintain this beneficial dynamic.\n\nACTION: COOPERATE",
    "THINKING: Both my opponent and I have consistently cooperated in all rounds so far, leading to a mutually beneficial outcome. Defecting now would break the trust and risk future cooperation.\n\nACTION: COOPERATE",
    "THINKING: The opponent has consistently cooperated in all past rounds, and mutual cooperation yields the maximum long-term payoff for both players. Defecting now would break trust and could lead to a breakdown of cooperation.\n\nACTION: COOPERATE",
    "THINKING: Given the opponent's consistent cooperation across all rounds and the mutual benefit of cooperation (3 points each), maintaining cooperation sustains trust and maximizes long-term payoffs. Defection would risk damaging this cooperative dynamic.  \nACTION: COOPERATE",
    "THINKING: The opponent has shown consistent cooperation throughout the game. Defecting now would break mutual trust and likely reduce future payoffs, while cooperating ensures continued high returns for both.  \nACTION: COOPERATE"
  ]
}