{
  "experiment": "exp6_baseline",
  "game": "prisoners_dilemma",
  "provider": "deepseek",
  "baseline": "GrimTrigger",
  "trial": 8,
  "rounds": 30,
  "payoff": 38,
  "coop_rate": 0.26666666666666666,
  "llm_history": [
    "COOPERATE",
    "COOPERATE",
    "COOPERATE",
    "COOPERATE",
    "DEFECT",
    "COOPERATE",
    "COOPERATE",
    "DEFECT",
    "COOPERATE",
    "DEFECT",
    "COOPERATE",
    "DEFECT",
    "DEFECT",
    "DEFECT",
    "DEFECT",
    "DEFECT",
    "DEFECT",
    "DEFECT",
    "DEFECT",
    "DEFECT",
    "DEFECT",
    "DEFECT",
    "DEFECT",
    "DEFECT",
    "DEFECT",
    "DEFECT",
    "DEFECT",
    "DEFECT",
    "DEFECT",
    "DEFECT"
  ],
  "opp_history": [
    "COOPERATE",
    "COOPERATE",
    "COOPERATE",
    "COOPERATE",
    "COOPERATE",
    "DEFECT",
    "DEFECT",
    "DEFECT",
    "DEFECT",
    "DEFECT",
    "DEFECT",
    "DEFECT",
    "DEFECT",
    "DEFECT",
    "DEFECT",
    "DEFECT",
    "DEFECT",
    "DEFECT",
    "DEFECT",
    "DEFECT",
    "DEFECT",
    "DEFECT",
    "DEFECT",
    "DEFECT",
    "DEFECT",
    "DEFECT",
    "DEFECT",
    "DEFECT",
    "DEFECT",
    "DEFECT"
  ],
  "llm_responses": [
    "THINKING: This is the first round with no history, so I'll start with cooperation to signal willingness to cooperate and see how the opponent responds.  \nACTION: COOPERATE",
    "THINKING: Since the opponent cooperated in the first round and has a 100% cooperation rate, starting with cooperation is a good sign. I should reciprocate to encourage mutual cooperation and build trust.\n\nACTION: COOPERATE",
    "THINKING: Both players have cooperated in the first two rounds, and the opponent has a 100% cooperation rate. Starting with mutual cooperation is promising for building trust and maximizing long-term payoff.\n\nACTION: COOPERATE",
    "THINKING: The opponent has cooperated 100% so far, so cooperating again likely continues mutual cooperation for high payoffs.  \nACTION: COOPERATE",
    "THINKING: The opponent has cooperated 100% of the time so far, and my total payoff is currently zero because I have always cooperated while they have defected in at least one early round (since my payoff is 0.0). To maximize my payoff, I should exploit their consistent cooperation by defecting now.\n\nACTION: DEFECT",
    "THINKING: The opponent has cooperated 100% of the time so far, and my high cooperation rate (80%) has yielded a total payoff of 0, meaning they have likely defected against me at least once. However, their recent pattern is \"highly cooperative,\" so continuing to cooperate may sustain mutual cooperation for better long-term payoffs.\n\nACTION: COOPERATE",
    "THINKING: The opponent has been highly cooperative overall (83%), but they just defected last round. In a repeated Prisoner's Dilemma with a cooperative opponent, forgiving a single defection can help restore mutual cooperation and maximize long-term payoff.  \nACTION: COOPERATE",
    "THINKING: The opponent has a high cooperation rate overall but defected last round, suggesting possible tit-for-tat or testing behavior. My total payoff is currently zero, so I need to avoid being exploited while encouraging mutual cooperation.\n\nACTION: DEFECT",
    "THINKING: The opponent has a moderate cooperation rate but just defected last round; given my high cooperation rate, I should try to restore mutual cooperation by cooperating now.  \nACTION: COOPERATE",
    "THINKING: Opponent has a mixed pattern but recently defected; my high cooperation rate may be exploited. To discourage further defection, I should defect this round to signal I won't be taken advantage of.\n\nACTION: DEFECT",
    "THINKING: The opponent has a 50% cooperation rate and just defected last round, suggesting they may be responsive to my actions. My cooperation rate is high (70%), so cooperating now might encourage future cooperation and improve my long-term payoff.\n\nACTION: COOPERATE",
    "THINKING: The opponent has a low cooperation rate and recently defected, so continuing to cooperate is likely to lead to further exploitation and a poor payoff.  \nACTION: DEFECT",
    "THINKING: The opponent has a low cooperation rate and mostly defects recently, so cooperating now is likely to lead to a poor payoff for me.  \nACTION: DEFECT",
    "THINKING: The opponent has been defecting more often than cooperating recently, and my total payoff is currently zero, so continuing to cooperate is unlikely to improve my score.  \nACTION: DEFECT",
    "THINKING: The opponent has been defecting consistently recently, and my cooperation rate is already high, so cooperating again would likely lead to another loss this round.  \nACTION: DEFECT",
    "THINKING: The opponent has a low cooperation rate and is currently in a pattern of always defecting. Continuing to cooperate would likely result in a payoff of 0, while defecting guarantees at least 1.\n\nACTION: DEFECT",
    "THINKING: The opponent has a low cooperation rate and recently always defects, so cooperating now would likely lead to a poor payoff for me.  \nACTION: DEFECT",
    "THINKING: The opponent has a low cooperation rate and recently always defects, so cooperating now would likely result in a poor payoff for me.  \nACTION: DEFECT",
    "THINKING: The opponent has a low cooperation rate and has been defecting consistently, so cooperating now would likely lead to a poor payoff for me.  \nACTION: DEFECT",
    "THINKING: The opponent has a low cooperation rate and is currently always defecting, so cooperating now would likely result in a loss for me.  \nACTION: DEFECT",
    "THINKING: The opponent has a low cooperation rate and recently always defects, so cooperating now would likely yield a low payoff. Defecting ensures I get at least 1 point instead of risking 0.  \nACTION: DEFECT",
    "THINKING: The opponent has a very low cooperation rate and is currently in a pattern of always defecting, so cooperating now would likely result in a poor payoff for me.  \nACTION: DEFECT",
    "THINKING: The opponent has a very low cooperation rate and is currently always defecting, so cooperating now would likely just give them a higher payoff at my expense.  \nACTION: DEFECT",
    "THINKING: The opponent has a low cooperation rate and recently always defects, so cooperating now is unlikely to yield a better payoff.  \nACTION: DEFECT",
    "THINKING: The opponent has been defecting consistently, and my cooperation rate is already low, so cooperating now would likely just give them another high payoff at my expense.  \nACTION: DEFECT",
    "THINKING: The opponent has a very low cooperation rate and has been defecting consistently, so cooperating now would likely result in a poor payoff for me.  \nACTION: DEFECT",
    "THINKING: The opponent has a very low cooperation rate and is currently always defecting, so cooperating now would likely lead to a poor payoff for me.  \nACTION: DEFECT",
    "THINKING: The opponent has a very low cooperation rate and is currently in a pattern of always defecting, so cooperating now would likely result in a poor payoff for me.  \nACTION: DEFECT",
    "THINKING: The opponent has a low cooperation rate and has been consistently defecting recently, so cooperating now would likely lead to a poor payoff for me.  \nACTION: DEFECT",
    "THINKING: The opponent has a very low cooperation rate and is currently always defecting, so cooperating now would likely just give them a higher payoff at my expense.  \nACTION: DEFECT"
  ]
}