{
  "experiment": "exp6_baseline",
  "game": "prisoners_dilemma",
  "provider": "deepseek",
  "baseline": "Extort2",
  "trial": 23,
  "rounds": 30,
  "payoff": 40,
  "coop_rate": 0.2,
  "llm_history": [
    "COOPERATE",
    "COOPERATE",
    "COOPERATE",
    "COOPERATE",
    "DEFECT",
    "COOPERATE",
    "COOPERATE",
    "DEFECT",
    "DEFECT",
    "DEFECT",
    "DEFECT",
    "DEFECT",
    "DEFECT",
    "DEFECT",
    "DEFECT",
    "DEFECT",
    "DEFECT",
    "DEFECT",
    "DEFECT",
    "DEFECT",
    "DEFECT",
    "DEFECT",
    "DEFECT",
    "DEFECT",
    "DEFECT",
    "DEFECT",
    "DEFECT",
    "DEFECT",
    "DEFECT",
    "DEFECT"
  ],
  "opp_history": [
    "COOPERATE",
    "COOPERATE",
    "COOPERATE",
    "COOPERATE",
    "COOPERATE",
    "DEFECT",
    "DEFECT",
    "DEFECT",
    "DEFECT",
    "DEFECT",
    "DEFECT",
    "DEFECT",
    "DEFECT",
    "DEFECT",
    "DEFECT",
    "DEFECT",
    "DEFECT",
    "DEFECT",
    "DEFECT",
    "DEFECT",
    "DEFECT",
    "DEFECT",
    "DEFECT",
    "DEFECT",
    "DEFECT",
    "DEFECT",
    "DEFECT",
    "DEFECT",
    "DEFECT",
    "DEFECT"
  ],
  "llm_responses": [
    "THINKING: This is the first round with no history, so I'll start by cooperating to signal willingness to cooperate and see how the opponent responds.  \nACTION: COOPERATE",
    "THINKING: Opponent cooperated in round 1, and with no reason to defect yet, cooperating continues building mutual trust for higher long-term payoffs.  \nACTION: COOPERATE",
    "THINKING: Both players have cooperated in the first two rounds, and the opponent has a 100% cooperation rate so far. Starting with mutual cooperation is promising, so I'll continue cooperating to build trust and maintain the high payoff outcome.\n\nACTION: COOPERATE",
    "THINKING: The opponent has cooperated 100% of the time so far, and mutual cooperation yields a good payoff. Defecting now risks breaking this cooperative pattern and lowering future payoffs.\n\nACTION: COOPERATE",
    "THINKING: The opponent has cooperated 100% of the time so far, and my total payoff is currently zero, meaning I have been cooperating while they have been defecting in previous rounds (since payoff is 0 only when I cooperate and they defect). Therefore, they are likely a defector despite the stated 100% cooperation rate, so I should defect.\n\nACTION: DEFECT",
    "THINKING: The opponent has cooperated 100% of the time, and my high cooperation rate (80%) has likely built trust. Continuing to cooperate maximizes mutual payoff in this round.\n\nACTION: COOPERATE",
    "THINKING: The opponent has been highly cooperative overall (83% cooperation rate), but they just defected last round. Given my total payoff is currently zero, I should try to rebuild mutual cooperation to improve my score, so I'll respond with cooperation to encourage future cooperation.\n\nACTION: COOPERATE",
    "THINKING: The opponent has a high cooperation rate overall but defected last round, suggesting they may be testing my response. Since my total payoff is currently zero, I need to avoid being exploited while encouraging future cooperation.  \n\nACTION: DEFECT",
    "THINKING: The opponent has a mixed pattern but recently defected, and my cooperation rate is high. To encourage future cooperation, I should reciprocate their last action by defecting this round.  \nACTION: DEFECT",
    "THINKING: The opponent has a mixed/conditional strategy and just defected last round; to avoid being exploited, I should defect now to signal I won't tolerate defection.  \nACTION: DEFECT",
    "THINKING: The opponent has a 50% cooperation rate overall, but they defected last round. Given my cooperation rate is higher, they may be testing my response to defection; I should retaliate to avoid being exploited.\n\nACTION: DEFECT",
    "THINKING: The opponent has mostly been defecting recently and has a lower cooperation rate than me, so continuing to cooperate is likely to result in a poor payoff for me this round.  \nACTION: DEFECT",
    "THINKING: The opponent has been defecting more often than cooperating, and recently defected. My cooperation rate is already 50%, so to protect my payoff I should defect this round.\n\nACTION: DEFECT",
    "THINKING: Opponent has been defecting most of the time recently, and my total payoff is currently zero, so continuing to cooperate is unlikely to improve my score.  \nACTION: DEFECT",
    "THINKING: The opponent has been defecting consistently recently, and my cooperation rate is already low, so cooperating now is unlikely to change their behavior or improve my payoff.\n\nACTION: DEFECT",
    "THINKING: The opponent has been defecting consistently recently, and my cooperation rate is already low, so defecting is the safer choice to avoid exploitation.  \nACTION: DEFECT",
    "THINKING: The opponent has a low cooperation rate and is currently in a pattern of always defecting. Given that they are likely to defect again, cooperating would yield me 0 points while defecting ensures at least 1 point.  \nACTION: DEFECT",
    "THINKING: The opponent has been defecting consistently recently, and my cooperation rate is higher than theirs, so cooperating now likely just loses me more payoff.  \nACTION: DEFECT",
    "THINKING: The opponent has a low cooperation rate and recently always defects, so cooperating now would likely result in a payoff of 0. Defecting ensures at least 1 point and matches their likely move.  \nACTION: DEFECT",
    "THINKING: The opponent has a low cooperation rate and is currently always defecting, so cooperating now would likely result in a poor payoff for me.  \nACTION: DEFECT",
    "THINKING: The opponent has a low cooperation rate and recent pattern of always defecting, so defecting is the safer choice to avoid a payoff of 0.  \nACTION: DEFECT",
    "THINKING: The opponent has been defecting consistently, and my cooperation has yielded zero payoff so far. Continuing to cooperate is unlikely to change their behavior, so I should defect to minimize losses.  \nACTION: DEFECT",
    "THINKING: The opponent has a very low cooperation rate and is currently in a pattern of always defecting; cooperating now would likely result in a payoff of 0 with no strategic benefit.  \nACTION: DEFECT",
    "THINKING: The opponent has been defecting consistently, and my cooperation has led to zero payoff so far. Continuing to cooperate is unlikely to change their behavior.  \nACTION: DEFECT",
    "THINKING: The opponent has a very low cooperation rate and has been consistently defecting recently, so cooperating now would likely lead to a poor payoff for me.  \nACTION: DEFECT",
    "THINKING: The opponent has been defecting consistently, and my cooperation has only led to losses. Continuing to cooperate is not rational here.  \nACTION: DEFECT",
    "THINKING: The opponent has a very low cooperation rate and is currently always defecting, so cooperating now would likely result in a loss for me.  \n\nACTION: DEFECT",
    "THINKING: The opponent has a very low cooperation rate and is currently always defecting, so cooperating would likely result in a loss for me.  \nACTION: DEFECT",
    "THINKING: The opponent has a very low cooperation rate and is currently in a pattern of always defecting. Given the repeated nature and the fact that they are consistently defecting, the rational choice is to defect as well to avoid being exploited.\n\nACTION: DEFECT",
    "THINKING: The opponent has a very low cooperation rate and is currently in a pattern of always defecting, so cooperating now would likely result in a loss for me.  \n\nACTION: DEFECT"
  ]
}