{
  "experiment": "exp6_baseline",
  "game": "prisoners_dilemma",
  "provider": "openai",
  "baseline": "GenerousTitForTat",
  "trial": 27,
  "rounds": 30,
  "payoff": 90,
  "coop_rate": 1.0,
  "llm_history": [
    "COOPERATE",
    "COOPERATE",
    "COOPERATE",
    "COOPERATE",
    "COOPERATE",
    "COOPERATE",
    "COOPERATE",
    "COOPERATE",
    "COOPERATE",
    "COOPERATE",
    "COOPERATE",
    "COOPERATE",
    "COOPERATE",
    "COOPERATE",
    "COOPERATE",
    "COOPERATE",
    "COOPERATE",
    "COOPERATE",
    "COOPERATE",
    "COOPERATE",
    "COOPERATE",
    "COOPERATE",
    "COOPERATE",
    "COOPERATE",
    "COOPERATE",
    "COOPERATE",
    "COOPERATE",
    "COOPERATE",
    "COOPERATE",
    "COOPERATE"
  ],
  "opp_history": [
    "COOPERATE",
    "COOPERATE",
    "COOPERATE",
    "COOPERATE",
    "COOPERATE",
    "COOPERATE",
    "COOPERATE",
    "COOPERATE",
    "COOPERATE",
    "COOPERATE",
    "COOPERATE",
    "COOPERATE",
    "COOPERATE",
    "COOPERATE",
    "COOPERATE",
    "COOPERATE",
    "COOPERATE",
    "COOPERATE",
    "COOPERATE",
    "COOPERATE",
    "COOPERATE",
    "COOPERATE",
    "COOPERATE",
    "COOPERATE",
    "COOPERATE",
    "COOPERATE",
    "COOPERATE",
    "COOPERATE",
    "COOPERATE",
    "COOPERATE"
  ],
  "llm_responses": [
    "THINKING: In the first round, there is no history to analyze, and cooperation can help establish trust and possibly lead to better outcomes in repeated interactions. Starting with cooperation is often a good strategy to gauge the opponent's intentions.\n\nACTION: COOPERATE",
    "THINKING: Based on the opponent's full cooperation in the first round and the absence of a betrayal pattern, continuing to cooperate maximizes mutual payoff and builds trust. Defection would risk breaking reciprocity early in the game.  \nACTION: COOPERATE",
    "THINKING: So far, both I and the Opponent have cooperated consistently, suggesting mutual trust and a strategy that maximizes shared payoffs. Maintaining cooperation ensures a higher long-term payoff for both parties.\n\nACTION: COOPERATE",
    "THINKING: The opponent has consistently cooperated in all previous rounds, showing a highly cooperative pattern. Defecting now could break mutual trust and potentially lead to worse payoffs in future rounds.\n\nACTION: COOPERATE",
    "THINKING: Both I and my opponent have been fully cooperative so far, leading to mutual benefit. Maintaining cooperation ensures continued high payoffs and builds trust for future rounds.  \nACTION: COOPERATE",
    "THINKING: The opponent has consistently cooperated in all previous rounds, and mutual cooperation leads to the best long-term payoffs. Breaking trust now would jeopardize the cooperative relationship and result in lower payoffs for both parties over time.\n\nACTION: COOPERATE",
    "THINKING: Both players have maintained 100% cooperation so far, leading to optimal mutual payoffs. Breaking this pattern by defecting risks losing the opponent's trust and ultimately lower payoffs in future rounds. Continuing to cooperate maximizes long-term benefits.\n\nACTION: COOPERATE",
    "THINKING: The opponent has consistently cooperated, indicating a highly cooperative strategy. Maintaining mutual cooperation ensures the maximum payoff for both, and defecting risks losing the trust and long-term benefits.\n\nACTION: COOPERATE",
    "THINKING: The opponent has shown a consistent pattern of cooperation and has a 100% cooperation rate. Maintaining mutual cooperation ensures that both of us maximize our payoffs.\n\nACTION: COOPERATE",
    "THINKING: The opponent has maintained a 100% cooperation rate and appears highly trustworthy, benefiting both of us equally. Defecting would risk breaking the mutually beneficial dynamic and jeopardize future payoffs.  \nACTION: COOPERATE  ",
    "THINKING: The opponent has consistently cooperated in all 10 rounds, fostering a mutually beneficial dynamic. Defecting now would betray trust and could lead to long-term losses if the opponent retaliates.  \n\nACTION: COOPERATE",
    "THINKING: Both my opponent and I have cooperated in every round so far, resulting in mutual high payoffs. Maintaining cooperation preserves trust and maximizes long-term benefits in this repeated game scenario.\n\nACTION: COOPERATE",
    "THINKING: Both my cooperation rate and the opponent's cooperation rate are 100%, indicating mutual trust and an optimal payoff strategy. Defecting now would break this trust and likely result in lower payoffs in future rounds.  \n\nACTION: COOPERATE  ",
    "THINKING: Both I and the Opponent have maintained a perfect cooperation rate so far, yielding steady payoffs. Breaking this pattern by defecting would jeopardize mutual trust and long-term gains.  \nACTION: COOPERATE",
    "THINKING: The opponent has consistently cooperated in every round (100% cooperation rate), and mutual cooperation yields a higher payoff (3) than mutual defection (1). Defecting now could jeopardize the trust and cooperation pattern, which is beneficial in the long term.\n\nACTION: COOPERATE",
    "THINKING: The opponent has consistently cooperated in every round, indicating a highly cooperative strategy. Continuing to cooperate maximizes mutual payoff and maintains trust in this repeated game.\n\nACTION: COOPERATE",
    "THINKING: Both I and my opponent have cooperated in every round so far, resulting in mutual benefit. Defecting now would break trust and likely lead to lower payoffs in future rounds.  \nACTION: COOPERATE",
    "THINKING: Both I and the Opponent have maintained perfect cooperation so far, resulting in optimal payoffs for both. Defecting now would break the trust and likely lead to suboptimal payoffs in future rounds.\n\nACTION: COOPERATE",
    "THINKING: Both you and your opponent have been consistently cooperative, resulting in mutual high payoffs. Changing strategy now would risk breaking the established trust and lower overall payoffs in the long term.\n\nACTION: COOPERATE",
    "THINKING: Both my opponent and I have maintained a 100% cooperation rate, which has maximized mutual payoffs so far. There is no indication that the opponent will defect, so continuing to cooperate ensures mutual benefit.\n\nACTION: COOPERATE",
    "THINKING: The opponent has demonstrated consistent cooperation throughout the game, and defecting now would betray mutual trust. Continuing to cooperate maximizes long-term payoffs and maintains the cooperative dynamic.\n\nACTION: COOPERATE",
    "THINKING: Both the Opponent and I have fully cooperated for all rounds, maintaining mutual trust and maximizing payoffs. Defecting now would break this trust and likely result in lower payoffs in future rounds.  \n\nACTION: COOPERATE",
    "THINKING: Since the opponent has consistently cooperated in every round, defecting would break the mutual trust and likely lead to reduced payoffs in future rounds. Maintaining cooperation preserves the optimal outcome for both players.\n\nACTION: COOPERATE",
    "THINKING: Both I and the Opponent have cooperated in every round so far, leading to a high mutual payoff. Defecting now would break trust and could cause the Opponent to retaliate in future rounds, reducing long-term payoffs.\n\nACTION: COOPERATE",
    "THINKING: Both I and the opponent have cooperated in every round so far, resulting in mutual trust and maximum payoffs. Breaking this pattern by defecting would damage this trust and likely lead to lower payoffs in subsequent rounds.\n\nACTION: COOPERATE",
    "THINKING: Both I and the Opponent have consistently cooperated in all previous rounds, resulting in mutual gains. Breaking this pattern by defecting would damage trust and likely lead to lower payoffs in future rounds.  \nACTION: COOPERATE",
    "THINKING: The opponent has consistently cooperated in all previous rounds, and maintaining mutual cooperation maximizes the payoff for both parties. Breaking the cooperative streak risks damaging trust and reducing future payoffs.  \n\nACTION: COOPERATE",
    "THINKING: The opponent has consistently cooperated, and maintaining mutual cooperation maximizes the payoff for both players. Defecting would break trust and lead to worse outcomes over time.  \nACTION: COOPERATE",
    "THINKING: Both I and my opponent have cooperated consistently for 28 rounds, resulting in a mutually beneficial outcome. Maintaining cooperation ensures long-term rewards and avoids risking trust or breaking the established pattern.  \nACTION: COOPERATE",
    "THINKING: Both I and the Opponent have cooperated consistently, resulting in mutual benefit. Maintaining cooperation ensures continued optimal payoffs for both of us. Defecting now would break trust and likely lead to worse outcomes in future rounds.\n\nACTION: COOPERATE"
  ]
}