{
  "experiment": "exp6_baseline",
  "game": "prisoners_dilemma",
  "provider": "deepseek",
  "baseline": "GrimTrigger",
  "trial": 28,
  "rounds": 30,
  "payoff": 51,
  "coop_rate": 0.3333333333333333,
  "llm_history": [
    "COOPERATE",
    "COOPERATE",
    "COOPERATE",
    "COOPERATE",
    "COOPERATE",
    "COOPERATE",
    "COOPERATE",
    "COOPERATE",
    "COOPERATE",
    "DEFECT",
    "DEFECT",
    "DEFECT",
    "COOPERATE",
    "DEFECT",
    "DEFECT",
    "DEFECT",
    "DEFECT",
    "DEFECT",
    "DEFECT",
    "DEFECT",
    "DEFECT",
    "DEFECT",
    "DEFECT",
    "DEFECT",
    "DEFECT",
    "DEFECT",
    "DEFECT",
    "DEFECT",
    "DEFECT",
    "DEFECT"
  ],
  "opp_history": [
    "COOPERATE",
    "COOPERATE",
    "COOPERATE",
    "COOPERATE",
    "COOPERATE",
    "COOPERATE",
    "COOPERATE",
    "COOPERATE",
    "COOPERATE",
    "COOPERATE",
    "DEFECT",
    "DEFECT",
    "DEFECT",
    "DEFECT",
    "DEFECT",
    "DEFECT",
    "DEFECT",
    "DEFECT",
    "DEFECT",
    "DEFECT",
    "DEFECT",
    "DEFECT",
    "DEFECT",
    "DEFECT",
    "DEFECT",
    "DEFECT",
    "DEFECT",
    "DEFECT",
    "DEFECT",
    "DEFECT"
  ],
  "llm_responses": [
    "THINKING: This is the first round with no history, so I'll start with cooperation to signal willingness to cooperate and see how the opponent responds.  \nACTION: COOPERATE",
    "THINKING: Since the opponent cooperated in the first round and has a 100% cooperation rate, starting with cooperation is a good sign. I should reciprocate to encourage mutual cooperation and build trust.\n\nACTION: COOPERATE",
    "THINKING: The opponent has cooperated in both previous rounds, and my cooperation rate is high, so continuing to cooperate may sustain mutual cooperation for higher payoffs.  \nACTION: COOPERATE",
    "THINKING: The opponent has cooperated 100% so far, and mutual cooperation yields the highest long-term payoff. Defecting now risks breaking trust and reducing future gains.\n\nACTION: COOPERATE",
    "THINKING: Opponent has cooperated 100% of the time so far, and my total payoff is currently zero, meaning I've been cooperating while they've been cooperating. Continuing to cooperate maintains mutual benefit.\n\nACTION: COOPERATE",
    "THINKING: Opponent has cooperated every round so far, and my total payoff is currently zero because I've always cooperated. Continuing to cooperate seems likely to maintain mutual cooperation and improve my payoff.\n\nACTION: COOPERATE",
    "THINKING: The opponent has cooperated 100% of the time, and mutual cooperation yields the highest long-term payoff. Defecting now risks breaking this beneficial pattern.\n\nACTION: COOPERATE",
    "THINKING: The opponent has cooperated 100% of the time so far, and mutual cooperation yields the highest long-term payoff. Defecting now risks breaking the cooperative pattern and reducing future gains.  \nACTION: COOPERATE",
    "THINKING: The opponent has cooperated 100% of the time so far, and mutual cooperation yields the highest collective payoff. My total payoff is currently 0, so I need to build mutual cooperation to improve it.\n\nACTION: COOPERATE",
    "THINKING: The opponent has cooperated 100% of the time so far, and my total payoff is currently zero because I have always cooperated. To improve my score, I should exploit their consistent cooperation by defecting now.\n\nACTION: DEFECT",
    "THINKING: The opponent has cooperated 100% of the time so far, and my total payoff is zero, meaning I've been exploited when I cooperated. To improve my score, I should defect now to claim a higher payoff.\n\nACTION: DEFECT",
    "THINKING: The opponent has been highly cooperative overall (91%), but they just defected last round. Given my high cooperation rate, they might be testing me, so I should retaliate to avoid being exploited.  \nACTION: DEFECT",
    "THINKING: The opponent has been highly cooperative overall (83%), but they just defected last round. Given my total payoff is currently zero, I should try to restore mutual cooperation to improve my score, so I'll cooperate to signal willingness to return to cooperation.\n\nACTION: COOPERATE",
    "THINKING: The opponent has a high cooperation rate (77%) but just defected last round, possibly testing my response. Given my own high cooperation rate, a retaliatory defect might break the cycle and push them back toward cooperation in future rounds.\n\nACTION: DEFECT",
    "THINKING: Opponent has a high cooperation rate but just defected last round, suggesting possible retaliation or testing. My total payoff is zero, so I need to avoid being exploited while encouraging cooperation.\n\nACTION: DEFECT",
    "THINKING: Opponent has a 67% cooperation rate and recently defected, but my total payoff is zero, so I need to be more cautious. Given the mixed pattern, defecting now may protect me from further exploitation while still allowing future cooperation if they reciprocate.\n\nACTION: DEFECT",
    "THINKING: The opponent has a 62% cooperation rate but recently mostly defects, and they just defected last round. Given my total payoff is zero, I need to be cautious and likely retaliate to avoid exploitation.\n\nACTION: DEFECT",
    "THINKING: The opponent has mostly been defecting recently and our cooperation rates are equal, but my total payoff is zero, indicating I've been exploited when cooperating. To protect myself and possibly improve my score, I should defect this round.\n\nACTION: DEFECT",
    "THINKING: The opponent has been defecting recently and has a 56% cooperation rate overall, but my total payoff is currently zero, so I need to try to improve my score. Given their recent pattern, cooperating risks a low payoff, so defecting is safer and might match their likely move.\n\nACTION: DEFECT",
    "THINKING: The opponent has a 53% cooperation rate overall, but their recent pattern is \"always defects.\" Since they just defected last round and are likely to defect again, I should defect to avoid being exploited.  \nACTION: DEFECT",
    "THINKING: The opponent has a 50% cooperation rate overall, but their recent pattern is \"always defects.\" Given they just defected last round and are likely to defect again, cooperating would yield 0 points while defecting yields at least 1.  \nACTION: DEFECT",
    "THINKING: The opponent's recent pattern is always defecting, and they just defected last round. My cooperation rate is similar to theirs, but they are currently exploiting any cooperation. Defecting now protects me from a sucker's payoff and may signal I won't be exploited.\n\nACTION: DEFECT",
    "THINKING: The opponent has been defecting recently and has a low cooperation rate overall, so cooperating now would likely lead to a poor payoff for me.  \nACTION: DEFECT",
    "THINKING: The opponent's recent pattern is always defecting, and my cooperation has been exploited. To maximize my payoff, I should defect as well.\n\nACTION: DEFECT",
    "THINKING: The opponent has been always defecting recently, and my cooperation rate is low, so defecting now is the safest choice to avoid exploitation.\n\nACTION: DEFECT",
    "THINKING: The opponent has been defecting consistently recently, and with a low overall cooperation rate, continuing to cooperate will likely result in a poor payoff for me. Given the repeated defections, the best response is to defect to protect my own score.\n\nACTION: DEFECT",
    "THINKING: The opponent has been always defecting recently and has a low cooperation rate overall, so cooperating now would likely lead to a poor payoff for me.  \nACTION: DEFECT",
    "THINKING: The opponent has been defecting consistently recently, and my cooperation rate is low, so continuing to defect is the safest choice to avoid exploitation.  \nACTION: DEFECT",
    "THINKING: The opponent has been defecting consistently recently, and with only one round left after this, there's no realistic chance to rebuild cooperation for mutual benefit. Defecting now minimizes my risk of getting zero.\n\nACTION: DEFECT",
    "THINKING: The opponent has been defecting consistently recently and has a low cooperation rate overall, so cooperating now would likely result in a loss for me.  \nACTION: DEFECT"
  ]
}