{
  "experiment": "exp6_baseline",
  "game": "prisoners_dilemma",
  "provider": "deepseek",
  "baseline": "GrimTrigger",
  "trial": 18,
  "rounds": 30,
  "payoff": 46,
  "coop_rate": 0.4,
  "llm_history": [
    "COOPERATE",
    "COOPERATE",
    "COOPERATE",
    "COOPERATE",
    "COOPERATE",
    "COOPERATE",
    "COOPERATE",
    "COOPERATE",
    "DEFECT",
    "COOPERATE",
    "COOPERATE",
    "COOPERATE",
    "COOPERATE",
    "DEFECT",
    "DEFECT",
    "DEFECT",
    "DEFECT",
    "DEFECT",
    "DEFECT",
    "DEFECT",
    "DEFECT",
    "DEFECT",
    "DEFECT",
    "DEFECT",
    "DEFECT",
    "DEFECT",
    "DEFECT",
    "DEFECT",
    "DEFECT",
    "DEFECT"
  ],
  "opp_history": [
    "COOPERATE",
    "COOPERATE",
    "COOPERATE",
    "COOPERATE",
    "COOPERATE",
    "COOPERATE",
    "COOPERATE",
    "COOPERATE",
    "COOPERATE",
    "DEFECT",
    "DEFECT",
    "DEFECT",
    "DEFECT",
    "DEFECT",
    "DEFECT",
    "DEFECT",
    "DEFECT",
    "DEFECT",
    "DEFECT",
    "DEFECT",
    "DEFECT",
    "DEFECT",
    "DEFECT",
    "DEFECT",
    "DEFECT",
    "DEFECT",
    "DEFECT",
    "DEFECT",
    "DEFECT",
    "DEFECT"
  ],
  "llm_responses": [
    "THINKING: This is the first round with no history, so I'll start with cooperation to signal willingness to cooperate and see how the opponent responds.  \nACTION: COOPERATE",
    "THINKING: The opponent cooperated in the first round, and their cooperation rate is 100%. In a repeated Prisoner's Dilemma, starting with cooperation and reciprocating builds trust for mutual benefit.  \nACTION: COOPERATE",
    "THINKING: The opponent has cooperated in both previous rounds, and my cooperation rate is 100%. Continuing to cooperate may sustain mutual cooperation for high payoffs.  \nACTION: COOPERATE",
    "THINKING: The opponent has cooperated 100% so far, and mutual cooperation yields the highest long-term payoff.  \nACTION: COOPERATE",
    "THINKING: Opponent has cooperated 100% of the time so far, and my total payoff is currently 0, meaning I've been cooperating while they have too. Defecting now would give me a higher payoff this round, but risks retaliation in future rounds.\n\nACTION: COOPERATE",
    "THINKING: Opponent has cooperated every round so far, and my cooperation rate is 100%. Continuing to cooperate maintains mutual benefit and high payoffs.  \nACTION: COOPERATE",
    "THINKING: The opponent has cooperated 100% of the time so far, and mutual cooperation yields the highest long-term payoff. Defecting now risks breaking the cooperative equilibrium and lowering future payoffs.\n\nACTION: COOPERATE",
    "THINKING: The opponent has cooperated in all 7 previous rounds, showing a highly cooperative pattern. Continuing to cooperate maintains mutual benefit and high payoffs.  \nACTION: COOPERATE",
    "THINKING: The opponent has cooperated in all 8 previous rounds, and my total payoff is currently 0, meaning I've been cooperating while they've been defecting. This suggests I may have misread the history—if they have a 100% cooperation rate, they should be cooperating, but my payoff of 0 implies they might actually be defecting. Given the uncertainty, I should defect to test or protect myself.\n\nACTION: DEFECT",
    "THINKING: The opponent has cooperated 100% of the time, and my high cooperation rate has likely encouraged this. Defecting now would break the mutual cooperation and likely reduce my future payoffs.\n\nACTION: COOPERATE",
    "THINKING: The opponent has a 90% cooperation rate overall, but they just defected last round. Given their high cooperation history, this might be a one-time deviation, so cooperating now could restore mutual cooperation and maximize long-term payoff.\n\nACTION: COOPERATE",
    "THINKING: The opponent has a high cooperation rate (82%) and a recent pattern of being highly cooperative, despite their last action being defect. My current payoff is zero, so I need to rebuild mutual cooperation to improve my score. Given their overall tendency to cooperate, cooperating now is likely to encourage continued cooperation.\n\nACTION: COOPERATE",
    "THINKING: The opponent has a high cooperation rate overall (75%) but just defected last round. Given my high cooperation rate (92%), they might be testing me, but continuing to cooperate could encourage mutual cooperation again.  \n\nACTION: COOPERATE",
    "THINKING: The opponent has a high cooperation rate (69%) but just defected last round, possibly testing my response. My cooperation rate is very high (92%), so they may expect me to cooperate again. Defecting now could protect me from exploitation and signal I won't be taken advantage of.\n\nACTION: DEFECT",
    "THINKING: My cooperation rate is high (86%), but the opponent has defected recently and has a lower cooperation rate overall. In a repeated Prisoner's Dilemma with a conditional cooperator, defecting after their defection can protect me from exploitation and may encourage future cooperation.  \n\nACTION: DEFECT",
    "THINKING: The opponent has been defecting recently and has a lower cooperation rate than me, so continuing to cooperate is likely to result in a poor payoff for me.  \nACTION: DEFECT",
    "THINKING: The opponent has been defecting more often recently, and my total payoff is currently zero, so continuing to cooperate is not beneficial. I should defect to protect myself and possibly gain a higher payoff.\n\nACTION: DEFECT",
    "THINKING: The opponent has been defecting recently and has a lower cooperation rate than me, so continuing to cooperate is likely to lead to a poor payoff for me.  \nACTION: DEFECT",
    "THINKING: The opponent has been defecting recently and has a 50% overall cooperation rate, but given they always defect lately, cooperating now would likely lead to a low payoff.  \nACTION: DEFECT",
    "THINKING: The opponent has a recent pattern of always defecting, and their overall cooperation rate is below 50%. Continuing to cooperate will likely result in a payoff of 0, while defecting at least guarantees a payoff of 1.  \nACTION: DEFECT",
    "THINKING: The opponent has been always defecting recently, and my cooperation rate is already high, so cooperating again is unlikely to change their behavior and will just cost me more payoff.  \nACTION: DEFECT",
    "THINKING: The opponent has been defecting consistently recently, and my cooperation rate is already higher than theirs. Continuing to cooperate while they defect yields me 0 points, so I should defect to protect my payoff.\n\nACTION: DEFECT",
    "THINKING: The opponent has a low cooperation rate and is currently in a \"always defects\" pattern, so cooperating now would likely lead to a poor payoff.  \nACTION: DEFECT",
    "THINKING: The opponent has been defecting consistently recently, and my cooperation rate is already above theirs, so cooperating again likely just loses me more payoff.  \nACTION: DEFECT",
    "THINKING: The opponent has a low cooperation rate and is currently in a pattern of always defecting, so cooperating now would likely result in a payoff of 0.  \nACTION: DEFECT",
    "THINKING: The opponent has a low cooperation rate and is currently in a pattern of always defecting, so defecting is the rational choice to avoid being exploited.  \nACTION: DEFECT",
    "THINKING: The opponent has been defecting consistently recently, and my total payoff is currently zero, so cooperating again is unlikely to change their behavior or improve my score.  \nACTION: DEFECT",
    "THINKING: The opponent has been defecting consistently recently, and my cooperation has led to low payoffs. Given their pattern, defecting is the safer choice to avoid further losses.\n\nACTION: DEFECT",
    "THINKING: The opponent has been always defecting recently, and with a low overall cooperation rate, cooperating now would likely result in a payoff of 0.  \nACTION: DEFECT",
    "THINKING: The opponent has a low cooperation rate and is currently in a pattern of always defecting, so defecting is the safer choice to avoid being exploited.  \nACTION: DEFECT"
  ]
}