{
  "experiment": "exp6_baseline",
  "game": "prisoners_dilemma",
  "provider": "openai",
  "baseline": "GenerousTitForTat",
  "trial": 5,
  "rounds": 30,
  "payoff": 90,
  "coop_rate": 1.0,
  "llm_history": [
    "COOPERATE",
    "COOPERATE",
    "COOPERATE",
    "COOPERATE",
    "COOPERATE",
    "COOPERATE",
    "COOPERATE",
    "COOPERATE",
    "COOPERATE",
    "COOPERATE",
    "COOPERATE",
    "COOPERATE",
    "COOPERATE",
    "COOPERATE",
    "COOPERATE",
    "COOPERATE",
    "COOPERATE",
    "COOPERATE",
    "COOPERATE",
    "COOPERATE",
    "COOPERATE",
    "COOPERATE",
    "COOPERATE",
    "COOPERATE",
    "COOPERATE",
    "COOPERATE",
    "COOPERATE",
    "COOPERATE",
    "COOPERATE",
    "COOPERATE"
  ],
  "opp_history": [
    "COOPERATE",
    "COOPERATE",
    "COOPERATE",
    "COOPERATE",
    "COOPERATE",
    "COOPERATE",
    "COOPERATE",
    "COOPERATE",
    "COOPERATE",
    "COOPERATE",
    "COOPERATE",
    "COOPERATE",
    "COOPERATE",
    "COOPERATE",
    "COOPERATE",
    "COOPERATE",
    "COOPERATE",
    "COOPERATE",
    "COOPERATE",
    "COOPERATE",
    "COOPERATE",
    "COOPERATE",
    "COOPERATE",
    "COOPERATE",
    "COOPERATE",
    "COOPERATE",
    "COOPERATE",
    "COOPERATE",
    "COOPERATE",
    "COOPERATE"
  ],
  "llm_responses": [
    "THINKING: Since this is the first round and there is no history or pattern to analyze, cooperating can help establish trust and encourage mutual cooperation in future rounds. Starting with cooperation is common in strategies like Tit-for-Tat.  \nACTION: COOPERATE",
    "THINKING: The opponent has cooperated in the first round, and their cooperation rate is 100%. Maintaining mutual cooperation leads to the highest combined payoff and fosters trust.  \nACTION: COOPERATE",
    "THINKING: The opponent has cooperated in all previous rounds, creating a trustworthy dynamic. Continuing to cooperate maximizes mutual payoffs and builds long-term trust. Defecting now risks disrupting this beneficial equilibrium.  \nACTION: COOPERATE",
    "THINKING: The opponent has exhibited consistent cooperation with a 100% cooperation rate, suggesting trustworthiness. Maintaining cooperation will likely maximize long-term payoffs in this repeated game.  \nACTION: COOPERATE",
    "THINKING: Both I and the opponent have maintained a 100% cooperation rate so far, which has fostered mutual trust and maximized our payoffs. There is no indication that the opponent will defect, so continuing cooperation is the optimal strategy to sustain high payoffs for both parties.\n\nACTION: COOPERATE",
    "THINKING: The opponent has maintained a perfect cooperation rate and appears highly cooperative. Continuing to cooperate maximizes mutual benefits and sustains trust.\n\nACTION: COOPERATE",
    "THINKING: The opponent has been consistently cooperative, as indicated by their 100% cooperation rate and history. Continuing to cooperate maximizes mutual payoffs and fosters trust in this repeated game.  \nACTION: COOPERATE",
    "THINKING: Both I and the Opponent have consistently cooperated, resulting in mutual benefit. Changing my strategy to defect could harm long-term trust and diminish overall payoffs. Continuing cooperation seems optimal given the Opponent's highly cooperative nature.  \n\nACTION: COOPERATE  ",
    "THINKING: The opponent has been consistently cooperative with a 100% cooperation rate, and so far, mutual cooperation has resulted in the best outcomes for both players. Defecting now would break the trust and likely lead to mutual defection in the future, reducing long-term payoffs.\n\nACTION: COOPERATE",
    "THINKING: The Opponent has cooperated in every round so far, and mutual cooperation yields the highest collective payoff. Breaking the trust now could jeopardize future cooperation.  \nACTION: COOPERATE",
    "THINKING: The opponent has shown consistent cooperation throughout all rounds, indicating a highly cooperative strategy. Maintaining mutual cooperation maximizes long-term payoffs and aligns with the opponent's behavior.  \n\nACTION: COOPERATE",
    "THINKING: The opponent has consistently cooperated in all previous rounds, and mutual cooperation maximizes long-term payoffs. Defecting now would break the trust and harm the cooperative dynamic.\n\nACTION: COOPERATE",
    "THINKING: Both my opponent and I have shown perfect cooperation so far, and maintaining mutual cooperation maximizes the payout for both of us. Defecting now would break trust and reduce the long-term payoff.\n\nACTION: COOPERATE",
    "THINKING: Both I and the Opponent have cooperated in every round, maintaining mutual trust and maximizing payoffs. Defecting now would break this trust and risk collapsing cooperation in future rounds.  \nACTION: COOPERATE  ",
    "THINKING: Given the opponent's perfect cooperation history and my own cooperation rate, defecting would break the trust and potentially lead to mutual defection in future rounds, reducing long-term payoffs. Cooperation maximizes joint benefits and maintains trust in the repeated game.  \n\nACTION: COOPERATE",
    "THINKING: Both my opponent and I have been consistently cooperative, which has maximized mutual payoffs so far. Defecting now would risk losing the trust built and could lead to lower long-term payoffs.\n\nACTION: COOPERATE",
    "THINKING: Both my cooperation rate and the opponent's cooperation rate are 100%, indicating a highly cooperative dynamic thus far. Defecting now risks breaking the trust and might lead to lower long-term payoffs.\n\nACTION: COOPERATE",
    "THINKING: Given the opponent's consistent cooperation and 100% cooperation rate, it is highly likely they will continue cooperating. Mutual cooperation maximizes the payoff for both parties, and defecting now could break the trust and harm future outcomes.\n\nACTION: COOPERATE",
    "THINKING: The opponent has consistently cooperated in all rounds, demonstrating a highly cooperative strategy. Continuing to cooperate maximizes mutual payoffs and maintains the trust established so far. \n\nACTION: COOPERATE",
    "THINKING: Both I and the Opponent have consistently cooperated over the past 19 rounds, leading to mutual high payoffs. Given the Opponent's highly cooperative behavior, continuing to cooperate maximizes long-term gains and maintains trust.  \nACTION: COOPERATE",
    "THINKING: Both I and my opponent have maintained perfect cooperation so far, leading to optimal payoffs for both. Breaking this mutually beneficial pattern by defecting would harm the established trust and is unnecessary.  \nACTION: COOPERATE  ",
    "THINKING: The opponent has consistently cooperated for 21 rounds, showing a highly cooperative strategy. To maximize long-term payoff and maintain trust, I should also cooperate. \n\nACTION: COOPERATE",
    "THINKING: Both I and the Opponent have cooperated in every round, resulting in mutual trust and maximizing payoffs for both. Breaking this pattern now would harm the long-term benefits of cooperation.  \n\nACTION: COOPERATE",
    "THINKING: The opponent has cooperated in every round, showing a highly consistent and cooperative strategy. Maintaining mutual cooperation maximizes payoffs for both parties in the long term.\n\nACTION: COOPERATE",
    "THINKING: Both my opponent and I have maintained 100% cooperation so far, leading to mutual high payoffs. Breaking this streak by defecting would damage trust and likely harm future payoffs in this repeated game. \n\nACTION: COOPERATE",
    "THINKING: Both my opponent and I have consistently cooperated, leading to mutual benefit. Breaking this trust by defecting could harm future rounds and decrease long-term payoffs.\n\nACTION: COOPERATE",
    "THINKING: The opponent has maintained a 100% cooperation rate over 26 rounds, which indicates a strong commitment to mutual benefit. Maintaining cooperation is optimal to sustain high payoffs for both parties. \n\nACTION: COOPERATE",
    "THINKING: The opponent has been perfectly cooperative throughout all rounds, and mutual cooperation yields the best long-term payoff in this game. Defecting now risks breaking the trust and reducing future payoffs.\n\nACTION: COOPERATE",
    "THINKING: Both I and my opponent have consistently cooperated for the entire game, leading to mutual trust and a high payoff for both. Maintaining cooperation is the optimal strategy to maximize long-term outcomes in this repeated game.\n\nACTION: COOPERATE",
    "THINKING: Both my opponent and I have consistently cooperated, resulting in mutual high payoffs. Defecting now would break trust and likely ruin future cooperation, which is more beneficial in repeated games.  \nACTION: COOPERATE"
  ]
}