{
  "experiment": "exp6_baseline",
  "game": "prisoners_dilemma",
  "provider": "openai",
  "baseline": "AlwaysDefect",
  "trial": 23,
  "rounds": 30,
  "payoff": 29,
  "coop_rate": 0.03333333333333333,
  "llm_history": [
    "COOPERATE",
    "DEFECT",
    "DEFECT",
    "DEFECT",
    "DEFECT",
    "DEFECT",
    "DEFECT",
    "DEFECT",
    "DEFECT",
    "DEFECT",
    "DEFECT",
    "DEFECT",
    "DEFECT",
    "DEFECT",
    "DEFECT",
    "DEFECT",
    "DEFECT",
    "DEFECT",
    "DEFECT",
    "DEFECT",
    "DEFECT",
    "DEFECT",
    "DEFECT",
    "DEFECT",
    "DEFECT",
    "DEFECT",
    "DEFECT",
    "DEFECT",
    "DEFECT",
    "DEFECT"
  ],
  "opp_history": [
    "DEFECT",
    "DEFECT",
    "DEFECT",
    "DEFECT",
    "DEFECT",
    "DEFECT",
    "DEFECT",
    "DEFECT",
    "DEFECT",
    "DEFECT",
    "DEFECT",
    "DEFECT",
    "DEFECT",
    "DEFECT",
    "DEFECT",
    "DEFECT",
    "DEFECT",
    "DEFECT",
    "DEFECT",
    "DEFECT",
    "DEFECT",
    "DEFECT",
    "DEFECT",
    "DEFECT",
    "DEFECT",
    "DEFECT",
    "DEFECT",
    "DEFECT",
    "DEFECT",
    "DEFECT"
  ],
  "llm_responses": [
    "THINKING: In the first round, there's no history or pattern to analyze, so cooperating is a reasonable way to establish trust and potentially encourage mutual cooperation in future rounds.  \nACTION: COOPERATE  ",
    "THINKING: In the first round, I cooperated, but my opponent defected. Given their 0% cooperation rate so far, it seems likely they will continue defecting, and cooperating would result in a poor outcome for me. To maximize my payoff, I should defect.\n\nACTION: DEFECT",
    "THINKING: The opponent has consistently defected (0% cooperation rate), maximizing their payoff at my expense. To avoid being exploited further, it is rational to defect as well.\n\nACTION: DEFECT",
    "THINKING: The opponent has consistently defected in every round, showing no inclination to cooperate. To maximize my own payoff and avoid being exploited, I should defect as well.  \n\nACTION: DEFECT",
    "THINKING: Given that the opponent has consistently defected in all previous rounds and has a 0% cooperation rate, cooperating would only result in a guaranteed loss for me. Defecting is the best strategy to minimize my losses in this situation.  \n\nACTION: DEFECT  ",
    "THINKING: The opponent has consistently defected every round, demonstrating no intention of cooperating. Continuing to cooperate would yield no payoff for me, while defecting ensures I at least gain 1 point.  \n\nACTION: DEFECT",
    "THINKING: The opponent has consistently defected in all rounds so far, indicating a strategy of always defecting. To maximize my payoff in this scenario, the optimal response is to defect as well.\n\nACTION: DEFECT",
    "THINKING: The opponent has consistently defected with a 0% cooperation rate, making cooperation on my part unwise as it would result in the worst possible payoff for me. Defection ensures I avoid being exploited.  \nACTION: DEFECT  ",
    "THINKING: The opponent has consistently defected in all previous rounds and shows no sign of cooperation. Continuing to cooperate would only lead to a lower payoff for me, so defecting is the rational choice to maximize my outcome.\n\nACTION: DEFECT",
    "THINKING: The opponent has consistently defected in every round, showing no intention to cooperate. Defecting is the only logical choice to avoid being exploited further.  \nACTION: DEFECT  ",
    "THINKING: The opponent has consistently defected in all previous rounds, showing no intention to cooperate. Continuing to cooperate would only result in a loss for me. Defecting maximizes my payoff given their pattern.\n\nACTION: DEFECT",
    "THINKING: The opponent has consistently defected in all previous rounds, showing no inclination to cooperate. Given the payoff matrix, the rational choice is to defect to avoid being exploited and to minimize losses.  \n\nACTION: DEFECT",
    "THINKING: The opponent has consistently defected in all previous rounds, showing no inclination to cooperate. To maximize my payoff under these conditions, the optimal strategy is to defect as well.  \nACTION: DEFECT",
    "THINKING: Given the opponent's consistent behavior of always defecting, cooperating would result in a payoff of 0 for me. Defecting ensures I get at least 1 point, which is the best possible outcome in this situation.  \nACTION: DEFECT",
    "THINKING: The opponent has consistently defected in all previous rounds, and cooperating in this scenario would only result in a worse payoff for me. Defecting is the rational choice to minimize loss.  \nACTION: DEFECT  ",
    "THINKING: The opponent has consistently defected in every round, showing no willingness to cooperate. To maximize my payoff in this situation, the optimal strategy is to defect as well.\n\nACTION: DEFECT",
    "THINKING: The opponent has consistently defected in every round, indicating a clear strategy of non-cooperation. Cooperating would only result in a loss for me, as the opponent would exploit it.\n\nACTION: DEFECT",
    "THINKING: The opponent has consistently defected in every round, showing no willingness to cooperate. Continuing to defect maximizes my payoff in response to their strategy. \n\nACTION: DEFECT",
    "THINKING: The opponent has consistently defected in all previous rounds, making cooperation unproductive as it will only result in a payoff of 0 for me while benefiting them. Defecting ensures I minimize losses and gain at least 1 point.\n\nACTION: DEFECT",
    "THINKING: The opponent has consistently defected in all previous rounds, indicating they are not incentivized to cooperate. To maximize my own payoff in this scenario, defecting is the rational choice.  \n\nACTION: DEFECT",
    "THINKING: The opponent has consistently defected in all previous rounds and shows no intention of cooperating. Given their predictable behavior, cooperating would only result in a worse payoff for me.\n\nACTION: DEFECT",
    "THINKING: The opponent has consistently defected in every round, showing no inclination to cooperate. Continuing to cooperate would result in a guaranteed loss, while defecting is the only way to minimize losses.\n\nACTION: DEFECT",
    "THINKING: The opponent has a 0% cooperation rate and consistently defects, making cooperation unprofitable. Defecting maximizes my payoff in this scenario.  \nACTION: DEFECT  ",
    "THINKING: The opponent has consistently defected in every round, demonstrating no willingness to cooperate. Since cooperation would only result in a lower payoff for me, the rational choice is to defect.\n\nACTION: DEFECT",
    "THINKING: The opponent has consistently defected in all previous rounds, indicating they are not likely to cooperate. Defecting ensures I avoid being exploited and maximizes my payoff in this situation.  \n\nACTION: DEFECT",
    "THINKING: The opponent has consistently defected in all previous rounds, and their cooperation rate is 0%. Since cooperating would only result in a worse payoff for me, the optimal strategy is to defect.\n\nACTION: DEFECT",
    "THINKING: The opponent has consistently defected in every round, showing no intention to cooperate. Defecting maximizes my payoff given their predictable strategy.  \n\nACTION: DEFECT",
    "THINKING: The opponent has consistently defected in all previous rounds, indicating that they are unlikely to cooperate. Defecting maximizes my payoff given their behavior. \n\nACTION: DEFECT",
    "THINKING: The opponent has consistently defected in every round, showing no intention to cooperate. Continuing to defect is the rational choice to avoid being exploited.\n\nACTION: DEFECT",
    "THINKING: The opponent has consistently defected in every round, showing no intention to cooperate. To maximize my payoff in this scenario, the rational choice is to defect as well.  \n\nACTION: DEFECT"
  ]
}