{
  "experiment": "exp6_baseline",
  "game": "prisoners_dilemma",
  "provider": "deepseek",
  "baseline": "Extort2",
  "trial": 21,
  "rounds": 30,
  "payoff": 64,
  "coop_rate": 0.5,
  "llm_history": [
    "COOPERATE",
    "COOPERATE",
    "COOPERATE",
    "COOPERATE",
    "COOPERATE",
    "COOPERATE",
    "DEFECT",
    "COOPERATE",
    "DEFECT",
    "COOPERATE",
    "COOPERATE",
    "DEFECT",
    "COOPERATE",
    "DEFECT",
    "COOPERATE",
    "COOPERATE",
    "DEFECT",
    "DEFECT",
    "DEFECT",
    "COOPERATE",
    "DEFECT",
    "COOPERATE",
    "DEFECT",
    "COOPERATE",
    "DEFECT",
    "DEFECT",
    "DEFECT",
    "DEFECT",
    "DEFECT",
    "DEFECT"
  ],
  "opp_history": [
    "COOPERATE",
    "COOPERATE",
    "COOPERATE",
    "COOPERATE",
    "COOPERATE",
    "COOPERATE",
    "COOPERATE",
    "COOPERATE",
    "COOPERATE",
    "DEFECT",
    "DEFECT",
    "DEFECT",
    "DEFECT",
    "COOPERATE",
    "DEFECT",
    "DEFECT",
    "COOPERATE",
    "COOPERATE",
    "COOPERATE",
    "DEFECT",
    "COOPERATE",
    "DEFECT",
    "DEFECT",
    "DEFECT",
    "DEFECT",
    "DEFECT",
    "DEFECT",
    "DEFECT",
    "DEFECT",
    "DEFECT"
  ],
  "llm_responses": [
    "THINKING: Since this is the first round and there is no history, I'll start with cooperation to signal willingness to cooperate and see how the opponent responds.  \nACTION: COOPERATE",
    "THINKING: The opponent cooperated in round 1, and with a 100% cooperation rate so far, it's likely they are playing a cooperative strategy like Tit-for-Tat. Cooperating now builds trust and maximizes mutual payoff.  \nACTION: COOPERATE",
    "THINKING: The opponent has cooperated in both previous rounds, and my cooperation rate is 100%. Since we are both cooperating, I'm currently getting 3 points per round, which is a good outcome. Continuing to cooperate maintains mutual benefit.\n\nACTION: COOPERATE",
    "THINKING: The opponent has cooperated 100% of the time so far, and mutual cooperation yields the highest joint payoff. Defecting now risks breaking the cooperative pattern and lowering future payoffs.\n\nACTION: COOPERATE",
    "THINKING: Opponent has cooperated 100% of the time so far, and my total payoff is currently 0, meaning I've been cooperating while they have too. Since they are highly cooperative, continuing to cooperate maintains mutual benefit.\n\nACTION: COOPERATE",
    "THINKING: The opponent has cooperated 100% of the time, and mutual cooperation yields the best long-term payoff. Defecting now risks breaking this beneficial pattern.\n\nACTION: COOPERATE",
    "THINKING: The opponent has cooperated 100% of the time so far, and my total payoff is currently zero, meaning I have been cooperating while they have been defecting in past rounds. Given their recent pattern of cooperation, I should defect now to gain a higher payoff and test their response.\n\nACTION: DEFECT",
    "THINKING: The opponent has cooperated 100% of the time so far, making them highly predictable and trusting. Continuing to cooperate yields a stable payoff of 3 per round, while defecting now risks breaking their cooperative pattern and lowering future payoffs.\n\nACTION: COOPERATE",
    "THINKING: The opponent has cooperated 100% of the time so far, and my total payoff is currently zero, meaning I've likely been exploited in past rounds. To improve my score, I should defect now to take advantage of their consistent cooperation.\n\nACTION: DEFECT",
    "THINKING: The opponent has cooperated 100% of the time so far, making them extremely predictable and trustworthy. My best move is to cooperate to maintain mutual high payoffs.\n\nACTION: COOPERATE",
    "THINKING: The opponent has a 90% cooperation rate and is highly cooperative overall, but they defected last round. Given my total payoff is currently zero, I should aim to rebuild mutual cooperation rather than retaliate, as they are likely to return to cooperating.\n\nACTION: COOPERATE",
    "THINKING: The opponent has been highly cooperative overall (82%), but they just defected last round. Given my total payoff is currently zero, I should defect to protect myself from being exploited again.  \nACTION: DEFECT",
    "THINKING: The opponent has a 75% cooperation rate overall but just defected last round. Given my total payoff is currently zero, I need to be cautious but not overly punitive; a conditional cooperator might return to cooperating if I do.  \nACTION: COOPERATE",
    "THINKING: Opponent has a high cooperation rate but just defected last round; they may be testing my response. Given my high cooperation rate, defecting now could protect me from exploitation while possibly resetting cooperation.\n\nACTION: DEFECT",
    "THINKING: The opponent has a high cooperation rate (71%) and just cooperated last round, suggesting they are conditionally cooperative. My total payoff is currently zero, so I need to build mutual cooperation to improve my score.\n\nACTION: COOPERATE",
    "THINKING: The opponent has a high cooperation rate overall but just defected last round, suggesting they might be testing my response. Given my high cooperation rate, defecting now could risk mutual defection, but cooperating might restore cooperation.\n\nACTION: COOPERATE",
    "THINKING: The opponent has been defecting recently and has a lower cooperation rate than me, so continuing to cooperate is likely to result in a poor payoff for me. I should defect to protect myself and try to improve my total score.\n\nACTION: DEFECT",
    "THINKING: The opponent has a high cooperation rate overall but is recently defecting more; however, they just cooperated last round. Given my low total payoff, I should try to exploit their cooperation by defecting now.  \nACTION: DEFECT",
    "THINKING: The opponent has a 67% cooperation rate but recently mostly defects; they cooperated last round, so they might be alternating or testing my response. Given my total payoff is zero, I need to be cautious and avoid exploitation.\n\nACTION: DEFECT",
    "THINKING: The opponent has a high overall cooperation rate but recently mostly defects, and they just cooperated last round. Given the repeated nature, cooperating might encourage more cooperation and improve long-term payoffs.\n\nACTION: COOPERATE",
    "THINKING: The opponent has a 65% cooperation rate overall but has been mostly defecting recently, including last round. My total payoff is zero, so I need to protect myself from further exploitation.  \nACTION: DEFECT",
    "THINKING: Opponent has cooperated recently and has a high cooperation rate overall, so cooperating now is likely to lead to mutual cooperation and a better payoff for this round.  \nACTION: COOPERATE",
    "THINKING: The opponent's cooperation rate matches mine, but they just defected last round. In a repeated Prisoner's Dilemma with a conditional cooperator, defecting after their defection can encourage future cooperation.  \nACTION: DEFECT",
    "THINKING: The opponent's cooperation rate matches mine, but they just defected last round, suggesting they may be responding to my moves. Since both our cooperation rates are similar, cooperating might restore mutual cooperation for better long-term payoff.\n\nACTION: COOPERATE",
    "THINKING: The opponent has a high defect rate recently and defected last round, so continuing to cooperate is likely to lead to exploitation.  \nACTION: DEFECT",
    "THINKING: The opponent has been defecting recently and has a lower cooperation rate than me, so continuing to cooperate risks being exploited.  \nACTION: DEFECT",
    "THINKING: The opponent has been defecting recently and has a lower cooperation rate than me, so continuing to cooperate is likely to lead to a poor payoff. Given the repeated nature, a tit-for-tat or retaliatory approach is reasonable.\n\nACTION: DEFECT",
    "THINKING: The opponent has been defecting recently and has a lower cooperation rate than me, so continuing to cooperate risks being exploited.  \nACTION: DEFECT",
    "THINKING: With the opponent mostly defecting recently and my total payoff currently zero, defecting now minimizes my risk of being exploited and may slightly improve my score.  \nACTION: DEFECT",
    "THINKING: The opponent has been defecting consistently recently, and my total payoff is currently zero, so cooperating again would likely just give them another advantage.  \nACTION: DEFECT"
  ]
}