{
  "experiment": "exp6_baseline",
  "game": "prisoners_dilemma",
  "provider": "deepseek",
  "baseline": "GrimTrigger",
  "trial": 2,
  "rounds": 30,
  "payoff": 66,
  "coop_rate": 0.7333333333333333,
  "llm_history": [
    "COOPERATE",
    "COOPERATE",
    "COOPERATE",
    "COOPERATE",
    "COOPERATE",
    "COOPERATE",
    "COOPERATE",
    "COOPERATE",
    "COOPERATE",
    "COOPERATE",
    "COOPERATE",
    "COOPERATE",
    "COOPERATE",
    "COOPERATE",
    "COOPERATE",
    "COOPERATE",
    "COOPERATE",
    "COOPERATE",
    "DEFECT",
    "COOPERATE",
    "COOPERATE",
    "COOPERATE",
    "COOPERATE",
    "DEFECT",
    "DEFECT",
    "DEFECT",
    "DEFECT",
    "DEFECT",
    "DEFECT",
    "DEFECT"
  ],
  "opp_history": [
    "COOPERATE",
    "COOPERATE",
    "COOPERATE",
    "COOPERATE",
    "COOPERATE",
    "COOPERATE",
    "COOPERATE",
    "COOPERATE",
    "COOPERATE",
    "COOPERATE",
    "COOPERATE",
    "COOPERATE",
    "COOPERATE",
    "COOPERATE",
    "COOPERATE",
    "COOPERATE",
    "COOPERATE",
    "COOPERATE",
    "COOPERATE",
    "DEFECT",
    "DEFECT",
    "DEFECT",
    "DEFECT",
    "DEFECT",
    "DEFECT",
    "DEFECT",
    "DEFECT",
    "DEFECT",
    "DEFECT",
    "DEFECT"
  ],
  "llm_responses": [
    "THINKING: This is the first round with no history, so I'll start by cooperating to signal willingness to cooperate and see how the opponent responds.  \nACTION: COOPERATE",
    "THINKING: The opponent cooperated in round 1, and with a 100% cooperation rate so far, it's likely they are playing a cooperative strategy like Tit-for-Tat. Cooperating now builds trust and mutual benefit.  \nACTION: COOPERATE",
    "THINKING: The opponent has cooperated in both previous rounds, and my cooperation rate is 100%. Since we are both cooperating, I'm currently getting a payoff of 3 per round, which is good. Defecting now could break this cooperative pattern and risk lower future payoffs.\n\nACTION: COOPERATE",
    "THINKING: Opponent has been fully cooperative so far, and mutual cooperation yields the highest long-term payoff.  \nACTION: COOPERATE",
    "THINKING: Opponent has cooperated 100% of the time so far, and my total payoff is currently zero, meaning I've been cooperating while they've been cooperating. Given their highly cooperative pattern, mutual cooperation is likely again, maximizing my payoff this round.\n\nACTION: COOPERATE",
    "THINKING: The opponent has cooperated every round so far, and my cooperation rate is 100%. Continuing to cooperate maintains mutual benefit and high payoffs.\n\nACTION: COOPERATE",
    "THINKING: The opponent has cooperated 100% of the time so far, and mutual cooperation yields a good payoff. Defecting now risks breaking this beneficial pattern and triggering retaliation in future rounds.\n\nACTION: COOPERATE",
    "THINKING: The opponent has cooperated 100% of the time so far, and mutual cooperation yields the highest long-term payoff. Defecting now risks breaking the cooperative pattern and lowering future payoffs.  \nACTION: COOPERATE",
    "THINKING: The opponent has cooperated 100% of the time so far, and mutual cooperation yields a good payoff. Defecting now risks breaking the cooperative pattern and lowering future payoffs.\n\nACTION: COOPERATE",
    "THINKING: The opponent has cooperated 100% of the time so far, and mutual cooperation yields the highest long-term payoff. Defecting now could break the trust and reduce future gains.\n\nACTION: COOPERATE",
    "THINKING: The opponent has cooperated 100% of the time, and mutual cooperation yields the best long-term payoff. Defecting now risks breaking this beneficial pattern.\n\nACTION: COOPERATE",
    "THINKING: The opponent has cooperated in all 11 rounds so far, and my total payoff is currently 0.0, meaning I must have been cooperating while they defected in some early rounds. Given their recent 100% cooperation rate, continuing to cooperate is likely best for mutual benefit.\n\nACTION: COOPERATE",
    "THINKING: The opponent has cooperated 100% of the time, and mutual cooperation yields a good payoff. Defecting now risks breaking the cooperative equilibrium and lowering future payoffs.\n\nACTION: COOPERATE",
    "THINKING: Opponent has cooperated 100% of the time, and mutual cooperation yields the highest long-term payoff. Defecting now risks breaking this beneficial pattern.\n\nACTION: COOPERATE",
    "THINKING: The opponent has cooperated 100% of the time, and mutual cooperation yields the best long-term payoff. Defecting now risks breaking the cooperative equilibrium.\n\nACTION: COOPERATE",
    "THINKING: The opponent has cooperated 100% of the time, and mutual cooperation yields the best long-term payoff. Defecting now risks breaking this beneficial pattern.\n\nACTION: COOPERATE",
    "THINKING: The opponent has cooperated 100% of the time so far, and mutual cooperation yields a good payoff. Defecting now risks breaking this profitable pattern and triggering retaliation in future rounds.\n\nACTION: COOPERATE",
    "THINKING: The opponent has cooperated 100% of the time so far, and mutual cooperation yields a good payoff. Defecting now risks breaking the cooperative pattern and lowering future payoffs.  \nACTION: COOPERATE",
    "THINKING: The opponent has cooperated 100% of the time so far, and my total payoff is zero because I have always cooperated while they have defected in a way that gave me zero points. This suggests they may be playing a \"Tit-for-Tat\" or \"Always Cooperate\" strategy. To maximize my payoff in this round, I should defect while they are still cooperating.\n\nACTION: DEFECT",
    "THINKING: The opponent has cooperated 100% of the time and appears to be playing a purely cooperative strategy. Defecting now would give a higher payoff this round, but risks damaging future cooperation in a repeated game. Given the high cooperation rate, mutual cooperation is the stable, high-reward outcome.\n\nACTION: COOPERATE",
    "THINKING: The opponent has a 95% cooperation rate and a highly cooperative pattern, but they defected last round. Given the high overall cooperation, their last defect might be a one-time slip or a test. Cooperating now likely restores mutual cooperation for better long-term payoff.\n\nACTION: COOPERATE",
    "THINKING: The opponent has a 90% cooperation rate and a recent defect may be an anomaly; cooperating maximizes mutual long-term payoff.\n\nACTION: COOPERATE",
    "THINKING: The opponent has a high cooperation rate (86%) but just defected last round; given my 95% cooperation rate, they might be testing my response. Defecting now could trigger a downward spiral, while cooperating might restore mutual cooperation.\n\nACTION: COOPERATE",
    "THINKING: The opponent has a high cooperation rate (83%) but just defected last round, possibly testing my response. My total payoff is currently zero, so I need to avoid being exploited while encouraging mutual cooperation.\n\nACTION: DEFECT",
    "THINKING: The opponent has a high cooperation rate overall but defected last round, and my total payoff is currently zero, indicating I've been exploited too often. Given the repeated nature, a tit-for-tat response is reasonable to avoid further exploitation.\n\nACTION: DEFECT",
    "THINKING: The opponent has been defecting recently and my total payoff is zero, so continuing to cooperate is not working. I should defect to protect myself and possibly improve my score.  \nACTION: DEFECT",
    "THINKING: The opponent has been defecting recently and my total payoff is zero, so continuing to cooperate is not working. I should defect to protect myself and try to improve my score.  \nACTION: DEFECT",
    "THINKING: The opponent has a high overall cooperation rate but is currently defecting more recently, and my total payoff is zero, so I need to be cautious and defect to protect myself.  \nACTION: DEFECT",
    "THINKING: The opponent has a high overall cooperation rate but is currently in a \"always defects\" recent pattern, and my total payoff is zero, so continuing to cooperate is not beneficial.  \nACTION: DEFECT",
    "THINKING: The opponent's recent pattern is always defecting, and they just defected last round. Continuing to cooperate would likely yield 0 payoff again, so defecting is the rational choice to avoid exploitation.\n\nACTION: DEFECT"
  ]
}