{
  "experiment": "exp6_baseline",
  "game": "prisoners_dilemma",
  "provider": "openai",
  "baseline": "GrimTrigger",
  "trial": 23,
  "rounds": 30,
  "payoff": 86,
  "coop_rate": 0.9666666666666667,
  "llm_history": [
    "COOPERATE",
    "COOPERATE",
    "COOPERATE",
    "COOPERATE",
    "COOPERATE",
    "COOPERATE",
    "COOPERATE",
    "COOPERATE",
    "COOPERATE",
    "COOPERATE",
    "COOPERATE",
    "COOPERATE",
    "COOPERATE",
    "COOPERATE",
    "COOPERATE",
    "COOPERATE",
    "COOPERATE",
    "COOPERATE",
    "COOPERATE",
    "COOPERATE",
    "COOPERATE",
    "COOPERATE",
    "COOPERATE",
    "COOPERATE",
    "COOPERATE",
    "COOPERATE",
    "COOPERATE",
    "DEFECT",
    "COOPERATE",
    "COOPERATE"
  ],
  "opp_history": [
    "COOPERATE",
    "COOPERATE",
    "COOPERATE",
    "COOPERATE",
    "COOPERATE",
    "COOPERATE",
    "COOPERATE",
    "COOPERATE",
    "COOPERATE",
    "COOPERATE",
    "COOPERATE",
    "COOPERATE",
    "COOPERATE",
    "COOPERATE",
    "COOPERATE",
    "COOPERATE",
    "COOPERATE",
    "COOPERATE",
    "COOPERATE",
    "COOPERATE",
    "COOPERATE",
    "COOPERATE",
    "COOPERATE",
    "COOPERATE",
    "COOPERATE",
    "COOPERATE",
    "COOPERATE",
    "COOPERATE",
    "DEFECT",
    "DEFECT"
  ],
  "llm_responses": [
    "THINKING: Since this is the first round, there is no history to analyze, and the opponent's strategy is unknown. Cooperating initially can establish trust and encourage mutual cooperation in future rounds.  \nACTION: COOPERATE",
    "THINKING: The opponent has cooperated in the first round, and their cooperation rate is 100%. Maintaining mutual cooperation will lead to the highest long-term payoff for both of us. It is beneficial to continue cooperating to build trust.\n\nACTION: COOPERATE",
    "THINKING: Both the opponent and I have cooperated 100% so far, which has maximized mutual payoffs. To maintain trust and encourage continued cooperation, it is optimal to cooperate again.  \nACTION: COOPERATE  ",
    "THINKING: The opponent has consistently cooperated in all previous rounds, and maintaining mutual cooperation maximizes long-term payoffs (3 each round). Defecting would risk breaking trust and lead to lower payoffs for both in subsequent rounds.  \n\nACTION: COOPERATE",
    "THINKING: The opponent has consistently cooperated in every round, and I have also cooperated 100% so far. Continuing to cooperate will maintain mutual trust and maximize long-term payoffs in this repeated game. Defecting now would break the trust and potentially harm future cooperation.\n\nACTION: COOPERATE",
    "THINKING: The opponent has shown consistent cooperation in all rounds, and mutual cooperation yields a higher payoff than mutual defection. Defecting might break trust and reduce long-term gains. \n\nACTION: COOPERATE",
    "THINKING: The opponent has been consistently cooperative with a 100% cooperation rate, and I have also cooperated in all previous rounds. Mutual cooperation maximizes payoffs for both of us and maintains trust. Defecting now could harm the trust and reduce future potential payoffs.  \nACTION: COOPERATE  ",
    "THINKING: Both my opponent and I have maintained a perfect cooperation rate so far, leading to fair and mutually beneficial outcomes. Breaking this cooperation now would risk losing trust and the long-term benefits of mutual cooperation.\n\nACTION: COOPERATE",
    "THINKING: Both the Opponent and I have cooperated consistently, resulting in mutual benefit. Breaking this cooperation now would harm trust and future payoffs in this repeated game.  \nACTION: COOPERATE",
    "THINKING: The opponent has been consistently cooperative throughout all previous rounds, and mutual cooperation provides the highest mutual payoff. Defecting now could disrupt the trust and compromise future payoffs.  \n\nACTION: COOPERATE",
    "THINKING: Both I and the opponent have consistently cooperated for 10 rounds, leading to mutual trust and maximum payoffs. Defecting now could break this trust and lead to reduced payoffs in future rounds.\n\nACTION: COOPERATE",
    "THINKING: The opponent has shown consistent cooperation (100% cooperation rate), and mutual cooperation yields the highest total payoff in the long term. Breaking cooperation now would harm trust and likely lead to lower payoffs moving forward.  \n\nACTION: COOPERATE",
    "THINKING: The opponent has consistently cooperated in all previous rounds, and mutual cooperation maximizes the payoff for both players. Defecting now would break trust and likely result in worse outcomes in future rounds.\n\nACTION: COOPERATE",
    "THINKING: Both my opponent and I have consistently cooperated, leading to mutual high payoffs. Defecting now would break trust and reduce long-term gains, as the opponent is highly cooperative.  \nACTION: COOPERATE  ",
    "THINKING: The opponent has been fully cooperative so far, showing a highly cooperative pattern. Maintaining mutual cooperation is optimal for maximizing long-term payoffs in this scenario.\n\nACTION: COOPERATE",
    "THINKING: Both I and the Opponent have maintained a 100% cooperation rate so far, which maximizes mutual payoffs. Breaking this trust by defecting could lead to a breakdown in cooperation and lower payoffs in future rounds. It's optimal to continue cooperating.  \n\nACTION: COOPERATE",
    "THINKING: The opponent has consistently cooperated in all 16 rounds, and defecting now would break the mutual trust, risking future cooperation and reducing long-term payoffs for both. Maintaining cooperation ensures a steady payoff of 3 per round.  \n\nACTION: COOPERATE",
    "THINKING: Both players have consistently cooperated in every round, resulting in mutual benefit. Maintaining cooperation maximizes long-term payoffs and sustains trust.\n\nACTION: COOPERATE",
    "THINKING: Both you and the Opponent have maintained a perfect cooperation rate, which has fostered mutual trust and maximized payoffs. Breaking this pattern by defecting risks damaging the established trust and reducing long-term payoffs.  \n\nACTION: COOPERATE",
    "THINKING: Both you and your opponent have maintained a perfect track record of cooperation across 19 rounds, leading to mutual benefit. Breaking this pattern now would risk damaging trust and reducing long-term payoffs.\n\nACTION: COOPERATE",
    "THINKING: The opponent has consistently cooperated throughout the game, and mutual cooperation yields the highest long-term payoff for both players. Defecting would risk breaking the established trust and lower future payoffs.\n\nACTION: COOPERATE",
    "THINKING: Both I and the Opponent have consistently cooperated, leading to a highly cooperative dynamic with maximum mutual payoffs. Breaking this trust by defecting would risk damaging the established beneficial relationship. \n\nACTION: COOPERATE",
    "THINKING: The opponent has maintained a perfect cooperation rate, showing consistent trustworthiness. To maximize long-term payoffs and sustain mutual cooperation, it is logical to continue cooperating.  \nACTION: COOPERATE  ",
    "THINKING: The opponent has consistently cooperated for 23 rounds, showing a highly cooperative strategy. Defecting now would break mutual trust and likely lead to worse payoffs in subsequent rounds.  \n\nACTION: COOPERATE  ",
    "THINKING: Opponent has been consistently cooperative with a 100% cooperation rate. Maintaining mutual cooperation maximizes joint payoffs and avoids the risk of losing trust.  \nACTION: COOPERATE",
    "THINKING: The opponent has been fully cooperative throughout all previous rounds, and mutual cooperation maximizes long-term payoffs. Breaking this mutual trust now would harm the cooperative dynamic without clear benefit.  \nACTION: COOPERATE",
    "THINKING: Both my opponent and I have maintained perfect cooperation so far, which has maximized mutual payoffs. Breaking this pattern by defecting would risk losing the trust and long-term benefits of our collaboration.\n\nACTION: COOPERATE",
    "[API Error: HTTPSConnectionPool(host='hiapi.online', port=443): Read timed out. (read timeout=60)]",
    "THINKING: Opponent has been entirely cooperative, and maintaining mutual cooperation ensures the highest long-term payoff for both players. Defecting now would betray trust and risk losing future cooperation.  \nACTION: COOPERATE",
    "THINKING: Despite the opponent's high cooperation rate, their last action was to defect, which could indicate a shift in strategy. However, given the overall history of cooperation, maintaining mutual trust is likely to result in the highest long-term payoff. \n\nACTION: COOPERATE"
  ]
}