{
  "experiment": "exp6_baseline",
  "game": "prisoners_dilemma",
  "provider": "openai",
  "baseline": "AlwaysCooperate",
  "trial": 11,
  "rounds": 30,
  "payoff": 90,
  "coop_rate": 1.0,
  "llm_history": [
    "COOPERATE",
    "COOPERATE",
    "COOPERATE",
    "COOPERATE",
    "COOPERATE",
    "COOPERATE",
    "COOPERATE",
    "COOPERATE",
    "COOPERATE",
    "COOPERATE",
    "COOPERATE",
    "COOPERATE",
    "COOPERATE",
    "COOPERATE",
    "COOPERATE",
    "COOPERATE",
    "COOPERATE",
    "COOPERATE",
    "COOPERATE",
    "COOPERATE",
    "COOPERATE",
    "COOPERATE",
    "COOPERATE",
    "COOPERATE",
    "COOPERATE",
    "COOPERATE",
    "COOPERATE",
    "COOPERATE",
    "COOPERATE",
    "COOPERATE"
  ],
  "opp_history": [
    "COOPERATE",
    "COOPERATE",
    "COOPERATE",
    "COOPERATE",
    "COOPERATE",
    "COOPERATE",
    "COOPERATE",
    "COOPERATE",
    "COOPERATE",
    "COOPERATE",
    "COOPERATE",
    "COOPERATE",
    "COOPERATE",
    "COOPERATE",
    "COOPERATE",
    "COOPERATE",
    "COOPERATE",
    "COOPERATE",
    "COOPERATE",
    "COOPERATE",
    "COOPERATE",
    "COOPERATE",
    "COOPERATE",
    "COOPERATE",
    "COOPERATE",
    "COOPERATE",
    "COOPERATE",
    "COOPERATE",
    "COOPERATE",
    "COOPERATE"
  ],
  "llm_responses": [
    "THINKING: Since this is the first round and there is no history to analyze, cooperating sets a positive precedent and could encourage mutual cooperation in future rounds, maximizing long-term payoffs.  \nACTION: COOPERATE  ",
    "THINKING: Since the opponent has cooperated in the first round and their cooperation rate is currently 100%, I will continue cooperating to build mutual trust and maximize long-term payoff. Defecting now risks breaking this trust and lowering future payoffs.  \nACTION: COOPERATE  ",
    "THINKING: Given the opponent's perfect cooperation rate so far, it is in my best interest to maintain mutual cooperation for the highest joint payoff over repeated interactions. Defecting now risks breaking trust and lowering future payoffs.  \nACTION: COOPERATE",
    "THINKING: Both you and your opponent have maintained a 100% cooperation rate, leading to mutual trust and optimal payoffs so far. Maintaining cooperation minimizes risk and maximizes long-term rewards in repeated interactions.  \nACTION: COOPERATE",
    "THINKING: Both my opponent and I have been fully cooperative so far, and the opponent's pattern suggests a willingness to maintain mutual cooperation. Defecting now would break trust and likely harm payoffs in future rounds. \n\nACTION: COOPERATE",
    "THINKING: The opponent has been consistently cooperative with a 100% cooperation rate, and mutual cooperation maximizes long-term payoffs. Defecting now could break trust and harm future outcomes.\n\nACTION: COOPERATE",
    "THINKING: The opponent has consistently cooperated in all prior rounds, and my cooperation rate is currently 100%. Continuing to cooperate maximizes mutual payoffs and maintains trust. Defecting now would risk damaging the cooperative dynamic.\n\nACTION: COOPERATE",
    "THINKING: Both the opponent and I have exhibited full cooperation so far, leading to the highest possible mutual payoff. Defecting now would break trust and likely cause the opponent to retaliate in future rounds, reducing long-term payoffs. I aim to maintain mutual cooperation.  \nACTION: COOPERATE",
    "THINKING: Both the opponent and I have been consistently cooperative, and the opponent appears highly trustworthy. Defecting now could damage trust and lead to worse payoffs in the long run. Maintaining mutual cooperation maximizes rewards over repeated rounds.\n\nACTION: COOPERATE",
    "THINKING: The opponent has demonstrated consistent cooperation, and my cooperation rate is also 100%. Maintaining mutual cooperation maximizes the payoff for both players and avoids the risk of losing trust.  \nACTION: COOPERATE  ",
    "THINKING: Both I and the opponent have been 100% cooperative so far, leading to mutual trust and maximum payoff. Breaking this cooperation now would risk losing trust and long-term benefits. \n\nACTION: COOPERATE",
    "THINKING: Both my opponent and I have consistently cooperated so far, leading to mutual gains. Maintaining cooperation ensures continued high payoffs for both parties and avoids breaking trust.\n\nACTION: COOPERATE",
    "THINKING: Both players have maintained 100% cooperation so far, resulting in mutual trust and maximizing payoffs. Defecting now would break that trust and reduce long-term gains.\n\nACTION: COOPERATE",
    "THINKING: Both I and the Opponent have consistently cooperated, maintaining a cooperative pattern. Breaking this streak by defecting could harm the trust and lead to lower payoffs in the future rounds of the repeated game.  \n\nACTION: COOPERATE",
    "THINKING: Both I and my opponent have cooperated consistently, leading to mutual trust and maximizing payoffs. Defecting now would jeopardize this trust and lead to lower payoffs in future rounds.\n\nACTION: COOPERATE",
    "THINKING: Both I and my opponent have consistently cooperated, leading to mutual benefit. Defecting now could disrupt the trust and harm long-term payoffs.  \n\nACTION: COOPERATE",
    "THINKING: Both you and your opponent have consistently cooperated, resulting in mutual maximum payoffs. Defecting now would break this trust and likely lead to worse outcomes in future rounds. Maintaining cooperation ensures stability and long-term rewards. \n\nACTION: COOPERATE",
    "THINKING: Both my opponent and I have consistently cooperated, ensuring mutual benefit. Maintaining this strategy helps maximize long-term payoffs and sustains trust in the game.  \nACTION: COOPERATE  ",
    "THINKING: The opponent has consistently cooperated, and both of us have maintained a 100% cooperation rate throughout the game. Continuing to cooperate will maximize mutual payoffs and sustain the equilibrium of trust.  \nACTION: COOPERATE",
    "THINKING: Both I and my opponent have demonstrated consistent cooperation, which has maximized mutual payoffs so far. Breaking this pattern by defecting could damage the trust and lead to lower future payoffs.\n\nACTION: COOPERATE",
    "THINKING: The opponent has been consistently cooperative, and mutual cooperation yields a higher payoff over time compared to defecting. Defecting now risks breaking this mutually beneficial pattern.  \n\nACTION: COOPERATE  ",
    "THINKING: The opponent has shown consistent cooperation (100% rate) throughout the game. Mutual cooperation maximizes long-term payoffs, and there is no indication that the opponent will deviate.\n\nACTION: COOPERATE",
    "THINKING: Both I and the Opponent have demonstrated consistent cooperation, yielding mutual benefits. Breaking the pattern by defecting now risks damaging trust and future cooperation. \n\nACTION: COOPERATE",
    "THINKING: The opponent has consistently cooperated in all previous rounds, showing a highly cooperative strategy. Maintaining mutual cooperation ensures a higher payoff for both players compared to defecting.  \n\nACTION: COOPERATE",
    "THINKING: Given the opponent's perfect cooperation rate and the history of mutual cooperation, continuing to cooperate maximizes both players' payoffs and maintains trust. Defection would break the cooperative dynamic and result in a lower payoff in future rounds.\n\nACTION: COOPERATE",
    "THINKING: The opponent has consistently cooperated in all 25 rounds, suggesting a highly cooperative strategy. Maintaining mutual cooperation ensures maximum long-term payoff for both players.  \n\nACTION: COOPERATE",
    "THINKING: The opponent has cooperated in every round, showing consistent trustworthiness. Defecting would harm the established mutual benefit and jeopardize future cooperation.\n\nACTION: COOPERATE",
    "THINKING: Both I and my opponent have consistently cooperated for all 27 rounds, building mutual trust and maximizing payoffs. Continuing to cooperate ensures the best long-term outcome for both of us.  \n\nACTION: COOPERATE",
    "THINKING: The opponent has consistently cooperated in all previous rounds, building a foundation of mutual trust and maximizing shared payoffs. Defecting now would break trust and likely lead to lower payoffs in future rounds. \n\nACTION: COOPERATE",
    "THINKING: The opponent has shown consistent cooperation (100% so far). Defecting now risks breaking mutual trust and reducing long-term payoffs, as sustained cooperation benefits both players more. \n\nACTION: COOPERATE"
  ]
}