{
  "experiment": "exp6_baseline",
  "game": "prisoners_dilemma",
  "provider": "openai",
  "baseline": "Extort2",
  "trial": 20,
  "rounds": 30,
  "payoff": 44,
  "coop_rate": 0.26666666666666666,
  "llm_history": [
    "COOPERATE",
    "COOPERATE",
    "COOPERATE",
    "COOPERATE",
    "COOPERATE",
    "COOPERATE",
    "COOPERATE",
    "DEFECT",
    "COOPERATE",
    "DEFECT",
    "DEFECT",
    "DEFECT",
    "DEFECT",
    "DEFECT",
    "DEFECT",
    "DEFECT",
    "DEFECT",
    "DEFECT",
    "DEFECT",
    "DEFECT",
    "DEFECT",
    "DEFECT",
    "DEFECT",
    "DEFECT",
    "DEFECT",
    "DEFECT",
    "DEFECT",
    "DEFECT",
    "DEFECT",
    "DEFECT"
  ],
  "opp_history": [
    "COOPERATE",
    "COOPERATE",
    "COOPERATE",
    "COOPERATE",
    "COOPERATE",
    "COOPERATE",
    "DEFECT",
    "COOPERATE",
    "DEFECT",
    "DEFECT",
    "DEFECT",
    "DEFECT",
    "DEFECT",
    "DEFECT",
    "DEFECT",
    "DEFECT",
    "DEFECT",
    "DEFECT",
    "DEFECT",
    "DEFECT",
    "DEFECT",
    "DEFECT",
    "DEFECT",
    "DEFECT",
    "DEFECT",
    "DEFECT",
    "DEFECT",
    "DEFECT",
    "DEFECT",
    "DEFECT"
  ],
  "llm_responses": [
    "THINKING: In the first round, there's no history to analyze, and establishing trust might encourage mutual cooperation in future rounds, which maximizes long-term payoffs. Starting with cooperation is a common strategy in repeated games.  \nACTION: COOPERATE",
    "THINKING: The opponent has cooperated in the first round, and their cooperation rate is 100%. By cooperating again, I can build mutual trust and maximize long-term payoffs in this repeated game.  \nACTION: COOPERATE",
    "THINKING: Both I and the opponent have cooperated in every round so far, yielding mutual trust and maximum payoff. Continuing to cooperate is the rational choice to maintain this trust and maximize long-term gains.\n\nACTION: COOPERATE",
    "THINKING: The opponent has consistently cooperated in all previous rounds, suggesting a highly cooperative strategy. Maintaining mutual cooperation maximizes the payoff for both players in the long term. \n\nACTION: COOPERATE",
    "THINKING: The opponent has shown a highly cooperative pattern so far, with a 100% cooperation rate. Continuing to cooperate will likely maximize mutual payoffs and sustain trust.\n\nACTION: COOPERATE",
    "THINKING: Both I and the opponent have cooperated in all previous rounds, leading to mutual trust and maximizing our payoffs. Breaking this pattern by defecting risks losing the established trust and future cooperation benefits.\n\nACTION: COOPERATE",
    "THINKING: Both I and the opponent have cooperated 100% so far, leading to mutually optimal outcomes (3 points each per round). Defecting now would break the established trust and likely lead to worse long-term payoffs. Maintaining cooperation sustains the favorable dynamic.\n\nACTION: COOPERATE",
    "THINKING: Despite the opponent's high cooperation rate, their last action was to defect, which might indicate a shift in strategy or testing of boundaries. To protect against exploitation, it may be prudent to defect this round.  \n\nACTION: DEFECT",
    "THINKING: The opponent has been highly cooperative, mirroring my cooperation rate, and their pattern suggests trustworthiness. Cooperating maximizes mutual payoff and maintains the cooperative dynamic.  \n\nACTION: COOPERATE",
    "THINKING: The opponent seems to be a conditional cooperator but defected in the last round, possibly responding to my high cooperation rate. To test whether they return to cooperation, I will defect this round to signal that I won’t tolerate consistent defections.  \n\nACTION: DEFECT",
    "THINKING: The opponent has a decent cooperation rate (70%) but defected in the last round, possibly as a conditional response. Maintaining a high cooperation rate could encourage mutual gains, but defecting now could prevent exploitation if the opponent continues to defect.\n\nACTION: DEFECT",
    "THINKING: The opponent has a mixed/conditional cooperation strategy and defected in the last round. To discourage further defection and protect my own payoff, I will defect this round to signal that defection won't be rewarded. \n\nACTION: DEFECT",
    "THINKING: The opponent's cooperation rate is relatively moderate (58%), and their last action was to defect, suggesting they might respond conditionally based on my previous actions. To avoid being exploited and encourage mutual cooperation, I will defect to signal that defection is not profitable for them in the long term.\n\nACTION: DEFECT",
    "THINKING: The opponent has a cooperation rate of only 54%, and their recent pattern shows they mostly defect. To maximize my payoff and avoid being exploited, it is better to defect in this round.  \nACTION: DEFECT",
    "THINKING: The opponent's cooperation rate is only 50%, and their recent pattern shows they mostly defect. To maximize my payoff and avoid being exploited, defecting is the safer strategy.\n\nACTION: DEFECT",
    "THINKING: The opponent has a low cooperation rate (47%) and has recently been mostly defecting. To maximize my payoff and protect against exploitation, I should defect in this round.\n\nACTION: DEFECT",
    "THINKING: The opponent has been consistently defecting recently, and their cooperation rate is low (44%). Continuing to cooperate would likely result in repeated losses, so defecting is the rational choice to maximize my payoff.  \nACTION: DEFECT",
    "THINKING: Opponent's consistent defection and low cooperation rate suggest they are unlikely to cooperate. Defecting maximizes my payoff in this scenario.  \n\nACTION: DEFECT",
    "THINKING: The opponent has consistently defected, and their recent pattern shows no intention of cooperation. Defecting maximizes my payoff under the circumstances.  \nACTION: DEFECT  ",
    "THINKING: The opponent has a low cooperation rate and is currently following a pattern of always defecting. Cooperating would lead to a payoff of 0, while defecting ensures at least 1 point.\n\nACTION: DEFECT",
    "THINKING: The opponent has consistently defected, showing no willingness to cooperate. Defecting maximizes my payoff under these circumstances.  \n\nACTION: DEFECT  ",
    "THINKING: The opponent consistently defects, and their cooperation rate is low (33%). Continuing to cooperate would only result in repeated losses, given their predictable behavior. Defecting minimizes losses and ensures a higher payoff.  \nACTION: DEFECT  ",
    "THINKING: The opponent has consistently defected in recent rounds and has a low cooperation rate, indicating a strategy that prioritizes self-interest over mutual benefit. To maximize my payoff in this scenario, the rational choice is to defect as well.  \nACTION: DEFECT",
    "THINKING: The opponent has consistently defected, and their cooperation rate is lower than mine. Cooperating will likely result in a payoff of 0, while defecting ensures I get at least 1.  \n\nACTION: DEFECT",
    "THINKING: The opponent has consistently defected and shows a low cooperation rate, indicating they are unlikely to change their strategy. Defecting reduces my losses and prevents exploitation.  \n\nACTION: DEFECT",
    "THINKING: The opponent has consistently defected and shows a low cooperation rate (28%). To maximize my payoff in this situation, it is rational to defect as well.  \n\nACTION: DEFECT",
    "THINKING: The opponent has consistently defected and has a low cooperation rate. To maximize my payoff given their predictable behavior, defecting is the best choice.  \n\nACTION: DEFECT  ",
    "THINKING: Opponent has a low cooperation rate and consistently defects. Since mutual cooperation is unlikely and defecting yields a higher payoff against their defection, defecting is the rational choice.  \nACTION: DEFECT",
    "THINKING: The opponent has consistently defected, including a clear pattern of always defecting recently. Cooperating would only result in a worse payoff for me given their behavior.\n\nACTION: DEFECT",
    "THINKING: The opponent has consistently defected, especially recently, indicating they are unlikely to cooperate. Defecting is the rational choice to maximize my payoff in this scenario.  \n\nACTION: DEFECT  "
  ]
}