{
  "experiment": "exp6_baseline",
  "game": "prisoners_dilemma",
  "provider": "deepseek",
  "baseline": "GrimTrigger",
  "trial": 19,
  "rounds": 30,
  "payoff": 40,
  "coop_rate": 0.2,
  "llm_history": [
    "COOPERATE",
    "COOPERATE",
    "COOPERATE",
    "COOPERATE",
    "DEFECT",
    "COOPERATE",
    "COOPERATE",
    "DEFECT",
    "DEFECT",
    "DEFECT",
    "DEFECT",
    "DEFECT",
    "DEFECT",
    "DEFECT",
    "DEFECT",
    "DEFECT",
    "DEFECT",
    "DEFECT",
    "DEFECT",
    "DEFECT",
    "DEFECT",
    "DEFECT",
    "DEFECT",
    "DEFECT",
    "DEFECT",
    "DEFECT",
    "DEFECT",
    "DEFECT",
    "DEFECT",
    "DEFECT"
  ],
  "opp_history": [
    "COOPERATE",
    "COOPERATE",
    "COOPERATE",
    "COOPERATE",
    "COOPERATE",
    "DEFECT",
    "DEFECT",
    "DEFECT",
    "DEFECT",
    "DEFECT",
    "DEFECT",
    "DEFECT",
    "DEFECT",
    "DEFECT",
    "DEFECT",
    "DEFECT",
    "DEFECT",
    "DEFECT",
    "DEFECT",
    "DEFECT",
    "DEFECT",
    "DEFECT",
    "DEFECT",
    "DEFECT",
    "DEFECT",
    "DEFECT",
    "DEFECT",
    "DEFECT",
    "DEFECT",
    "DEFECT"
  ],
  "llm_responses": [
    "THINKING: This is the first round with no history, so I'll start with cooperation to signal willingness to cooperate and see how the opponent responds.  \nACTION: COOPERATE",
    "THINKING: Since the opponent cooperated in the first round and has a 100% cooperation rate so far, cooperating again encourages mutual cooperation for higher long-term payoffs.  \nACTION: COOPERATE",
    "THINKING: The opponent has cooperated in both previous rounds, and my cooperation rate is 100%. To build trust and maximize mutual payoff, I should continue cooperating.\n\nACTION: COOPERATE",
    "THINKING: The opponent has cooperated 100% so far, and mutual cooperation yields the highest long-term payoff. Defecting now risks breaking trust and lowering future gains.\n\nACTION: COOPERATE",
    "THINKING: The opponent has cooperated 100% of the time so far, and my total payoff is currently zero because I have always cooperated while they have defected in at least one round (since my payoff is 0, the history must include a round where they defected against my cooperate). Given their recent pattern of cooperation, they may be trying to rebuild trust, but I should defect to gain a higher payoff now and test their response.\n\nACTION: DEFECT",
    "THINKING: The opponent has cooperated 100% of the time, so cooperating now is likely to yield a high payoff of 3 and maintain mutual cooperation.  \nACTION: COOPERATE",
    "THINKING: The opponent has been highly cooperative overall (83%), but they just defected last round. Given my total payoff is currently zero, I should try to rebuild mutual cooperation by cooperating now to encourage future cooperation.  \n\nACTION: COOPERATE",
    "THINKING: The opponent has a high cooperation rate overall (71%) but defected last round, suggesting possible tit-for-tat or testing behavior. My total payoff is currently zero, so I need to avoid exploitation while encouraging mutual cooperation for better long-term payoffs. A cautious defect here protects me from being exploited again and may reset cooperation.\n\nACTION: DEFECT",
    "THINKING: The opponent has a moderate cooperation rate but just defected last round. Given my high cooperation rate, they may exploit me if I keep cooperating unconditionally.  \nACTION: DEFECT",
    "THINKING: The opponent has a moderate cooperation rate but defected last round, and my total payoff is currently zero, so I need to be cautious to avoid exploitation.  \nACTION: DEFECT",
    "THINKING: Opponent's recent pattern suggests conditional cooperation, but they just defected last round. My cooperation rate is higher than theirs, so I should defect to avoid being exploited and signal I won't tolerate defection.\n\nACTION: DEFECT",
    "THINKING: The opponent has a low cooperation rate and mostly defects recently, so cooperating now likely leads to a poor payoff for me.  \nACTION: DEFECT",
    "THINKING: The opponent has a low cooperation rate and mostly defects recently, so cooperating is likely to be exploited.  \nACTION: DEFECT",
    "THINKING: Opponent has been defecting most of the time recently, and my cooperation hasn't been reciprocated, so defecting now protects me from exploitation and may earn a higher payoff.  \nACTION: DEFECT",
    "THINKING: The opponent has been defecting consistently recently, and my cooperation rate is already low, so cooperating now would likely just give them another advantage.  \nACTION: DEFECT",
    "THINKING: The opponent has a low cooperation rate and is currently in a pattern of always defecting, so cooperating now would likely lead to a poor payoff for me.  \nACTION: DEFECT",
    "THINKING: The opponent has a low cooperation rate and recently always defects, so cooperating now would likely yield 0 payoff. Defecting ensures at least 1 point and matches their expected move.\n\nACTION: DEFECT",
    "THINKING: The opponent has been defecting consistently, and my cooperation has not encouraged them to change. To avoid further losses, I should defect as well.\n\nACTION: DEFECT",
    "THINKING: The opponent has a low cooperation rate and recently always defects, so cooperating now would likely lead to a poor payoff for me.  \nACTION: DEFECT",
    "THINKING: The opponent has a low cooperation rate and is currently always defecting, so cooperating now would likely result in a payoff of 0. Defecting ensures at least a payoff of 1 and matches their current pattern.  \nACTION: DEFECT",
    "THINKING: The opponent has a low cooperation rate and has been defecting consistently, so cooperating now would likely lead to a poor payoff for me.  \nACTION: DEFECT",
    "THINKING: The opponent has been defecting consistently and has a low cooperation rate, so cooperating now would likely result in a loss for me.  \nACTION: DEFECT",
    "THINKING: The opponent has been defecting consistently, and my cooperation rate is low, so there's no incentive to cooperate now.  \nACTION: DEFECT",
    "THINKING: The opponent has a low cooperation rate and is currently in a pattern of always defecting, so defecting is the rational choice to avoid being exploited.  \nACTION: DEFECT",
    "THINKING: The opponent has a low cooperation rate and is currently in a pattern of always defecting, so cooperating now would likely result in a loss for me.  \nACTION: DEFECT",
    "THINKING: The opponent has a very low cooperation rate and is currently in an \"always defect\" pattern, so cooperating now would likely result in a loss for me.  \nACTION: DEFECT",
    "THINKING: The opponent has a very low cooperation rate and is currently always defecting, so cooperating now would likely result in a poor payoff for me.  \nACTION: DEFECT",
    "THINKING: The opponent has a very low cooperation rate and is currently always defecting, so cooperating now would likely result in a loss for me.  \nACTION: DEFECT",
    "THINKING: The opponent has a very low cooperation rate and is currently always defecting, so cooperating now would likely result in a payoff of 0 with no strategic benefit this late in the game.  \nACTION: DEFECT",
    "THINKING: The opponent has a very low cooperation rate and is currently always defecting; cooperating now would likely result in a payoff of 0 with no strategic benefit.  \nACTION: DEFECT"
  ]
}