{
  "experiment": "exp6_baseline",
  "game": "prisoners_dilemma",
  "provider": "openai",
  "baseline": "AlwaysCooperate",
  "trial": 4,
  "rounds": 30,
  "payoff": 90,
  "coop_rate": 1.0,
  "llm_history": [
    "COOPERATE",
    "COOPERATE",
    "COOPERATE",
    "COOPERATE",
    "COOPERATE",
    "COOPERATE",
    "COOPERATE",
    "COOPERATE",
    "COOPERATE",
    "COOPERATE",
    "COOPERATE",
    "COOPERATE",
    "COOPERATE",
    "COOPERATE",
    "COOPERATE",
    "COOPERATE",
    "COOPERATE",
    "COOPERATE",
    "COOPERATE",
    "COOPERATE",
    "COOPERATE",
    "COOPERATE",
    "COOPERATE",
    "COOPERATE",
    "COOPERATE",
    "COOPERATE",
    "COOPERATE",
    "COOPERATE",
    "COOPERATE",
    "COOPERATE"
  ],
  "opp_history": [
    "COOPERATE",
    "COOPERATE",
    "COOPERATE",
    "COOPERATE",
    "COOPERATE",
    "COOPERATE",
    "COOPERATE",
    "COOPERATE",
    "COOPERATE",
    "COOPERATE",
    "COOPERATE",
    "COOPERATE",
    "COOPERATE",
    "COOPERATE",
    "COOPERATE",
    "COOPERATE",
    "COOPERATE",
    "COOPERATE",
    "COOPERATE",
    "COOPERATE",
    "COOPERATE",
    "COOPERATE",
    "COOPERATE",
    "COOPERATE",
    "COOPERATE",
    "COOPERATE",
    "COOPERATE",
    "COOPERATE",
    "COOPERATE",
    "COOPERATE"
  ],
  "llm_responses": [
    "THINKING: Since this is the first round, there is no history to analyze, and cooperation could promote trust and encourage mutual benefit in future rounds. Starting with cooperation is often a good baseline in repeated games to explore the opponent's strategy.\n\nACTION: COOPERATE",
    "THINKING: Since both you and the opponent cooperated in the previous round, and the opponent's cooperation rate is 100%, continuing mutual cooperation maximizes payoffs for both players. Defecting now risks breaking this trust and reducing long-term payoffs.\n\nACTION: COOPERATE",
    "THINKING: So far, the opponent has cooperated 100% of the time, indicating a willingness to maintain mutual cooperation. Defecting now would risk losing the mutual benefits of cooperation and potentially provoke retaliation in future rounds. \n\nACTION: COOPERATE",
    "THINKING: Given the opponent's consistent cooperation and my current cooperation rate of 100%, maintaining mutual cooperation ensures the highest payoff (3 each) and strengthens trust for future rounds. Defecting would harm this dynamic and lower long-term payoffs.  \n\nACTION: COOPERATE",
    "THINKING: The opponent has consistently cooperated in all previous rounds, and mutual cooperation maximizes long-term payoffs. Defecting now would likely damage trust and lead to worse outcomes in future rounds.\n\nACTION: COOPERATE",
    "THINKING: The opponent has shown consistent cooperation in all rounds, and mutual cooperation yields a higher long-term payoff (3 points) compared to mutual defection (1 point). Maintaining cooperation aligns with the strategy of sustaining trust and maximizing payoffs.\n\nACTION: COOPERATE",
    "THINKING: The opponent has consistently cooperated in all rounds, and mutual cooperation yields the highest long-term payoff. Defecting now could break the trust and lead to lower payoffs in future rounds.  \n\nACTION: COOPERATE",
    "THINKING: Both I and the opponent have cooperated consistently, resulting in mutual benefits. Breaking the cooperative streak could jeopardize future payoffs and diminish trust.  \n\nACTION: COOPERATE",
    "THINKING: The opponent has consistently cooperated for 8 rounds, and my cooperation rate is also 100%. Maintaining mutual cooperation ensures a payoff of 3 points each, which is optimal for both parties in the long term. Breaking this trust by defecting could lead to a breakdown in cooperation.\n\nACTION: COOPERATE",
    "THINKING: Both my cooperation rate and the opponent's cooperation rate are 100%, indicating mutual trust and maximizing payoffs. Defecting now would break the established trust and result in lower overall payoffs.  \nACTION: COOPERATE",
    "THINKING: The opponent has been highly cooperative with a 100% cooperation rate, and continuing to cooperate will maximize the overall payoff for both parties in the long term. Defecting now may break the trust and harm future rounds.  \nACTION: COOPERATE",
    "THINKING: My opponent has cooperated 100% of the time and shown a consistent pattern of trustworthiness. Defecting now would break mutual trust and harm long-term payoffs.\n\nACTION: COOPERATE",
    "THINKING: The Opponent has demonstrated consistent cooperation in all rounds, and mutual cooperation maximizes payoffs in the long term. Defecting would risk breaking the cooperative dynamic and lead to worse outcomes over time.  \n\nACTION: COOPERATE",
    "THINKING: Both I and the Opponent have cooperated 100% of the time, resulting in mutual trust and maximum payoff per round. Defecting now would break this trust and potentially lead to mutual defection in future rounds, reducing long-term payoffs. \n\nACTION: COOPERATE",
    "THINKING: Both I and the Opponent have demonstrated consistent cooperation, leading to mutual benefit. Defecting now would break trust and potentially lead to a less favorable outcome in future rounds. \n\nACTION: COOPERATE",
    "THINKING: Both my opponent and I have cooperated 100% of the time so far, and mutual cooperation results in the best long-term payoff for both of us. Breaking this pattern by defecting could reduce trust and lead to worse outcomes in future rounds.\n\nACTION: COOPERATE",
    "THINKING: Both I and my opponent have consistently cooperated for 16 rounds, leading to mutual trust and high payoffs. Breaking this cooperative streak would harm the established trust and likely result in lower payoffs in future rounds. \n\nACTION: COOPERATE",
    "THINKING: The opponent has consistently cooperated in every round, and both our cooperation rates are 100%. Defecting now would break the trust and potentially lead to a worse outcome in future rounds. Maintaining mutual cooperation maximizes long-term payoffs.\n\nACTION: COOPERATE",
    "THINKING: Both you and your opponent have shown consistent cooperation throughout the game, suggesting a trustworthy and reciprocal dynamic. Defecting now risks breaking this mutual trust and reducing long-term payoffs.\n\nACTION: COOPERATE",
    "THINKING: Both I and the Opponent have maintained a 100% cooperation rate so far, maximizing mutual payoffs. Defecting now would break trust and diminish long-term gains. Continuing to cooperate sustains the mutually beneficial dynamic.\n\nACTION: COOPERATE",
    "THINKING: Both I and my opponent have cooperated consistently, resulting in maximal mutual payoffs. Defecting now risks breaking the trust and potentially triggers retaliation, which would lower overall payoffs in subsequent rounds. Maintaining cooperation sustains mutual benefit.\n\nACTION: COOPERATE",
    "THINKING: The opponent has consistently cooperated in all 21 rounds, and both of us have achieved a cooperation rate of 100%. Defecting now would destroy the mutual trust and lead to a worse outcome for both in future rounds. Cooperation maximizes long-term payoffs.  \n\nACTION: COOPERATE",
    "THINKING: The opponent has consistently cooperated in all 22 rounds, and mutual cooperation yields the highest joint payoff. Defecting now could disrupt the trust and ruin the cooperation streak.  \nACTION: COOPERATE",
    "THINKING: The opponent has demonstrated consistent cooperation (100% rate), and mutual cooperation maximizes long-term payoffs for both players. Defecting could damage trust and derail the cooperative dynamic.  \nACTION: COOPERATE",
    "THINKING: Both you and your opponent have maintained a 100% cooperation rate throughout the game, ensuring mutual maximum payoffs. Defecting now would break trust and likely lead to a worse outcome in future rounds.  \n\nACTION: COOPERATE",
    "THINKING: The opponent has shown consistent cooperation across all rounds, and mutual cooperation yields higher payoffs over the long term compared to defecting and risking retaliation or breaking trust. Maintaining cooperation maximizes both players' outcomes.  \nACTION: COOPERATE  ",
    "THINKING: Both I and the opponent have cooperated 100% of the time, leading to maximum mutual payoffs. Maintaining cooperation ensures continued high rewards and avoids unnecessary conflict.\n\nACTION: COOPERATE",
    "THINKING: Both I and the opponent have cooperated in all 27 previous rounds, creating a mutually beneficial outcome. Breaking this trust by defecting could jeopardize future cooperation and lead to lower long-term payoffs. \n\nACTION: COOPERATE",
    "THINKING: Both you and your opponent have maintained a perfect cooperation rate, resulting in mutual high payoffs. Defecting now would break trust and likely lead to reduced payoffs in future rounds. Continuing to cooperate maximizes long-term benefits.  \nACTION: COOPERATE",
    "THINKING: The opponent has shown consistent cooperation over 29 rounds, maintaining a 100% cooperation rate. Defecting now would break the mutual trust and lower the overall payoff, which isn't optimal in a repeated game with a cooperative partner.\n\nACTION: COOPERATE"
  ]
}