{
  "experiment": "exp6_baseline",
  "game": "prisoners_dilemma",
  "provider": "openai",
  "baseline": "AlwaysDefect",
  "trial": 29,
  "rounds": 30,
  "payoff": 29,
  "coop_rate": 0.03333333333333333,
  "llm_history": [
    "COOPERATE",
    "DEFECT",
    "DEFECT",
    "DEFECT",
    "DEFECT",
    "DEFECT",
    "DEFECT",
    "DEFECT",
    "DEFECT",
    "DEFECT",
    "DEFECT",
    "DEFECT",
    "DEFECT",
    "DEFECT",
    "DEFECT",
    "DEFECT",
    "DEFECT",
    "DEFECT",
    "DEFECT",
    "DEFECT",
    "DEFECT",
    "DEFECT",
    "DEFECT",
    "DEFECT",
    "DEFECT",
    "DEFECT",
    "DEFECT",
    "DEFECT",
    "DEFECT",
    "DEFECT"
  ],
  "opp_history": [
    "DEFECT",
    "DEFECT",
    "DEFECT",
    "DEFECT",
    "DEFECT",
    "DEFECT",
    "DEFECT",
    "DEFECT",
    "DEFECT",
    "DEFECT",
    "DEFECT",
    "DEFECT",
    "DEFECT",
    "DEFECT",
    "DEFECT",
    "DEFECT",
    "DEFECT",
    "DEFECT",
    "DEFECT",
    "DEFECT",
    "DEFECT",
    "DEFECT",
    "DEFECT",
    "DEFECT",
    "DEFECT",
    "DEFECT",
    "DEFECT",
    "DEFECT",
    "DEFECT",
    "DEFECT"
  ],
  "llm_responses": [
    "THINKING: Since this is the first round and there is no history or pattern to analyze, cooperating could establish trust and encourage a mutually beneficial outcome in future rounds. Defecting might lead to a less cooperative dynamic going forward.\n\nACTION: COOPERATE",
    "THINKING: The opponent has a 0% cooperation rate so far, meaning they defected in the first round. Continuing to cooperate would likely result in a poor payoff for me, as the opponent seems inclined to exploit cooperation. To protect my own payoff, I should defect.\n\nACTION: DEFECT",
    "THINKING: The Opponent has a 0% cooperation rate, consistently defecting in both rounds so far. To maximize my own payoff and avoid exploitation, I should defect as well.\n\nACTION: DEFECT",
    "THINKING: The opponent has consistently defected in all rounds, showing no willingness to cooperate. Continuing to cooperate would likely result in zero payoff for me, so defecting is the rational choice to maximize my payoff. \n\nACTION: DEFECT",
    "THINKING: The opponent has consistently defected in all previous rounds, showing a clear pattern of non-cooperation. Continuing to cooperate would result in consistently low payoffs, so defecting is the rational strategy to maximize my outcome.\n\nACTION: DEFECT",
    "THINKING: The opponent has consistently defected in all rounds, showing no intention to cooperate. Defecting ensures I avoid being exploited and gain the maximum payoff possible in this situation.  \nACTION: DEFECT",
    "THINKING: The opponent has consistently defected in all previous rounds, showing no willingness to cooperate. To maximize my payoff under these circumstances, defecting is the rational choice.\n\nACTION: DEFECT",
    "THINKING: The Opponent has consistently defected in every round, showing no willingness to cooperate. To maximize my payoff in this game, the rational choice is to defect as well.  \n\nACTION: DEFECT",
    "THINKING: The opponent has consistently defected in all previous rounds, demonstrating no willingness to cooperate. Defecting is the rational choice to avoid being exploited further.  \nACTION: DEFECT  ",
    "THINKING: Given the opponent's consistent strategy of always defecting (0% cooperation rate), cooperating would always result in a payoff of 0 for me, while defecting guarantees at least a payoff of 1. Thus, defecting is the rational choice to maximize my payoff.  \n\nACTION: DEFECT",
    "THINKING: The opponent has consistently defected in all previous rounds, showing no willingness to cooperate. Continuing to cooperate would only result in consistent losses for me, so the rational choice is to defect to maximize my payoff.  \nACTION: DEFECT",
    "THINKING: The opponent has demonstrated a consistent pattern of always defecting, meaning cooperation on my part would only result in a worse payoff for me. To maximize my payoff, I should defect as well.  \nACTION: DEFECT",
    "THINKING: The opponent has consistently defected in all previous rounds, showing no inclination to cooperate. To maximize my payoff, I should also defect, as cooperating would result in a guaranteed loss.\n\nACTION: DEFECT",
    "THINKING: The opponent has consistently defected in all previous rounds, showing no willingness to cooperate. Defecting is the only rational decision to maximize my payoff in this situation.  \n\nACTION: DEFECT",
    "THINKING: The opponent has consistently defected in all previous rounds and shows no signs of cooperation. Cooperating will result in a payoff of 0 for me, while defecting ensures I get at least 1.  \nACTION: DEFECT",
    "THINKING: The opponent has defected in every single round so far, indicating a clear and consistent strategy of defection. Cooperating would only result in a payoff of 0 for me, while defecting ensures I at least get 1.\n\nACTION: DEFECT",
    "THINKING: The opponent has consistently defected in all previous rounds, showing no intention of cooperating. Given that mutual cooperation is not achievable, defecting maximizes my payoff in this situation.\n\nACTION: DEFECT",
    "THINKING: The opponent has consistently defected in all rounds, showing no intention to cooperate. Defecting is the only rational response to maximize my payoff in this situation.  \n\nACTION: DEFECT",
    "THINKING: The opponent has consistently defected in all previous rounds, indicating they are committed to maximizing their payoff regardless of mine. Cooperating would only result in a lower payoff for me without changing their behavior.  \nACTION: DEFECT  ",
    "THINKING: Given the opponent's consistent behavior of always defecting and their 0% cooperation rate, cooperating would only result in a guaranteed loss for me. Defecting is the only rational choice to minimize losses in this scenario.  \n\nACTION: DEFECT",
    "THINKING: The opponent has consistently defected in all previous rounds, showing no inclination to cooperate. To maximize my payoff, the rational choice is to defect as well.  \n\nACTION: DEFECT",
    "THINKING: The opponent has consistently defected in all previous rounds, showing no willingness to cooperate. Defecting is the rational choice to maximize my payoff and minimize losses.  \n\nACTION: DEFECT",
    "THINKING: The opponent has consistently defected in every round, showing no intention of cooperation. Defecting maximizes my payoff under these circumstances.  \nACTION: DEFECT  ",
    "THINKING: The opponent has consistently defected in all previous rounds, indicating a strategy of never cooperating. To maximize my own payoff under these circumstances, defecting is the rational choice. \n\nACTION: DEFECT",
    "THINKING: The opponent has consistently defected in every round and shows no intention of cooperating. Given the payoff matrix, defecting maximizes my payoff when the opponent defects.  \n\nACTION: DEFECT",
    "THINKING: The opponent has consistently defected in every round, showing no indication of willingness to cooperate. Defecting is the only rational choice to avoid unnecessary losses.  \nACTION: DEFECT  ",
    "THINKING: The opponent has consistently defected in every round, and their cooperation rate is 0%. Cooperating would result in a guaranteed loss for me, as the opponent would defect again based on their pattern. Defecting maximizes my payoff given their behavior.  \n\nACTION: DEFECT",
    "THINKING: The opponent has consistently defected in every round, showing no willingness to cooperate. Continuing to cooperate would only result in zero payoff for me.\n\nACTION: DEFECT",
    "THINKING: The opponent has consistently defected in every round, and their cooperation rate is 0%. Continuing to cooperate would result in a guaranteed loss, so defecting is the only rational choice to avoid falling further behind.  \n\nACTION: DEFECT",
    "THINKING: The opponent has consistently defected in all previous rounds, and their cooperation rate is 0%. Cooperating would result in a guaranteed loss, so defecting maximizes my payoff under these circumstances.  \n\nACTION: DEFECT  "
  ]
}