{
  "experiment": "exp6_baseline",
  "game": "prisoners_dilemma",
  "provider": "openai",
  "baseline": "AlwaysCooperate",
  "trial": 5,
  "rounds": 30,
  "payoff": 90,
  "coop_rate": 1.0,
  "llm_history": [
    "COOPERATE",
    "COOPERATE",
    "COOPERATE",
    "COOPERATE",
    "COOPERATE",
    "COOPERATE",
    "COOPERATE",
    "COOPERATE",
    "COOPERATE",
    "COOPERATE",
    "COOPERATE",
    "COOPERATE",
    "COOPERATE",
    "COOPERATE",
    "COOPERATE",
    "COOPERATE",
    "COOPERATE",
    "COOPERATE",
    "COOPERATE",
    "COOPERATE",
    "COOPERATE",
    "COOPERATE",
    "COOPERATE",
    "COOPERATE",
    "COOPERATE",
    "COOPERATE",
    "COOPERATE",
    "COOPERATE",
    "COOPERATE",
    "COOPERATE"
  ],
  "opp_history": [
    "COOPERATE",
    "COOPERATE",
    "COOPERATE",
    "COOPERATE",
    "COOPERATE",
    "COOPERATE",
    "COOPERATE",
    "COOPERATE",
    "COOPERATE",
    "COOPERATE",
    "COOPERATE",
    "COOPERATE",
    "COOPERATE",
    "COOPERATE",
    "COOPERATE",
    "COOPERATE",
    "COOPERATE",
    "COOPERATE",
    "COOPERATE",
    "COOPERATE",
    "COOPERATE",
    "COOPERATE",
    "COOPERATE",
    "COOPERATE",
    "COOPERATE",
    "COOPERATE",
    "COOPERATE",
    "COOPERATE",
    "COOPERATE",
    "COOPERATE"
  ],
  "llm_responses": [
    "THINKING: Since this is the first round and there is no history or pattern to analyze, starting with cooperation can build trust and encourage mutual cooperation in future rounds. This aligns with strategies like \"Tit-for-Tat\" which often perform well in repeated games.  \nACTION: COOPERATE  ",
    "THINKING: Since the opponent cooperated in the previous round and has a cooperation rate of 100%, maintaining mutual cooperation maximizes the payoff for both parties. Defecting risks breaking trust and reducing long-term gains.\n\nACTION: COOPERATE",
    "THINKING: The opponent has cooperated 100% of the time so far, and mutual cooperation yields the highest collective payoff. Maintaining cooperation builds trust and maximizes long-term benefits in repeated games.  \nACTION: COOPERATE",
    "THINKING: Both my cooperation rate and the opponent's cooperation rate are 100%, indicating mutual trust and consistent cooperation. Defecting now would break this trust and likely lead to worse outcomes in future rounds. \n\nACTION: COOPERATE",
    "THINKING: Both I and the Opponent have shown consistent cooperation so far, and this mutual cooperation leads to the best collective payoff. Breaking this pattern could damage trust and reduce future payoffs.  \nACTION: COOPERATE",
    "THINKING: The opponent has shown consistent cooperation (100%) over the past 5 rounds, and mutual cooperation maximizes joint payoffs. Defecting now risks breaking the trust and reducing future payoffs.  \nACTION: COOPERATE  ",
    "THINKING: Both I and the Opponent have been fully cooperative so far, building trust and achieving the optimal payoff. There is no indication that the Opponent will defect, so cooperation continues to maximize long-term payoffs.  \nACTION: COOPERATE",
    "THINKING: The opponent has consistently cooperated in every round, showing a highly cooperative pattern. Defecting now would break mutual trust and harm long-term payoffs, so continuing to cooperate seems optimal.  \n\nACTION: COOPERATE",
    "THINKING: The opponent has shown consistent cooperation throughout all rounds, and I have also maintained a cooperative strategy. Defecting now risks breaking mutual trust and could lead to worse payoffs in future rounds. Cooperation maximizes long-term gains.\n\nACTION: COOPERATE",
    "THINKING: Both you and the Opponent have consistently cooperated, leading to mutual benefits. Defecting now could break trust and lead to a lower payoff in future rounds.\n\nACTION: COOPERATE",
    "THINKING: The opponent has consistently cooperated in all 10 previous rounds, showing a highly cooperative strategy. Maintaining mutual cooperation yields the highest long-term payoff in this scenario.\n\nACTION: COOPERATE",
    "THINKING: Both I and the Opponent have been cooperating consistently, and the Opponent’s behavior suggests a strong commitment to mutual cooperation. Defecting now would disrupt this trust and potentially lead to lower payoffs in future rounds.\n\nACTION: COOPERATE",
    "THINKING: The opponent has been consistently cooperative, with a perfect cooperation rate of 100% across all rounds. Defecting now could break mutual trust and lower long-term payoffs. Cooperation maximizes both players' outcomes in this situation.\n\nACTION: COOPERATE",
    "THINKING: The opponent has been consistently cooperative with a 100% cooperation rate, and maintaining mutual cooperation maximizes long-term payoffs in this repeated game scenario. Defecting would break trust and jeopardize future cooperation.\n\nACTION: COOPERATE",
    "THINKING: Both my opponent and I have cooperated in every round so far, and mutual cooperation has maximized our payoffs. Maintaining trust and cooperation seems optimal for long-term gains in this repeated game.  \n\nACTION: COOPERATE",
    "THINKING: Both I and the Opponent have been fully cooperative so far, indicating a strong mutual trust and high payoff strategy. Breaking this trust by defecting could ruin the long-term benefits of cooperation. \n\nACTION: COOPERATE",
    "THINKING: Both players have been consistently cooperating, yielding the maximum payoff for both. Breaking the cooperation now could damage trust and reduce overall payoffs in future rounds.  \n\nACTION: COOPERATE",
    "THINKING: Both my opponent and I have cooperated consistently, and the opponent's behavior suggests a highly cooperative strategy that benefits both of us in the long run. Breaking that trust now would harm potential future payoffs.\n\nACTION: COOPERATE",
    "THINKING: Given the opponent's perfect cooperation rate and my commitment to cooperation, defecting would break trust and likely lead to mutual defection in future rounds, reducing overall payoffs for both players. Sustaining cooperation maximizes long-term benefits. \n\nACTION: COOPERATE",
    "THINKING: Both I and my opponent have been fully cooperative, resulting in mutual trust and maximum payoffs so far. Defecting now would break this trust and likely reduce future payoffs. \n\nACTION: COOPERATE",
    "THINKING: The opponent has been consistently cooperative, and I have also maintained a perfect cooperation rate. Continuing to cooperate maximizes mutual payoff and sustains trust. Defecting would betray this pattern and risk future cooperation.  \nACTION: COOPERATE",
    "THINKING: Both my opponent and I have shown consistent cooperation, and mutual cooperation yields the best outcome for both of us. Defecting now would break trust and likely harm future rounds’ payoffs. \n\nACTION: COOPERATE",
    "THINKING: Both my opponent and I have cooperated consistently for 22 rounds, resulting in mutual trust and maximum payoffs. Defecting now risks breaking this trust and harming future payoffs.  \nACTION: COOPERATE",
    "THINKING: So far, the Opponent has shown consistent cooperation, maintaining a 100% cooperation rate across 23 rounds. Defecting now would break the trust and could lead to a breakdown of mutual cooperation, which has the highest long-term payoff.\n\nACTION: COOPERATE",
    "THINKING: Since both I and my opponent have cooperated in every round so far, maintaining mutual cooperation maximizes our payoffs. Defecting now would betray trust and harm long-term outcomes in this repeated game.  \n\nACTION: COOPERATE",
    "THINKING: Both I and the opponent have cooperated 100% of the time, creating a mutually beneficial dynamic. Breaking this trust by defecting would likely lead to a breakdown in cooperation and lower payoffs in the long run. \n\nACTION: COOPERATE",
    "THINKING: Both I and the Opponent have cooperated in every round so far, leading to mutual trust and maximizing payoffs. Breaking this trust by defecting now risks ruining the established cooperation pattern and reducing future payoffs.\n\nACTION: COOPERATE",
    "THINKING: Both the opponent and I have maintained a perfect cooperation rate, which has led to mutual benefit. Breaking this pattern by defecting could risk trust and future payoffs. \n\nACTION: COOPERATE",
    "THINKING: Both my cooperation rate and the opponent's are 100%, and the opponent has consistently cooperated across all rounds. Continuing to cooperate maximizes mutual payoffs and sustains trust.  \nACTION: COOPERATE",
    "THINKING: The opponent has consistently cooperated in all 29 rounds, and mutual cooperation yields the best long-term payoff in this repeated game. Defecting now would break the trust and likely lead to worse outcomes in future rounds.\n\nACTION: COOPERATE"
  ]
}