{
  "experiment": "exp6_baseline",
  "game": "prisoners_dilemma",
  "provider": "deepseek",
  "baseline": "GenerousTitForTat",
  "trial": 22,
  "rounds": 30,
  "payoff": 84,
  "coop_rate": 0.8333333333333334,
  "llm_history": [
    "COOPERATE",
    "COOPERATE",
    "COOPERATE",
    "COOPERATE",
    "COOPERATE",
    "COOPERATE",
    "COOPERATE",
    "DEFECT",
    "COOPERATE",
    "DEFECT",
    "COOPERATE",
    "DEFECT",
    "DEFECT",
    "COOPERATE",
    "DEFECT",
    "COOPERATE",
    "COOPERATE",
    "COOPERATE",
    "COOPERATE",
    "COOPERATE",
    "COOPERATE",
    "COOPERATE",
    "COOPERATE",
    "COOPERATE",
    "COOPERATE",
    "COOPERATE",
    "COOPERATE",
    "COOPERATE",
    "COOPERATE",
    "COOPERATE"
  ],
  "opp_history": [
    "COOPERATE",
    "COOPERATE",
    "COOPERATE",
    "COOPERATE",
    "COOPERATE",
    "COOPERATE",
    "COOPERATE",
    "COOPERATE",
    "DEFECT",
    "COOPERATE",
    "DEFECT",
    "COOPERATE",
    "DEFECT",
    "DEFECT",
    "COOPERATE",
    "DEFECT",
    "COOPERATE",
    "COOPERATE",
    "COOPERATE",
    "COOPERATE",
    "COOPERATE",
    "COOPERATE",
    "COOPERATE",
    "COOPERATE",
    "COOPERATE",
    "COOPERATE",
    "COOPERATE",
    "COOPERATE",
    "COOPERATE",
    "COOPERATE"
  ],
  "llm_responses": [
    "THINKING: This is the first round with no history, so I'll start by cooperating to signal willingness to cooperate and see how the opponent responds.  \nACTION: COOPERATE",
    "THINKING: The opponent cooperated in round 1, and we have no reason to suspect defection yet. Starting with cooperation builds trust and can lead to mutual gains.\n\nACTION: COOPERATE",
    "THINKING: Both players have cooperated in the first two rounds, resulting in mutual benefit. Since the opponent has a 100% cooperation rate so far, continuing to cooperate is likely to sustain the cooperative outcome.\n\nACTION: COOPERATE",
    "THINKING: The opponent has cooperated 100% so far, and mutual cooperation yields the highest long-term payoff.  \nACTION: COOPERATE",
    "THINKING: Opponent has cooperated 100% so far, so cooperating again maintains mutual benefit and high payoffs.  \nACTION: COOPERATE",
    "THINKING: The opponent has cooperated 100% of the time so far, and mutual cooperation yields the best long-term payoff. Defecting now risks breaking this beneficial pattern.\n\nACTION: COOPERATE",
    "THINKING: The opponent has cooperated 100% of the time so far, and my total payoff is currently zero, meaning I have been cooperating while they have been defecting in some rounds. The history says \"Last opponent action: cooperate,\" but my payoff suggests earlier defections. Given their recent full cooperation, cooperating now is likely to yield a good payoff and maintain mutual cooperation.\n\nACTION: COOPERATE",
    "THINKING: The opponent has cooperated 100% of the time so far, and my total payoff is currently zero, meaning I've been cooperating while they've been defecting in past rounds. This is a Prisoner's Dilemma, so to improve my score, I should defect now to exploit their cooperation.\n\nACTION: DEFECT",
    "THINKING: The opponent has cooperated 100% of the time so far, and my total payoff is zero because I have been defected against in the past. To build mutual cooperation and increase my score, I should reciprocate cooperation.\n\nACTION: COOPERATE",
    "THINKING: The opponent has been highly cooperative overall (89%), but they just defected last round. Given my total payoff is currently zero, I should retaliate to discourage further defection while still being open to cooperation in future rounds.\n\nACTION: DEFECT",
    "THINKING: The opponent has been highly cooperative (90% rate) and just cooperated last round. Cooperating now likely yields mutual benefit, and defecting could risk retaliation in future rounds.\n\nACTION: COOPERATE",
    "THINKING: The opponent has been highly cooperative overall (82%), but they just defected last round. Given my total payoff is zero, I should retaliate to avoid being exploited, but also signal willingness to return to cooperation if they do.\n\nACTION: DEFECT",
    "THINKING: The opponent has been highly cooperative (83% cooperation rate) and just cooperated last round. My total payoff is currently zero, so I need to maximize my score now. Given their consistent cooperation, defecting now yields a high payoff (5) with low risk of retaliation in this round.\n\nACTION: DEFECT",
    "THINKING: The opponent has a high cooperation rate overall but just defected last round, possibly testing my response. Given my total payoff is currently zero, I should aim to rebuild mutual cooperation by cooperating now to encourage future cooperation.\n\nACTION: COOPERATE",
    "THINKING: The opponent has a high cooperation rate (71%) but just defected last round, and my total payoff is currently zero, so I need to be cautious. A conditional cooperator might be testing my response, so I should defect to avoid exploitation and signal I won't tolerate defection.\n\nACTION: DEFECT",
    "THINKING: Opponent has a high cooperation rate (73%) and just cooperated last round, suggesting they are conditionally cooperative. My current payoff is zero, so I need to build mutual cooperation to improve scores.  \nACTION: COOPERATE",
    "THINKING: Opponent has a 69% cooperation rate and just defected last round, but overall they are conditionally cooperative. My total payoff is currently zero, so I need to rebuild cooperation to improve my score. A cooperative move now may encourage them to return to cooperating.\n\nACTION: COOPERATE",
    "THINKING: With both cooperation rates at 71% and the opponent just cooperating, continuing to cooperate maintains mutual benefit and avoids triggering retaliation.  \nACTION: COOPERATE",
    "THINKING: The opponent has matched my cooperation rate exactly and just cooperated last round, suggesting a conditional strategy that may reciprocate. With both of us cooperating recently, mutual cooperation gives the best payoff (3 vs 1 for mutual defection) and maintains trust.\n\nACTION: COOPERATE",
    "THINKING: Given the opponent's high cooperation rate and recent cooperation, and since my goal is to maximize total payoff, cooperating now is likely to yield a better mutual outcome.  \nACTION: COOPERATE",
    "THINKING: The opponent has a high cooperation rate and just cooperated last round, suggesting they are conditionally cooperative. My current total payoff is zero, so I need to build mutual cooperation to improve my score.\n\nACTION: COOPERATE",
    "THINKING: Opponent has a high cooperation rate and just cooperated last round, so cooperating now is likely to lead to mutual cooperation and a better payoff.  \nACTION: COOPERATE",
    "THINKING: Opponent has matched my high cooperation rate and just cooperated last round, suggesting a conditional strategy that rewards cooperation. Defecting now risks breaking the mutual cooperation and lowering my payoff.\n\nACTION: COOPERATE",
    "THINKING: Opponent has been highly cooperative (78% cooperation rate) and just cooperated last round. Mutual cooperation yields the highest long-term payoff, and defecting now risks breaking trust.\n\nACTION: COOPERATE",
    "THINKING: Both of us have been highly cooperative (79% each), and the opponent just cooperated last round. In a repeated Prisoner's Dilemma with a cooperative opponent, mutual cooperation yields the best long-term payoff.  \nACTION: COOPERATE",
    "THINKING: With both cooperation rates at 80% and a highly cooperative recent pattern, mutual cooperation yields the best long-term payoff. Defecting now risks breaking the cooperative equilibrium.  \nACTION: COOPERATE",
    "THINKING: Both of us have high cooperation rates and the opponent just cooperated, so continuing to cooperate maximizes mutual payoff.  \nACTION: COOPERATE",
    "THINKING: Both of us have high cooperation rates and the opponent just cooperated, so continuing to cooperate maximizes mutual payoff and maintains trust.  \nACTION: COOPERATE",
    "THINKING: Both of us have been highly cooperative (82% each), and the opponent just cooperated last round. In a repeated Prisoner's Dilemma with a cooperative opponent, mutual cooperation maximizes long-term payoff, and defecting now risks retaliation in future rounds.\n\nACTION: COOPERATE",
    "THINKING: With both cooperation rates at 83% and a highly cooperative recent pattern, mutual cooperation yields the best long-term payoff. Defecting now risks breaking the cooperative equilibrium for minimal short-term gain.\n\nACTION: COOPERATE"
  ]
}