{
  "experiment": "exp6_baseline",
  "game": "prisoners_dilemma",
  "provider": "openai",
  "baseline": "GenerousTitForTat",
  "trial": 22,
  "rounds": 30,
  "payoff": 90,
  "coop_rate": 1.0,
  "llm_history": [
    "COOPERATE",
    "COOPERATE",
    "COOPERATE",
    "COOPERATE",
    "COOPERATE",
    "COOPERATE",
    "COOPERATE",
    "COOPERATE",
    "COOPERATE",
    "COOPERATE",
    "COOPERATE",
    "COOPERATE",
    "COOPERATE",
    "COOPERATE",
    "COOPERATE",
    "COOPERATE",
    "COOPERATE",
    "COOPERATE",
    "COOPERATE",
    "COOPERATE",
    "COOPERATE",
    "COOPERATE",
    "COOPERATE",
    "COOPERATE",
    "COOPERATE",
    "COOPERATE",
    "COOPERATE",
    "COOPERATE",
    "COOPERATE",
    "COOPERATE"
  ],
  "opp_history": [
    "COOPERATE",
    "COOPERATE",
    "COOPERATE",
    "COOPERATE",
    "COOPERATE",
    "COOPERATE",
    "COOPERATE",
    "COOPERATE",
    "COOPERATE",
    "COOPERATE",
    "COOPERATE",
    "COOPERATE",
    "COOPERATE",
    "COOPERATE",
    "COOPERATE",
    "COOPERATE",
    "COOPERATE",
    "COOPERATE",
    "COOPERATE",
    "COOPERATE",
    "COOPERATE",
    "COOPERATE",
    "COOPERATE",
    "COOPERATE",
    "COOPERATE",
    "COOPERATE",
    "COOPERATE",
    "COOPERATE",
    "COOPERATE",
    "COOPERATE"
  ],
  "llm_responses": [
    "THINKING: In the first round, there is no prior history or pattern to analyze. Cooperating initially can build trust and encourage reciprocal cooperation in future rounds.  \nACTION: COOPERATE",
    "THINKING: The opponent has cooperated in the first round, and their cooperation rate is 100%. To build trust and maximize long-term payoffs, I should continue cooperating for now.  \nACTION: COOPERATE  ",
    "THINKING: Both I and the Opponent have cooperated in all prior rounds, suggesting a mutually beneficial strategy. Maintaining cooperation will maximize long-term payoffs if the Opponent continues cooperating. \n\nACTION: COOPERATE",
    "THINKING: The opponent has consistently cooperated in all previous rounds, and both of us have maintained a 100% cooperation rate, which maximizes joint payoffs. Breaking the pattern by defecting risks losing mutual trust and long-term gains.\n\nACTION: COOPERATE",
    "THINKING: The opponent has been consistently cooperative, showing a 100% cooperation rate. Maintaining mutual cooperation maximizes payoffs for both players, so it's beneficial to build trust and reciprocate their behavior.  \nACTION: COOPERATE",
    "THINKING: The opponent has been consistently cooperative, and mutual cooperation yields the best long-term payoff. Defecting now would break trust and jeopardize future cooperation.  \n\nACTION: COOPERATE",
    "THINKING: Both I and my opponent have cooperated 100% of the time so far, leading to mutual trust and maximum payoff for both. Breaking this pattern now could harm the trust and lead to lower payoffs in future rounds.\n\nACTION: COOPERATE",
    "THINKING: The opponent has consistently cooperated in all previous rounds, and mutual cooperation yields the best collective payoff. Maintaining cooperation also builds trust and avoids the risk of destabilizing the pattern.  \n\nACTION: COOPERATE",
    "THINKING: Both my opponent and I have been fully cooperative so far, and since the opponent shows a highly cooperative pattern, mutual cooperation continues to maximize long-term payoffs. Defecting now risks breaking the trust established.\n\nACTION: COOPERATE",
    "THINKING: The Opponent has demonstrated consistent cooperation with a 100% cooperation rate, and mutual cooperation maximizes long-term payoff. Defecting would risk breaking trust and reducing overall payoffs.  \n\nACTION: COOPERATE",
    "THINKING: The opponent has been highly cooperative with a 100% cooperation rate. Defecting now would break the trust and likely harm future payoffs, while cooperating maintains mutual benefit. \n\nACTION: COOPERATE",
    "THINKING: Both I and the Opponent have maintained a perfect cooperation rate, leading to mutual trust and maximum payoffs so far. Breaking this pattern by defecting now would harm the trust and likely result in reduced payoffs in future rounds.\n\nACTION: COOPERATE",
    "THINKING: The opponent has consistently cooperated, and mutual cooperation maximizes both players' payoffs over repeated rounds. Defecting risks breaking the trust and reducing long-term gains. \n\nACTION: COOPERATE",
    "THINKING: Both I and the Opponent have consistently cooperated, ensuring mutual high payoffs. Breaking this pattern by defecting risks eroding trust and leading to lower payoffs in future rounds.  \nACTION: COOPERATE  ",
    "THINKING: Both players have cooperated consistently, yielding mutual benefits. Defecting now would break the trust and likely shift the opponent's strategy, reducing long-term payoffs.  \n\nACTION: COOPERATE",
    "THINKING: Both I and my opponent have been fully cooperative so far, which has maximized mutual payoffs. Defecting now risks breaking the trust and reducing long-term payoffs in future rounds. Maintaining cooperation sustains the optimal outcome.\n\nACTION: COOPERATE",
    "THINKING: The opponent has consistently cooperated in all 16 rounds, maintaining a 100% cooperation rate. Defecting now would break the trust and likely lead to mutual defection in future rounds, reducing long-term payoffs.\n\nACTION: COOPERATE",
    "THINKING: Both I and my opponent have maintained a 100% cooperation rate, resulting in mutual trust and maximum payoffs. Defecting now would break this trust and may lead to a less optimal future outcome for both of us.\n\nACTION: COOPERATE",
    "THINKING: The opponent has been consistently cooperative, and reciprocating their cooperation will likely maintain mutual high payoffs. Defecting now could break trust and lead to lower future payoffs for both parties.\n\nACTION: COOPERATE",
    "THINKING: Both I and the opponent have cooperated every round so far, leading to a mutually beneficial outcome. There is no reason to break this trust as it maximizes long-term payoffs.\n\nACTION: COOPERATE",
    "THINKING: My opponent has shown consistent cooperation across all 20 previous rounds, maintaining a 100% cooperation rate. To maximize long-term payoff and sustain mutual trust, it is optimal to continue cooperating.  \nACTION: COOPERATE",
    "THINKING: Both I and my opponent have consistently cooperated for all 21 rounds, leading to mutual trust and maximum payoffs. Defecting now would harm this trust and likely prompt my opponent to defect in future rounds, reducing long-term payoffs.\n\nACTION: COOPERATE",
    "THINKING: Both the Opponent and I have maintained perfect cooperation, which ensures maximum payoff for both parties. Breaking this pattern by defecting would risk losing trust and reduce future payoffs.\n\nACTION: COOPERATE",
    "THINKING: The opponent has consistently cooperated in all 23 rounds, showing a highly reliable cooperative strategy. Maintaining mutual cooperation maximizes long-term payoffs for both parties.\n\nACTION: COOPERATE",
    "THINKING: The opponent has been fully cooperative for all 24 rounds, and mutual cooperation consistently yields a higher long-term payoff compared to defecting. Maintaining trust and cooperation seems optimal for maximizing future gains.\n\nACTION: COOPERATE",
    "THINKING: The opponent has been consistently cooperative for all 25 rounds, and my cooperation rate is 100%. Defecting now would break the mutual trust and jeopardize future payoffs, as continued cooperation maximizes long-term gains.  \n\nACTION: COOPERATE",
    "THINKING: Given the opponent's perfect cooperation rate and the history of mutual cooperation, defecting would break the established trust and likely harm future payoffs in this repeated game. Continuing to cooperate maximizes long-term benefits.  \n\nACTION: COOPERATE",
    "THINKING: The opponent has consistently cooperated for all 27 rounds, demonstrating trustworthiness and a focus on mutual benefit. Defecting would break the trust and likely harm future cooperation.\n\nACTION: COOPERATE",
    "THINKING: Both I and my opponent have been 100% cooperative throughout the game, which maximizes mutual payoff. Defecting now would break trust and reduce long-term gains. It's optimal to maintain cooperation.  \nACTION: COOPERATE  ",
    "THINKING: Both my opponent and I have been fully cooperative so far, making this a highly mutually beneficial interaction. Breaking this streak of cooperation would risk losing trust and damaging future payoffs.\n\nACTION: COOPERATE"
  ]
}