{
  "experiment": "exp6_baseline",
  "game": "prisoners_dilemma",
  "provider": "openai",
  "baseline": "GrimTrigger",
  "trial": 22,
  "rounds": 30,
  "payoff": 90,
  "coop_rate": 1.0,
  "llm_history": [
    "COOPERATE",
    "COOPERATE",
    "COOPERATE",
    "COOPERATE",
    "COOPERATE",
    "COOPERATE",
    "COOPERATE",
    "COOPERATE",
    "COOPERATE",
    "COOPERATE",
    "COOPERATE",
    "COOPERATE",
    "COOPERATE",
    "COOPERATE",
    "COOPERATE",
    "COOPERATE",
    "COOPERATE",
    "COOPERATE",
    "COOPERATE",
    "COOPERATE",
    "COOPERATE",
    "COOPERATE",
    "COOPERATE",
    "COOPERATE",
    "COOPERATE",
    "COOPERATE",
    "COOPERATE",
    "COOPERATE",
    "COOPERATE",
    "COOPERATE"
  ],
  "opp_history": [
    "COOPERATE",
    "COOPERATE",
    "COOPERATE",
    "COOPERATE",
    "COOPERATE",
    "COOPERATE",
    "COOPERATE",
    "COOPERATE",
    "COOPERATE",
    "COOPERATE",
    "COOPERATE",
    "COOPERATE",
    "COOPERATE",
    "COOPERATE",
    "COOPERATE",
    "COOPERATE",
    "COOPERATE",
    "COOPERATE",
    "COOPERATE",
    "COOPERATE",
    "COOPERATE",
    "COOPERATE",
    "COOPERATE",
    "COOPERATE",
    "COOPERATE",
    "COOPERATE",
    "COOPERATE",
    "COOPERATE",
    "COOPERATE",
    "COOPERATE"
  ],
  "llm_responses": [
    "THINKING: Since this is the first round and there is no history or pattern to analyze, cooperating can signal trust and encourage mutual cooperation in future rounds. It sets a positive tone for the game.  \nACTION: COOPERATE  ",
    "THINKING: The opponent has cooperated so far, and maintaining mutual cooperation yields the highest long-term payoff for both players. Defecting now risks breaking trust and reducing future payoffs.  \nACTION: COOPERATE  ",
    "THINKING: Both my opponent and I have consistently cooperated so far, and the mutual cooperation strategy yields the best long-term payoff (3 points each round). Defecting now could disrupt the trust and harm future payoffs.\n\nACTION: COOPERATE",
    "THINKING: The opponent has consistently cooperated in all previous rounds, and my cooperation rate is currently 100%. Maintaining mutual cooperation maximizes the payoff for both players over repeated rounds. Defecting now risks breaking trust and lowering long-term payoffs.  \n\nACTION: COOPERATE",
    "THINKING: The opponent has been consistently cooperative, and mutual cooperation yields the best long-term payoff in this game. Defecting now risks breaking the trust and reducing future payoffs.  \nACTION: COOPERATE",
    "THINKING: The opponent has been consistently cooperative with a 100% cooperation rate and no signs of defection. Maintaining mutual cooperation maximizes the payoff for both parties in the long run.  \nACTION: COOPERATE  ",
    "THINKING: The opponent has consistently cooperated in all rounds, and mutual cooperation maximizes long-term payoffs. Maintaining trust and continuing to cooperate is the optimal strategy to sustain high payoffs for both.\n\nACTION: COOPERATE",
    "THINKING: Both my cooperation rate and the opponent's cooperation rate are 100%, indicating a mutually beneficial pattern of trust. Defecting now would jeopardize this positive dynamic and lead to lower long-term payoffs.\n\nACTION: COOPERATE",
    "THINKING: Since both the Opponent and I have maintained a perfect cooperation rate and the Opponent appears highly cooperative, continuing to cooperate will maximize mutual payoffs and preserve trust. Defecting could jeopardize the established pattern and result in lower long-term payoffs.\n\nACTION: COOPERATE",
    "THINKING: The opponent has consistently cooperated, and my cooperation rate is also 100%. Maintaining mutual cooperation ensures the highest payoff for both players in this repeated game. Defecting could risk breaking the beneficial dynamic.  \n\nACTION: COOPERATE",
    "THINKING: Both my opponent and I have consistently cooperated for the past 10 rounds, building a highly cooperative dynamic that maximizes mutual payoffs. Continuing to cooperate maintains trust and ensures a stable, high payoff for both.  \n\nACTION: COOPERATE  ",
    "THINKING: Both my opponent and I have maintained a perfect cooperation rate, fostering mutual trust and maximizing shared payoffs. Breaking this pattern by defecting could risk damaging the cooperative dynamic and result in lower long-term payoffs.\n\nACTION: COOPERATE",
    "THINKING: The opponent has demonstrated consistent cooperation throughout all previous rounds, and I have also cooperated every time. To maintain mutual trust and maximize long-term payoff, it is wise to continue cooperating.  \nACTION: COOPERATE",
    "THINKING: The opponent has consistently cooperated in all 13 previous rounds, and mutual cooperation maximizes long-term payoffs for both players. Breaking this mutual trust now would risk jeopardizing future cooperation and reducing overall payoffs.  \nACTION: COOPERATE  ",
    "THINKING: Both I and my opponent have cooperated in every round so far, leading to mutual benefit. Breaking this pattern by defecting risks losing trust and undermining future cooperation.\n\nACTION: COOPERATE",
    "THINKING: The opponent has shown consistent cooperation throughout the game, with a 100% cooperation rate. Defecting now could break trust and lead to lower overall payoffs in future rounds.\n\nACTION: COOPERATE",
    "THINKING: Both players have consistently cooperated for all 16 rounds, resulting in mutual high payoffs. Maintaining cooperation maximizes long-term benefits and sustains trust.  \nACTION: COOPERATE  ",
    "THINKING: The opponent has demonstrated consistent cooperation with a 100% cooperation rate, and mutual cooperation yields the best long-term payoff in the Prisoner's Dilemma. Defecting now risks breaking the trust and ruining future gains.\n\nACTION: COOPERATE",
    "THINKING: The opponent has consistently cooperated, and defecting now could break the trust and lead to lower payoffs in future rounds. Maintaining cooperation maximizes both players' payoffs in the long term.\n\nACTION: COOPERATE",
    "THINKING: Both I and the Opponent have consistently cooperated in all rounds so far, leading to mutual high payoffs. Defecting now would break the trust, potentially triggering retaliation and reducing long-term gains. \n\nACTION: COOPERATE",
    "THINKING: The opponent has shown consistent cooperation throughout all 20 rounds, and my cooperation rate is also 100%. Defecting now would break the mutual trust that has been built and risk losing future cooperative payoffs. Maintaining cooperation maximizes long-term rewards.  \nACTION: COOPERATE",
    "THINKING: The opponent has consistently cooperated in all rounds so far, demonstrating a highly cooperative strategy. Mutual cooperation maximizes long-term payoffs, and defecting would break the trust and lead to worse outcomes in future rounds.  \n\nACTION: COOPERATE",
    "THINKING: The opponent has consistently cooperated in all 22 rounds, and mutual cooperation yields a higher payoff (3 each) than mutual defection (1 each). Defecting risks breaking the cooperative dynamic and reducing future payoffs.\n\nACTION: COOPERATE",
    "THINKING: The opponent has been consistently cooperative with a 100% cooperation rate, and defecting now could jeopardize the mutual trust that has been established, reducing long-term payoffs. Maintaining cooperation ensures mutual benefit and avoids the risk of retaliation.  \nACTION: COOPERATE",
    "THINKING: The opponent has consistently cooperated in every round, and maintaining mutual cooperation ensures a steady payoff of 3 for both rather than risking a lower payoff. Defecting would break trust and likely lead to mutual defection in future rounds.\n\nACTION: COOPERATE",
    "THINKING: The opponent has consistently cooperated in every round, maintaining a 100% cooperation rate. Defecting would break mutual trust and potentially lead to lower payoffs in future rounds. \n\nACTION: COOPERATE",
    "THINKING: The opponent has cooperated in every round, and mutual cooperation yields the best long-term payoff. Defecting would risk breaking the cooperative dynamic for a short-term gain.  \nACTION: COOPERATE",
    "THINKING: The opponent has consistently cooperated in all previous rounds, and mutual cooperation provides a higher payoff than defecting in a single round. Maintaining cooperation maximizes long-term rewards and preserves trust.  \nACTION: COOPERATE  ",
    "THINKING: Given both my and the opponent's perfect cooperation rate thus far, defecting now would break trust and risk future cooperation. Maintaining mutual cooperation maximizes long-term payoffs.  \n\nACTION: COOPERATE  ",
    "THINKING: The Opponent has shown consistent cooperation with a 100% cooperation rate across 29 rounds. Defecting now would break trust and could lead to mutual defection in future rounds, reducing both of our long-term payoffs. Cooperation maximizes long-term gains in this scenario.  \nACTION: COOPERATE"
  ]
}