{
  "experiment": "exp6_baseline",
  "game": "prisoners_dilemma",
  "provider": "openai",
  "baseline": "GrimTrigger",
  "trial": 13,
  "rounds": 30,
  "payoff": 90,
  "coop_rate": 1.0,
  "llm_history": [
    "COOPERATE",
    "COOPERATE",
    "COOPERATE",
    "COOPERATE",
    "COOPERATE",
    "COOPERATE",
    "COOPERATE",
    "COOPERATE",
    "COOPERATE",
    "COOPERATE",
    "COOPERATE",
    "COOPERATE",
    "COOPERATE",
    "COOPERATE",
    "COOPERATE",
    "COOPERATE",
    "COOPERATE",
    "COOPERATE",
    "COOPERATE",
    "COOPERATE",
    "COOPERATE",
    "COOPERATE",
    "COOPERATE",
    "COOPERATE",
    "COOPERATE",
    "COOPERATE",
    "COOPERATE",
    "COOPERATE",
    "COOPERATE",
    "COOPERATE"
  ],
  "opp_history": [
    "COOPERATE",
    "COOPERATE",
    "COOPERATE",
    "COOPERATE",
    "COOPERATE",
    "COOPERATE",
    "COOPERATE",
    "COOPERATE",
    "COOPERATE",
    "COOPERATE",
    "COOPERATE",
    "COOPERATE",
    "COOPERATE",
    "COOPERATE",
    "COOPERATE",
    "COOPERATE",
    "COOPERATE",
    "COOPERATE",
    "COOPERATE",
    "COOPERATE",
    "COOPERATE",
    "COOPERATE",
    "COOPERATE",
    "COOPERATE",
    "COOPERATE",
    "COOPERATE",
    "COOPERATE",
    "COOPERATE",
    "COOPERATE",
    "COOPERATE"
  ],
  "llm_responses": [
    "THINKING: In the first round, there is no prior history to analyze, so cooperating can establish trust and potentially lead to mutual benefits in future rounds. Defecting immediately risks setting a hostile tone for the game.  \nACTION: COOPERATE",
    "THINKING: Since both I and the opponent cooperated in the first round, it seems the opponent is inclined toward cooperation. Maintaining mutual cooperation maximizes long-term payoffs for both of us.  \nACTION: COOPERATE  ",
    "THINKING: The opponent has cooperated 100% of the time so far, and mutual cooperation yields a higher long-term payoff than defecting. Maintaining cooperation builds trust and maximizes joint benefits.  \n\nACTION: COOPERATE",
    "THINKING: The opponent has been consistently cooperative, and maintaining mutual cooperation maximizes long-term payoffs. Defecting could break trust and reduce overall gains.  \nACTION: COOPERATE  ",
    "THINKING: The opponent has been consistently cooperative, and mutual cooperation yields the highest combined payoff. Defecting now risks breaking the trust and reducing long-term payoffs.  \nACTION: COOPERATE  ",
    "THINKING: The opponent has been consistently cooperative, and mutual cooperation yields the highest joint payoff. Defecting now would break trust and could lead to mutual defection in future rounds, reducing overall payoffs. \n\nACTION: COOPERATE",
    "THINKING: Both the opponent and I have cooperated 100% of the time, maintaining mutual trust and maximizing payoffs. Defecting now risks breaking this cooperation and yielding suboptimal future outcomes.\n\nACTION: COOPERATE",
    "THINKING: The opponent has consistently cooperated in all prior rounds, and mutual cooperation yields the best long-term payoff in repeated games. Defecting now could break the trust and lead to lower payoffs in future rounds.  \nACTION: COOPERATE",
    "THINKING: The opponent has demonstrated consistent cooperation throughout all previous rounds, and mutual cooperation yields a higher long-term payoff than defecting once and risking retaliation. Maintaining cooperation preserves trust and maximizes future gains.\n\nACTION: COOPERATE",
    "THINKING: Both you and your opponent have consistently cooperated, resulting in mutual gains. Defecting now risks breaking the cooperative dynamic and reducing long-term payoffs.  \nACTION: COOPERATE",
    "THINKING: Given the opponent's perfect cooperation rate and the mutually beneficial payoff of 3 for both cooperating, maintaining cooperation fosters trust and maximizes long-term gains. Defecting would break the trust and likely lead to worse outcomes in future rounds.\n\nACTION: COOPERATE",
    "THINKING: The opponent has been consistently cooperative with a 100% cooperation rate, and mutual cooperation yields a higher long-term payoff than defecting. Defecting now would break the trust and likely lead to worse outcomes in future rounds.  \n\nACTION: COOPERATE",
    "THINKING: The opponent has consistently cooperated in all 12 rounds, demonstrating a highly cooperative strategy. Maintaining mutual cooperation ensures a better long-term payoff for both parties compared to defecting, which would disrupt trust.  \n\nACTION: COOPERATE",
    "THINKING: Both the opponent and I have maintained 100% cooperation, which has been mutually beneficial. Defecting now would disrupt this successful pattern and risk losing long-term gains.  \nACTION: COOPERATE",
    "THINKING: Both the opponent and I have demonstrated consistent cooperation throughout all previous rounds, leading to mutual benefit. Breaking this pattern by defecting would undermine trust and likely lead to lower payoffs in future rounds.  \n\nACTION: COOPERATE",
    "THINKING: Both I and the opponent have maintained perfect cooperation so far, leading to optimal outcomes for both of us. Breaking this pattern by defecting would jeopardize trust and potentially lead to suboptimal outcomes in future rounds.  \nACTION: COOPERATE",
    "THINKING: The opponent has consistently cooperated in all previous rounds, and mutual cooperation is the best long-term strategy for maximizing payoffs. Defecting risks breaking the trust and reducing overall payoff.  \n\nACTION: COOPERATE",
    "THINKING: The opponent has consistently cooperated in all previous rounds, and mutual cooperation yields the best long-term payoff for both players. Breaking this pattern may erode trust and lead to worse outcomes in future rounds.  \n\nACTION: COOPERATE",
    "THINKING: Both you and your opponent have consistently cooperated, resulting in mutual trust and optimal payoffs. Defecting now risks breaking this trust and achieving a lower long-term payoff. \n\nACTION: COOPERATE",
    "THINKING: The opponent has shown a consistent pattern of cooperation throughout all previous rounds. Defecting now would break mutual trust and potentially ruin future cooperation, which could maximize long-term payoffs. \n\nACTION: COOPERATE",
    "THINKING: The opponent has been consistently cooperative throughout all 20 rounds, and maintaining mutual cooperation maximizes long-term payoffs for both of us. Defecting would risk breaking the trust and reducing future payoffs.  \nACTION: COOPERATE",
    "THINKING: The Opponent has been entirely cooperative so far, and mutual cooperation ensures the maximum stable payoff for both parties. Defecting now risks breaking the high level of trust and cooperation established.\n\nACTION: COOPERATE",
    "THINKING: Both I and my opponent have consistently cooperated in all previous rounds, resulting in mutual benefit. Breaking this pattern by defecting would undermine trust and could lead to worse outcomes in future rounds.\n\nACTION: COOPERATE",
    "THINKING: The opponent has maintained a perfect cooperation rate, and deviating by defecting could damage the trust and jeopardize the mutually beneficial pattern we've established so far.\n\nACTION: COOPERATE",
    "THINKING: Both myself and the opponent have consistently cooperated for all rounds, yielding mutual high payoffs. Maintaining cooperation is likely to continue maximizing both parties' payoffs.  \nACTION: COOPERATE",
    "THINKING: The opponent has consistently cooperated in every round, showing a highly cooperative strategy. To maximize long-term mutual payoffs, continuing to cooperate will sustain the 3-3 outcome.  \n\nACTION: COOPERATE",
    "THINKING: The Opponent has cooperated in every round so far, maintaining a highly cooperative pattern. To maximize mutual payoff and sustain trust, I should also cooperate. \n\nACTION: COOPERATE",
    "THINKING: Both my cooperation rate and the opponent's cooperation rate are 100%, indicating a high level of trust and mutual benefit so far. Breaking this pattern by defecting could jeopardize the long-term rewards of cooperation.\n\nACTION: COOPERATE",
    "THINKING: The opponent has consistently cooperated, maintaining a 100% cooperation rate, and mutual cooperation maximizes both payoffs. Defecting would break trust and potentially harm future rounds. \n\nACTION: COOPERATE",
    "THINKING: The opponent has cooperated in every round so far, and mutual cooperation yields the best combined payoff. Defecting now risks breaking the trust and reducing long-term payoffs. \n\nACTION: COOPERATE"
  ]
}