{
  "experiment": "exp6_baseline",
  "game": "prisoners_dilemma",
  "provider": "deepseek",
  "baseline": "GrimTrigger",
  "trial": 11,
  "rounds": 30,
  "payoff": 44,
  "coop_rate": 0.26666666666666666,
  "llm_history": [
    "COOPERATE",
    "COOPERATE",
    "COOPERATE",
    "COOPERATE",
    "COOPERATE",
    "COOPERATE",
    "DEFECT",
    "DEFECT",
    "COOPERATE",
    "COOPERATE",
    "DEFECT",
    "DEFECT",
    "DEFECT",
    "DEFECT",
    "DEFECT",
    "DEFECT",
    "DEFECT",
    "DEFECT",
    "DEFECT",
    "DEFECT",
    "DEFECT",
    "DEFECT",
    "DEFECT",
    "DEFECT",
    "DEFECT",
    "DEFECT",
    "DEFECT",
    "DEFECT",
    "DEFECT",
    "DEFECT"
  ],
  "opp_history": [
    "COOPERATE",
    "COOPERATE",
    "COOPERATE",
    "COOPERATE",
    "COOPERATE",
    "COOPERATE",
    "COOPERATE",
    "DEFECT",
    "DEFECT",
    "DEFECT",
    "DEFECT",
    "DEFECT",
    "DEFECT",
    "DEFECT",
    "DEFECT",
    "DEFECT",
    "DEFECT",
    "DEFECT",
    "DEFECT",
    "DEFECT",
    "DEFECT",
    "DEFECT",
    "DEFECT",
    "DEFECT",
    "DEFECT",
    "DEFECT",
    "DEFECT",
    "DEFECT",
    "DEFECT",
    "DEFECT"
  ],
  "llm_responses": [
    "THINKING: This is the first round with no history, so I'll start by cooperating to signal willingness to cooperate and see how the opponent responds.  \nACTION: COOPERATE",
    "THINKING: The opponent cooperated in round 1, and with no reason to defect yet, cooperating maintains mutual benefit and builds trust.  \nACTION: COOPERATE",
    "THINKING: Both players have cooperated in the first two rounds, and the opponent has a 100% cooperation rate. Starting with mutual cooperation is promising, so I will continue cooperating to build trust and aim for high mutual payoffs.\n\nACTION: COOPERATE",
    "THINKING: Opponent has cooperated 100% so far, so cooperating maintains mutual benefit and avoids triggering retaliation.  \nACTION: COOPERATE",
    "THINKING: Opponent has cooperated 100% of the time so far, and my total payoff is 0, meaning I've cooperated every round while they've defected at least once (since mutual cooperation would give me 3 per round). Their \"cooperation rate\" of 100% (4/4) seems inconsistent with my payoff of 0, but the history says they last cooperated. This suggests possible misalignment in data, but given the stated high cooperation, cooperating now is likely to yield mutual benefit.\n\nACTION: COOPERATE",
    "THINKING: The opponent has cooperated 100% of the time so far, and mutual cooperation yields a good payoff. Defecting now risks breaking this cooperative pattern and lowering future payoffs.  \nACTION: COOPERATE",
    "THINKING: The opponent has cooperated 100% of the time so far, and my total payoff is currently zero, meaning I've been exploited in past rounds. To improve my score, I should defect now to claim a higher payoff.\n\nACTION: DEFECT",
    "THINKING: The opponent has cooperated 100% of the time so far, making them highly predictable and trusting. My current total payoff is zero, so I need to maximize my score. Defecting now will give me the highest immediate payoff (5) without immediate retaliation since the opponent is likely to cooperate again.\n\nACTION: DEFECT",
    "THINKING: The opponent has been highly cooperative overall (88%), but they defected last round. Given my total payoff is currently zero, I should try to rebuild mutual cooperation to improve my score, as they are likely to return to cooperating.\n\nACTION: COOPERATE",
    "THINKING: The opponent has a high cooperation rate but just defected last round, suggesting they may be responding to my actions. Since my cooperation rate is also high, cooperating now may encourage them to return to cooperation in future rounds.\n\nACTION: COOPERATE",
    "THINKING: The opponent has a high cooperation rate overall but defected last round, so they may be testing my response. My total payoff is currently zero, so I need to avoid being exploited while encouraging mutual cooperation.\n\nACTION: DEFECT",
    "THINKING: The opponent has a high cooperation rate (64%) and seems conditionally cooperative, but they just defected last round. To encourage future cooperation, I should respond with a forgiving but firm strategy like Tit-for-Tat, defecting now to signal I won't be exploited.\n\nACTION: DEFECT",
    "THINKING: The opponent has a mixed pattern but recently defected; my cooperation rate is high, so I should defect to protect against exploitation and signal I won't be taken advantage of.  \nACTION: DEFECT",
    "THINKING: The opponent has been defecting recently and has a lower cooperation rate than me, so continuing to cooperate is likely to lead to exploitation.  \nACTION: DEFECT",
    "THINKING: Opponent has been defecting recently and my total payoff is zero, so continuing to cooperate is not beneficial. I should defect to protect my payoff and possibly match their strategy.  \nACTION: DEFECT",
    "THINKING: The opponent has been defecting recently and has a lower cooperation rate than me, so continuing to cooperate is likely to lead to a poor payoff for me. I should defect to protect myself and potentially gain a higher payoff if they happen to cooperate.\n\nACTION: DEFECT",
    "THINKING: The opponent has been defecting consistently recently, and my total payoff is currently zero, so continuing to cooperate is unlikely to improve my score.  \nACTION: DEFECT",
    "THINKING: The opponent has been always defecting recently, and my total payoff is zero, so cooperating now would likely just give them another advantage.  \nACTION: DEFECT",
    "THINKING: The opponent has a low cooperation rate and is currently in a pattern of always defecting, so defecting is the rational choice to minimize losses.  \nACTION: DEFECT",
    "THINKING: The opponent has been defecting consistently recently, and my total payoff is currently zero, so cooperating again is unlikely to change their behavior or improve my score.  \nACTION: DEFECT",
    "THINKING: The opponent has been defecting consistently, and my cooperation has led to low payoffs. To avoid further losses, I should defect as well.  \nACTION: DEFECT",
    "THINKING: The opponent has a low cooperation rate and recently always defects, so cooperating now would likely lead to a poor payoff for me.  \nACTION: DEFECT",
    "THINKING: The opponent has been defecting consistently, and with a low cooperation rate overall, cooperating now would likely result in a poor payoff for me.  \n\nACTION: DEFECT",
    "THINKING: The opponent has a low cooperation rate and is currently in a pattern of always defecting, so defecting is the safer choice to avoid being exploited.  \nACTION: DEFECT",
    "THINKING: The opponent has a low cooperation rate and recently always defects, so cooperating now would likely lead to a poor payoff for me.  \nACTION: DEFECT",
    "THINKING: The opponent has a low cooperation rate and is currently in a pattern of always defecting, so defecting is the safer choice to avoid being exploited.  \nACTION: DEFECT",
    "THINKING: The opponent has a low cooperation rate and is currently in a pattern of always defecting, so defecting is the best response to minimize losses.  \nACTION: DEFECT",
    "THINKING: The opponent has been defecting consistently, and my cooperation rate is low, so continuing to defect is the safest choice to avoid exploitation.  \nACTION: DEFECT",
    "THINKING: The opponent has consistently defected recently and has a low overall cooperation rate, so cooperating now is unlikely to be reciprocated and would lower my payoff.  \nACTION: DEFECT",
    "THINKING: The opponent has a very low cooperation rate and is currently always defecting; cooperating now would likely just give them a higher payoff at my expense.  \nACTION: DEFECT"
  ]
}