{
  "experiment": "exp6_baseline",
  "game": "prisoners_dilemma",
  "provider": "deepseek",
  "baseline": "AlwaysCooperate",
  "trial": 20,
  "rounds": 30,
  "payoff": 102,
  "coop_rate": 0.8,
  "llm_history": [
    "COOPERATE",
    "COOPERATE",
    "COOPERATE",
    "COOPERATE",
    "COOPERATE",
    "COOPERATE",
    "COOPERATE",
    "COOPERATE",
    "COOPERATE",
    "COOPERATE",
    "COOPERATE",
    "DEFECT",
    "COOPERATE",
    "COOPERATE",
    "COOPERATE",
    "COOPERATE",
    "DEFECT",
    "COOPERATE",
    "COOPERATE",
    "DEFECT",
    "COOPERATE",
    "COOPERATE",
    "DEFECT",
    "DEFECT",
    "COOPERATE",
    "COOPERATE",
    "DEFECT",
    "COOPERATE",
    "COOPERATE",
    "COOPERATE"
  ],
  "opp_history": [
    "COOPERATE",
    "COOPERATE",
    "COOPERATE",
    "COOPERATE",
    "COOPERATE",
    "COOPERATE",
    "COOPERATE",
    "COOPERATE",
    "COOPERATE",
    "COOPERATE",
    "COOPERATE",
    "COOPERATE",
    "COOPERATE",
    "COOPERATE",
    "COOPERATE",
    "COOPERATE",
    "COOPERATE",
    "COOPERATE",
    "COOPERATE",
    "COOPERATE",
    "COOPERATE",
    "COOPERATE",
    "COOPERATE",
    "COOPERATE",
    "COOPERATE",
    "COOPERATE",
    "COOPERATE",
    "COOPERATE",
    "COOPERATE",
    "COOPERATE"
  ],
  "llm_responses": [
    "THINKING: This is the first round with no history, so I'll start by cooperating to signal willingness to cooperate and see how the opponent responds.  \nACTION: COOPERATE",
    "THINKING: Since the opponent cooperated in the first round and has a 100% cooperation rate so far, cooperating again maintains mutual cooperation for high payoffs.  \nACTION: COOPERATE",
    "THINKING: Opponent has cooperated both previous rounds, and my cooperation rate is 100%. Continuing to cooperate may sustain mutual cooperation for higher long-term payoffs.  \nACTION: COOPERATE",
    "THINKING: The opponent has cooperated every round so far, and my total payoff is currently zero because I've been cooperating while they have too, giving me 3 each round. Since they appear to be playing a cooperative strategy like Tit-for-Tat, cooperating again is likely to maintain mutual benefit.\n\nACTION: COOPERATE",
    "THINKING: The opponent has cooperated in all previous rounds, and my cooperation rate is 100%. Continuing to cooperate maintains mutual high payoff and likely encourages continued cooperation.  \nACTION: COOPERATE",
    "THINKING: The opponent has cooperated 100% of the time so far, and mutual cooperation yields a good payoff. Defecting now risks breaking this cooperative pattern and lowering future payoffs.\n\nACTION: COOPERATE",
    "THINKING: The opponent has cooperated 100% of the time, and mutual cooperation yields the highest long-term payoff. Defecting now risks breaking the cooperative equilibrium.\n\nACTION: COOPERATE",
    "THINKING: The opponent has cooperated in all 7 previous rounds, showing a highly cooperative pattern. In a repeated Prisoner's Dilemma, maintaining mutual cooperation yields the best long-term payoff (3 per round), while defecting now risks breaking that trust for a one-time gain of 5.\n\nACTION: COOPERATE",
    "THINKING: The opponent has cooperated in all 8 rounds, and my total payoff is 0, meaning I've been cooperating while they've been defecting. This is a mismatch—if they truly cooperated every time, my payoff would be higher. The data suggests they may have defected in earlier rounds, but the history shows they cooperated last round. Given their 100% cooperation rate in the record, I'll cooperate to maintain mutual cooperation.\n\nACTION: COOPERATE",
    "THINKING: The opponent has cooperated 100% of the time so far, and mutual cooperation yields a good payoff. Defecting now risks breaking the cooperative pattern and lowering future payoffs.  \nACTION: COOPERATE",
    "THINKING: The opponent has cooperated 100% of the time so far, and my total payoff is currently zero, meaning I've been cooperating while they have too. Continuing to cooperate maintains mutual benefit.\n\nACTION: COOPERATE",
    "THINKING: The opponent has cooperated 100% of the time so far, and my total payoff is zero because I have always cooperated while they have defected in at least one early round (likely the first, given the payoff total). To maximize my payoff now, I should exploit their consistent cooperation by defecting.\n\nACTION: DEFECT",
    "THINKING: The opponent has cooperated 100% of the time, so defecting now would yield a higher payoff this round, but risks retaliation in future rounds. Since the game is ongoing, maintaining mutual cooperation is likely more profitable long-term.  \nACTION: COOPERATE",
    "THINKING: The opponent has cooperated 100% of the time, and my cooperation rate is high. Continuing to cooperate maintains mutual benefit and avoids triggering potential retaliation.\n\nACTION: COOPERATE",
    "THINKING: The opponent has cooperated 100% of the time, and my high cooperation rate has likely reinforced this. Defecting now would give a short-term gain but risks retaliation in future rounds, reducing long-term payoff. Since the game is ongoing, mutual cooperation is optimal.\n\nACTION: COOPERATE",
    "THINKING: The opponent has cooperated 100% of the time, and my high cooperation rate has likely reinforced this. Defecting now would give a short-term gain but risks damaging future cooperation and lowering my total payoff.\n\nACTION: COOPERATE",
    "THINKING: The opponent has cooperated 100% of the time, making them extremely predictable and exploitable. Defecting now maximizes my payoff for this round without immediate risk of retaliation.\n\nACTION: DEFECT",
    "THINKING: The opponent has cooperated 100% of the time, making them extremely predictable and trustworthy. My best strategy is to continue cooperating to maximize our mutual payoff.\n\nACTION: COOPERATE",
    "THINKING: The opponent has cooperated 100% of the time, and my cooperation rate is high. Defecting now would give me a short-term gain but likely break the mutual cooperation and reduce my future payoffs in this repeated game.\n\nACTION: COOPERATE",
    "THINKING: The opponent has cooperated 100% of the time, so they are extremely predictable and trusting. Defecting now would give me a higher payoff for this single round.\n\nACTION: DEFECT",
    "THINKING: The opponent has cooperated 100% of the time, and my low total payoff suggests I've been exploited for defecting too often. To maximize my payoff now, I should match their cooperation to get the mutual 3-point reward.\n\nACTION: COOPERATE",
    "THINKING: The opponent has cooperated 100% of the time, making them extremely predictable and trustworthy. Defecting now would yield a higher payoff this round, but risks breaking the cooperative pattern and lowering future payoffs. Since we are in a repeated game and my total payoff is currently zero, maintaining cooperation is the best long-term strategy.\n\nACTION: COOPERATE",
    "THINKING: The opponent has cooperated 100% of the time, making them extremely predictable and exploitable. Defecting now yields the highest immediate payoff (5 vs 3) with no sign of retaliation.\n\nACTION: DEFECT",
    "THINKING: The opponent has cooperated 100% of the time, so they appear to be playing a pure \"always cooperate\" strategy. Defecting now would give me a higher payoff this round, but since this is a repeated game, exploiting their trust could cause them to change strategy in future rounds. However, with a history of 23 rounds and my total payoff at 0.0, I need to maximize my score. Given their consistent cooperation, defecting once is likely to be immediately profitable without prior retaliation.\n\nACTION: DEFECT",
    "THINKING: The opponent has cooperated 100% of the time, and my cooperation rate is high. Continuing to cooperate maximizes mutual payoff and maintains the cooperative equilibrium.\n\nACTION: COOPERATE",
    "THINKING: The opponent has cooperated 100% of the time so far, and my cooperation rate is 80%. Continuing to cooperate maintains mutual benefit and high payoffs.  \nACTION: COOPERATE",
    "THINKING: The opponent has cooperated 100% of the time, making them extremely predictable and exploitable. Defecting now yields the highest immediate payoff (5 vs 3) with no sign of retaliation.\n\nACTION: DEFECT",
    "THINKING: The opponent has cooperated 100% of the time, so they are extremely predictable and trustworthy. Cooperating now maximizes mutual payoff and maintains the high-reward cycle.\n\nACTION: COOPERATE",
    "THINKING: The opponent has cooperated 100% of the time, so defecting now would maximize my payoff for this round, but it risks retaliation in the final round and violates the cooperative history.  \nACTION: COOPERATE",
    "THINKING: The opponent has cooperated 100% of the time, so cooperating now maximizes mutual payoff and maintains the high-reward pattern.  \nACTION: COOPERATE"
  ]
}