{
  "experiment": "exp6_baseline",
  "game": "prisoners_dilemma",
  "provider": "deepseek",
  "baseline": "GrimTrigger",
  "trial": 10,
  "rounds": 30,
  "payoff": 50,
  "coop_rate": 0.36666666666666664,
  "llm_history": [
    "COOPERATE",
    "COOPERATE",
    "COOPERATE",
    "COOPERATE",
    "COOPERATE",
    "COOPERATE",
    "COOPERATE",
    "COOPERATE",
    "COOPERATE",
    "DEFECT",
    "DEFECT",
    "COOPERATE",
    "COOPERATE",
    "DEFECT",
    "DEFECT",
    "DEFECT",
    "DEFECT",
    "DEFECT",
    "DEFECT",
    "DEFECT",
    "DEFECT",
    "DEFECT",
    "DEFECT",
    "DEFECT",
    "DEFECT",
    "DEFECT",
    "DEFECT",
    "DEFECT",
    "DEFECT",
    "DEFECT"
  ],
  "opp_history": [
    "COOPERATE",
    "COOPERATE",
    "COOPERATE",
    "COOPERATE",
    "COOPERATE",
    "COOPERATE",
    "COOPERATE",
    "COOPERATE",
    "COOPERATE",
    "COOPERATE",
    "DEFECT",
    "DEFECT",
    "DEFECT",
    "DEFECT",
    "DEFECT",
    "DEFECT",
    "DEFECT",
    "DEFECT",
    "DEFECT",
    "DEFECT",
    "DEFECT",
    "DEFECT",
    "DEFECT",
    "DEFECT",
    "DEFECT",
    "DEFECT",
    "DEFECT",
    "DEFECT",
    "DEFECT",
    "DEFECT"
  ],
  "llm_responses": [
    "THINKING: This is the first round with no history, so I'll start with cooperation to signal willingness to cooperate and see how the opponent responds.  \nACTION: COOPERATE",
    "THINKING: Since the opponent cooperated in round 1 and has a 100% cooperation rate so far, cooperating again is likely to continue mutual cooperation for high payoffs.  \nACTION: COOPERATE",
    "THINKING: The opponent has cooperated both times so far, and my cooperation rate is 100%. Continuing to cooperate may encourage mutual cooperation for higher long-term payoffs.  \nACTION: COOPERATE",
    "THINKING: The opponent has cooperated in all previous rounds, and my cooperation rate is 100%. Continuing to cooperate maintains mutual cooperation and maximizes long-term payoff in a repeated game.  \nACTION: COOPERATE",
    "THINKING: The opponent has cooperated in all previous rounds, and my cooperation rate is 100%. Continuing to cooperate maintains mutual cooperation and the highest joint payoff.\n\nACTION: COOPERATE",
    "THINKING: The opponent has cooperated every round so far, and mutual cooperation yields the highest long-term payoff. Defecting now could break trust and reduce future gains.\n\nACTION: COOPERATE",
    "THINKING: Opponent has cooperated 100% of the time so far, and mutual cooperation yields the highest long-term payoff. Defecting now risks breaking this beneficial pattern.  \nACTION: COOPERATE",
    "THINKING: The opponent has cooperated 100% of the time so far, and mutual cooperation yields the best long-term payoff. Defecting now risks breaking this beneficial pattern.\n\nACTION: COOPERATE",
    "THINKING: The opponent has cooperated 100% of the time, and mutual cooperation yields the best long-term payoff. Defecting now risks breaking the cooperative pattern and reducing future gains.\n\nACTION: COOPERATE",
    "THINKING: The opponent has cooperated 100% of the time so far, and my total payoff is currently zero because I have always cooperated. To improve my score, I should exploit their consistent cooperation by defecting now.\n\nACTION: DEFECT",
    "THINKING: The opponent has cooperated 100% of the time so far, and my high cooperation rate has yielded me a total payoff of 0, meaning they have been exploiting my cooperation. To improve my score, I should defect now to claim a higher payoff.\n\nACTION: DEFECT",
    "THINKING: The opponent has been highly cooperative overall (91%), but they just defected last round. Given my total payoff is currently zero, I should aim to rebuild mutual cooperation rather than retaliate, as they are likely to return to cooperating.\n\nACTION: COOPERATE",
    "THINKING: The opponent has been highly cooperative overall (83% cooperation rate), but they just defected last round. In a repeated Prisoner's Dilemma with a cooperative opponent, maintaining cooperation usually yields better long-term payoffs, and a single defection may be a test or mistake.  \n\nACTION: COOPERATE",
    "THINKING: The opponent has a high cooperation rate overall but just defected last round, suggesting possible testing or a shift. My total payoff is currently zero, so I need to be cautious to avoid exploitation while encouraging future cooperation.\n\nACTION: DEFECT",
    "THINKING: The opponent has a high cooperation rate overall but just defected last round, so they may be testing my response. My total payoff is currently zero, so I need to avoid being exploited while encouraging mutual cooperation.\n\nACTION: DEFECT",
    "THINKING: The opponent has a high cooperation rate but just defected last round, so they may be testing my response. I should defect to avoid being exploited and signal that defection has consequences.  \nACTION: DEFECT",
    "THINKING: The opponent has been defecting recently and has a lower cooperation rate than me, so continuing to cooperate is likely to result in a poor payoff for me this round.  \nACTION: DEFECT",
    "THINKING: The opponent has been defecting recently and has a lower cooperation rate than me, so continuing to cooperate is likely to yield a poor payoff. Given the repeated nature, a tit-for-tat or defensive approach is warranted now.\n\nACTION: DEFECT",
    "THINKING: The opponent has been defecting recently and has a lower cooperation rate than me, so continuing to cooperate is likely to result in a poor payoff for me this round.  \nACTION: DEFECT",
    "THINKING: The opponent has been defecting recently and their overall cooperation rate is low, so defecting is the safer choice to avoid exploitation.  \nACTION: DEFECT",
    "THINKING: The opponent has a recent pattern of always defecting, and my total payoff is currently zero, so continuing to cooperate is unlikely to improve my score. I should defect to protect myself and possibly gain a higher payoff this round.\n\nACTION: DEFECT",
    "THINKING: The opponent has been defecting consistently recently, and my total payoff is currently zero, so continuing to cooperate is unlikely to change their behavior or improve my score.  \nACTION: DEFECT",
    "THINKING: The opponent has been defecting consistently recently, and my cooperation rate is already 50%, so cooperating now would likely just give them another advantage.  \nACTION: DEFECT",
    "THINKING: The opponent has been defecting consistently recently, and my cooperation rate is already high enough that I don't need to signal further. Defecting now protects me from exploitation and may earn a higher payoff.\n\nACTION: DEFECT",
    "THINKING: The opponent has been defecting consistently recently, and my total payoff is currently zero, so cooperating now would likely just give them another advantage.  \nACTION: DEFECT",
    "THINKING: The opponent has a recent pattern of always defecting and their overall cooperation rate is low, so they are unlikely to cooperate now. Defecting is the best response to maximize my payoff in this round.\n\nACTION: DEFECT",
    "THINKING: The opponent has been defecting consistently recently, and my total payoff is currently zero, so cooperating again is unlikely to change their behavior or improve my score.  \nACTION: DEFECT",
    "THINKING: The opponent has been defecting consistently recently, and my total payoff is currently zero, so cooperating again is unlikely to change their behavior.  \nACTION: DEFECT",
    "THINKING: The opponent has been defecting consistently recently, and my cooperation rate is already low, so cooperating now likely yields no benefit.  \nACTION: DEFECT",
    "THINKING: The opponent has a low cooperation rate and is currently always defecting, so cooperating now would likely result in a payoff of 0. Defecting ensures at least 1 point and matches their current strategy.  \nACTION: DEFECT"
  ]
}