{
  "experiment": "exp6_baseline",
  "game": "prisoners_dilemma",
  "provider": "deepseek",
  "baseline": "Pavlov",
  "trial": 4,
  "rounds": 30,
  "payoff": 81,
  "coop_rate": 0.7333333333333333,
  "llm_history": [
    "COOPERATE",
    "COOPERATE",
    "COOPERATE",
    "COOPERATE",
    "DEFECT",
    "DEFECT",
    "COOPERATE",
    "DEFECT",
    "COOPERATE",
    "DEFECT",
    "COOPERATE",
    "DEFECT",
    "COOPERATE",
    "DEFECT",
    "COOPERATE",
    "DEFECT",
    "COOPERATE",
    "DEFECT",
    "COOPERATE",
    "COOPERATE",
    "COOPERATE",
    "COOPERATE",
    "COOPERATE",
    "COOPERATE",
    "COOPERATE",
    "COOPERATE",
    "COOPERATE",
    "COOPERATE",
    "COOPERATE",
    "COOPERATE"
  ],
  "opp_history": [
    "COOPERATE",
    "COOPERATE",
    "COOPERATE",
    "COOPERATE",
    "COOPERATE",
    "DEFECT",
    "DEFECT",
    "COOPERATE",
    "DEFECT",
    "COOPERATE",
    "DEFECT",
    "COOPERATE",
    "DEFECT",
    "COOPERATE",
    "DEFECT",
    "COOPERATE",
    "DEFECT",
    "COOPERATE",
    "DEFECT",
    "COOPERATE",
    "COOPERATE",
    "COOPERATE",
    "COOPERATE",
    "COOPERATE",
    "COOPERATE",
    "COOPERATE",
    "COOPERATE",
    "COOPERATE",
    "COOPERATE",
    "COOPERATE"
  ],
  "llm_responses": [
    "THINKING: This is the first round with no history, so I'll start by cooperating to signal willingness to cooperate and see how the opponent responds.  \nACTION: COOPERATE",
    "THINKING: The opponent cooperated in round 1, and with no reason to defect yet, cooperating continues the mutual benefit.  \nACTION: COOPERATE",
    "THINKING: Opponent has cooperated both previous rounds, and my cooperation rate is high, so continuing to cooperate may sustain mutual cooperation for higher long-term payoffs.  \nACTION: COOPERATE",
    "THINKING: The opponent has cooperated 100% so far, and mutual cooperation yields the highest long-term payoff.  \nACTION: COOPERATE",
    "THINKING: The opponent has cooperated 100% of the time so far, and my total payoff is currently zero because I have always cooperated while they have defected against me in at least one round (since my payoff is 0.0, the history must be incomplete or misleading). Given their high cooperation rate, I should defect now to exploit their cooperation and increase my payoff.\n\nACTION: DEFECT",
    "THINKING: The opponent has cooperated 100% of the time so far, and my high cooperation rate (80%) has yielded me zero total payoff, meaning they have exploited me in at least one round. To avoid being exploited further while testing their response, I should defect this round.\n\nACTION: DEFECT",
    "THINKING: Opponent has been highly cooperative overall (83%), but they just defected last round. Given my total payoff is currently zero, I should try to rebuild cooperation to earn higher payoffs, so I'll respond with cooperation to encourage mutual cooperation again.\n\nACTION: COOPERATE",
    "THINKING: The opponent has a high cooperation rate but just defected last round, suggesting they may be testing or reacting to my moves. Given my total payoff is currently zero, I should prioritize securing points now rather than rewarding their recent defect.\n\nACTION: DEFECT",
    "THINKING: The opponent has a high cooperation rate (75%) and just cooperated last round, suggesting they are conditionally cooperative. My current payoff is zero, so I need to build mutual cooperation to improve my score.  \nACTION: COOPERATE",
    "THINKING: The opponent has a 67% cooperation rate but just defected last round, suggesting possible retaliation or testing. My total payoff is currently zero, so I need to avoid being exploited while encouraging cooperation.  \n\nACTION: DEFECT",
    "THINKING: The opponent has a high cooperation rate (70%) and just cooperated last round, suggesting they are conditionally cooperative. My total payoff is currently zero, so I need to build mutual cooperation to improve it.\n\nACTION: COOPERATE",
    "THINKING: Opponent has a similar cooperation rate and recent pattern suggests conditional cooperation, but they just defected last round. Defecting now may protect against exploitation while still leaving room for future cooperation.\n\nACTION: DEFECT",
    "THINKING: Opponent has cooperated 67% of the time and just cooperated last round. With my low total payoff, cooperating now may encourage continued cooperation and improve mutual payoffs.  \nACTION: COOPERATE",
    "THINKING: The opponent's cooperation rate matches mine, but they just defected last round. Given the repeated nature, I should retaliate to discourage further defection.  \nACTION: DEFECT",
    "THINKING: The opponent has a high cooperation rate (64%) and just cooperated last round. With my total payoff currently at 0, I should try to build mutual cooperation to improve my score.  \nACTION: COOPERATE",
    "THINKING: The opponent has been defecting recently despite a 60% cooperation rate overall, and my total payoff is zero, so I need to be cautious and avoid exploitation.  \nACTION: DEFECT",
    "THINKING: Opponent has a high cooperation rate and just cooperated last round, so cooperating now is likely to yield a mutual payoff of 3. Given my low total payoff, building mutual cooperation can improve my score.\n\nACTION: COOPERATE",
    "THINKING: Opponent's cooperation rate matches mine, but they just defected last round. In a conditional strategy like Tit-for-Tat, I should punish defection by defecting now to avoid exploitation.  \nACTION: DEFECT",
    "THINKING: Opponent has cooperated recently and has a higher cooperation rate than me, so continuing to cooperate may sustain mutual cooperation and improve my payoff.  \nACTION: COOPERATE",
    "THINKING: The opponent has a 58% cooperation rate and recently defected, but they seem to be matching my overall cooperation level. Since my long-term payoff is currently zero, cooperating now may encourage mutual cooperation in the final rounds to improve my total score.  \nACTION: COOPERATE",
    "THINKING: With both cooperation rates at 60% and the opponent just cooperating, a conditional cooperator is likely to continue cooperating if I reciprocate. Mutual cooperation yields the highest long-term payoff.  \nACTION: COOPERATE",
    "THINKING: The opponent has a similar cooperation rate and just cooperated last round, suggesting they are conditionally cooperative. To maintain mutual cooperation and maximize long-term payoff, I should reciprocate.\n\nACTION: COOPERATE",
    "THINKING: Opponent has a 64% cooperation rate and just cooperated last round, suggesting they are conditionally cooperative. My total payoff is currently zero, so I need to maximize points now; cooperating now likely encourages further cooperation from them.\n\nACTION: COOPERATE",
    "THINKING: With both cooperation rates at 65% and the opponent recently cooperating, mutual cooperation yields a good payoff (3 each) and helps rebuild total score. Defecting risks triggering retaliation and lowering future payoffs.\n\nACTION: COOPERATE",
    "THINKING: With both cooperation rates at 67% and the opponent recently cooperating, mutual cooperation yields the best payoff (3 each) and maintains a positive trend. Defecting risks triggering retaliation in future rounds.\n\nACTION: COOPERATE",
    "THINKING: The opponent has been highly cooperative (68% cooperation rate) and just cooperated last round. In a repeated Prisoner's Dilemma with a cooperative opponent, mutual cooperation yields the best long-term payoff, and defecting now risks retaliation.\n\nACTION: COOPERATE",
    "THINKING: The opponent has been highly cooperative (69% cooperation rate, matching mine) and just cooperated last round. In a repeated Prisoner's Dilemma with a cooperative opponent, mutual cooperation yields the best long-term payoff.  \nACTION: COOPERATE",
    "THINKING: The opponent has a high cooperation rate and just cooperated last round, so cooperating now is likely to lead to a mutual payoff of 3. Defecting risks breaking the cooperative streak and lowering future payoffs.  \nACTION: COOPERATE",
    "THINKING: With both cooperation rates at 71% and the opponent highly cooperative recently, mutual cooperation yields the best long-term payoff. Defecting now risks retaliation in the final rounds.\n\nACTION: COOPERATE",
    "THINKING: With both cooperation rates at 72% and the opponent highly cooperative recently, mutual cooperation yields the best long-term payoff. Defecting risks breaking the cooperative equilibrium.\n\nACTION: COOPERATE"
  ]
}