{
  "experiment": "exp6_baseline",
  "game": "prisoners_dilemma",
  "provider": "openai",
  "baseline": "GrimTrigger",
  "trial": 15,
  "rounds": 30,
  "payoff": 90,
  "coop_rate": 1.0,
  "llm_history": [
    "COOPERATE",
    "COOPERATE",
    "COOPERATE",
    "COOPERATE",
    "COOPERATE",
    "COOPERATE",
    "COOPERATE",
    "COOPERATE",
    "COOPERATE",
    "COOPERATE",
    "COOPERATE",
    "COOPERATE",
    "COOPERATE",
    "COOPERATE",
    "COOPERATE",
    "COOPERATE",
    "COOPERATE",
    "COOPERATE",
    "COOPERATE",
    "COOPERATE",
    "COOPERATE",
    "COOPERATE",
    "COOPERATE",
    "COOPERATE",
    "COOPERATE",
    "COOPERATE",
    "COOPERATE",
    "COOPERATE",
    "COOPERATE",
    "COOPERATE"
  ],
  "opp_history": [
    "COOPERATE",
    "COOPERATE",
    "COOPERATE",
    "COOPERATE",
    "COOPERATE",
    "COOPERATE",
    "COOPERATE",
    "COOPERATE",
    "COOPERATE",
    "COOPERATE",
    "COOPERATE",
    "COOPERATE",
    "COOPERATE",
    "COOPERATE",
    "COOPERATE",
    "COOPERATE",
    "COOPERATE",
    "COOPERATE",
    "COOPERATE",
    "COOPERATE",
    "COOPERATE",
    "COOPERATE",
    "COOPERATE",
    "COOPERATE",
    "COOPERATE",
    "COOPERATE",
    "COOPERATE",
    "COOPERATE",
    "COOPERATE",
    "COOPERATE"
  ],
  "llm_responses": [
    "THINKING: In the first round, there's no history to analyze, so cooperating can signal goodwill and encourage mutual cooperation in future rounds. This approach aligns with strategies that often succeed in repeated games.  \nACTION: COOPERATE  ",
    "THINKING: The opponent has cooperated in the previous round, and their cooperation rate is 100%. To build trust and maximize long-term payoffs, it is prudent to also cooperate.  \nACTION: COOPERATE  ",
    "THINKING: The opponent has cooperated in both previous rounds, showing a 100% cooperation rate. Maintaining mutual cooperation maximizes long-term payoffs in this scenario.\n\nACTION: COOPERATE",
    "THINKING: My opponent has demonstrated consistent cooperation, which aligns with maximizing long-term payoffs in the repeated game. Maintaining mutual cooperation ensures a steady reward and avoids incentivizing defection.\n\nACTION: COOPERATE",
    "THINKING: The opponent has consistently cooperated in all past rounds, making them highly trustworthy. By continuing to cooperate, we can maximize mutual payoffs and maintain trust.  \nACTION: COOPERATE",
    "THINKING: The opponent has shown consistent cooperation in all previous rounds and appears to follow a highly cooperative strategy. To maximize mutual payoff and maintain trust, I should continue cooperating.\n\nACTION: COOPERATE",
    "THINKING: Both I and my opponent have consistently cooperated, leading to mutual gains. There is no evidence suggesting my opponent will defect, and maintaining cooperation maximizes long-term payoffs. \n\nACTION: COOPERATE",
    "THINKING: Both I and my opponent have been highly cooperative so far, resulting in mutual benefit. Defecting now would break the trust and likely lead to worse payoffs in future rounds.  \n\nACTION: COOPERATE",
    "THINKING: The Opponent has shown consistent cooperation, with a 100% cooperation rate over 8 rounds. Continuing to cooperate maximizes the long-term payoff and maintains mutual trust. \n\nACTION: COOPERATE",
    "THINKING: The opponent has consistently cooperated in all previous rounds, and maintaining mutual cooperation maximizes long-term payoffs for both players. Defecting would break trust and likely lead to future mutual defection. \n\nACTION: COOPERATE",
    "THINKING: The opponent has shown a perfect cooperation record, and mutual cooperation yields a better long-term payoff than defecting. Maintaining trust is key in repeated interactions.  \nACTION: COOPERATE",
    "THINKING: The opponent has consistently cooperated in all 11 rounds, showing a highly cooperative strategy. To maximize long-term payoff and maintain mutual trust, it is best to continue cooperating as well.\n\nACTION: COOPERATE",
    "THINKING: Both my opponent and I have consistently cooperated in every round, demonstrating mutual trust and maximizing payoffs. Defecting now would break this trust and jeopardize future cooperation, leading to lower long-term payoffs for both of us.  \n\nACTION: COOPERATE",
    "THINKING: Since both myself and the opponent have consistently cooperated for all previous rounds, mutual cooperation has maximized payoffs for both parties. There is no indication that the opponent will defect, so continuing cooperation is the optimal strategy to maintain trust and maximize long-term gains.\n\nACTION: COOPERATE",
    "THINKING: Both I and the opponent have consistently cooperated throughout the game, leading to mutual benefits. Defecting now would break trust and potentially ruin the cooperative dynamic, which has been highly advantageous.\n\nACTION: COOPERATE",
    "THINKING: Both I and the opponent have cooperated 100% so far, leading to mutual high payoffs. Breaking this trust by defecting could lead to retaliation and long-term losses.\n\nACTION: COOPERATE",
    "THINKING: Both players have consistently cooperated throughout all previous rounds, leading to mutual high payoffs. Breaking this pattern by defecting would disrupt trust and reduce long-term gains.  \nACTION: COOPERATE",
    "THINKING: Both my opponent and I have cooperated consistently for 17 rounds, which has maximized our mutual payoffs. Breaking this trust by defecting could lead to a breakdown in cooperation and lower long-term payoffs.  \nACTION: COOPERATE",
    "THINKING: Both you and the opponent have cooperated consistently, which has maximized mutual payoffs so far. Breaking the trust by defecting could harm future rounds and reduce overall payoff.  \n\nACTION: COOPERATE",
    "THINKING: The opponent has consistently cooperated in all 19 rounds, and my cooperation rate is also 100%. Continuing mutual cooperation maximizes long-term payoffs for both players. Defecting would break trust and likely harm future outcomes.  \nACTION: COOPERATE",
    "THINKING: Both you and your opponent have been fully cooperative for 20 rounds, leading to a mutually beneficial outcome. Breaking this trust now would risk damaging the cooperation and reducing long-term payoffs. \n\nACTION: COOPERATE",
    "THINKING: The opponent has demonstrated consistent cooperation over 21 rounds, and my total payoff aligns with a cooperative strategy. Continuing to cooperate maximizes mutual benefits and maintains trust.\n\nACTION: COOPERATE",
    "THINKING: The opponent has demonstrated consistent cooperation throughout all rounds. Maintaining mutual cooperation maximizes the payoff for both parties and preserves trust in the repeated game.  \nACTION: COOPERATE",
    "THINKING: Both my and my opponent's cooperation rates are 100%, and the opponent has shown a highly cooperative pattern. Continuing to cooperate is likely to maintain mutual trust and maximize long-term payoffs. Defecting risks breaking the established trust and reducing future payoffs.\n\nACTION: COOPERATE",
    "THINKING: Both you and your opponent have maintained perfect cooperation, leading to mutual high payoffs. Continuing cooperation ensures mutual benefit and avoids jeopardizing the established trust.  \nACTION: COOPERATE",
    "THINKING: The opponent has been fully cooperative for all 25 rounds, and mutual cooperation yields the highest long-term payoff. Defecting now would break trust and likely lead to worse outcomes in future rounds. \n\nACTION: COOPERATE",
    "THINKING: The opponent has shown consistent cooperation throughout all previous rounds, and mutual cooperation yields a high payoff for both parties. Defecting now could harm the trust and future outcomes in this repeated game. \n\nACTION: COOPERATE",
    "THINKING: Both my opponent and I have cooperated every single round, and the opponent appears to follow a highly cooperative strategy. Mutual cooperation maximizes long-term payoffs in this scenario. Breaking the trust now would harm both our outcomes.\n\nACTION: COOPERATE",
    "THINKING: Both you and your opponent have maintained a perfect cooperation rate for all rounds, which has maximized mutual payoffs. Defecting now would break the trust and likely lead to lower payoffs in future rounds. \n\nACTION: COOPERATE",
    "THINKING: My opponent has consistently cooperated in all previous rounds, demonstrating a highly cooperative and trustworthy strategy. Maintaining mutual cooperation ensures the highest payoff for both parties in the long term.\n\nACTION: COOPERATE"
  ]
}