{
  "experiment": "exp6_baseline",
  "game": "prisoners_dilemma",
  "provider": "deepseek",
  "baseline": "AlwaysDefect",
  "trial": 30,
  "rounds": 30,
  "payoff": 29,
  "coop_rate": 0.03333333333333333,
  "llm_history": [
    "COOPERATE",
    "DEFECT",
    "DEFECT",
    "DEFECT",
    "DEFECT",
    "DEFECT",
    "DEFECT",
    "DEFECT",
    "DEFECT",
    "DEFECT",
    "DEFECT",
    "DEFECT",
    "DEFECT",
    "DEFECT",
    "DEFECT",
    "DEFECT",
    "DEFECT",
    "DEFECT",
    "DEFECT",
    "DEFECT",
    "DEFECT",
    "DEFECT",
    "DEFECT",
    "DEFECT",
    "DEFECT",
    "DEFECT",
    "DEFECT",
    "DEFECT",
    "DEFECT",
    "DEFECT"
  ],
  "opp_history": [
    "DEFECT",
    "DEFECT",
    "DEFECT",
    "DEFECT",
    "DEFECT",
    "DEFECT",
    "DEFECT",
    "DEFECT",
    "DEFECT",
    "DEFECT",
    "DEFECT",
    "DEFECT",
    "DEFECT",
    "DEFECT",
    "DEFECT",
    "DEFECT",
    "DEFECT",
    "DEFECT",
    "DEFECT",
    "DEFECT",
    "DEFECT",
    "DEFECT",
    "DEFECT",
    "DEFECT",
    "DEFECT",
    "DEFECT",
    "DEFECT",
    "DEFECT",
    "DEFECT",
    "DEFECT"
  ],
  "llm_responses": [
    "THINKING: This is the first round with no history, so I'll start with cooperation to signal willingness to cooperate and see how the opponent responds.  \nACTION: COOPERATE",
    "THINKING: The opponent defected in the first round, and my cooperation rate is 100%, so I should retaliate to avoid being exploited.  \nACTION: DEFECT",
    "THINKING: Opponent has defected in both previous rounds, so they are likely playing a strategy that defects often. My best response to a defector is to defect as well to avoid being exploited.  \nACTION: DEFECT",
    "THINKING: The opponent has defected every round so far, and my cooperation has only led to losses. Continuing to cooperate is unlikely to change their behavior, so I should defect to minimize further losses.\n\nACTION: DEFECT",
    "THINKING: The opponent has defected every round so far, and my cooperation has only led to losses. Continuing to cooperate is unlikely to change their behavior, so I should defect to minimize further losses.\n\nACTION: DEFECT",
    "THINKING: The opponent has always defected so far, and my cooperation rate is low, so continuing to defect is the rational choice to avoid being exploited.  \nACTION: DEFECT",
    "THINKING: The opponent has always defected so far, and my cooperation has only led to losses. Continuing to cooperate is not rational in this situation.  \nACTION: DEFECT",
    "THINKING: The opponent has defected every round so far, and my cooperation has only led to losses. Continuing to cooperate is not rational against an always-defect strategy.\n\nACTION: DEFECT",
    "THINKING: The opponent has defected every round so far, and my cooperation has only led to losses. Continuing to cooperate is not rational.  \nACTION: DEFECT",
    "THINKING: The opponent has always defected so far, and my cooperation has only led to zero payoff. To avoid further losses, I should defect as well.  \nACTION: DEFECT",
    "THINKING: The opponent has defected every round so far, and my cooperation has only led to losses. Continuing to cooperate is not rational.  \nACTION: DEFECT",
    "THINKING: The opponent has always defected, so cooperating again would just give them a higher payoff at my expense.  \nACTION: DEFECT",
    "THINKING: The opponent has always defected so far, and my cooperation has led to zero payoff. Continuing to cooperate is not rational.  \nACTION: DEFECT",
    "THINKING: The opponent has always defected so far, and my cooperation has only led to losses. Continuing to cooperate is not rational.  \nACTION: DEFECT",
    "THINKING: The opponent has always defected, so cooperating again would just give them a higher payoff at my expense.  \nACTION: DEFECT",
    "THINKING: The opponent has always defected so far, and my cooperation has led to zero payoff. Continuing to cooperate is not rational.  \nACTION: DEFECT",
    "THINKING: The opponent has defected every single round so far, and my cooperation has only led to losses. Continuing to cooperate is not rational against an always-defect strategy.\n\nACTION: DEFECT",
    "THINKING: The opponent has consistently defected for 17 rounds, and my cooperation has only led to losses. Continuing to cooperate is irrational.  \nACTION: DEFECT",
    "THINKING: The opponent has defected in every previous round and has a 0% cooperation rate, so they are not reciprocating cooperation. Continuing to cooperate would only lead to more losses.\n\nACTION: DEFECT",
    "THINKING: The opponent has defected 100% of the time, so cooperating again is unlikely to change their behavior and will only give them a higher payoff at my expense.  \nACTION: DEFECT",
    "THINKING: The opponent has defected 100% of the time, showing no sign of cooperation. Cooperating now would only give them a higher payoff at my expense, with no strategic benefit for future rounds.\n\nACTION: DEFECT",
    "THINKING: The opponent has defected 100% of the time, so they are not responding to cooperation. Cooperating again would just yield another payoff of 0.\n\nACTION: DEFECT",
    "THINKING: The opponent has defected in every previous round, and my cooperation rate is very low, so there's no sign they will ever cooperate. Defecting is the best response to maximize my payoff in this round.\n\nACTION: DEFECT",
    "THINKING: The opponent has consistently defected in all previous rounds, and my cooperation has only led to losses. Continuing to cooperate is not rational here.\n\nACTION: DEFECT",
    "THINKING: The opponent has consistently defected for 24 rounds, and my cooperation attempts have only hurt my score. There is no strategic reason to cooperate now.\n\nACTION: DEFECT",
    "THINKING: The opponent has defected 100% of the time, so they are playing \"Always Defect.\" Cooperating now would only give me 0 points, while defecting guarantees me 1 point. There is no incentive to cooperate.\n\nACTION: DEFECT",
    "THINKING: The opponent has defected in every previous round, and my cooperation rate is extremely low, so there's no sign of trust or reciprocity to exploit. Defecting is the only rational choice to avoid being exploited again.\n\nACTION: DEFECT",
    "THINKING: The opponent has defected in every round so far, and my cooperation has only led to losses. Continuing to cooperate is not rational.\n\nACTION: DEFECT",
    "THINKING: The opponent has defected in all 28 previous rounds, showing no willingness to cooperate. My cooperation has only led to losses, so defecting is the rational choice to avoid further exploitation.  \nACTION: DEFECT",
    "THINKING: The opponent has defected in all 29 previous rounds, so they are playing a pure \"Always Defect\" strategy. Cooperating will only give me 0 points, while defecting guarantees at least 1 point.\n\nACTION: DEFECT"
  ]
}