{
  "experiment": "exp6_baseline",
  "game": "prisoners_dilemma",
  "provider": "openai",
  "baseline": "Extort2",
  "trial": 4,
  "rounds": 30,
  "payoff": 83,
  "coop_rate": 0.9666666666666667,
  "llm_history": [
    "COOPERATE",
    "COOPERATE",
    "COOPERATE",
    "COOPERATE",
    "COOPERATE",
    "COOPERATE",
    "COOPERATE",
    "COOPERATE",
    "COOPERATE",
    "COOPERATE",
    "COOPERATE",
    "COOPERATE",
    "COOPERATE",
    "COOPERATE",
    "COOPERATE",
    "COOPERATE",
    "COOPERATE",
    "COOPERATE",
    "COOPERATE",
    "COOPERATE",
    "COOPERATE",
    "DEFECT",
    "COOPERATE",
    "COOPERATE",
    "COOPERATE",
    "COOPERATE",
    "COOPERATE",
    "COOPERATE",
    "COOPERATE",
    "COOPERATE"
  ],
  "opp_history": [
    "COOPERATE",
    "COOPERATE",
    "COOPERATE",
    "COOPERATE",
    "COOPERATE",
    "COOPERATE",
    "COOPERATE",
    "COOPERATE",
    "COOPERATE",
    "COOPERATE",
    "COOPERATE",
    "COOPERATE",
    "COOPERATE",
    "COOPERATE",
    "DEFECT",
    "COOPERATE",
    "COOPERATE",
    "COOPERATE",
    "COOPERATE",
    "DEFECT",
    "DEFECT",
    "COOPERATE",
    "COOPERATE",
    "COOPERATE",
    "COOPERATE",
    "COOPERATE",
    "COOPERATE",
    "COOPERATE",
    "COOPERATE",
    "COOPERATE"
  ],
  "llm_responses": [
    "THINKING: In the first round, there is no history to base predictions on, but cooperating can establish trust and encourage mutual cooperation in future rounds. This strategy aligns with fostering long-term gains.  \nACTION: COOPERATE  ",
    "THINKING: In the first round, the opponent cooperated, suggesting a willingness to establish mutual trust. Maintaining cooperation early on can build a foundation for higher long-term payoffs if the opponent continues to cooperate.  \nACTION: COOPERATE",
    "THINKING: The opponent has cooperated 100% of the time so far, and mutual cooperation yields the highest combined payoff. Defecting risks breaking the trust and could lead to worse outcomes in future rounds.\n\nACTION: COOPERATE",
    "THINKING: The opponent has consistently cooperated in all rounds, showing a highly cooperative pattern. Maintaining mutual cooperation maximizes the payoff for both players over the long term.\n\nACTION: COOPERATE",
    "THINKING: The opponent has demonstrated a consistent pattern of cooperation, and mutual cooperation maximizes the payoff for both of us. Defecting now could break the trust and lead to lower payoffs in future rounds. \n\nACTION: COOPERATE",
    "THINKING: The Opponent has shown consistent cooperation (100% cooperation rate) and there is no indication they will defect. Continuing to cooperate maximizes mutual payoff and maintains trust.  \nACTION: COOPERATE",
    "THINKING: Both my opponent and I have cooperated in every round so far, and the opponent has shown a highly cooperative pattern. Defecting now would risk breaking the trust and reducing long-term payoffs. Cooperation maximizes mutual benefit.\n\nACTION: COOPERATE",
    "THINKING: Both my opponent and I have maintained a 100% cooperation rate, which has maximized mutual payoffs so far. Breaking this trust now would decrease overall payoffs and risk future retaliation.\n\nACTION: COOPERATE",
    "THINKING: The opponent has been fully cooperative in all previous rounds, and my cooperation rate is also 100%. To maintain mutual trust and maximize long-term payoffs, continuing to cooperate is the best strategy.  \nACTION: COOPERATE  ",
    "THINKING: The opponent has consistently cooperated in every round, and mutual cooperation maximizes payoffs for both players. Defecting risks breaking the trust and reducing future payoffs.  \n\nACTION: COOPERATE",
    "THINKING: The opponent has shown consistent cooperation throughout the game, and mutual cooperation yields the highest long-term payoff for both players. Defecting now would break trust and could lead to worse outcomes in future rounds.\n\nACTION: COOPERATE",
    "THINKING: Both I and my opponent have maintained perfect cooperation so far, yielding the maximum mutual payoff. Defecting now would break this trust and likely lead to worse outcomes in future rounds.  \nACTION: COOPERATE",
    "THINKING: Both players have consistently cooperated for all previous rounds, building trust and maximizing mutual payoffs. Continuing to cooperate sustains the optimal outcome for both parties.\n\nACTION: COOPERATE",
    "THINKING: The opponent has consistently cooperated, showing high trustworthiness and commitment to mutual benefit. Defecting would break this trust and lower future payoffs, while cooperating maintains the potential for continued shared gains.  \n\nACTION: COOPERATE",
    "THINKING: The opponent has been consistently cooperative throughout all 14 rounds, and I have also maintained a perfect cooperation rate. Continuing to cooperate maximizes mutual payoff and sustains trust.  \nACTION: COOPERATE",
    "THINKING: The opponent has been highly cooperative overall (93% cooperation rate), but their last action was a defection. To maintain trust and incentivize cooperation, I should continue cooperating unless a clear pattern of defection emerges. \n\nACTION: COOPERATE",
    "THINKING: The opponent has been highly cooperative (94% cooperation rate), and mutual cooperation yields a higher long-term payoff than defecting. Defecting now risks breaking the trust and reducing future payoffs.\n\nACTION: COOPERATE",
    "THINKING: The opponent has been highly cooperative (94% cooperation rate) and has cooperated in the last round. Maintaining mutual cooperation maximizes long-term payoffs, and defecting now could disrupt this beneficial dynamic.  \n\nACTION: COOPERATE",
    "THINKING: The opponent has been highly cooperative, with a 94% cooperation rate, and their last action was to cooperate. Maintaining mutual cooperation maximizes the long-term payoff. Defecting could risk breaking the cooperative dynamic.  \nACTION: COOPERATE",
    "THINKING: The opponent has been highly cooperative (95% cooperation rate) and has consistently cooperated in the past. Continuing to cooperate builds mutual trust and maximizes long-term payoffs in a repeated game.  \nACTION: COOPERATE",
    "THINKING: The opponent has been highly cooperative overall, but their last action was to defect. This could be either a one-time deviation or a signal of a potential strategy shift. To maintain trust and encourage cooperation, I will cooperate this round but remain cautious.\n\nACTION: COOPERATE",
    "THINKING: My consistent cooperation has resulted in no payoff, and the opponent recently defected despite their high overall cooperation rate. Given the pattern of conditional cooperation, defecting now could assertively signal I won’t exclusively cooperate without reciprocity. \n\nACTION: DEFECT",
    "THINKING: The opponent has a high cooperation rate (86%) and their last action was to cooperate, suggesting they are likely to continue cooperating. Maintaining mutual cooperation maximizes long-term payoffs in this repeated game.  \n\nACTION: COOPERATE",
    "THINKING: The opponent has a high cooperation rate (87%) and seems to follow a mixed/conditional strategy, likely rewarding cooperation. To maximize long-term payoffs, maintaining cooperation is beneficial, as defecting risks breaking mutual trust.\n\nACTION: COOPERATE",
    "THINKING: The opponent has a high cooperation rate (88%) and seems to follow a conditional cooperation strategy. Given my high cooperation rate (96%), maintaining mutual cooperation is likely to maximize long-term payoffs.\n\nACTION: COOPERATE",
    "THINKING: The opponent has been highly cooperative, with an 88% cooperation rate, and cooperated in the last round. Maintaining mutual cooperation yields the highest long-term payoff, and my own high cooperation rate aligns with this strategy.\n\nACTION: COOPERATE",
    "THINKING: The opponent has been highly cooperative, with an 88% cooperation rate, and their last action was to cooperate. Maintaining mutual cooperation maximizes payoffs in the long run. Defecting now risks breaking the trust and reducing potential future gains.\n\nACTION: COOPERATE",
    "THINKING: The opponent has been highly cooperative (89%) and consistently cooperated in the last round. Maintaining cooperation is likely to maximize long-term payoffs in this repeated game.  \nACTION: COOPERATE  ",
    "THINKING: Given the opponent's high cooperation rate and recent pattern of cooperation, maintaining cooperation will likely maximize mutual payoffs. Defecting risks breaking trust and reducing long-term gains.\n\nACTION: COOPERATE",
    "THINKING: The opponent has been highly cooperative (90% cooperation rate) and cooperated in the previous round. To maximize long-term payoffs and maintain trust, continuing cooperation is the optimal strategy.  \nACTION: COOPERATE  "
  ]
}