{
  "experiment": "exp6_baseline",
  "game": "prisoners_dilemma",
  "provider": "deepseek",
  "baseline": "GenerousTitForTat",
  "trial": 11,
  "rounds": 30,
  "payoff": 91,
  "coop_rate": 0.9333333333333333,
  "llm_history": [
    "COOPERATE",
    "COOPERATE",
    "COOPERATE",
    "COOPERATE",
    "COOPERATE",
    "COOPERATE",
    "DEFECT",
    "COOPERATE",
    "DEFECT",
    "COOPERATE",
    "COOPERATE",
    "COOPERATE",
    "COOPERATE",
    "COOPERATE",
    "COOPERATE",
    "COOPERATE",
    "COOPERATE",
    "COOPERATE",
    "COOPERATE",
    "COOPERATE",
    "COOPERATE",
    "COOPERATE",
    "COOPERATE",
    "COOPERATE",
    "COOPERATE",
    "COOPERATE",
    "COOPERATE",
    "COOPERATE",
    "COOPERATE",
    "COOPERATE"
  ],
  "opp_history": [
    "COOPERATE",
    "COOPERATE",
    "COOPERATE",
    "COOPERATE",
    "COOPERATE",
    "COOPERATE",
    "COOPERATE",
    "COOPERATE",
    "COOPERATE",
    "DEFECT",
    "COOPERATE",
    "COOPERATE",
    "COOPERATE",
    "COOPERATE",
    "COOPERATE",
    "COOPERATE",
    "COOPERATE",
    "COOPERATE",
    "COOPERATE",
    "COOPERATE",
    "COOPERATE",
    "COOPERATE",
    "COOPERATE",
    "COOPERATE",
    "COOPERATE",
    "COOPERATE",
    "COOPERATE",
    "COOPERATE",
    "COOPERATE",
    "COOPERATE"
  ],
  "llm_responses": [
    "THINKING: This is the first round with no history, so I'll start with cooperation to signal willingness to cooperate and see how the opponent responds.  \nACTION: COOPERATE",
    "THINKING: The opponent cooperated in round 1, and with no reason to defect yet, cooperating continues the mutual benefit.  \nACTION: COOPERATE",
    "THINKING: Opponent has cooperated both times so far, and my cooperation rate is 100%. Since it's early in the game, cooperating continues to build trust and encourages mutual cooperation for higher payoffs.\n\nACTION: COOPERATE",
    "THINKING: Opponent has cooperated 100% so far, and mutual cooperation yields the highest long-term payoff. Defecting now risks breaking trust and reducing future gains.\n\nACTION: COOPERATE",
    "THINKING: Opponent has cooperated 100% so far, and my total payoff is currently zero, meaning I've been cooperating while they've been cooperating too. Continuing to cooperate maintains mutual benefit.\n\nACTION: COOPERATE",
    "THINKING: The opponent has cooperated 100% of the time so far, and mutual cooperation yields a good payoff. Defecting now could break the trust and trigger retaliation in future rounds, reducing my long-term payoff.\n\nACTION: COOPERATE",
    "THINKING: The opponent has cooperated 100% of the time so far, and my total payoff is currently zero, meaning I have been cooperating while they have been defecting in past rounds. To maximize my payoff, I should defect now to exploit their cooperation.\n\nACTION: DEFECT",
    "THINKING: The opponent has cooperated 100% of the time so far, making them highly predictable and trusting. Defecting now would maximize my payoff for this round, but it risks damaging cooperation and future payoffs in a repeated game.\n\nACTION: COOPERATE",
    "THINKING: The opponent has cooperated 100% of the time so far, and my total payoff is zero because I have mostly cooperated but been exploited in at least one round. To maximize my payoff, I should exploit their consistent cooperation by defecting now.\n\nACTION: DEFECT",
    "THINKING: The opponent has cooperated 100% of the time so far, making them highly predictable and trustworthy. My best payoff in this round is to defect, but that risks breaking their cooperation in future rounds. Since we are in a repeated game and they have shown consistent cooperation, cooperating now is likely to sustain mutual high payoffs.\n\nACTION: COOPERATE",
    "THINKING: The opponent has been highly cooperative (90% overall) but just defected last round. Given my high cooperation rate, they might be testing my response; defecting now could trigger a mutual defection spiral. Since the long-term payoff from mutual cooperation is better, I'll cooperate to signal willingness to return to cooperation.\n\nACTION: COOPERATE",
    "THINKING: The opponent is highly cooperative (91%) and just cooperated last round. My total payoff is currently zero, so I need to maximize my score by cooperating to keep mutual cooperation going.\n\nACTION: COOPERATE",
    "THINKING: The opponent is highly cooperative (92% rate) and just cooperated last round. Cooperating now likely yields mutual benefit and maintains cooperation.\n\nACTION: COOPERATE",
    "THINKING: The opponent is highly cooperative (92% rate) and just cooperated last round. My total payoff is currently zero, so building mutual cooperation now maximizes long-term payoff.  \nACTION: COOPERATE",
    "THINKING: The opponent is highly cooperative (93%) and just cooperated last round. Mutual cooperation yields a good payoff, and defecting now risks damaging future cooperation.\n\nACTION: COOPERATE",
    "THINKING: The opponent is highly cooperative (93% rate) and just cooperated last round, so cooperating now is likely to maximize mutual payoff.  \nACTION: COOPERATE",
    "THINKING: The opponent is highly cooperative (94% rate) and just cooperated last round, so cooperating now is likely to yield a high mutual payoff and maintain trust.  \nACTION: COOPERATE",
    "THINKING: Opponent has been highly cooperative (94% rate) and just cooperated last round. My cooperation rate is high, and mutual cooperation yields the best long-term payoff in a repeated game.  \nACTION: COOPERATE",
    "THINKING: Opponent has been highly cooperative (94% rate) and just cooperated last round. My current payoff is zero, so I need to maximize future gains; cooperating now maintains mutual cooperation for high payoffs in remaining rounds.  \nACTION: COOPERATE",
    "THINKING: The opponent has been highly cooperative (95% rate) and just cooperated last round. Cooperating now likely continues mutual cooperation, maximizing my payoff in this round.\n\nACTION: COOPERATE",
    "THINKING: The opponent has been highly cooperative (95% cooperation rate) and just cooperated last round. Cooperating now maximizes mutual payoff and maintains the cooperative pattern.\n\nACTION: COOPERATE",
    "THINKING: The opponent has been highly cooperative (95% rate) and just cooperated last round. Given my total payoff is currently zero, cooperating now aligns with mutual benefit and likely continues the cooperative pattern.\n\nACTION: COOPERATE",
    "THINKING: Opponent has been highly cooperative (95% rate) and just cooperated last round. My total payoff is currently zero, so mutual cooperation will improve my score without risking much given their consistent behavior.  \nACTION: COOPERATE",
    "THINKING: The opponent has been highly cooperative (96% rate), and mutual cooperation yields the best long-term payoff. Defecting now risks retaliation and reduces future gains.  \nACTION: COOPERATE",
    "THINKING: The opponent is highly cooperative (96% rate), and mutual cooperation yields the best long-term payoff per round (3 vs 1 for mutual defection). Defecting now risks triggering retaliation in future rounds, reducing overall payoff.\n\nACTION: COOPERATE",
    "THINKING: The opponent has been highly cooperative (96% rate) and just cooperated last round. In a repeated Prisoner's Dilemma with a cooperative opponent, mutual cooperation yields the best long-term payoff. Defecting now risks breaking trust and reducing future gains.\n\nACTION: COOPERATE",
    "THINKING: The opponent has been highly cooperative (96% rate), and mutual cooperation yields the best long-term payoff per round. Defecting now risks damaging future cooperation for a one-time gain.\n\nACTION: COOPERATE",
    "THINKING: The opponent has been highly cooperative (96% cooperation rate) and just cooperated last round. In a repeated Prisoner's Dilemma with a cooperative opponent, mutual cooperation yields the best long-term payoff.  \n\nACTION: COOPERATE",
    "THINKING: The opponent has been highly cooperative (96% rate), and mutual cooperation yields the best long-term payoff. Defecting now risks retaliation in the final rounds, reducing my total payoff.  \nACTION: COOPERATE",
    "THINKING: With such high mutual cooperation rates and the opponent consistently cooperating, defecting now would risk breaking a highly beneficial pattern for minimal short-term gain.  \nACTION: COOPERATE"
  ]
}