{
  "experiment": "exp6_baseline",
  "game": "prisoners_dilemma",
  "provider": "openai",
  "baseline": "AlwaysCooperate",
  "trial": 19,
  "rounds": 30,
  "payoff": 90,
  "coop_rate": 1.0,
  "llm_history": [
    "COOPERATE",
    "COOPERATE",
    "COOPERATE",
    "COOPERATE",
    "COOPERATE",
    "COOPERATE",
    "COOPERATE",
    "COOPERATE",
    "COOPERATE",
    "COOPERATE",
    "COOPERATE",
    "COOPERATE",
    "COOPERATE",
    "COOPERATE",
    "COOPERATE",
    "COOPERATE",
    "COOPERATE",
    "COOPERATE",
    "COOPERATE",
    "COOPERATE",
    "COOPERATE",
    "COOPERATE",
    "COOPERATE",
    "COOPERATE",
    "COOPERATE",
    "COOPERATE",
    "COOPERATE",
    "COOPERATE",
    "COOPERATE",
    "COOPERATE"
  ],
  "opp_history": [
    "COOPERATE",
    "COOPERATE",
    "COOPERATE",
    "COOPERATE",
    "COOPERATE",
    "COOPERATE",
    "COOPERATE",
    "COOPERATE",
    "COOPERATE",
    "COOPERATE",
    "COOPERATE",
    "COOPERATE",
    "COOPERATE",
    "COOPERATE",
    "COOPERATE",
    "COOPERATE",
    "COOPERATE",
    "COOPERATE",
    "COOPERATE",
    "COOPERATE",
    "COOPERATE",
    "COOPERATE",
    "COOPERATE",
    "COOPERATE",
    "COOPERATE",
    "COOPERATE",
    "COOPERATE",
    "COOPERATE",
    "COOPERATE",
    "COOPERATE"
  ],
  "llm_responses": [
    "THINKING: Since this is the first round, there is no history to analyze. To encourage mutual cooperation and build trust, I will choose to cooperate.  \n\nACTION: COOPERATE",
    "THINKING: The opponent cooperated in the previous round, and their cooperation rate is 100%. Maintaining mutual cooperation maximizes payoffs for both players over repeated rounds. It is too early to break trust.  \n\nACTION: COOPERATE",
    "THINKING: Both I and the opponent have cooperated 100% so far, indicating a mutually beneficial strategy. To maintain trust and maximize long-term payoffs, cooperation is the optimal choice.  \n\nACTION: COOPERATE",
    "THINKING: Both I and the Opponent have exhibited a 100% cooperation rate so far, which maximizes mutual payoff. Defecting now would break the established trust and likely harm future outcomes in this repeated game. \n\nACTION: COOPERATE",
    "THINKING: The opponent has been consistently cooperative, and mutual cooperation yields the best long-term payoff for both players. Defecting now could break the trust and lead to worse outcomes in future rounds.  \nACTION: COOPERATE  ",
    "THINKING: The opponent has demonstrated a highly cooperative behavior with a 100% cooperation rate, and both of us benefit most when we both cooperate. Defecting now could break mutual trust and lower future payoffs.  \nACTION: COOPERATE",
    "THINKING: The Opponent has consistently cooperated in every round, and mutual cooperation yields the highest payoff for both players in the long run. Defecting now risks breaking the trust and reducing future payoffs.  \n\nACTION: COOPERATE",
    "THINKING: Both my opponent and I have consistently cooperated in all previous rounds, leading to mutual high payoffs. Since the opponent has shown no signs of defection, continuing to cooperate maximizes long-term outcomes and maintains trust.\n\nACTION: COOPERATE",
    "THINKING: Both my cooperation and the opponent's cooperation rate are 100%, indicating mutual trust and a strong cooperative pattern so far. Defecting now would break this trust and risk long-term cooperation, which could lead to lower payoffs in the future.\n\nACTION: COOPERATE",
    "THINKING: The opponent has been consistently cooperative, and defecting now could break trust and lead to lower payoffs in future rounds. Maintaining cooperation ensures mutual benefit and sustains a positive relationship.  \nACTION: COOPERATE",
    "THINKING: The opponent has been consistently cooperative with a 100% cooperation rate, and defecting now would break trust, potentially leading to mutual defection and lower payoffs in future rounds. Maintaining cooperation maximizes long-term benefits for both players.\n\nACTION: COOPERATE",
    "THINKING: The opponent has consistently cooperated in all previous rounds, and maintaining mutual cooperation yields the highest possible payoff for both parties. Defecting now would break trust and likely lead to worse payoffs in future rounds.\n\nACTION: COOPERATE",
    "THINKING: Both players have cooperated 100% of the time, leading to a mutually beneficial outcome. Breaking this pattern now could damage trust and reduce future payoffs. Cooperation is the optimal strategy to maintain mutual benefit.\n\nACTION: COOPERATE",
    "THINKING: Both players have been fully cooperative so far, leading to mutually beneficial outcomes. Defecting now would disrupt the trust and likely lead to worse payoffs in future rounds. Maintaining cooperation maximizes long-term rewards.\n\nACTION: COOPERATE",
    "THINKING: Both I and my opponent have cooperated in every round, creating a mutually beneficial outcome. Defecting now would break the trust and likely harm future payoffs.\n\nACTION: COOPERATE",
    "THINKING: The opponent has been consistently cooperative with a 100% cooperation rate. Maintaining cooperation ensures the maximum joint payoff and preserves trust in this repeated game.\n\nACTION: COOPERATE",
    "THINKING: The opponent has shown consistent cooperation in all previous rounds, indicating a highly trustworthy strategy. Mutual cooperation maximizes long-term payoffs, and defecting could jeopardize this beneficial dynamic.  \nACTION: COOPERATE",
    "THINKING: The opponent has been consistently cooperative (17/17), and mutual cooperation yields the highest joint payoff. Defecting would break trust and risk future cooperation. Maintaining cooperation is optimal for long-term gains.  \nACTION: COOPERATE",
    "THINKING: The opponent has maintained a 100% cooperation rate throughout all rounds, signaling strong trust and commitment to mutual cooperation. Continuing to cooperate maximizes total payoff and preserves trust.\n\nACTION: COOPERATE",
    "THINKING: My opponent has shown a consistent pattern of cooperation across all rounds, maintaining a 100% cooperation rate. To maximize mutual benefit and preserve trust, cooperation is the rational choice.  \n\nACTION: COOPERATE",
    "THINKING: Both my opponent and I have maintained perfect cooperation so far, resulting in a mutually beneficial outcome. Breaking this streak by defecting would damage trust and likely lead to worse payoffs in future rounds.\n\nACTION: COOPERATE",
    "THINKING: The opponent has shown a consistent pattern of cooperation, and mutual cooperation maximizes long-term payoffs. Defecting now would break the trust and potentially lead to worse outcomes in future rounds.\n\nACTION: COOPERATE",
    "THINKING: Given the opponent's perfect cooperation rate and consistent history of cooperating, maintaining mutual cooperation ensures the highest long-term payoff for both players. Defecting would disrupt trust and likely lead to a breakdown in cooperation.  \nACTION: COOPERATE",
    "THINKING: Both you and the opponent have consistently cooperated, resulting in mutual trust and maximizing payoffs. Defecting now would break this trust and likely lead to reduced payoffs in future rounds.  \n\nACTION: COOPERATE",
    "THINKING: Both you and Opponent have consistently cooperated, resulting in mutual benefit (payoffs of 3 per round). Maintaining cooperation ensures continued high payoffs, while defecting risks breaking trust and lowering future payoffs.  \n\nACTION: COOPERATE",
    "THINKING: The opponent has consistently cooperated in all previous rounds, establishing a mutual trust that maximizes both of our payoffs. Defecting now would break that trust and likely lead to worse outcomes in future rounds.  \n\nACTION: COOPERATE",
    "THINKING: Both I and the Opponent have cooperated 100% so far, leading to mutual trust and maximum payoffs. Breaking this pattern now would damage the trust and reduce long-term rewards.  \nACTION: COOPERATE",
    "THINKING: The opponent has been consistently cooperative, and mutual cooperation results in the highest combined payoff. Defecting now would betray trust and could lead to mutual defection in future rounds, reducing overall payoffs.\n\nACTION: COOPERATE",
    "THINKING: Both you and the Opponent have maintained perfect cooperation throughout the game, maximizing mutual payoffs. Breaking this pattern risks losing trust and reducing future payoffs.  \nACTION: COOPERATE",
    "THINKING: The opponent has consistently cooperated in all 29 rounds, exhibiting a highly cooperative strategy. To maximize long-term payoffs and maintain mutual trust, it is best to also cooperate.  \n\nACTION: COOPERATE"
  ]
}