{
  "experiment": "exp6_baseline",
  "game": "prisoners_dilemma",
  "provider": "openai",
  "baseline": "Extort2",
  "trial": 25,
  "rounds": 30,
  "payoff": 41,
  "coop_rate": 0.3333333333333333,
  "llm_history": [
    "COOPERATE",
    "COOPERATE",
    "COOPERATE",
    "COOPERATE",
    "COOPERATE",
    "COOPERATE",
    "COOPERATE",
    "COOPERATE",
    "DEFECT",
    "COOPERATE",
    "COOPERATE",
    "DEFECT",
    "DEFECT",
    "DEFECT",
    "DEFECT",
    "DEFECT",
    "DEFECT",
    "DEFECT",
    "DEFECT",
    "DEFECT",
    "DEFECT",
    "DEFECT",
    "DEFECT",
    "DEFECT",
    "DEFECT",
    "DEFECT",
    "DEFECT",
    "DEFECT",
    "DEFECT",
    "DEFECT"
  ],
  "opp_history": [
    "COOPERATE",
    "COOPERATE",
    "COOPERATE",
    "COOPERATE",
    "COOPERATE",
    "COOPERATE",
    "COOPERATE",
    "DEFECT",
    "DEFECT",
    "DEFECT",
    "DEFECT",
    "DEFECT",
    "DEFECT",
    "DEFECT",
    "DEFECT",
    "DEFECT",
    "DEFECT",
    "DEFECT",
    "DEFECT",
    "DEFECT",
    "DEFECT",
    "DEFECT",
    "DEFECT",
    "DEFECT",
    "DEFECT",
    "DEFECT",
    "DEFECT",
    "DEFECT",
    "DEFECT",
    "DEFECT"
  ],
  "llm_responses": [
    "THINKING: Since this is the first round and there is no historical data, I will cooperate to establish a baseline of trust and observe the opponent's response for future rounds. This strategy encourages mutual cooperation initially.\n\nACTION: COOPERATE",
    "THINKING: The opponent has cooperated in the first round, and their cooperation rate is 100%. To build trust and maximize long-term payoffs, it is best to cooperate again.  \nACTION: COOPERATE  ",
    "THINKING: The opponent has cooperated 100% of the time so far, and mutual cooperation provides the best long-term payoff. Defecting now could break the trust and lead to worse outcomes in future rounds.  \nACTION: COOPERATE",
    "THINKING: Both my cooperation rate and the opponent's cooperation rate are 100%, indicating mutual trust and a strong cooperative pattern. Defecting now would break the trust and could lead to lower payoffs in future rounds.  \n\nACTION: COOPERATE",
    "THINKING: The opponent has been consistently cooperative with a 100% cooperation rate, and mutual cooperation yields the highest collective payoff. Defecting now could damage trust and lead to worse outcomes in future rounds.\n\nACTION: COOPERATE",
    "THINKING: Both I and the Opponent have been consistently cooperative, and mutual cooperation maximizes the payoff for both parties. Breaking this pattern could harm trust and reduce future payoffs.  \nACTION: COOPERATE",
    "THINKING: Both you and your opponent have cooperated consistently in all rounds, leading to mutual benefit. Breaking this pattern by defecting could harm the trust and long-term payoffs in this repeated game.  \n\nACTION: COOPERATE",
    "THINKING: The opponent has been highly cooperative, maintaining a 100% cooperation rate. To maximize long-term payoffs and sustain mutual trust, it is optimal to continue cooperating.  \nACTION: COOPERATE",
    "THINKING: The opponent has been highly cooperative overall but defected in the last round. Maintaining cooperation might encourage mutual trust, but their recent defection introduces a risk of exploitation. I'll test their intentions by defecting this round.\n\nACTION: DEFECT",
    "THINKING: The Opponent has shown a relatively high cooperation rate (78%) but defected in the last round, which could be a test or retaliation. To encourage mutual cooperation, I will cooperate this round to reset trust and potentially achieve higher payoffs in future rounds.\n\nACTION: COOPERATE",
    "THINKING: The opponent has a mixed strategy and defected in the last round, which signals conditional cooperation. Since my cooperation rate is high, continuing to cooperate might encourage the opponent to switch back to cooperation, maximizing future payoffs. However, there's a risk they will defect again.\n\nACTION: COOPERATE",
    "THINKING: The opponent's cooperation rate is moderate, and they are a conditional cooperator, suggesting they adapt based on my actions. Since they defected last round, defecting might discourage future exploitation while signaling I can retaliate if necessary.\n\nACTION: DEFECT",
    "THINKING: The opponent's cooperation rate is moderate, but they defected in the last round, suggesting conditional behavior. To avoid being exploited and to adjust for their mixed strategy, defecting may incentivize future cooperation.  \n\nACTION: DEFECT",
    "THINKING: Opponent's cooperation rate is lower than mine, and they have been defecting recently. To protect my payoff and discourage further defections, defecting seems the strategic choice. \n\nACTION: DEFECT",
    "THINKING: The opponent has been defecting more often (50% cooperation rate and recent pattern of mostly defects). Continuing to cooperate would likely result in an unfavorable payoff for me, given their lack of reciprocity. Tit-for-tat suggests I should defect in response to their last action to deter further exploitation.\n\nACTION: DEFECT",
    "THINKING: The opponent's cooperation rate is below 50%, and they have recently been defecting, which indicates a lack of trustworthiness. To maximize my payoff and avoid exploitation, I should defect this round.\n\nACTION: DEFECT",
    "THINKING: Opponent's recent pattern shows consistent defection, indicating no trust or reciprocal cooperation. Defecting maximizes my payoff given their strategy.  \n\nACTION: DEFECT  ",
    "THINKING: The opponent has a low cooperation rate (41%) and has been consistently defecting recently. Continuing to cooperate would likely result in a disadvantageous payoff for me.\n\nACTION: DEFECT",
    "THINKING: The opponent has consistently defected in recent rounds, and their cooperation rate is low. Continuing to cooperate would likely result in repeated losses, so defecting maximizes my payoff in this situation.  \n\nACTION: DEFECT",
    "THINKING: Opponent's consistent defection suggests they are exploiting cooperation for higher payoffs. To maximize my own payoff, defecting is the optimal strategy given their unwillingness to cooperate.  \n\nACTION: DEFECT",
    "THINKING: The opponent has a low cooperation rate (35%) and has recently shown a consistent pattern of defecting, which makes cooperation unlikely to be reciprocated. Defecting maximizes my payoff under these circumstances.\n\nACTION: DEFECT",
    "THINKING: The opponent has a low cooperation rate (33%) and has consistently defected recently. Continuing to cooperate would likely result in repeated losses, so defecting is the optimal choice to minimize losses.  \nACTION: DEFECT  ",
    "THINKING: The opponent has a low cooperation rate (32%) and consistently defects, making cooperation highly unlikely to yield a positive payoff. To maximize my payoff, I should defect as well.\n\nACTION: DEFECT",
    "THINKING: The opponent has established a clear pattern of always defecting, which makes cooperation unwise as it results in the lowest possible payoff for me. Defecting maximizes my payoff under these circumstances.  \nACTION: DEFECT",
    "THINKING: The opponent has shown a consistent pattern of defecting, with a low cooperation rate (29%) and recent history of always defecting. Cooperation here would likely result in a payoff of 0 for me, while defecting ensures at least a payoff of 1.\n\nACTION: DEFECT",
    "THINKING: The opponent has a very low cooperation rate and has consistently defected, indicating they are unlikely to change their strategy. Defecting maximizes my payoff given their behavior.\n\nACTION: DEFECT",
    "THINKING: The opponent has a very low cooperation rate (27%) and has consistently defected in recent rounds. Continuing to cooperate would likely result in being exploited without any benefit.\n\nACTION: DEFECT",
    "THINKING: The opponent has consistently defected, showing no intention to cooperate. Defecting ensures I am not exploited and maximizes my payoff given their pattern.  \n\nACTION: DEFECT",
    "THINKING: The Opponent has consistently defected in the past and shows no indication of changing behavior. Cooperating would result in a guaranteed loss, while defecting ensures at least a minimal payoff.  \n\nACTION: DEFECT",
    "THINKING: The opponent has a low cooperation rate (24%) and a consistent recent pattern of always defecting. Cooperating in this round would likely result in a payoff of 0 for me, while defecting ensures at least a payoff of 1.\n\nACTION: DEFECT"
  ]
}