{
  "experiment": "exp6_baseline",
  "game": "prisoners_dilemma",
  "provider": "deepseek",
  "baseline": "Pavlov",
  "trial": 9,
  "rounds": 30,
  "payoff": 85,
  "coop_rate": 0.9,
  "llm_history": [
    "COOPERATE",
    "COOPERATE",
    "COOPERATE",
    "COOPERATE",
    "COOPERATE",
    "COOPERATE",
    "COOPERATE",
    "COOPERATE",
    "COOPERATE",
    "COOPERATE",
    "COOPERATE",
    "COOPERATE",
    "COOPERATE",
    "DEFECT",
    "DEFECT",
    "DEFECT",
    "COOPERATE",
    "COOPERATE",
    "COOPERATE",
    "COOPERATE",
    "COOPERATE",
    "COOPERATE",
    "COOPERATE",
    "COOPERATE",
    "COOPERATE",
    "COOPERATE",
    "COOPERATE",
    "COOPERATE",
    "COOPERATE",
    "COOPERATE"
  ],
  "opp_history": [
    "COOPERATE",
    "COOPERATE",
    "COOPERATE",
    "COOPERATE",
    "COOPERATE",
    "COOPERATE",
    "COOPERATE",
    "COOPERATE",
    "COOPERATE",
    "COOPERATE",
    "COOPERATE",
    "COOPERATE",
    "COOPERATE",
    "COOPERATE",
    "DEFECT",
    "DEFECT",
    "DEFECT",
    "COOPERATE",
    "COOPERATE",
    "COOPERATE",
    "COOPERATE",
    "COOPERATE",
    "COOPERATE",
    "COOPERATE",
    "COOPERATE",
    "COOPERATE",
    "COOPERATE",
    "COOPERATE",
    "COOPERATE",
    "COOPERATE"
  ],
  "llm_responses": [
    "THINKING: This is the first round with no history, so I'll start with cooperation to signal willingness to cooperate and see how the opponent responds.  \nACTION: COOPERATE",
    "THINKING: The opponent cooperated in round 1, and we have no reason to suspect defection yet. Starting with cooperation builds trust in a repeated game.\n\nACTION: COOPERATE",
    "THINKING: The opponent has cooperated both times so far, and my cooperation rate is 100%. Continuing to cooperate builds trust and maximizes mutual payoff in this repeated game.\n\nACTION: COOPERATE",
    "THINKING: The opponent has cooperated 100% of the time so far, and mutual cooperation yields a good payoff. Defecting now risks breaking the cooperative pattern and lowering future payoffs.\n\nACTION: COOPERATE",
    "THINKING: The opponent has cooperated in all 4 previous rounds, and my cooperation rate is 100%. Continuing to cooperate maintains mutual cooperation and the highest joint payoff.\n\nACTION: COOPERATE",
    "THINKING: Opponent has cooperated 100% so far, and my total payoff is currently zero, meaning I've been cooperating while they've been cooperating too. Continuing to cooperate maintains mutual benefit.\n\nACTION: COOPERATE",
    "THINKING: The opponent has cooperated 100% of the time, and mutual cooperation yields a good payoff. Defecting now risks breaking the cooperative pattern and lowering future payoffs.\n\nACTION: COOPERATE",
    "THINKING: The opponent has cooperated 100% of the time so far, and mutual cooperation yields the best long-term payoff. Defecting now risks breaking this beneficial pattern.  \nACTION: COOPERATE",
    "THINKING: The opponent has cooperated in all 8 previous rounds, showing a highly cooperative pattern. Continuing to cooperate maximizes mutual payoff and sustains cooperation.\n\nACTION: COOPERATE",
    "THINKING: The opponent has cooperated 100% of the time, and mutual cooperation yields the highest long-term payoff. Defecting now risks breaking this beneficial pattern.\n\nACTION: COOPERATE",
    "THINKING: The opponent has cooperated 100% of the time, and mutual cooperation yields a good payoff. Defecting now risks breaking this beneficial pattern for minimal short-term gain.\n\nACTION: COOPERATE",
    "THINKING: The opponent has cooperated in all 11 previous rounds, and mutual cooperation yields a good payoff. Defecting now would break the trust and likely lead to future retaliation, reducing my long-term score.\n\nACTION: COOPERATE",
    "THINKING: The opponent has cooperated 100% of the time, and mutual cooperation yields a good payoff. Defecting now risks breaking this beneficial pattern.\n\nACTION: COOPERATE",
    "THINKING: The opponent has cooperated 100% of the time so far, and my total payoff is zero because I've always cooperated. To improve my score, I should exploit their consistent cooperation by defecting now.\n\nACTION: DEFECT",
    "THINKING: The opponent has cooperated 100% of the time, and my total payoff is currently zero, meaning I've likely been exploited in past rounds when I cooperated and they defected. To improve my score, I should defect now to claim a higher payoff.\n\nACTION: DEFECT",
    "THINKING: The opponent has been highly cooperative overall (93%), but they just defected last round. Given my total payoff is currently zero, I should retaliate to discourage further defection while signaling I won't be exploited.  \nACTION: DEFECT",
    "THINKING: The opponent is highly cooperative overall (88%) and has only defected once recently, so cooperating is likely to maximize mutual payoff.  \nACTION: COOPERATE",
    "THINKING: The opponent has a high cooperation rate overall but just defected last round, suggesting possible testing or a shift. Given my total payoff is currently zero, I need to be cautious but not overly punitive to encourage future cooperation.\n\nACTION: COOPERATE",
    "THINKING: With both cooperation rates at 83% and the opponent cooperating last round, continuing to cooperate maintains mutual benefit and high payoffs.  \nACTION: COOPERATE",
    "THINKING: With both cooperation rates at 84% and the opponent showing conditional cooperation, mutual cooperation yields the highest long-term payoff. Defecting now risks retaliation and lowers future gains.\n\nACTION: COOPERATE",
    "THINKING: With both cooperation rates at 85% and the opponent recently cooperating, mutual cooperation yields the highest joint payoff. Given the repeated nature, maintaining cooperation is likely optimal for long-term gain.  \nACTION: COOPERATE",
    "THINKING: Opponent has a high cooperation rate and just cooperated last round, indicating they are likely to continue cooperating if I do the same. Mutual cooperation yields the best long-term payoff.\n\nACTION: COOPERATE",
    "THINKING: Opponent has a high cooperation rate and just cooperated last round, so cooperating now is likely to lead to mutual cooperation and a payoff of 3. Defecting risks triggering retaliation and lower future payoffs.  \nACTION: COOPERATE",
    "THINKING: Given the high mutual cooperation rate (87% each) and the opponent's recent cooperation, continuing to cooperate is likely to sustain mutual benefit in this repeated game.  \nACTION: COOPERATE",
    "THINKING: With both cooperation rates at 88% and the opponent cooperating last round, mutual cooperation is likely and yields the highest collective payoff. Defecting risks breaking a stable cooperative pattern.\n\nACTION: COOPERATE",
    "THINKING: Both of us have high cooperation rates and the opponent just cooperated, so continuing to cooperate is likely to maximize mutual payoff.  \nACTION: COOPERATE",
    "THINKING: With both cooperation rates high and the opponent consistently cooperating, mutual cooperation yields the best long-term payoff. Defecting now risks triggering retaliation and losing future gains.  \nACTION: COOPERATE",
    "THINKING: The opponent has been highly cooperative (89% cooperation rate) and just cooperated last round. My total payoff is currently zero, so I need to maximize points now. Given the high mutual cooperation rate, cooperating again is likely to yield 3 points for both, and defecting risks breaking trust and lowering future payoffs.\n\nACTION: COOPERATE",
    "THINKING: With both cooperation rates at 89% and the opponent highly cooperative, mutual cooperation maximizes my payoff this round and maintains a cooperative relationship for the final rounds.  \nACTION: COOPERATE",
    "THINKING: Both of us have high cooperation rates, and the opponent has been consistently cooperative recently, so mutual cooperation yields the best payoff.  \nACTION: COOPERATE"
  ]
}