{
  "experiment": "exp6_baseline",
  "game": "prisoners_dilemma",
  "provider": "deepseek",
  "baseline": "GrimTrigger",
  "trial": 13,
  "rounds": 30,
  "payoff": 40,
  "coop_rate": 0.2,
  "llm_history": [
    "COOPERATE",
    "COOPERATE",
    "COOPERATE",
    "COOPERATE",
    "DEFECT",
    "DEFECT",
    "COOPERATE",
    "DEFECT",
    "DEFECT",
    "DEFECT",
    "COOPERATE",
    "DEFECT",
    "DEFECT",
    "DEFECT",
    "DEFECT",
    "DEFECT",
    "DEFECT",
    "DEFECT",
    "DEFECT",
    "DEFECT",
    "DEFECT",
    "DEFECT",
    "DEFECT",
    "DEFECT",
    "DEFECT",
    "DEFECT",
    "DEFECT",
    "DEFECT",
    "DEFECT",
    "DEFECT"
  ],
  "opp_history": [
    "COOPERATE",
    "COOPERATE",
    "COOPERATE",
    "COOPERATE",
    "COOPERATE",
    "DEFECT",
    "DEFECT",
    "DEFECT",
    "DEFECT",
    "DEFECT",
    "DEFECT",
    "DEFECT",
    "DEFECT",
    "DEFECT",
    "DEFECT",
    "DEFECT",
    "DEFECT",
    "DEFECT",
    "DEFECT",
    "DEFECT",
    "DEFECT",
    "DEFECT",
    "DEFECT",
    "DEFECT",
    "DEFECT",
    "DEFECT",
    "DEFECT",
    "DEFECT",
    "DEFECT",
    "DEFECT"
  ],
  "llm_responses": [
    "THINKING: This is the first round with no history, so I'll start with cooperation to signal willingness to cooperate and see how the opponent responds.  \nACTION: COOPERATE",
    "THINKING: The opponent cooperated in the first round, and both of us have 100% cooperation so far. In early rounds, cooperating can build mutual trust for higher long-term payoffs.  \nACTION: COOPERATE",
    "THINKING: Opponent has cooperated both previous rounds, and my cooperation rate is 100%. Continuing to cooperate may sustain mutual cooperation for high payoffs.  \nACTION: COOPERATE",
    "THINKING: The opponent has cooperated 100% of the time so far, and mutual cooperation yields a good payoff. Defecting now risks breaking this cooperative pattern for a short-term gain.\n\nACTION: COOPERATE",
    "THINKING: The opponent has cooperated 100% of the time so far, and my total payoff is zero because I've been cooperating while they've been defecting. This suggests I've been exploited, so I should defect to test their response and avoid further losses.\n\nACTION: DEFECT",
    "THINKING: The opponent has cooperated 100% of the time so far, and my high cooperation rate (80%) has not been rewarded with a high total payoff. To improve my score, I should exploit their consistent cooperation by defecting this round.\n\nACTION: DEFECT",
    "THINKING: Opponent has been highly cooperative overall (83%), but they just defected last round. Given my total payoff is currently zero, I should try to rebuild cooperation to get higher payoffs, so I'll reciprocate with cooperation to encourage future cooperation.\n\nACTION: COOPERATE",
    "THINKING: Opponent has a high cooperation rate but just defected last round; they may be testing my response. To encourage future cooperation, I should reciprocate the defect to show I won't be exploited.  \nACTION: DEFECT",
    "THINKING: The opponent has a similar cooperation rate to mine, but they just defected last round. Given the repeated nature and their mixed pattern, defecting now is safer to avoid exploitation while possibly encouraging future cooperation.\n\nACTION: DEFECT",
    "THINKING: Opponent's cooperation rate matches mine, but they just defected last round. Given the mixed pattern, a tit-for-tat response is reasonable to avoid exploitation.  \nACTION: DEFECT",
    "THINKING: The opponent has a 50% cooperation rate and just defected last round, but my total payoff is currently zero, so I need to try to improve my score by cooperating to encourage mutual cooperation.  \n\nACTION: COOPERATE",
    "THINKING: My total payoff is zero despite cooperating more than half the time, meaning the opponent has been exploiting my cooperation. With the opponent mostly defecting recently and having a lower cooperation rate, defecting now protects me from further exploitation.\n\nACTION: DEFECT",
    "THINKING: The opponent has a low cooperation rate and mostly defects recently, so cooperating now is unlikely to be rewarded. To protect my payoff, I should defect.\n\nACTION: DEFECT",
    "THINKING: The opponent has a low cooperation rate and mostly defects recently, so cooperating is likely to be exploited. My total payoff is currently zero, so I should prioritize minimizing further losses.  \nACTION: DEFECT",
    "THINKING: The opponent has been defecting consistently recently, and their overall cooperation rate is low. Given the repeated defections, cooperating now would likely result in a low payoff for me.\n\nACTION: DEFECT",
    "THINKING: The opponent has been defecting consistently recently, and their overall cooperation rate is low, so cooperating now is likely to lead to a poor payoff for me.  \nACTION: DEFECT",
    "THINKING: The opponent has a low cooperation rate and is currently in a pattern of always defecting. Given that, defecting is the rational choice to avoid being exploited.\n\nACTION: DEFECT",
    "THINKING: The opponent has a low cooperation rate and recently always defects, so cooperating now would likely lead to a poor payoff for me.  \nACTION: DEFECT",
    "THINKING: The opponent has a low cooperation rate and recently always defects, so cooperating now would likely lead to a poor payoff.  \nACTION: DEFECT",
    "THINKING: The opponent has a very low cooperation rate and recently always defects, so cooperating now is unlikely to yield a better payoff.  \nACTION: DEFECT",
    "THINKING: The opponent has a low cooperation rate and is currently always defecting, so cooperating now would likely lead to a loss.  \nACTION: DEFECT",
    "THINKING: The opponent has been defecting consistently, and my cooperation has only led to losses. To avoid further losses, I should defect as well.  \nACTION: DEFECT",
    "THINKING: The opponent has a very low cooperation rate and is currently in a pattern of always defecting, so cooperating now would likely result in a poor payoff for me.  \nACTION: DEFECT",
    "THINKING: The opponent has a very low cooperation rate and recently always defects, so cooperating now would likely just give them a higher payoff at my expense.  \nACTION: DEFECT",
    "THINKING: The opponent has a low cooperation rate and recently always defects, so cooperating is unlikely to be reciprocated. Defecting ensures a higher payoff this round given their pattern.  \nACTION: DEFECT",
    "THINKING: The opponent has been defecting consistently, and my cooperation has led to zero payoff so far. Continuing to cooperate is unlikely to change their behavior.  \nACTION: DEFECT",
    "THINKING: The opponent has a very low cooperation rate and is currently in an \"always defect\" pattern, so cooperating now would likely result in a loss for me.  \nACTION: DEFECT",
    "THINKING: The opponent has a very low cooperation rate and is currently always defecting, so cooperating now would likely lead to a poor payoff for me.  \nACTION: DEFECT",
    "THINKING: The opponent has a very low cooperation rate and has been consistently defecting recently, so cooperating now would likely result in a loss for me.  \nACTION: DEFECT",
    "THINKING: The opponent has a very low cooperation rate and recent pattern shows they always defect, so cooperating now would likely yield a poor payoff. Defecting ensures I get at least 1 point instead of risking 0.  \nACTION: DEFECT"
  ]
}