{
  "experiment": "exp6_baseline",
  "game": "prisoners_dilemma",
  "provider": "openai",
  "baseline": "Extort2",
  "trial": 26,
  "rounds": 30,
  "payoff": 42,
  "coop_rate": 0.3,
  "llm_history": [
    "COOPERATE",
    "COOPERATE",
    "COOPERATE",
    "COOPERATE",
    "COOPERATE",
    "COOPERATE",
    "COOPERATE",
    "COOPERATE",
    "DEFECT",
    "COOPERATE",
    "DEFECT",
    "DEFECT",
    "DEFECT",
    "DEFECT",
    "DEFECT",
    "DEFECT",
    "DEFECT",
    "DEFECT",
    "DEFECT",
    "DEFECT",
    "DEFECT",
    "DEFECT",
    "DEFECT",
    "DEFECT",
    "DEFECT",
    "DEFECT",
    "DEFECT",
    "DEFECT",
    "DEFECT",
    "DEFECT"
  ],
  "opp_history": [
    "COOPERATE",
    "COOPERATE",
    "COOPERATE",
    "COOPERATE",
    "COOPERATE",
    "COOPERATE",
    "COOPERATE",
    "DEFECT",
    "DEFECT",
    "DEFECT",
    "DEFECT",
    "DEFECT",
    "DEFECT",
    "DEFECT",
    "DEFECT",
    "DEFECT",
    "DEFECT",
    "DEFECT",
    "DEFECT",
    "DEFECT",
    "DEFECT",
    "DEFECT",
    "DEFECT",
    "DEFECT",
    "DEFECT",
    "DEFECT",
    "DEFECT",
    "DEFECT",
    "DEFECT",
    "DEFECT"
  ],
  "llm_responses": [
    "THINKING: Since this is the first round and I have no information about the opponent's strategy, cooperating can help establish a foundation of trust and encourage mutual cooperation in future rounds. Defecting immediately could lead to mutual distrust.\n\nACTION: COOPERATE",
    "THINKING: Since the opponent cooperated in the last round and has a 100% cooperation rate so far, maintaining mutual cooperation is beneficial to maximize long-term payoffs. Defecting now could break trust and harm future outcomes.  \nACTION: COOPERATE",
    "THINKING: The opponent has cooperated consistently so far, and mutual cooperation yields the highest payoff for both players. Defecting now might break trust and lead to worse outcomes in future rounds.\n\nACTION: COOPERATE",
    "THINKING: Both my cooperation rate and the opponent's cooperation rate are 100%, suggesting a mutually beneficial strategy so far. Defecting now could break the trust and harm future payoffs.\n\nACTION: COOPERATE",
    "THINKING: Given the opponent's consistent cooperation and high cooperation rate, maintaining cooperation will likely maximize mutual benefits in the long run. Defecting would break the established trust and could lead to a worse outcome for both.  \nACTION: COOPERATE",
    "THINKING: The opponent has shown consistent cooperation throughout the game, and maintaining mutual cooperation yields the highest long-term payoff. Defecting now risks breaking trust and lowering future payoffs.  \nACTION: COOPERATE  ",
    "THINKING: The opponent has consistently cooperated in all previous rounds, and mutual cooperation yields the highest collective payoff. Defecting risks breaking the trust and could lead to a worse outcome in future rounds.\n\nACTION: COOPERATE",
    "THINKING: Both I and the opponent have cooperated consistently, resulting in mutual benefit. Maintaining cooperation maximizes long-term payoffs in this highly cooperative dynamic.  \nACTION: COOPERATE  ",
    "THINKING: Although my opponent has been highly cooperative overall, their last action was to defect, which may indicate a shift in behavior or a test of my response. To balance potential risks and rewards, I will defect this round to signal a willingness to retaliate if defections continue.\n\nACTION: DEFECT",
    "THINKING: The opponent has a relatively high cooperation rate but defected in the last round, which suggests they might be testing my response. To encourage future cooperation, I should lean towards cooperating, but I must also be cautious about being exploited. I'll choose to cooperate to rebuild trust.  \n\nACTION: COOPERATE",
    "THINKING: Opponent has a mixed/conditional cooperation pattern and defected last round, suggesting potential retaliation or strategic play. Defecting now could deter exploitation and ensure a safer payoff given their inconsistency.\n\nACTION: DEFECT",
    "THINKING: The opponent has a moderate cooperation rate but defected in the last round, possibly indicating conditional behavior. To avoid exploitation, I should defect this round and reassess based on future behavior.  \n\nACTION: DEFECT",
    "THINKING: The opponent's cooperation rate is moderate, but they defected in the last round and appear to be a conditional cooperator. To discourage exploitation and test their conditionality, I will defect in this round.\n\nACTION: DEFECT",
    "THINKING: The opponent has a history of mostly defecting, including in the last round. It is likely they will continue to defect, so defecting is the safer choice to avoid being exploited.  \nACTION: DEFECT",
    "THINKING: The opponent has cooperated only half the time and has been defecting recently, suggesting a less trustworthy strategy. To maximize my payoff and avoid being exploited, defecting is the safer choice.\n\nACTION: DEFECT",
    "THINKING: The opponent's cooperation rate is low (47%), and they have mostly defected recently. To avoid being exploited further, I should defect to protect my payoff.  \n\nACTION: DEFECT  ",
    "THINKING: The opponent's consistent defection in recent rounds and low cooperation rate suggest they are unlikely to cooperate in this round. To maximize my payoff and avoid being exploited, I should defect as well.  \n\nACTION: DEFECT",
    "THINKING: The opponent has consistently defected recently and has a low cooperation rate, making mutual cooperation unlikely. To maximize my payoff in this situation, defecting is the most rational choice.\n\nACTION: DEFECT",
    "THINKING: The opponent has a low cooperation rate (39%) and has consistently defected recently, indicating they are unlikely to cooperate. Defecting maximizes my payoff in this scenario.  \nACTION: DEFECT",
    "THINKING: The opponent's cooperation rate is low, and their recent pattern shows they always defect. Cooperation would likely result in zero payoff, so defecting is the best strategy to maximize my payoff.  \nACTION: DEFECT",
    "THINKING: The opponent has consistently defected and has a cooperation rate of only 35%. Continuing to cooperate would likely result in receiving 0 points while the opponent gains 5. Defection maximizes my payoff given their behavior.  \nACTION: DEFECT",
    "THINKING: The Opponent has consistently defected (100% in recent rounds) and has a low overall cooperation rate, making cooperation unlikely to yield a mutual benefit. Defecting is the best response to avoid being exploited.\n\nACTION: DEFECT",
    "THINKING: The opponent has shown a consistent pattern of defecting, and their cooperation rate is very low. To maximize my payoff and avoid exploitation, it is best to defect as well.  \n\nACTION: DEFECT",
    "THINKING: Opponent has a low cooperation rate (30%) and has recently shown a consistent pattern of always defecting, making cooperation unlikely to yield a positive outcome for me. Defecting maximizes my payoff in this situation.  \n\nACTION: DEFECT",
    "THINKING: The opponent has a low cooperation rate (29%) and has consistently defected in recent rounds, indicating no incentive for mutual cooperation. Defecting ensures I avoid being exploited.  \n\nACTION: DEFECT",
    "THINKING: The opponent has consistently defected, as evidenced by a cooperation rate of only 28% and an \"always defects\" recent pattern. Continuing to cooperate would result in repeated losses, so defecting is the optimal response.\n\nACTION: DEFECT",
    "THINKING: The opponent has consistently defected and shows a low cooperation rate, making cooperation unlikely to yield a higher payoff. Defecting maximizes my payoff given their predictable behavior.  \nACTION: DEFECT",
    "THINKING: Opponent has a very low cooperation rate (26%) and a consistent pattern of defecting recently, suggesting they are unlikely to cooperate. Defecting is the best strategy to minimize losses and avoid exploitation.\n\nACTION: DEFECT",
    "THINKING: Opponent consistently defects, and their cooperation rate is very low (25%). Cooperating would result in zero payoff for me, while defecting ensures at least 1 point.  \nACTION: DEFECT",
    "THINKING: The opponent has a very low cooperation rate (24%) and has consistently defected in recent rounds, making cooperation highly unlikely. Defecting maximizes my payoff given their predictable behavior.\n\nACTION: DEFECT"
  ]
}