{
  "experiment": "exp6_baseline",
  "game": "prisoners_dilemma",
  "provider": "openai",
  "baseline": "AlwaysCooperate",
  "trial": 23,
  "rounds": 30,
  "payoff": 90,
  "coop_rate": 1.0,
  "llm_history": [
    "COOPERATE",
    "COOPERATE",
    "COOPERATE",
    "COOPERATE",
    "COOPERATE",
    "COOPERATE",
    "COOPERATE",
    "COOPERATE",
    "COOPERATE",
    "COOPERATE",
    "COOPERATE",
    "COOPERATE",
    "COOPERATE",
    "COOPERATE",
    "COOPERATE",
    "COOPERATE",
    "COOPERATE",
    "COOPERATE",
    "COOPERATE",
    "COOPERATE",
    "COOPERATE",
    "COOPERATE",
    "COOPERATE",
    "COOPERATE",
    "COOPERATE",
    "COOPERATE",
    "COOPERATE",
    "COOPERATE",
    "COOPERATE",
    "COOPERATE"
  ],
  "opp_history": [
    "COOPERATE",
    "COOPERATE",
    "COOPERATE",
    "COOPERATE",
    "COOPERATE",
    "COOPERATE",
    "COOPERATE",
    "COOPERATE",
    "COOPERATE",
    "COOPERATE",
    "COOPERATE",
    "COOPERATE",
    "COOPERATE",
    "COOPERATE",
    "COOPERATE",
    "COOPERATE",
    "COOPERATE",
    "COOPERATE",
    "COOPERATE",
    "COOPERATE",
    "COOPERATE",
    "COOPERATE",
    "COOPERATE",
    "COOPERATE",
    "COOPERATE",
    "COOPERATE",
    "COOPERATE",
    "COOPERATE",
    "COOPERATE",
    "COOPERATE"
  ],
  "llm_responses": [
    "THINKING: In the first round, there is no history to analyze, so establishing trust and cooperation could lead to higher long-term payoffs if the opponent reciprocates. Defecting immediately might discourage future cooperation. \n\nACTION: COOPERATE",
    "THINKING: So far, the Opponent has cooperated 100% of the time, and mutual cooperation yields a higher payoff (3 each) than mutual defection (1 each). Continuing to cooperate builds trust and maximizes long-term gains if the Opponent continues cooperating. \n\nACTION: COOPERATE",
    "THINKING: The opponent has cooperated 100% of the time so far, suggesting a highly cooperative strategy. Continuing to cooperate fosters mutual trust and maximizes long-term payoffs in repeated games.  \nACTION: COOPERATE",
    "THINKING: Both you and your opponent have demonstrated consistent cooperation, creating mutual trust and maximizing payoffs. Maintaining cooperation ensures continued high payoffs for both players.  \n\nACTION: COOPERATE",
    "THINKING: Both I and the opponent have been fully cooperative so far, and maintaining cooperation ensures the highest mutual payoff. Defecting now would break trust and could lead to a less optimal outcome in future rounds.\n\nACTION: COOPERATE",
    "THINKING: The opponent has shown consistent cooperation (100% rate) and has not defected so far. To maintain mutual trust and maximize long-term payoffs, I should continue cooperating.\n\nACTION: COOPERATE",
    "THINKING: Both my opponent and I have been consistently cooperating, which has resulted in mutual trust and optimal payoffs for both parties. Defecting now could disrupt this beneficial dynamic and may lead to mutual defection in future rounds.\n\nACTION: COOPERATE",
    "THINKING: The opponent has cooperated consistently, and mutual cooperation yields the best long-term payoff. Defecting now would break trust and risk losing future cooperation.\n\nACTION: COOPERATE",
    "THINKING: The opponent has demonstrated consistent cooperation (100% cooperation rate) over all rounds, and mutual cooperation yields a higher payoff (3) than mutual defection (1). Maintaining trust and cooperation maximizes long-term gains.\n\nACTION: COOPERATE",
    "THINKING: The opponent has consistently cooperated in all rounds, demonstrating a high level of trust and mutual benefit. To maximize long-term payoffs and maintain cooperation, I should reciprocate their cooperative behavior.  \nACTION: COOPERATE  ",
    "THINKING: Both my opponent and I have cooperated in every round so far, resulting in a mutually beneficial outcome. Maintaining cooperation ensures continued trust and maximizes the total payoff for both of us in the long term.  \nACTION: COOPERATE",
    "THINKING: Both I and the opponent have cooperated 100% so far, resulting in mutual trust and maximizing payoffs. Defecting now would risk breaking this beneficial pattern and lead to worse outcomes in future rounds.  \nACTION: COOPERATE  ",
    "THINKING: The opponent has been completely cooperative so far, and I have also maintained full cooperation. Defecting now would break the trust and likely reduce long-term payoffs, as mutual cooperation yields better average gains.  \nACTION: COOPERATE",
    "THINKING: The opponent has shown consistent cooperation throughout all previous rounds, establishing trust and a mutually beneficial dynamic. To maintain this and maximize long-term payoffs, it is better to continue cooperating.  \n\nACTION: COOPERATE",
    "THINKING: The opponent has been consistently cooperative throughout all previous rounds. Mutual cooperation maximizes the long-term payoff, and defecting now could disrupt the trust established.  \nACTION: COOPERATE",
    "THINKING: Both I and the Opponent have cooperated in all past rounds, maintaining mutual trust and maximizing payoffs. Defecting now would break this trust and likely reduce long-term payoffs.\n\nACTION: COOPERATE",
    "THINKING: Both players have consistently cooperated throughout the game, leading to mutual payoffs of 3 each round. Defecting now could betray trust and jeopardize future cooperation, resulting in lower long-term payoffs.  \n\nACTION: COOPERATE",
    "THINKING: Both I and the Opponent have cooperated 100% of the time, leading to a highly beneficial mutual outcome. Defecting now would break trust and could lead to suboptimal payoffs in future rounds. Maintaining cooperation is the best strategy to sustain mutual benefit.\n\nACTION: COOPERATE",
    "THINKING: Both you and the opponent have been cooperating consistently, which has resulted in mutual payoffs of 3 per round. Given the opponent's behavior, defecting would harm the trust built and reduce overall payoffs. Continuing cooperation maximizes the long-term reward. \n\nACTION: COOPERATE",
    "THINKING: Both my opponent and I have been completely cooperative so far, resulting in mutual gains. Breaking this trust now by defecting would harm the established pattern and could lead to retaliation in future rounds, reducing overall payoffs.  \nACTION: COOPERATE",
    "THINKING: The opponent has shown consistent cooperation with a 100% cooperation rate, which has maximized mutual payoffs so far. Defecting would break the trust and likely lead to worse outcomes in future rounds.\n\nACTION: COOPERATE",
    "THINKING: The opponent has consistently cooperated in all previous rounds, demonstrating a highly trustworthy and cooperative strategy. Maintaining mutual cooperation maximizes long-term payoffs for both parties.\n\nACTION: COOPERATE",
    "THINKING: Both I and the opponent have cooperated in every round so far, leading to a consistent and mutual payoff. Defecting now would risk breaking this trust and long-term cooperation, which has been beneficial for both of us.\n\nACTION: COOPERATE",
    "THINKING: Both players have consistently cooperated, resulting in mutual high payoffs. Continuing to cooperate maintains trust and maximizes long-term gains in this repeated game.  \n\nACTION: COOPERATE",
    "THINKING: Both you and your opponent have consistently cooperated, leading to mutual high payoffs. Breaking this pattern by defecting would risk damaging trust and reducing long-term payoffs. Maintaining cooperation maximizes benefits in repeated interactions.\n\nACTION: COOPERATE",
    "THINKING: Both my cooperation rate and my opponent's cooperation rate have been 100%, showing a strong mutual trust and consistent cooperative behavior. To maintain this beneficial dynamic and maximize long-term payoff, continuing to cooperate is optimal.\n\nACTION: COOPERATE",
    "THINKING: Both the opponent and I have cooperated in every round, leading to mutual high payoffs. Given the opponent's consistent cooperation, continuing to cooperate maximizes long-term gains and maintains trust.  \nACTION: COOPERATE  ",
    "THINKING: The opponent has been consistently cooperative with a 100% cooperation rate, and defecting now could ruin mutual trust and potential future gains. Continuing to cooperate maximizes long-term payoffs in this repeated game.  \nACTION: COOPERATE  ",
    "THINKING: Both you and your opponent have consistently cooperated throughout the game, resulting in mutual benefits. Maintaining cooperation maximizes long-term payoffs and preserves trust.  \nACTION: COOPERATE  ",
    "THINKING: The opponent has been consistently cooperative, and defecting would betray the mutual trust established over 29 rounds. Maintaining cooperation maximizes long-term payoffs in this highly cooperative dynamic.  \nACTION: COOPERATE  "
  ]
}