{
  "experiment": "exp6_baseline",
  "game": "prisoners_dilemma",
  "provider": "deepseek",
  "baseline": "Pavlov",
  "trial": 19,
  "rounds": 30,
  "payoff": 89,
  "coop_rate": 0.9666666666666667,
  "llm_history": [
    "COOPERATE",
    "COOPERATE",
    "COOPERATE",
    "COOPERATE",
    "COOPERATE",
    "COOPERATE",
    "COOPERATE",
    "COOPERATE",
    "COOPERATE",
    "COOPERATE",
    "COOPERATE",
    "COOPERATE",
    "COOPERATE",
    "DEFECT",
    "COOPERATE",
    "COOPERATE",
    "COOPERATE",
    "COOPERATE",
    "COOPERATE",
    "COOPERATE",
    "COOPERATE",
    "COOPERATE",
    "COOPERATE",
    "COOPERATE",
    "COOPERATE",
    "COOPERATE",
    "COOPERATE",
    "COOPERATE",
    "COOPERATE",
    "COOPERATE"
  ],
  "opp_history": [
    "COOPERATE",
    "COOPERATE",
    "COOPERATE",
    "COOPERATE",
    "COOPERATE",
    "COOPERATE",
    "COOPERATE",
    "COOPERATE",
    "COOPERATE",
    "COOPERATE",
    "COOPERATE",
    "COOPERATE",
    "COOPERATE",
    "COOPERATE",
    "DEFECT",
    "COOPERATE",
    "COOPERATE",
    "COOPERATE",
    "COOPERATE",
    "COOPERATE",
    "COOPERATE",
    "COOPERATE",
    "COOPERATE",
    "COOPERATE",
    "COOPERATE",
    "COOPERATE",
    "COOPERATE",
    "COOPERATE",
    "COOPERATE",
    "COOPERATE"
  ],
  "llm_responses": [
    "THINKING: This is the first round with no history, so I'll start with cooperation to signal willingness to cooperate and see how the opponent responds.  \nACTION: COOPERATE",
    "THINKING: The opponent cooperated in round 1, and both cooperation rates are 100%. Starting with mutual cooperation is beneficial, so I will reciprocate to build trust.\n\nACTION: COOPERATE",
    "THINKING: The opponent has cooperated in both previous rounds, and my cooperation rate is 100%. Since we are both cooperating, I should continue cooperating to maintain mutual benefit and build trust.  \nACTION: COOPERATE",
    "THINKING: The opponent has cooperated 100% of the time so far, and mutual cooperation yields a good payoff. Defecting now risks breaking the cooperative pattern and lowering future payoffs.\n\nACTION: COOPERATE",
    "THINKING: The opponent has cooperated 100% of the time so far, and my total payoff is currently zero, meaning I have been cooperating while they have been cooperating. Continuing to cooperate maintains mutual benefit.\n\nACTION: COOPERATE",
    "THINKING: Opponent has cooperated 100% of the time, so continuing to cooperate maintains mutual high payoff.  \nACTION: COOPERATE",
    "THINKING: The opponent has cooperated 100% of the time so far, and mutual cooperation yields a good payoff. Defecting now risks breaking this beneficial pattern and lowering future payoffs.\n\nACTION: COOPERATE",
    "THINKING: The opponent has cooperated 100% of the time so far, and mutual cooperation yields the highest long-term payoff. Defecting now could break the trust and reduce future gains.\n\nACTION: COOPERATE",
    "THINKING: The opponent has cooperated 100% of the time, and mutual cooperation yields the highest long-term payoff. Defecting now risks breaking the cooperative equilibrium.  \nACTION: COOPERATE",
    "THINKING: The opponent has cooperated 100% of the time so far, and mutual cooperation yields a good payoff. Defecting now risks breaking this cooperative pattern for a short-term gain.\n\nACTION: COOPERATE",
    "THINKING: Opponent has cooperated 100% of the time so far, and mutual cooperation yields the highest long-term payoff. Defecting now risks breaking this beneficial pattern.\n\nACTION: COOPERATE",
    "THINKING: The opponent has cooperated in all 11 previous rounds, and my total payoff is currently zero, meaning I have been cooperating while they have been cooperating as well. Defecting now would give me a higher payoff this round, but it risks breaking the mutual cooperation and triggering retaliation in future rounds.\n\nACTION: COOPERATE",
    "THINKING: The opponent has cooperated in all 12 rounds so far, and my total payoff is currently zero, meaning I have been cooperating while they have been defecting in previous rounds. Given their 100% cooperation rate in the last 12 rounds, they are likely playing a cooperative strategy now, so cooperating is the best mutual choice.\n\nACTION: COOPERATE",
    "THINKING: The opponent has cooperated in all 13 previous rounds, and my total payoff is currently zero, meaning I have been cooperating and they have been defecting against me. Their 100% cooperation rate is misleading because it doesn't match my payoff. I should defect to protect myself and potentially gain a higher payoff.\n\nACTION: DEFECT",
    "THINKING: The opponent has cooperated 100% of the time, and my cooperation rate is high, so mutual cooperation is likely to continue, maximizing my payoff this round.  \nACTION: COOPERATE",
    "THINKING: The opponent has a 93% cooperation rate and a highly cooperative pattern, but they just defected last round. Given the high overall cooperation, this might be a one-time deviation. Cooperating now can restore mutual cooperation and maximize long-term payoff.\n\nACTION: COOPERATE",
    "THINKING: Both of us have been highly cooperative (94% each), leading to mutual benefit historically. Defecting now risks breaking this cooperative equilibrium and lowering future payoffs.  \nACTION: COOPERATE",
    "THINKING: Both of us have been highly cooperative (94% each), and mutual cooperation yields the best collective payoff. Defecting now risks breaking this profitable pattern.\n\nACTION: COOPERATE",
    "THINKING: Both of us have been highly cooperative (94% each), and mutual cooperation yields the best long-term payoff per round. Defecting now risks breaking the cooperative pattern and reducing future gains.\n\nACTION: COOPERATE",
    "THINKING: With both cooperation rates at 95% and a highly cooperative history, mutual cooperation yields the best joint payoff. Defecting risks breaking this profitable pattern.\n\nACTION: COOPERATE",
    "THINKING: Both of us have been cooperating at a 95% rate, and the opponent just cooperated. Continuing to cooperate maintains the high mutual payoff.\n\nACTION: COOPERATE",
    "THINKING: Both of us have been highly cooperative (95% each), and the opponent just cooperated last round. In a repeated Prisoner's Dilemma with high mutual cooperation, maintaining cooperation yields the best long-term payoff.\n\nACTION: COOPERATE",
    "THINKING: Both of us have been cooperating almost all the time, leading to high mutual payoffs. Defecting now would break that trust and likely reduce my future payoff.\n\nACTION: COOPERATE",
    "THINKING: Both of us have been cooperating almost all the time, leading to high mutual payoffs. Defecting now would risk breaking this beneficial long-term cooperation for a short-term gain.  \nACTION: COOPERATE",
    "THINKING: Both of us have been cooperating almost all the time, leading to high mutual payoffs. Defecting now would break the trust and likely reduce my future payoff.\n\nACTION: COOPERATE",
    "THINKING: With both cooperation rates extremely high and the opponent consistently cooperating, mutual cooperation yields the best long-term payoff. Defecting risks triggering retaliation and losing the high payoff stream.  \nACTION: COOPERATE",
    "THINKING: With both cooperation rates extremely high and the opponent consistently cooperating, mutual cooperation yields the best long-term payoff. Defecting now risks breaking the cooperative pattern for minimal short-term gain.\n\nACTION: COOPERATE",
    "THINKING: Both of us have been cooperating almost all the time, leading to high mutual payoffs. Defecting now would break the trust and likely reduce my future payoffs.  \nACTION: COOPERATE",
    "THINKING: With both cooperation rates extremely high and the opponent consistently cooperating, mutual cooperation yields the best payoff per round (3 vs 1 for mutual defection). Defecting now risks retaliation in the final rounds, lowering my total payoff.  \nACTION: COOPERATE",
    "THINKING: Both of us have been cooperating almost all the time, leading to high mutual payoffs. Defecting now would break the trust and likely reduce my future payoff in the remaining rounds.  \nACTION: COOPERATE"
  ]
}