{
  "experiment": "exp6_baseline",
  "game": "prisoners_dilemma",
  "provider": "openai",
  "baseline": "AlwaysCooperate",
  "trial": 6,
  "rounds": 30,
  "payoff": 90,
  "coop_rate": 1.0,
  "llm_history": [
    "COOPERATE",
    "COOPERATE",
    "COOPERATE",
    "COOPERATE",
    "COOPERATE",
    "COOPERATE",
    "COOPERATE",
    "COOPERATE",
    "COOPERATE",
    "COOPERATE",
    "COOPERATE",
    "COOPERATE",
    "COOPERATE",
    "COOPERATE",
    "COOPERATE",
    "COOPERATE",
    "COOPERATE",
    "COOPERATE",
    "COOPERATE",
    "COOPERATE",
    "COOPERATE",
    "COOPERATE",
    "COOPERATE",
    "COOPERATE",
    "COOPERATE",
    "COOPERATE",
    "COOPERATE",
    "COOPERATE",
    "COOPERATE",
    "COOPERATE"
  ],
  "opp_history": [
    "COOPERATE",
    "COOPERATE",
    "COOPERATE",
    "COOPERATE",
    "COOPERATE",
    "COOPERATE",
    "COOPERATE",
    "COOPERATE",
    "COOPERATE",
    "COOPERATE",
    "COOPERATE",
    "COOPERATE",
    "COOPERATE",
    "COOPERATE",
    "COOPERATE",
    "COOPERATE",
    "COOPERATE",
    "COOPERATE",
    "COOPERATE",
    "COOPERATE",
    "COOPERATE",
    "COOPERATE",
    "COOPERATE",
    "COOPERATE",
    "COOPERATE",
    "COOPERATE",
    "COOPERATE",
    "COOPERATE",
    "COOPERATE",
    "COOPERATE"
  ],
  "llm_responses": [
    "THINKING: Since this is the first round, there is no prior information on the opponent's behavior. Cooperating initially can establish trust and potentially lead to mutually beneficial outcomes in future rounds.  \nACTION: COOPERATE  ",
    "THINKING: The opponent has cooperated in the previous round, and their cooperation rate is 100%. Maintaining mutual cooperation maximizes joint payoffs and may build trust for future rounds.  \nACTION: COOPERATE",
    "THINKING: The opponent has cooperated in both rounds so far, maintaining a 100% cooperation rate. To build trust and maximize long-term payoffs in this repeated game, it is best to continue cooperating.\n\nACTION: COOPERATE",
    "THINKING: The opponent has consistently cooperated, and both of us have maintained a 100% cooperation rate. Defecting could yield a short-term gain but would risk breaking trust and reducing long-term payoffs. Cooperation maximizes mutual benefit over time.  \nACTION: COOPERATE",
    "THINKING: Both I and the Opponent have maintained a perfect cooperation rate so far, leading to mutual gains. Defecting now would break trust and potentially lead to less favorable outcomes in future rounds. \n\nACTION: COOPERATE",
    "THINKING: The opponent has been fully cooperative so far, suggesting a high likelihood of continued cooperation. To maximize long-term payoffs and maintain mutual trust, cooperation is the optimal strategy.\n\nACTION: COOPERATE",
    "THINKING: The opponent has been consistently cooperative, with a 100% cooperation rate. Defecting now could break mutual trust and reduce both our payoffs in future rounds, while cooperating maintains a high payoff for both of us.\n\nACTION: COOPERATE",
    "THINKING: The opponent has cooperated in every round, maintaining a 100% cooperation rate. Defecting now would betray the mutual trust and reduce long-term payoffs for both players.\n\nACTION: COOPERATE",
    "THINKING: The opponent has been consistently cooperative for all rounds, and defecting now would break mutual trust, reducing long-term payoffs. Maintaining cooperation ensures a stable, mutually beneficial outcome.\n\nACTION: COOPERATE",
    "THINKING: The opponent has been consistently cooperative in all previous rounds, maintaining a 100% cooperation rate. Mutual cooperation ensures the highest payoff for both players, and defecting would jeopardize this trust.\n\nACTION: COOPERATE",
    "THINKING: Both I and the Opponent have cooperated 100% of the time, resulting in a mutually beneficial outcome. Breaking this trust by defecting would harm the long-term payoff and the established cooperative relationship.\n\nACTION: COOPERATE",
    "THINKING: The opponent has consistently cooperated in every round, demonstrating a highly cooperative behavior. To maximize long-term mutual payoff, it is rational to maintain cooperation and build trust. \n\nACTION: COOPERATE",
    "THINKING: The opponent has been consistently cooperative, and mutual cooperation yields a higher payoff than mutual defection. Defecting risks breaking the trust and could lead to worse outcomes in future rounds. \n\nACTION: COOPERATE",
    "THINKING: Both my cooperation rate and the opponent's cooperation rate are 100%, which suggests a mutually beneficial, trusting relationship. Defecting now would break this trust and likely harm long-term payoffs.\n\nACTION: COOPERATE",
    "THINKING: The opponent has consistently cooperated in all 14 rounds, and I have also cooperated 100% of the time. Defecting now risks breaking trust and damaging future payoffs in this repeated game. Cooperation continues to maximize mutual benefit.  \nACTION: COOPERATE",
    "THINKING: The opponent has been consistently cooperative, and mutual cooperation yields the highest long-term payoff for both players. Defecting risks breaking the trust and disrupting the beneficial dynamic. \n\nACTION: COOPERATE",
    "THINKING: The opponent has consistently cooperated in all previous rounds, suggesting a strong preference for mutual cooperation. Maintaining cooperation maximizes long-term payoffs for both players in this repeated game.  \n\nACTION: COOPERATE",
    "THINKING: The opponent has consistently cooperated in all 17 rounds, and cooperation has resulted in mutual benefits based on the payoff matrix. Defecting now could break the trust and lead to lower payoffs in future rounds.\n\nACTION: COOPERATE",
    "THINKING: Given the opponent's consistent cooperation rate of 100% and the history of mutual cooperation, defecting would break the trust and likely result in lower payoffs in future rounds. Cooperation maximizes long-term benefits.  \n\nACTION: COOPERATE",
    "THINKING: Both my opponent and I have maintained a 100% cooperation rate so far, and defecting now would risk breaking trust and reducing long-term payoffs. Continuing to cooperate maximizes mutual benefit in this highly cooperative dynamic.\n\nACTION: COOPERATE",
    "THINKING: Both I and my opponent have cooperated 100% of the time, leading to an optimal payoff for both of us. Breaking this pattern could jeopardize mutual trust and future payoffs. It is best to maintain cooperation to ensure continued success.\n\nACTION: COOPERATE",
    "THINKING: The opponent has cooperated 100% of the time, showing a highly cooperative strategy. Maintaining mutual cooperation provides the highest long-term payoff in this repeated game. \n\nACTION: COOPERATE",
    "THINKING: The opponent has consistently cooperated in all rounds, indicating a highly reliable cooperative strategy. Maintaining cooperation maximizes long-term payoffs in this scenario. \n\nACTION: COOPERATE",
    "THINKING: Both players have consistently cooperated, and the opponent's high cooperation rate suggests they are unlikely to defect. Defecting would risk disrupting mutual trust and reduce long-term payoffs. \n\nACTION: COOPERATE",
    "THINKING: The opponent has consistently cooperated in all previous rounds, and maintaining mutual cooperation maximizes payoffs for both players. Defecting now could ruin the trust built so far.  \n\nACTION: COOPERATE",
    "THINKING: The opponent has consistently cooperated throughout all rounds, indicating a strong trust-based strategy. Maintaining mutual cooperation ensures the highest payoff for both parties in the long run.  \n\nACTION: COOPERATE",
    "THINKING: The opponent has been fully cooperative for all 26 rounds, and my cooperation rate is also 100%. Mutual cooperation has provided steady payoffs, and defecting now would risk breaking the trust and reducing long-term gains.\n\nACTION: COOPERATE",
    "THINKING: Both I and the opponent have demonstrated consistent cooperation, and mutual cooperation maximizes the payoff for both parties. Breaking the trust now could jeopardize future cooperation.\n\nACTION: COOPERATE",
    "THINKING: Given the opponent's consistent cooperation rate of 100%, mutual cooperation has been beneficial for both parties. Defecting now would break the trust and could lead to reduced payoffs in future rounds. \n\nACTION: COOPERATE",
    "THINKING: The Opponent has been consistently cooperative for 29 rounds, and both of us maintaining cooperation maximizes mutual payoff (3 points each). Defecting now would break the trust and harm future payoffs. \n\nACTION: COOPERATE"
  ]
}