{
  "experiment": "exp6_baseline",
  "game": "prisoners_dilemma",
  "provider": "deepseek",
  "baseline": "AlwaysCooperate",
  "trial": 12,
  "rounds": 30,
  "payoff": 100,
  "coop_rate": 0.8333333333333334,
  "llm_history": [
    "COOPERATE",
    "COOPERATE",
    "COOPERATE",
    "COOPERATE",
    "COOPERATE",
    "COOPERATE",
    "COOPERATE",
    "COOPERATE",
    "COOPERATE",
    "COOPERATE",
    "COOPERATE",
    "COOPERATE",
    "COOPERATE",
    "DEFECT",
    "COOPERATE",
    "COOPERATE",
    "COOPERATE",
    "DEFECT",
    "COOPERATE",
    "DEFECT",
    "DEFECT",
    "COOPERATE",
    "COOPERATE",
    "COOPERATE",
    "COOPERATE",
    "COOPERATE",
    "COOPERATE",
    "COOPERATE",
    "DEFECT",
    "COOPERATE"
  ],
  "opp_history": [
    "COOPERATE",
    "COOPERATE",
    "COOPERATE",
    "COOPERATE",
    "COOPERATE",
    "COOPERATE",
    "COOPERATE",
    "COOPERATE",
    "COOPERATE",
    "COOPERATE",
    "COOPERATE",
    "COOPERATE",
    "COOPERATE",
    "COOPERATE",
    "COOPERATE",
    "COOPERATE",
    "COOPERATE",
    "COOPERATE",
    "COOPERATE",
    "COOPERATE",
    "COOPERATE",
    "COOPERATE",
    "COOPERATE",
    "COOPERATE",
    "COOPERATE",
    "COOPERATE",
    "COOPERATE",
    "COOPERATE",
    "COOPERATE",
    "COOPERATE"
  ],
  "llm_responses": [
    "THINKING: This is the first round with no history, so I'll start with cooperation to establish a positive pattern and see how the opponent responds.  \nACTION: COOPERATE",
    "THINKING: The opponent cooperated in round 1, and I have no reason to suspect they will defect yet. Starting with cooperation builds trust in a repeated game.\n\nACTION: COOPERATE",
    "THINKING: Both players have cooperated in the first two rounds, and the opponent has a 100% cooperation rate so far. Starting with mutual cooperation is promising, so I'll continue cooperating to build trust and maintain the high payoff outcome.\n\nACTION: COOPERATE",
    "THINKING: The opponent has cooperated 100% of the time so far, and mutual cooperation yields the highest joint payoff. Defecting now risks breaking the cooperative pattern and lowering future payoffs.\n\nACTION: COOPERATE",
    "THINKING: The opponent has cooperated 100% of the time so far, and my total payoff is currently zero, meaning I've been cooperating while they have too. Continuing to cooperate maintains mutual benefit.\n\nACTION: COOPERATE",
    "THINKING: Opponent has cooperated 100% so far, and mutual cooperation yields the highest long-term payoff. Defecting now risks breaking trust and reducing future gains.  \nACTION: COOPERATE",
    "THINKING: The opponent has cooperated 100% of the time so far, and mutual cooperation yields a good payoff. Defecting now risks breaking the cooperative pattern and lowering future payoffs.\n\nACTION: COOPERATE",
    "THINKING: The opponent has cooperated 100% of the time so far, and my total payoff is currently zero, meaning I've been cooperating while they've been cooperating. Continuing to cooperate maintains mutual benefit.\n\nACTION: COOPERATE",
    "THINKING: The opponent has cooperated 100% of the time so far, and mutual cooperation yields a good payoff. Defecting now risks breaking the cooperative pattern and lowering future payoffs.  \nACTION: COOPERATE",
    "THINKING: The opponent has cooperated 100% of the time so far, and mutual cooperation yields a good payoff. Defecting now risks breaking this cooperative pattern for a short-term gain.\n\nACTION: COOPERATE",
    "THINKING: The opponent has cooperated 100% of the time, and mutual cooperation yields the best long-term payoff. Defecting now risks breaking this beneficial pattern.\n\nACTION: COOPERATE",
    "THINKING: The opponent has cooperated in all 11 rounds, and my total payoff is zero, meaning I must have always cooperated while they defected in at least one early round. However, the opponent's cooperation rate is listed as 100% (11/11), which is contradictory. Given the high cooperation rate and recent pattern, the safest choice is to continue cooperating to maintain mutual benefit.\n\nACTION: COOPERATE",
    "THINKING: The opponent has cooperated in all 12 previous rounds, showing a highly cooperative pattern. Continuing to cooperate maintains mutual benefit and high payoffs.\n\nACTION: COOPERATE",
    "THINKING: Opponent has cooperated 100% of the time so far, and my own 100% cooperation has yielded a total payoff of 0, meaning they have consistently defected against me despite the history showing \"cooperate.\" This suggests the history log may be misleading or there is a scoring discrepancy, but the safest move now is to defect to protect myself.\n\nACTION: DEFECT",
    "THINKING: The opponent has cooperated 100% of the time, and my high cooperation rate has likely sustained this. Defecting now would give a one-time gain of 5, but could trigger retaliation and lower future payoffs. Since the game is repeated, maintaining mutual cooperation is optimal.\n\nACTION: COOPERATE",
    "THINKING: The opponent has cooperated 100% of the time, and my high cooperation rate has not been punished. Defecting now would break a mutually beneficial pattern for a one-time gain, likely triggering retaliation in future rounds.\n\nACTION: COOPERATE",
    "THINKING: The opponent has cooperated 100% of the time, and my high cooperation rate has likely sustained this mutual benefit. Defecting now would break the trust and likely reduce my future payoffs.\n\nACTION: COOPERATE",
    "THINKING: The opponent has cooperated 100% of the time, making them highly predictable and exploitable. Defecting now maximizes my payoff for this round with minimal risk of retaliation.\n\nACTION: DEFECT",
    "THINKING: The opponent has cooperated 100% of the time, so cooperating again is likely to yield a payoff of 3, while defecting would yield 5 but risks damaging future cooperation. Given the high cooperation rate, mutual cooperation is the most stable and beneficial outcome.  \nACTION: COOPERATE",
    "THINKING: The opponent has cooperated 100% of the time, so they are extremely predictable and trusting. Defecting now would give me a higher payoff for this round (5 vs 3), and since it's the final round, there's no future retaliation to consider.\n\nACTION: DEFECT",
    "THINKING: The opponent has cooperated 100% of the time so far, and my low total payoff suggests I have been cooperating often while they have consistently defected against me.  \nACTION: DEFECT",
    "THINKING: The opponent has cooperated 100% of the time so far, and my cooperation rate is high. Continuing to cooperate maintains mutual benefit and high payoffs, while defecting risks triggering retaliation in future rounds.\n\nACTION: COOPERATE",
    "THINKING: The opponent has cooperated 100% of the time so far, and my cooperation rate is high. Continuing to cooperate maintains mutual benefit and high payoffs, while defecting risks retaliation in future rounds.\n\nACTION: COOPERATE",
    "THINKING: The opponent has cooperated 100% of the time so far, making them extremely predictable and trustworthy. My total payoff is currently zero, so cooperating now maximizes the chance of mutual benefit and a higher score.\n\nACTION: COOPERATE",
    "THINKING: The opponent has cooperated 100% of the time so far, and my high cooperation rate has likely sustained this. Defecting now would give a short-term gain but risks retaliation in future rounds, reducing long-term payoff.\n\nACTION: COOPERATE",
    "THINKING: The opponent has cooperated 100% of the time so far, and my cooperation rate is high. Continuing to cooperate maximizes mutual payoff and maintains the cooperative equilibrium.\n\nACTION: COOPERATE",
    "THINKING: The opponent has cooperated in every round so far, and my cooperation rate is high. Continuing to cooperate maximizes mutual payoff and maintains trust.  \nACTION: COOPERATE",
    "THINKING: The opponent has cooperated 100% of the time so far, and my cooperation rate is high. Continuing to cooperate maintains mutual benefit and high payoffs.\n\nACTION: COOPERATE",
    "THINKING: The opponent has cooperated 100% of the time, and my current total payoff is zero, meaning I have been exploited in the past. However, with only one round left after this, the rational move in a finite repeated game is to defect now to maximize my payoff, as there is no future retaliation to fear.\n\nACTION: DEFECT",
    "THINKING: The opponent has cooperated 100% of the time so far, and my cooperation rate is high. Continuing to cooperate maximizes mutual payoff and maintains the cooperative equilibrium.  \nACTION: COOPERATE"
  ]
}