{
  "experiment": "exp6_baseline",
  "game": "prisoners_dilemma",
  "provider": "deepseek",
  "baseline": "AlwaysDefect",
  "trial": 14,
  "rounds": 30,
  "payoff": 29,
  "coop_rate": 0.03333333333333333,
  "llm_history": [
    "COOPERATE",
    "DEFECT",
    "DEFECT",
    "DEFECT",
    "DEFECT",
    "DEFECT",
    "DEFECT",
    "DEFECT",
    "DEFECT",
    "DEFECT",
    "DEFECT",
    "DEFECT",
    "DEFECT",
    "DEFECT",
    "DEFECT",
    "DEFECT",
    "DEFECT",
    "DEFECT",
    "DEFECT",
    "DEFECT",
    "DEFECT",
    "DEFECT",
    "DEFECT",
    "DEFECT",
    "DEFECT",
    "DEFECT",
    "DEFECT",
    "DEFECT",
    "DEFECT",
    "DEFECT"
  ],
  "opp_history": [
    "DEFECT",
    "DEFECT",
    "DEFECT",
    "DEFECT",
    "DEFECT",
    "DEFECT",
    "DEFECT",
    "DEFECT",
    "DEFECT",
    "DEFECT",
    "DEFECT",
    "DEFECT",
    "DEFECT",
    "DEFECT",
    "DEFECT",
    "DEFECT",
    "DEFECT",
    "DEFECT",
    "DEFECT",
    "DEFECT",
    "DEFECT",
    "DEFECT",
    "DEFECT",
    "DEFECT",
    "DEFECT",
    "DEFECT",
    "DEFECT",
    "DEFECT",
    "DEFECT",
    "DEFECT"
  ],
  "llm_responses": [
    "THINKING: This is the first round with no history, so I'll start by cooperating to signal willingness to cooperate and see how the opponent responds.  \nACTION: COOPERATE",
    "THINKING: The opponent defected in the first round, and my cooperation rate is 100% while theirs is 0%. Starting with cooperation and being met with defection suggests a selfish strategy, so I should defect now to avoid exploitation.\n\nACTION: DEFECT",
    "THINKING: Opponent has defected both previous rounds, so they are likely playing a defection-heavy strategy. My best response to maximize my payoff now is to defect as well to avoid being exploited.\n\nACTION: DEFECT",
    "THINKING: The opponent has defected every round so far, and my cooperation has only led to losses. Continuing to cooperate is not rational against an always-defect strategy.\n\nACTION: DEFECT",
    "THINKING: The opponent has defected every round so far, and my cooperation has led to zero payoff. Continuing to cooperate is unlikely to change their behavior, so I should defect to protect my own score.\n\nACTION: DEFECT",
    "THINKING: The opponent has always defected so far, and my cooperation rate is low, so continuing to defect is the rational choice to avoid being exploited.  \nACTION: DEFECT",
    "THINKING: The opponent has always defected so far, so cooperating again would likely just give them another high payoff at my expense.  \nACTION: DEFECT",
    "THINKING: The opponent has always defected so far, and my cooperation has led to zero payoff. Continuing to cooperate is not rational.  \nACTION: DEFECT",
    "THINKING: The opponent has always defected so far, and my cooperation has only led to zero payoff. Continuing to cooperate is not rational.  \nACTION: DEFECT",
    "THINKING: The opponent has defected every round so far, and my cooperation has only led to losses. Continuing to cooperate is not rational against an always-defect strategy.\n\nACTION: DEFECT",
    "THINKING: The opponent has always defected so far, and my cooperation rate is already low, so there's no benefit to cooperating now.  \nACTION: DEFECT",
    "THINKING: The opponent has defected every round so far and shows no sign of cooperating, so cooperating now would only give them a higher payoff at my expense.  \nACTION: DEFECT",
    "THINKING: The opponent has always defected, and cooperating again would just lose me more points. My best move is to defect to avoid a worse payoff.\n\nACTION: DEFECT",
    "THINKING: The opponent has consistently defected in all previous rounds, and my cooperation has only led to losses. Continuing to cooperate is not rational.  \nACTION: DEFECT",
    "THINKING: The opponent has always defected so far, and my cooperation rate is low because cooperating has only given me zero payoff. Continuing to cooperate is not rational.\n\nACTION: DEFECT",
    "THINKING: The opponent has always defected, so cooperating again would just lose more points. Defecting ensures at least 1 point instead of 0.  \nACTION: DEFECT",
    "THINKING: The opponent has consistently defected every round, and my cooperation has only led to losses. Continuing to cooperate is not rational in this scenario.\n\nACTION: DEFECT",
    "THINKING: The opponent has defected every single round so far, and my cooperation has only led to losses. Continuing to cooperate is not rational.\n\nACTION: DEFECT",
    "THINKING: The opponent has always defected so far, and my cooperation has led to zero payoff. To avoid further losses, I should defect as well.  \nACTION: DEFECT",
    "THINKING: The opponent has defected 100% of the time, showing no willingness to cooperate. Cooperating again would only yield a payoff of 0, while defecting guarantees at least 1.  \nACTION: DEFECT",
    "THINKING: The opponent has defected in every previous round and has a 0% cooperation rate, so they are playing a strategy of always defecting. In a one-shot decision against such an opponent, cooperating only gives me 0 points while defecting gives me 1 point.  \nACTION: DEFECT",
    "THINKING: The opponent has defected 100% of the time, and my cooperation has only led to me getting zero payoff. To avoid further losses, I should defect.\n\nACTION: DEFECT",
    "THINKING: The opponent has consistently defected for 22 rounds, and my cooperation has only led to a total payoff of 0. There is no sign of reciprocation, so defecting is the rational choice to minimize further losses.  \nACTION: DEFECT",
    "THINKING: The opponent has defected in every previous round, and my cooperation attempts have only lowered my score. To maximize my payoff in this round, I should defect.\n\nACTION: DEFECT",
    "THINKING: The opponent has consistently defected for 24 rounds, and my cooperation attempts have only hurt my score. Continuing to cooperate is irrational.\n\nACTION: DEFECT",
    "THINKING: The opponent has defected in all 25 previous rounds and has a 0% cooperation rate, so they are playing a pure \"Always Defect\" strategy. Cooperating will only give me 0 points while defecting guarantees at least 1 point.\n\nACTION: DEFECT",
    "THINKING: The opponent has defected in all 26 previous rounds, so they are playing \"Always Defect.\" Cooperating now would only give me 0 points while they get 5, so the rational choice is to defect to avoid exploitation.\n\nACTION: DEFECT",
    "THINKING: The opponent has defected in all 27 previous rounds, so they are playing a pure \"Always Defect\" strategy. Cooperating will only give me 0 points, while defecting guarantees at least 1 point.  \nACTION: DEFECT",
    "THINKING: The opponent has always defected, and my cooperation rate is very low, so there's no sign of trust to rebuild. Defecting now maximizes my payoff in this round and avoids being exploited.\n\nACTION: DEFECT",
    "THINKING: The opponent has defected in 29 out of 29 rounds, so they are essentially playing \"Always Defect.\" Cooperating now would only give them a higher payoff at my expense.  \nACTION: DEFECT"
  ]
}