{
  "experiment": "exp6_baseline",
  "game": "prisoners_dilemma",
  "provider": "openai",
  "baseline": "AlwaysCooperate",
  "trial": 20,
  "rounds": 30,
  "payoff": 90,
  "coop_rate": 1.0,
  "llm_history": [
    "COOPERATE",
    "COOPERATE",
    "COOPERATE",
    "COOPERATE",
    "COOPERATE",
    "COOPERATE",
    "COOPERATE",
    "COOPERATE",
    "COOPERATE",
    "COOPERATE",
    "COOPERATE",
    "COOPERATE",
    "COOPERATE",
    "COOPERATE",
    "COOPERATE",
    "COOPERATE",
    "COOPERATE",
    "COOPERATE",
    "COOPERATE",
    "COOPERATE",
    "COOPERATE",
    "COOPERATE",
    "COOPERATE",
    "COOPERATE",
    "COOPERATE",
    "COOPERATE",
    "COOPERATE",
    "COOPERATE",
    "COOPERATE",
    "COOPERATE"
  ],
  "opp_history": [
    "COOPERATE",
    "COOPERATE",
    "COOPERATE",
    "COOPERATE",
    "COOPERATE",
    "COOPERATE",
    "COOPERATE",
    "COOPERATE",
    "COOPERATE",
    "COOPERATE",
    "COOPERATE",
    "COOPERATE",
    "COOPERATE",
    "COOPERATE",
    "COOPERATE",
    "COOPERATE",
    "COOPERATE",
    "COOPERATE",
    "COOPERATE",
    "COOPERATE",
    "COOPERATE",
    "COOPERATE",
    "COOPERATE",
    "COOPERATE",
    "COOPERATE",
    "COOPERATE",
    "COOPERATE",
    "COOPERATE",
    "COOPERATE",
    "COOPERATE"
  ],
  "llm_responses": [
    "THINKING: Since this is the first round, there is no history to analyze. Cooperating initially can build trust and encourage mutual cooperation in future rounds.  \nACTION: COOPERATE",
    "THINKING: The opponent cooperated in the previous round, and their cooperation rate is 100%. Maintaining mutual cooperation maximizes the payoff for both players, so continuing to cooperate seems the most rational strategy here. \n\nACTION: COOPERATE",
    "THINKING: Both my cooperation rate and the opponent's cooperation rate are 100%, indicating mutual trust so far. To maintain this trust and maximize long-term payoffs, I should continue cooperating. \n\nACTION: COOPERATE",
    "THINKING: Since both my cooperation rate and the opponent's cooperation rate are 100%, the opponent has consistently shown trust and a willingness to cooperate. Defecting at this point would betray the established trust and potentially lead to mutual defection in future rounds, reducing overall payoffs. \n\nACTION: COOPERATE",
    "THINKING: Both my opponent and I have consistently cooperated in every round, leading to mutual benefits. Since the opponent's behavior appears trustworthy and cooperative, continuing to cooperate will maximize long-term payoffs.\n\nACTION: COOPERATE",
    "THINKING: The Opponent has been consistently cooperative, and mutual cooperation maximizes long-term payoffs. Defecting now risks breaking trust and reducing future payoffs.  \nACTION: COOPERATE  ",
    "THINKING: The opponent has consistently cooperated in all rounds, and mutual cooperation maximizes payoffs. Defecting could risk breaking trust and reduce long-term gains.  \nACTION: COOPERATE  ",
    "THINKING: Both I and the opponent have been consistently cooperative, and the opponent's behavior indicates a highly cooperative strategy. Breaking this mutual cooperation now could harm the long-term payoff if trust is broken.\n\nACTION: COOPERATE",
    "THINKING: Both I and the Opponent have consistently cooperated so far, resulting in mutual high payoffs. Defecting now would break the trust and could lead to a breakdown in cooperation, reducing long-term payoffs. Maintaining cooperation is the rational strategy to maximize rewards.\n\nACTION: COOPERATE",
    "THINKING: The opponent has consistently cooperated, and maintaining mutual cooperation maximizes the payoff for both of us. Defecting would break trust and reduce long-term gains.  \nACTION: COOPERATE",
    "THINKING: Both I and my opponent have been fully cooperative so far, and mutual cooperation maximizes the payoff for both players. There's no indication that my opponent will defect, so I should maintain cooperation to continue building trust and maximizing outcomes.  \nACTION: COOPERATE",
    "THINKING: The opponent has consistently cooperated in all rounds, indicating a high level of trustworthiness and a preference for mutual cooperation. Defecting now would break the trust and harm the long-term payoff if the opponent retaliates in future rounds.\n\nACTION: COOPERATE",
    "THINKING: The opponent has shown consistent cooperation with a 100% cooperation rate over 12 rounds. Defecting now would break mutual trust and lead to lower long-term payoffs. Continuing to cooperate maximizes both our outcomes.\n\nACTION: COOPERATE",
    "THINKING: The opponent has been consistently cooperative, maintaining a 100% cooperation rate. To maximize mutual benefit and encourage continued cooperation, it is best to also cooperate.  \nACTION: COOPERATE",
    "THINKING: Both I and the opponent have maintained a perfect cooperation rate so far, and deviating now could harm the trust and reduce long-term payoffs. Continuing to cooperate maximizes mutual benefit if the opponent remains reliable.\n\nACTION: COOPERATE",
    "THINKING: The opponent has shown consistent cooperation (100% cooperation rate over 15 rounds), and mutual cooperation yields the best long-term payoff. Defecting risks breaking trust and reducing future payoffs.\n\nACTION: COOPERATE",
    "THINKING: Both you and the opponent have consistently cooperated, leading to high mutual payoffs. Maintaining cooperation maximizes long-term benefits in a repeated game setting.  \n\nACTION: COOPERATE  ",
    "THINKING: The opponent has consistently cooperated in all previous rounds, and mutual cooperation has the highest potential for long-term payoff. Breaking this trust would not be beneficial if I aim to maximize ongoing gains.\n\nACTION: COOPERATE",
    "THINKING: Both players have cooperated consistently for 18 rounds, leading to mutual trust and maximum payoff. Breaking this pattern by defecting would harm the relationship and decrease overall rewards.\n\nACTION: COOPERATE",
    "THINKING: Both I and the opponent have maintained a 100% cooperation rate over 19 rounds, resulting in mutual benefit. There's no incentive to defect now and risk breaking the trust and the cooperative pattern. \n\nACTION: COOPERATE",
    "THINKING: Both I and the opponent have maintained perfect cooperation so far, resulting in mutual high payoffs. There is no evidence of betrayal from the opponent, so sustaining cooperation maximizes long-term benefits.  \nACTION: COOPERATE",
    "THINKING: Both my opponent and I have been fully cooperative so far, and defecting now would break the trust we've established, likely leading to lower payoffs in subsequent rounds. Maintaining cooperation maximizes long-term gains in this repeated game.\n\nACTION: COOPERATE",
    "THINKING: Both my opponent and I have cooperated consistently so far, which maximizes mutual payoffs. Breaking this streak by defecting could harm trust and reduce future rewards in what appears to be a long-term cooperative dynamic.  \nACTION: COOPERATE",
    "THINKING: The opponent has cooperated in every round so far, and mutual cooperation consistently yields a higher payoff (3 each) than mutual defection (1 each). Breaking the trust now could jeopardize future cooperation.  \nACTION: COOPERATE",
    "THINKING: Since both my opponent and I have cooperated in every round thus far, maintaining mutual cooperation maximizes payoffs for both parties. Defecting now would break trust and reduce overall payoff.  \nACTION: COOPERATE",
    "THINKING: The opponent has a perfect cooperation rate and has consistently cooperated in all 25 rounds. Continuing to cooperate maximizes mutual payoffs and maintains trust in this repeated game.  \nACTION: COOPERATE  ",
    "THINKING: The opponent has been consistently cooperative throughout all 26 rounds, and I have also cooperated 100% of the time. Maintaining cooperation maximizes mutual payoffs, and defecting now would risk breaking this highly beneficial pattern.  \nACTION: COOPERATE",
    "THINKING: The opponent has maintained consistent cooperation across all rounds, creating a mutually beneficial dynamic. Defecting now risks breaking trust and reducing potential payoffs in future rounds. \n\nACTION: COOPERATE",
    "THINKING: Both you and the opponent have consistently cooperated, yielding optimal payoffs for both. Defecting would likely disrupt the trust and lead to lower payoffs in future rounds. Maintaining cooperation preserves mutual benefit.  \n\nACTION: COOPERATE",
    "THINKING: The opponent has been consistently cooperative (100% cooperation rate), and mutual cooperation yields the highest joint payoff. Defecting would break trust and could lead to retaliation in future rounds, reducing overall payoffs. \n\nACTION: COOPERATE"
  ]
}