{
  "experiment": "exp6_baseline",
  "game": "prisoners_dilemma",
  "provider": "deepseek",
  "baseline": "GrimTrigger",
  "trial": 22,
  "rounds": 30,
  "payoff": 50,
  "coop_rate": 0.4666666666666667,
  "llm_history": [
    "COOPERATE",
    "COOPERATE",
    "COOPERATE",
    "COOPERATE",
    "COOPERATE",
    "COOPERATE",
    "COOPERATE",
    "COOPERATE",
    "COOPERATE",
    "COOPERATE",
    "DEFECT",
    "COOPERATE",
    "COOPERATE",
    "COOPERATE",
    "DEFECT",
    "DEFECT",
    "COOPERATE",
    "DEFECT",
    "DEFECT",
    "DEFECT",
    "DEFECT",
    "DEFECT",
    "DEFECT",
    "DEFECT",
    "DEFECT",
    "DEFECT",
    "DEFECT",
    "DEFECT",
    "DEFECT",
    "DEFECT"
  ],
  "opp_history": [
    "COOPERATE",
    "COOPERATE",
    "COOPERATE",
    "COOPERATE",
    "COOPERATE",
    "COOPERATE",
    "COOPERATE",
    "COOPERATE",
    "COOPERATE",
    "COOPERATE",
    "COOPERATE",
    "DEFECT",
    "DEFECT",
    "DEFECT",
    "DEFECT",
    "DEFECT",
    "DEFECT",
    "DEFECT",
    "DEFECT",
    "DEFECT",
    "DEFECT",
    "DEFECT",
    "DEFECT",
    "DEFECT",
    "DEFECT",
    "DEFECT",
    "DEFECT",
    "DEFECT",
    "DEFECT",
    "DEFECT"
  ],
  "llm_responses": [
    "THINKING: This is the first round with no history, so I'll start with cooperation to signal willingness to cooperate and see how the opponent responds.  \nACTION: COOPERATE",
    "THINKING: The opponent has cooperated in the first round, and both cooperation rates are 100%. In early rounds, cooperating builds trust and encourages mutual cooperation for higher long-term payoffs.\n\nACTION: COOPERATE",
    "THINKING: Opponent has cooperated both times so far, and my cooperation rate is 100%. Starting with mutual cooperation is beneficial, so I'll continue cooperating to build trust and maintain the high payoff outcome.  \nACTION: COOPERATE",
    "THINKING: Opponent has cooperated 100% so far, so cooperating continues mutual benefit and avoids triggering retaliation.  \nACTION: COOPERATE",
    "THINKING: The opponent has cooperated in all previous rounds, and my cooperation rate is 100%. Continuing to cooperate maintains mutual benefit and high payoffs.  \nACTION: COOPERATE",
    "THINKING: The opponent has cooperated 100% of the time so far, and mutual cooperation yields a good payoff. Defecting now risks breaking the cooperative pattern and lowering future payoffs.  \nACTION: COOPERATE",
    "THINKING: The opponent has cooperated 100% of the time so far, and mutual cooperation yields a good payoff. Defecting now risks breaking the cooperative pattern and lowering future payoffs.\n\nACTION: COOPERATE",
    "THINKING: The opponent has cooperated 100% of the time so far, and mutual cooperation yields the highest long-term payoff. Defecting now risks breaking the cooperative pattern and lowering future gains.  \nACTION: COOPERATE",
    "THINKING: The opponent has cooperated 100% of the time so far, and mutual cooperation yields the highest joint payoff. Since my total payoff is currently 0, I need to build trust and maximize long-term gains by cooperating.\n\nACTION: COOPERATE",
    "THINKING: The opponent has cooperated 100% of the time so far, and mutual cooperation yields a good payoff. Defecting now risks breaking this profitable pattern and triggering retaliation in future rounds.\n\nACTION: COOPERATE",
    "THINKING: The opponent has cooperated 100% of the time so far, and my total payoff is currently zero because I have always cooperated while they have defected against me in the past. Continuing to cooperate while they always defect is not optimal.\n\nACTION: DEFECT",
    "THINKING: The opponent has cooperated 100% of the time so far, and my high cooperation rate has not been exploited. Continuing to cooperate maintains mutual high payoffs.\n\nACTION: COOPERATE",
    "THINKING: The opponent has a high cooperation rate (92%) and is generally cooperative, but they just defected in the last round. This could be a one-time slip or a test. Given my total payoff is currently zero, I should aim to rebuild mutual cooperation for higher future payoffs.  \nACTION: COOPERATE",
    "THINKING: The opponent has been highly cooperative overall (85%), but they just defected last round. Given my high cooperation rate, they might be testing me, but defecting now could trigger a mutual defection spiral. Since we both benefit most from mutual cooperation, I'll continue cooperating to restore cooperation.\n\nACTION: COOPERATE",
    "THINKING: The opponent has a high cooperation rate overall but just defected last round, and my total payoff is currently zero, so I need to be cautious to avoid exploitation.  \nACTION: DEFECT",
    "THINKING: The opponent has a high cooperation rate overall but just defected last round, possibly testing my response. Given my high cooperation rate, a retaliatory defect might be necessary to avoid exploitation, but a forgiving cooperate could restore mutual cooperation.\n\nACTION: DEFECT",
    "THINKING: With a high cooperation rate myself and the opponent showing conditional cooperation, defecting last round might be a response to my previous action. To rebuild cooperation and maximize long-term payoff, I should return to cooperating.\n\nACTION: COOPERATE",
    "THINKING: The opponent has been defecting recently and has a lower cooperation rate than me, so continuing to cooperate is likely to result in a poor payoff for me this round.  \nACTION: DEFECT",
    "THINKING: The opponent has been defecting recently and has a lower cooperation rate than me, so continuing to cooperate is likely to result in a poor payoff for me this round.  \nACTION: DEFECT",
    "THINKING: The opponent has been defecting recently and has a lower cooperation rate than me, so continuing to cooperate is likely to result in a poor payoff for me this round.  \nACTION: DEFECT",
    "THINKING: The opponent has a recent pattern of always defecting, and my total payoff is currently zero, so continuing to cooperate is not beneficial.  \nACTION: DEFECT",
    "THINKING: The opponent has been always defecting recently, and my cooperation rate is high while theirs is lower. Continuing to cooperate will likely lead to more losses.\n\nACTION: DEFECT",
    "THINKING: The opponent has a 50% overall cooperation rate but is currently in a \"always defects\" recent pattern, and they just defected last round. Continuing to cooperate will likely yield 0 payoff, while defecting ensures at least 1.\n\nACTION: DEFECT",
    "THINKING: The opponent has recently been defecting consistently, and their overall cooperation rate is below 50%. Continuing to cooperate will likely result in a low payoff for me.  \nACTION: DEFECT",
    "THINKING: The opponent has been defecting consistently recently, and my cooperation rate is already high, so cooperating again is unlikely to change their behavior or improve my payoff.  \nACTION: DEFECT",
    "THINKING: The opponent has been defecting consistently recently, and my cooperation rate is already high, so cooperating again is unlikely to change their behavior or improve my payoff.  \nACTION: DEFECT",
    "THINKING: The opponent has been defecting consistently recently, and my cooperation has led to low payoff. To avoid further losses, I should defect as well.  \nACTION: DEFECT",
    "THINKING: The opponent has been defecting consistently recently, and my total payoff is zero, so cooperating now is unlikely to change their behavior or improve my score.  \nACTION: DEFECT",
    "THINKING: The opponent has been defecting consistently recently, and my total payoff is currently zero, so cooperating again is unlikely to change their behavior or improve my score.  \nACTION: DEFECT",
    "THINKING: The opponent has been defecting consistently recently, and their overall cooperation rate is low, so cooperating now is likely to lead to a poor payoff.  \nACTION: DEFECT"
  ]
}