{
  "experiment": "exp6_baseline",
  "game": "prisoners_dilemma",
  "provider": "openai",
  "baseline": "Extort2",
  "trial": 16,
  "rounds": 30,
  "payoff": 87,
  "coop_rate": 1.0,
  "llm_history": [
    "COOPERATE",
    "COOPERATE",
    "COOPERATE",
    "COOPERATE",
    "COOPERATE",
    "COOPERATE",
    "COOPERATE",
    "COOPERATE",
    "COOPERATE",
    "COOPERATE",
    "COOPERATE",
    "COOPERATE",
    "COOPERATE",
    "COOPERATE",
    "COOPERATE",
    "COOPERATE",
    "COOPERATE",
    "COOPERATE",
    "COOPERATE",
    "COOPERATE",
    "COOPERATE",
    "COOPERATE",
    "COOPERATE",
    "COOPERATE",
    "COOPERATE",
    "COOPERATE",
    "COOPERATE",
    "COOPERATE",
    "COOPERATE",
    "COOPERATE"
  ],
  "opp_history": [
    "COOPERATE",
    "COOPERATE",
    "COOPERATE",
    "COOPERATE",
    "COOPERATE",
    "COOPERATE",
    "COOPERATE",
    "COOPERATE",
    "COOPERATE",
    "DEFECT",
    "COOPERATE",
    "COOPERATE",
    "COOPERATE",
    "COOPERATE",
    "COOPERATE",
    "COOPERATE",
    "COOPERATE",
    "COOPERATE",
    "COOPERATE",
    "COOPERATE",
    "COOPERATE",
    "COOPERATE",
    "COOPERATE",
    "COOPERATE",
    "COOPERATE",
    "COOPERATE",
    "COOPERATE",
    "COOPERATE",
    "COOPERATE",
    "COOPERATE"
  ],
  "llm_responses": [
    "THINKING: Since this is the first round and there is no history, cooperation can help establish trust and potentially lead to higher payoffs in future rounds if the opponent also cooperates. Starting with cooperation is a common strategy in repeated games.  \n\nACTION: COOPERATE",
    "THINKING: So far, the opponent has cooperated 100% of the time, indicating potential trustworthiness. Maintaining cooperation can maximize long-term payoffs if mutual cooperation continues.  \n\nACTION: COOPERATE",
    "THINKING: So far, both the Opponent and I have shown consistent cooperation, leading to mutually beneficial outcomes. Since there is no evidence of defection from the Opponent, maintaining cooperation seems strategically optimal to preserve trust and maximize long-term payoffs.  \nACTION: COOPERATE",
    "THINKING: Both my cooperation rate and the opponent's cooperation rate are 100%, indicating mutual trust and consistent cooperation. Defecting now could jeopardize this beneficial pattern and lead to lower payoffs in future rounds.  \n\nACTION: COOPERATE",
    "THINKING: The opponent has shown consistent cooperation so far, and mutual cooperation leads to the highest total payoff for both parties. Maintaining cooperation fosters trust and maximizes long-term benefits.  \nACTION: COOPERATE",
    "THINKING: The opponent has shown consistent cooperation, and maintaining mutual cooperation maximizes long-term payoffs in this scenario. Defecting risks breaking the trust and reducing the overall payoff.\n\nACTION: COOPERATE",
    "THINKING: The opponent has shown a consistent pattern of cooperation, and mutual cooperation maximizes the payoff for both of us in the long run. Breaking the trust now could harm future rounds.\n\nACTION: COOPERATE",
    "THINKING: Both I and my opponent have cooperated in every round so far, maintaining mutual trust and maximizing payoffs. Since the opponent has shown consistent cooperation, it's rational to continue cooperating to preserve our mutually beneficial strategy.\n\nACTION: COOPERATE",
    "THINKING: The opponent has shown consistent cooperation, and betraying them now could break the trust and reduce long-term payoffs. Staying cooperative maximizes mutual benefits in repeated interactions.\n\nACTION: COOPERATE",
    "THINKING: Both players have cooperated consistently, resulting in mutual trust and high payoffs. Defecting now could break this trust and lead to lower future payoffs. Maintaining cooperation ensures long-term benefit.\n\nACTION: COOPERATE",
    "THINKING: The opponent has been highly cooperative overall (90% cooperation rate), but defected in the last round. To maintain trust and encourage future cooperation, I will give the benefit of the doubt and cooperate this round.  \nACTION: COOPERATE",
    "THINKING: The opponent has shown a highly cooperative pattern (91%) and cooperated in the last round. Defecting now might break mutual trust and reduce long-term payoffs. Cooperation is likely to sustain mutual benefits.  \nACTION: COOPERATE",
    "THINKING: The opponent has consistently cooperated in the past, with a high cooperation rate of 92%. Maintaining cooperation will likely result in mutual benefit and preserve trust.\n\nACTION: COOPERATE",
    "THINKING: The opponent has been highly cooperative (92% cooperation rate), and cooperation generally leads to higher payoffs over time in repeated games. Maintaining mutual cooperation builds trust and maximizes long-term benefits.\n\nACTION: COOPERATE",
    "THINKING: The opponent has demonstrated consistent cooperation (93% rate), including in the last round. Continuing to cooperate will likely maximize mutual payoffs and maintain trust.  \nACTION: COOPERATE",
    "THINKING: The opponent has been highly cooperative with a 93% cooperation rate, and their last action was to cooperate. Defecting now could jeopardize mutual trust and future cooperation. Maintaining cooperation is likely to yield better long-term payoffs.  \nACTION: COOPERATE",
    "THINKING: The opponent has been highly cooperative, with a 94% cooperation rate, and the last action was to cooperate. Maintaining mutual cooperation maximizes long-term payoffs. Defecting could risk breaking this trust and result in lower payoffs in future rounds.\n\nACTION: COOPERATE",
    "THINKING: The opponent has been highly cooperative with a 94% cooperation rate, and maintaining mutual cooperation has the highest payoff for both of us. Defection could risk breaking this beneficial dynamic and result in lower payoffs for both.  \nACTION: COOPERATE  ",
    "THINKING: The opponent has been highly cooperative (94% cooperation rate), and mutual cooperation yields a better long-term payoff than defecting. Maintaining trust is advantageous in a repeated game scenario.  \nACTION: COOPERATE",
    "THINKING: The opponent has been highly cooperative (95% cooperation rate), and consistent cooperation can maximize long-term payoffs in a repeated Prisoner's Dilemma. Defecting would break mutual trust, leading to lower payoffs in future rounds.\n\nACTION: COOPERATE",
    "THINKING: The opponent has displayed a highly cooperative pattern, with a 95% cooperation rate. Maintaining cooperation can maximize mutual payoffs and continue fostering trust in the repeated game.  \n\nACTION: COOPERATE",
    "THINKING: The opponent has been highly cooperative (95% cooperation rate), and cooperating consistently has the potential to maximize mutual payoff in the long run. Defecting now could damage the trust and lead to mutually lower payoffs. \n\nACTION: COOPERATE",
    "THINKING: The opponent has been highly cooperative with a 95% cooperation rate, and mutual cooperation yields the highest collective payoff. Defecting now risks breaking the trust and lowering overall future payoffs. \n\nACTION: COOPERATE",
    "THINKING: The opponent has been highly cooperative (96% cooperation rate) and most recently cooperated. Maintaining trust and mutual benefit is likely to result in better long-term payoffs. Defecting now could jeopardize this cooperation. \n\nACTION: COOPERATE",
    "THINKING: The opponent has been highly cooperative, defecting only once in 24 rounds. Maintaining cooperation is likely to maximize long-term payoffs given the mutual trust established so far. \n\nACTION: COOPERATE",
    "THINKING: The opponent has demonstrated a highly cooperative strategy (96% cooperation rate), and mutual cooperation yields the highest collective payoff. Maintaining cooperation aligns with maximizing long-term benefits in repeated games.  \n\nACTION: COOPERATE",
    "THINKING: The opponent has shown a high cooperation rate (96%) and seems to follow a cooperative strategy. Defecting now would risk breaking mutual trust and potentially reducing overall payoffs in future rounds. Maintaining cooperation aligns with maximizing long-term gains.  \nACTION: COOPERATE",
    "THINKING: The opponent has been highly cooperative (96% cooperation rate) and consistently cooperated in the last round. Maintaining mutual cooperation maximizes long-term payoffs for both parties. Breaking the trust now could lead to a shift toward mutual defection, which is less beneficial. \n\nACTION: COOPERATE",
    "THINKING: The opponent has been highly cooperative (96% cooperation rate) and seems to follow a strategy that rewards mutual cooperation. Defecting could harm the trust and lead to lower payoffs in future rounds.\n\nACTION: COOPERATE",
    "THINKING: The opponent has maintained a high cooperation rate (97%), and the payoff matrix rewards mutual cooperation significantly more than mutual defection. Maintaining trust and cooperation maximizes long-term payoff.  \n\nACTION: COOPERATE  "
  ]
}