{
  "experiment": "exp6_baseline",
  "game": "prisoners_dilemma",
  "provider": "deepseek",
  "baseline": "GenerousTitForTat",
  "trial": 20,
  "rounds": 30,
  "payoff": 89,
  "coop_rate": 0.9666666666666667,
  "llm_history": [
    "COOPERATE",
    "COOPERATE",
    "COOPERATE",
    "COOPERATE",
    "DEFECT",
    "COOPERATE",
    "COOPERATE",
    "COOPERATE",
    "COOPERATE",
    "COOPERATE",
    "COOPERATE",
    "COOPERATE",
    "COOPERATE",
    "COOPERATE",
    "COOPERATE",
    "COOPERATE",
    "COOPERATE",
    "COOPERATE",
    "COOPERATE",
    "COOPERATE",
    "COOPERATE",
    "COOPERATE",
    "COOPERATE",
    "COOPERATE",
    "COOPERATE",
    "COOPERATE",
    "COOPERATE",
    "COOPERATE",
    "COOPERATE",
    "COOPERATE"
  ],
  "opp_history": [
    "COOPERATE",
    "COOPERATE",
    "COOPERATE",
    "COOPERATE",
    "COOPERATE",
    "DEFECT",
    "COOPERATE",
    "COOPERATE",
    "COOPERATE",
    "COOPERATE",
    "COOPERATE",
    "COOPERATE",
    "COOPERATE",
    "COOPERATE",
    "COOPERATE",
    "COOPERATE",
    "COOPERATE",
    "COOPERATE",
    "COOPERATE",
    "COOPERATE",
    "COOPERATE",
    "COOPERATE",
    "COOPERATE",
    "COOPERATE",
    "COOPERATE",
    "COOPERATE",
    "COOPERATE",
    "COOPERATE",
    "COOPERATE",
    "COOPERATE"
  ],
  "llm_responses": [
    "THINKING: This is the first round with no history, so I'll start by cooperating to signal willingness to cooperate and see how the opponent responds.  \nACTION: COOPERATE",
    "THINKING: The opponent cooperated in round 1, and with a 100% cooperation rate so far, it's likely they are playing a cooperative strategy like Tit-for-Tat. Cooperating now builds trust and mutual benefit.  \nACTION: COOPERATE",
    "THINKING: The opponent has cooperated both times so far, and my total payoff is currently zero because I've cooperated while they defected in the first round (since my cooperation rate is 100% but total payoff is 0). Given their 100% cooperation rate in the last two rounds, they may be playing a cooperative strategy like Tit-for-Tat. I should test by cooperating again to encourage mutual cooperation.\n\nACTION: COOPERATE",
    "THINKING: The opponent has cooperated 100% so far, and mutual cooperation yields the highest long-term payoff. Defecting now could break trust and reduce future gains.\n\nACTION: COOPERATE",
    "THINKING: The opponent has cooperated 100% of the time so far, and my total payoff is currently zero because I've been cooperating while they've been defecting in earlier rounds (implied by my payoff being 0 despite a 100% cooperation rate). To improve my score, I should defect now to exploit their consistent cooperation.  \nACTION: DEFECT",
    "THINKING: The opponent has cooperated 100% of the time, and my high cooperation rate (80%) has likely built trust. Continuing to cooperate maximizes mutual payoff in this round.\n\nACTION: COOPERATE",
    "THINKING: The opponent has a high cooperation rate (83%) and only defected last round, which might be a one-time deviation. Given my total payoff is currently zero, I should aim to rebuild mutual cooperation for higher future payoffs.  \nACTION: COOPERATE",
    "THINKING: The opponent has been highly cooperative (86% cooperation rate) and just cooperated last round. Mutual cooperation yields the highest long-term payoff, and defecting now could break trust and reduce future gains.\n\nACTION: COOPERATE",
    "THINKING: Both of us have been highly cooperative (88% each), and the opponent just cooperated last round. Continuing to cooperate maximizes mutual payoff in this repeated game.\n\nACTION: COOPERATE",
    "THINKING: Opponent has been highly cooperative (89% cooperation rate), and mutual cooperation yields the best long-term payoff. Defecting now risks damaging future cooperation.\n\nACTION: COOPERATE",
    "THINKING: Both of us have been highly cooperative (90% each), and the opponent just cooperated last round. Continuing to cooperate maximizes mutual payoff in this repeated game.\n\nACTION: COOPERATE",
    "THINKING: With both cooperation rates above 90% and a history of mutual cooperation, maintaining cooperation maximizes long-term payoff in this repeated game.  \nACTION: COOPERATE",
    "THINKING: Opponent has been highly cooperative (92% rate) and just cooperated last round, so cooperating now likely continues mutual cooperation for high payoffs.  \nACTION: COOPERATE",
    "THINKING: Both of us have been highly cooperative (92% each), and the opponent just cooperated last round. Continuing mutual cooperation yields the best long-term payoff in this repeated game.\n\nACTION: COOPERATE",
    "THINKING: Both of us have been highly cooperative (93% each), and mutual cooperation yields the best long-term payoff. Defecting now risks breaking the cooperative pattern and lowering future payoffs.\n\nACTION: COOPERATE",
    "THINKING: The opponent has been highly cooperative (93%), and mutual cooperation yields the best long-term payoff per round. Defecting now risks breaking the cooperative equilibrium for minimal short-term gain.\n\nACTION: COOPERATE",
    "THINKING: Both sides have been highly cooperative, and mutual cooperation yields the best joint payoff. Defecting now risks breaking trust and reducing future payoffs.  \nACTION: COOPERATE",
    "THINKING: Both of us have been highly cooperative (94% each), and the opponent just cooperated last round. Continuing to cooperate maximizes mutual payoff in this repeated game.  \nACTION: COOPERATE",
    "THINKING: Both of us have been cooperating almost all the time, leading to high mutual payoffs. Defecting now would break the trust and likely reduce my future payoffs.\n\nACTION: COOPERATE",
    "THINKING: With both cooperation rates extremely high and the opponent consistently cooperating, mutual cooperation yields the best long-term payoff per round (3 vs 1 for mutual defection). Defecting now risks breaking the cooperative equilibrium.\n\nACTION: COOPERATE",
    "THINKING: Both players have been highly cooperative (95% each), and the opponent just cooperated last round. Continuing to cooperate maximizes mutual payoff in this repeated game.\n\nACTION: COOPERATE",
    "THINKING: Both of us have been highly cooperative (95% each), and mutual cooperation yields the best long-term payoff per round. Given the opponent's consistent cooperation, defecting now risks breaking the trust and reducing future gains.\n\nACTION: COOPERATE",
    "THINKING: Both of us have been cooperating almost all the time, leading to high mutual payoffs. Since the opponent is highly cooperative, continuing to cooperate is the best way to maintain this beneficial outcome.\n\nACTION: COOPERATE",
    "THINKING: Both of us have been cooperating almost all the time, leading to high mutual payoffs. Defecting now would risk breaking this profitable pattern for a small one-time gain.  \nACTION: COOPERATE",
    "THINKING: Both of us have been cooperating almost all the time, leading to high mutual payoffs. Defecting now would break the trust and likely reduce my future payoffs.\n\nACTION: COOPERATE",
    "THINKING: Both of us have been cooperating almost all the time, leading to high mutual payoffs. Defecting now would break the trust and likely reduce my long-term payoff.\n\nACTION: COOPERATE",
    "THINKING: With both cooperation rates extremely high and the opponent consistently cooperating, mutual cooperation yields the best ongoing payoff. Defecting risks breaking the cooperative equilibrium.  \nACTION: COOPERATE",
    "THINKING: Both of us have been cooperating almost all the time, leading to high mutual payoffs. With a 96% cooperation rate from the opponent, maintaining cooperation is the best way to keep the total payoff growing.\n\nACTION: COOPERATE",
    "THINKING: Both of us have been cooperating almost all the time, leading to high mutual payoffs. Defecting now would break that trust and likely reduce my total payoff in the final round.\n\nACTION: COOPERATE",
    "THINKING: Both of us have been cooperating almost all the time, leading to high mutual payoffs. Defecting now would break the trust and likely reduce my future payoff, especially since we are still in the repeated game.\n\nACTION: COOPERATE"
  ]
}