{
  "experiment": "exp6_baseline",
  "game": "prisoners_dilemma",
  "provider": "openai",
  "baseline": "GrimTrigger",
  "trial": 4,
  "rounds": 30,
  "payoff": 90,
  "coop_rate": 1.0,
  "llm_history": [
    "COOPERATE",
    "COOPERATE",
    "COOPERATE",
    "COOPERATE",
    "COOPERATE",
    "COOPERATE",
    "COOPERATE",
    "COOPERATE",
    "COOPERATE",
    "COOPERATE",
    "COOPERATE",
    "COOPERATE",
    "COOPERATE",
    "COOPERATE",
    "COOPERATE",
    "COOPERATE",
    "COOPERATE",
    "COOPERATE",
    "COOPERATE",
    "COOPERATE",
    "COOPERATE",
    "COOPERATE",
    "COOPERATE",
    "COOPERATE",
    "COOPERATE",
    "COOPERATE",
    "COOPERATE",
    "COOPERATE",
    "COOPERATE",
    "COOPERATE"
  ],
  "opp_history": [
    "COOPERATE",
    "COOPERATE",
    "COOPERATE",
    "COOPERATE",
    "COOPERATE",
    "COOPERATE",
    "COOPERATE",
    "COOPERATE",
    "COOPERATE",
    "COOPERATE",
    "COOPERATE",
    "COOPERATE",
    "COOPERATE",
    "COOPERATE",
    "COOPERATE",
    "COOPERATE",
    "COOPERATE",
    "COOPERATE",
    "COOPERATE",
    "COOPERATE",
    "COOPERATE",
    "COOPERATE",
    "COOPERATE",
    "COOPERATE",
    "COOPERATE",
    "COOPERATE",
    "COOPERATE",
    "COOPERATE",
    "COOPERATE",
    "COOPERATE"
  ],
  "llm_responses": [
    "THINKING: Since this is the first round with no history to analyze, I will start by cooperating to establish trust and potentially encourage mutual cooperation for higher payoffs in future rounds.  \nACTION: COOPERATE",
    "THINKING: The opponent has cooperated so far, and mutual cooperation yields the highest long-term payoff. Defecting here could break trust early in the game.  \nACTION: COOPERATE",
    "THINKING: The opponent has consistently cooperated so far, with a 100% cooperation rate. To maintain mutual trust and maximize long-term payoffs, I should cooperate again.\n\nACTION: COOPERATE",
    "THINKING: The opponent has consistently cooperated, and maintaining cooperation maximizes mutual payoff in the long term. Defecting now risks breaking the trust and reducing overall payoffs.  \n\nACTION: COOPERATE",
    "THINKING: Both my cooperation and my opponent's cooperation rates are at 100%, indicating mutual trust and consistent cooperation so far. Defecting now would break this trust and likely lead to worse outcomes in future rounds of the repeated game.  \nACTION: COOPERATE  ",
    "THINKING: Both the opponent and I have been consistently cooperative, leading to mutual benefits. Breaking this trust now risks ruining future gains and could provoke retaliation.  \n\nACTION: COOPERATE",
    "THINKING: Both I and the Opponent have cooperated 100% of the time so far, and the Opponent's behavior appears highly cooperative. Breaking this mutual cooperation now would risk damaging the trust and lowering long-term payoffs. \n\nACTION: COOPERATE",
    "THINKING: Both I and the opponent have been fully cooperative so far, and the opponent shows a highly cooperative pattern. Continuing to cooperate maximizes mutual benefit and avoids breaking trust.  \nACTION: COOPERATE",
    "THINKING: The opponent has been consistently cooperative, and mutual cooperation maximizes our shared payoff. Defecting would break trust and potentially change the dynamic of the game.  \nACTION: COOPERATE",
    "THINKING: Both you and your opponent have cooperated consistently throughout the game, showing trust and maximizing mutual payoffs. Defecting now would break this trust and diminish potential gains.  \nACTION: COOPERATE",
    "THINKING: Both I and the opponent have cooperated in every round, maintaining a high cooperation rate and achieving optimal mutual payoffs. Breaking this cooperation now would risk forfeiting long-term gains for a short-term advantage.  \nACTION: COOPERATE",
    "THINKING: Both I and the Opponent have shown consistent cooperation throughout the game, and defecting now would break the trust and likely lead to worse outcomes in future rounds. Maintaining cooperation maximizes long-term payoffs for both players.\n\nACTION: COOPERATE",
    "THINKING: The opponent has shown consistent cooperation (100% cooperation rate) across all rounds, and mutual cooperation yields the highest combined payoff. Defecting now could damage trust and lead to a breakdown of cooperation in future rounds.\n\nACTION: COOPERATE",
    "THINKING: The opponent has consistently cooperated in all 13 previous rounds, showing a highly cooperative pattern. Maintaining mutual cooperation maximizes long-term payoffs for both players, so continuing to cooperate aligns with a strategy of trust and reciprocity.\n\nACTION: COOPERATE",
    "THINKING: Both I and the Opponent have been consistently cooperating, leading to mutual benefits. Defecting now would risk breaking the trust and reducing long-term payoffs.  \nACTION: COOPERATE  ",
    "THINKING: The opponent has been consistently cooperative, and mutual cooperation maximizes long-term payoffs. Defecting would break the trust and risk losing the benefits of mutual cooperation.  \n\nACTION: COOPERATE",
    "THINKING: The opponent has consistently cooperated in all previous rounds, demonstrating trustworthiness and a cooperative strategy. Continuing to cooperate maximizes mutual payoff and maintains a positive relationship. \n\nACTION: COOPERATE",
    "THINKING: Both I and the Opponent have cooperated in every round, maintaining mutual trust and maximizing our payoffs. There is no reason to defect and risk breaking this trust, as the Opponent has shown a consistent cooperative pattern.\n\nACTION: COOPERATE",
    "THINKING: The opponent has consistently cooperated throughout the game, and mutual cooperation maximizes long-term payoff. Breaking this pattern by defecting could damage trust and lead to lower payoffs in future rounds.  \n\nACTION: COOPERATE",
    "THINKING: Both the opponent and I have cooperated consistently, leading to maximum mutual payoffs. Defecting now would betray trust and harm the long-term benefit of cooperation.  \nACTION: COOPERATE",
    "THINKING: The opponent has demonstrated consistent cooperation (100% cooperation rate) over 20 rounds. Maintaining mutual cooperation maximizes the payoff for both of us, so deviating now could undermine trust and lead to lower payoffs in future rounds.\n\nACTION: COOPERATE",
    "THINKING: The opponent has consistently cooperated for 21 rounds, and mutual cooperation yields the best long-term payoff. Defecting now risks breaking the trust and reducing overall payoffs in future rounds.  \nACTION: COOPERATE  ",
    "THINKING: The opponent has consistently cooperated in all previous rounds, and mutual cooperation yields a higher payoff than defecting in this game. Breaking the cooperative streak might reduce trust and harm future payoffs.  \nACTION: COOPERATE  ",
    "THINKING: Given both my and the opponent's 100% cooperation rate, defecting could disrupt the mutual trust established, leading to lower payoffs in future rounds. Continuing to cooperate maximizes long-term rewards.  \n\nACTION: COOPERATE",
    "THINKING: The opponent has consistently cooperated, and my cooperation rate is 100%. Maintaining mutual cooperation maximizes the payoff for both parties and builds long-term trust. Defection would risk damaging this pattern without clear justification.  \nACTION: COOPERATE  ",
    "THINKING: Both the Opponent and I have cooperated consistently, and mutual cooperation yields the highest combined payoff. Breaking this trust could jeopardize future cooperation.  \nACTION: COOPERATE  ",
    "THINKING: The opponent has shown a consistent pattern of cooperation, and mutual cooperation maximizes the payoff for both players. Defecting could disrupt this mutually beneficial dynamic and lead to lower long-term payoffs.  \nACTION: COOPERATE",
    "THINKING: Both I and my opponent have consistently cooperated for 27 rounds, leading to mutual benefits. Breaking this cooperative pattern risks losing trust and lowering future payoffs.\n\nACTION: COOPERATE",
    "THINKING: The opponent has consistently cooperated in all previous rounds, and defecting now would break the trust and likely lead to reduced payoffs in future rounds. Maintaining cooperation ensures mutual benefit and long-term stability.  \n\nACTION: COOPERATE",
    "THINKING: Both I and the Opponent have consistently cooperated for 29 rounds, yielding a stable and mutually beneficial outcome. Breaking this pattern by defecting risks losing trust and disrupting the cooperation dynamic, which may lead to lower payoffs in future rounds.\n\nACTION: COOPERATE"
  ]
}