{
  "experiment": "exp6_baseline",
  "game": "prisoners_dilemma",
  "provider": "openai",
  "baseline": "Extort2",
  "trial": 24,
  "rounds": 30,
  "payoff": 35,
  "coop_rate": 0.13333333333333333,
  "llm_history": [
    "COOPERATE",
    "COOPERATE",
    "COOPERATE",
    "COOPERATE",
    "DEFECT",
    "DEFECT",
    "DEFECT",
    "DEFECT",
    "DEFECT",
    "DEFECT",
    "DEFECT",
    "DEFECT",
    "DEFECT",
    "DEFECT",
    "DEFECT",
    "DEFECT",
    "DEFECT",
    "DEFECT",
    "DEFECT",
    "DEFECT",
    "DEFECT",
    "DEFECT",
    "DEFECT",
    "DEFECT",
    "DEFECT",
    "DEFECT",
    "DEFECT",
    "DEFECT",
    "DEFECT",
    "DEFECT"
  ],
  "opp_history": [
    "COOPERATE",
    "COOPERATE",
    "COOPERATE",
    "DEFECT",
    "DEFECT",
    "DEFECT",
    "DEFECT",
    "DEFECT",
    "DEFECT",
    "DEFECT",
    "DEFECT",
    "DEFECT",
    "DEFECT",
    "DEFECT",
    "DEFECT",
    "DEFECT",
    "DEFECT",
    "DEFECT",
    "DEFECT",
    "DEFECT",
    "DEFECT",
    "DEFECT",
    "DEFECT",
    "DEFECT",
    "DEFECT",
    "DEFECT",
    "DEFECT",
    "DEFECT",
    "DEFECT",
    "DEFECT"
  ],
  "llm_responses": [
    "THINKING: Since this is the first round and there is no history of the opponent's behavior, cooperating can signal goodwill and encourage mutual cooperation in future rounds. It also sets the stage for testing the opponent's strategy. \n\nACTION: COOPERATE",
    "THINKING: In the first round, both I and the opponent cooperated, resulting in mutual benefit. With the opponent showing a 100% cooperation rate so far, I should continue cooperating to build trust and maximize long-term payoffs.  \nACTION: COOPERATE",
    "THINKING: So far, both the Opponent and I have consistently cooperated, leading to mutual payoffs. There is no evidence of betrayal, so maintaining cooperation maximizes long-term gains and preserves trust. \n\nACTION: COOPERATE",
    "THINKING: Given the opponent's perfect cooperation rate and highly cooperative pattern, maintaining mutual cooperation is likely to maximize long-term payoffs. Defecting now risks breaking trust and reducing future potential gains.  \nACTION: COOPERATE  ",
    "THINKING: The opponent has a 75% cooperation rate but defected in the last round, suggesting conditional behavior. To test whether they respond to my actions, I will defect this round to signal that consistent cooperation should not be exploited.  \n\nACTION: DEFECT",
    "THINKING: The opponent has a mixed/conditional cooperation strategy with a 60% cooperation rate but defected in the last round. To avoid being exploited and encourage mutual cooperation, I will defect in this round to test their response.  \nACTION: DEFECT",
    "THINKING: The opponent's cooperation rate (50%) and recent pattern suggest conditional cooperation, but their last action was to defect. To avoid exploitation and potentially encourage mutual cooperation, defecting this round might be strategic.  \n\nACTION: DEFECT",
    "THINKING: The opponent has a lower cooperation rate than me (43% vs. 57%) and has been mostly defecting, including in the last round. To avoid being exploited and to maximize my payoff, I should defect in response to their pattern.  \n\nACTION: DEFECT",
    "THINKING: The opponent has a low cooperation rate (38%) and has mostly chosen to defect, including in the most recent round. To maximize my payoff in this situation, defecting is the rational choice.  \n\nACTION: DEFECT  ",
    "THINKING: The opponent has shown a low cooperation rate (33%) and a recent pattern of mostly defecting, making mutual cooperation unlikely. To maximize my payoff, defecting aligns with game theory strategies in this scenario.  \n\nACTION: DEFECT",
    "THINKING: Given the opponent's low cooperation rate (30%) and recent pattern of mostly defecting, cooperating would likely result in me receiving 0 points while the opponent gains 5. Defecting ensures I gain at least 1 point regardless of their decision. \n\nACTION: DEFECT",
    "THINKING: The opponent has a low cooperation rate (27%) and has mostly been defecting, including in the last round. Continuing to cooperate would likely lead to exploitation, so defecting is the safer strategy to maximize my payoff.\n\nACTION: DEFECT",
    "THINKING: The opponent has a low cooperation rate (25%) and has consistently defected recently, showing no intention to cooperate. Defecting maximizes my payoff in this situation.  \nACTION: DEFECT",
    "THINKING: The opponent has established a clear pattern of always defecting, making cooperation ineffective and resulting in a guaranteed loss if I cooperate. To maximize my payoff, I should also defect in response.\n\nACTION: DEFECT",
    "THINKING: The opponent has consistently defected, showing no intent to cooperate. Defecting is the best strategy to avoid being exploited and to maximize my payoff in this scenario.  \n\nACTION: DEFECT",
    "THINKING: The opponent has a very low cooperation rate (20%) and a recent pattern of always defecting. Continuing to cooperate would likely result in consistent losses for me, so defecting is a more rational choice.\n\nACTION: DEFECT",
    "THINKING: The opponent has consistently defected and has an extremely low cooperation rate. Cooperating would only result in further losses given their predictable behavior. Defection ensures at least a minimal payoff.  \nACTION: DEFECT",
    "THINKING: The opponent has demonstrated a consistent pattern of always defecting, meaning cooperation will yield no benefit and only result in a loss for me. To maximize my payoff, I should defect as well.  \n\nACTION: DEFECT  ",
    "THINKING: Based on the opponent's extremely low cooperation rate (17%) and consistent pattern of defecting in every round, cooperating would only result in zero payoff for me. Defecting ensures I at least gain 1 point.  \n\nACTION: DEFECT",
    "THINKING: Opponent has shown a consistent pattern of defection (16% cooperation rate and recent trend of always defecting). Cooperation would result in a guaranteed loss in this situation, so defection is the rational choice to minimize risk.\n\nACTION: DEFECT",
    "THINKING: The opponent has consistently defected, showing no inclination to cooperate. Given the payoff matrix, defecting is the optimal strategy to avoid being exploited further.  \n\nACTION: DEFECT",
    "THINKING: The opponent has consistently defected, with only a 14% cooperation rate and a recent history of always defecting. Defecting is the best response to maximize my payoff given their behavior.  \n\nACTION: DEFECT",
    "THINKING: The opponent has consistently defected (cooperation rate of 14%) and shows no indication of changing their strategy. Cooperating will likely result in a payoff of 0, while defecting ensures a payoff of 1.  \n\nACTION: DEFECT",
    "THINKING: Opponent has consistently defected (13% cooperation rate) and shows no signs of cooperation. Continuing to cooperate would result in consistently poor payoffs for me, while defecting ensures a minimal but non-zero payoff.\n\nACTION: DEFECT",
    "THINKING: The opponent has consistently defected in the past, with a very low cooperation rate (12%). Continuing to cooperate would yield no benefit, as the opponent shows no intent to reciprocate.\n\nACTION: DEFECT",
    "THINKING: The opponent has an extremely low cooperation rate (12%) and has consistently defected in recent rounds. Given the payoff matrix, cooperating would only result in a significant disadvantage if the opponent continues to defect.\n\nACTION: DEFECT",
    "THINKING: The opponent has consistently defected, showing no intention of cooperating. Since cooperation would result in a guaranteed loss for me, the rational choice is to defect to avoid being exploited.  \nACTION: DEFECT  ",
    "THINKING: The opponent has consistently defected (11% cooperation rate) and shows no sign of changing their strategy. Cooperating would only result in a guaranteed loss for me, so the rational choice is to defect as well.  \n\nACTION: DEFECT",
    "THINKING: The opponent has consistently defected (11% cooperation rate) and shows no indication of changing their strategy. To maximize my payoff in this situation, defecting is the dominant strategy.\n\nACTION: DEFECT",
    "THINKING: The opponent has consistently defected, with a cooperation rate of just 10%, and there is no incentive to cooperate since it would result in a lower payoff for me. Defecting maximizes my payoff given the opponent's behavior.  \nACTION: DEFECT"
  ]
}