{
  "experiment": "exp6_baseline",
  "game": "prisoners_dilemma",
  "provider": "deepseek",
  "baseline": "Extort2",
  "trial": 9,
  "rounds": 30,
  "payoff": 58,
  "coop_rate": 0.6,
  "llm_history": [
    "COOPERATE",
    "COOPERATE",
    "COOPERATE",
    "DEFECT",
    "COOPERATE",
    "COOPERATE",
    "COOPERATE",
    "COOPERATE",
    "COOPERATE",
    "COOPERATE",
    "COOPERATE",
    "COOPERATE",
    "COOPERATE",
    "COOPERATE",
    "COOPERATE",
    "COOPERATE",
    "COOPERATE",
    "COOPERATE",
    "COOPERATE",
    "DEFECT",
    "DEFECT",
    "DEFECT",
    "DEFECT",
    "DEFECT",
    "DEFECT",
    "DEFECT",
    "DEFECT",
    "DEFECT",
    "DEFECT",
    "DEFECT"
  ],
  "opp_history": [
    "COOPERATE",
    "COOPERATE",
    "DEFECT",
    "COOPERATE",
    "COOPERATE",
    "COOPERATE",
    "COOPERATE",
    "COOPERATE",
    "COOPERATE",
    "COOPERATE",
    "COOPERATE",
    "DEFECT",
    "COOPERATE",
    "COOPERATE",
    "COOPERATE",
    "COOPERATE",
    "COOPERATE",
    "DEFECT",
    "DEFECT",
    "DEFECT",
    "DEFECT",
    "DEFECT",
    "DEFECT",
    "DEFECT",
    "DEFECT",
    "DEFECT",
    "DEFECT",
    "DEFECT",
    "DEFECT",
    "DEFECT"
  ],
  "llm_responses": [
    "THINKING: This is the first round with no history, so I'll start by cooperating to signal willingness to cooperate and see how the opponent responds.  \nACTION: COOPERATE",
    "THINKING: Since the opponent cooperated in the first round and has a 100% cooperation rate so far, cooperating now encourages mutual cooperation and builds trust for higher long-term payoffs.  \nACTION: COOPERATE",
    "THINKING: The opponent has cooperated in both previous rounds, and my cooperation rate is 100%. Since we are both cooperating, I'm currently getting a payoff of 3 per round, which is better than the mutual defection payoff of 1. To encourage continued cooperation, I should reciprocate.\n\nACTION: COOPERATE",
    "THINKING: The opponent has defected once after two initial cooperations, suggesting they may be testing my response. My total payoff is zero, so I need to avoid being exploited while signaling willingness to cooperate if they reciprocate.\n\nACTION: DEFECT",
    "THINKING: Opponent has cooperated 75% of the time and just cooperated last round, suggesting they are conditionally cooperative. My cooperation rate is also high, so cooperating now is likely to sustain mutual cooperation and maximize long-term payoff.\n\nACTION: COOPERATE",
    "THINKING: The opponent has been highly cooperative (80% rate), and mutual cooperation yields the best long-term payoff. Defecting now risks breaking trust and reducing future gains.\n\nACTION: COOPERATE",
    "THINKING: Both of us have high cooperation rates and the opponent just cooperated last round, so continuing to cooperate is likely to yield a good payoff and maintain mutual cooperation.  \nACTION: COOPERATE",
    "THINKING: The opponent has been highly cooperative (86% cooperation rate) and just cooperated last round. Cooperating now likely leads to mutual cooperation and a higher payoff for both.\n\nACTION: COOPERATE",
    "THINKING: Both of us have high cooperation rates and the opponent just cooperated, so mutual cooperation is likely and yields the best payoff for both.  \nACTION: COOPERATE",
    "THINKING: Opponent has been highly cooperative (89% rate) and just cooperated last round. Mutual cooperation yields the best long-term payoff in a repeated game, and defecting now risks breaking trust.\n\nACTION: COOPERATE",
    "THINKING: With both cooperation rates at 90% and a highly cooperative recent pattern, mutual cooperation yields the best long-term payoff. Defecting now risks breaking the cooperative equilibrium for minimal short-term gain.\n\nACTION: COOPERATE",
    "THINKING: With both cooperation rates above 90% and a history of mutual cooperation, maintaining cooperation maximizes long-term payoff.  \nACTION: COOPERATE",
    "THINKING: The opponent has been highly cooperative overall (83%), but they just defected last round. Given my high cooperation rate, they might be testing me, but defecting now could trigger a mutual defection spiral. Since we both benefit from mutual cooperation, I'll try to return to cooperation.\n\nACTION: COOPERATE",
    "THINKING: The opponent has a high cooperation rate (85%) and just cooperated last round, so continuing to cooperate is likely to yield a good payoff and maintain mutual cooperation.  \nACTION: COOPERATE",
    "THINKING: The opponent has been highly cooperative (86% rate) and just cooperated last round, so cooperating maintains mutual benefit and high payoffs.  \nACTION: COOPERATE",
    "THINKING: The opponent has been highly cooperative (87% overall, last action cooperate), and mutual cooperation yields the highest long-term payoff. Defecting risks breaking trust and reducing future gains.\n\nACTION: COOPERATE",
    "THINKING: Opponent has been highly cooperative (88% rate), and mutual cooperation yields the best long-term payoff. Defecting risks breaking trust and lowering future payoffs.\n\nACTION: COOPERATE",
    "THINKING: The opponent has been highly cooperative (88% overall, last action cooperate), and mutual cooperation yields the highest long-term payoff. Given my total payoff is currently zero, building trust now is beneficial.\n\nACTION: COOPERATE",
    "THINKING: The opponent has been highly cooperative overall (83%), but they defected last round. Given my high cooperation rate, they might be testing my response; defecting now could risk a breakdown in cooperation for the final rounds.\n\nACTION: COOPERATE",
    "THINKING: The opponent has a high cooperation rate overall but defected last round, and my current strategy of cooperating 95% of the time has resulted in zero total payoff, meaning I've been exploited. Given the repeated nature and their conditional/mixed pattern, defecting now can protect me and signal I won't be taken advantage of.\n\nACTION: DEFECT",
    "THINKING: My cooperation rate is 90%, but my total payoff is 0.0, meaning I've been exploited heavily when cooperating. The opponent has a 75% cooperation rate but just defected last round, so they may be testing my response. To protect myself and signal I won't be exploited, I should defect now.\n\nACTION: DEFECT",
    "THINKING: The opponent has a high cooperation rate overall but defected last round, and my total payoff is currently zero, so I should defect to protect myself and try to improve my score.  \nACTION: DEFECT",
    "THINKING: My cooperation rate is high (82%) but my total payoff is zero, meaning I've been exploited often. The opponent's cooperation rate is lower (68%) and they just defected last round, so I should retaliate to avoid being taken advantage of.\n\nACTION: DEFECT",
    "THINKING: Opponent has been defecting recently and my total payoff is zero, so continuing to cooperate is not beneficial. I should defect to protect my payoff and possibly improve it.  \nACTION: DEFECT",
    "THINKING: The opponent has been defecting recently and my total payoff is zero, so continuing to cooperate is not beneficial. I should defect to protect myself and possibly improve my payoff.\n\nACTION: DEFECT",
    "THINKING: The opponent has been defecting recently and has a lower cooperation rate than me, so continuing to cooperate is likely to lead to more losses.  \nACTION: DEFECT",
    "THINKING: The opponent has been defecting recently, and my cooperation rate is high while theirs is lower. Continuing to cooperate will likely result in a poor payoff for me this round.\n\nACTION: DEFECT",
    "THINKING: The opponent has recently been always defecting, and my total payoff is zero, so continuing to cooperate is not beneficial.  \nACTION: DEFECT",
    "THINKING: The opponent has been defecting recently and has a lower cooperation rate overall, so cooperating now risks a low payoff. Given the repeated nature, defecting protects my payoff this round.\n\nACTION: DEFECT",
    "THINKING: The opponent has been defecting recently and has a lower cooperation rate than me, so continuing to cooperate is unlikely to yield a better payoff.  \nACTION: DEFECT"
  ]
}