{
  "experiment": "exp6_baseline",
  "game": "prisoners_dilemma",
  "provider": "openai",
  "baseline": "GrimTrigger",
  "trial": 30,
  "rounds": 30,
  "payoff": 90,
  "coop_rate": 1.0,
  "llm_history": [
    "COOPERATE",
    "COOPERATE",
    "COOPERATE",
    "COOPERATE",
    "COOPERATE",
    "COOPERATE",
    "COOPERATE",
    "COOPERATE",
    "COOPERATE",
    "COOPERATE",
    "COOPERATE",
    "COOPERATE",
    "COOPERATE",
    "COOPERATE",
    "COOPERATE",
    "COOPERATE",
    "COOPERATE",
    "COOPERATE",
    "COOPERATE",
    "COOPERATE",
    "COOPERATE",
    "COOPERATE",
    "COOPERATE",
    "COOPERATE",
    "COOPERATE",
    "COOPERATE",
    "COOPERATE",
    "COOPERATE",
    "COOPERATE",
    "COOPERATE"
  ],
  "opp_history": [
    "COOPERATE",
    "COOPERATE",
    "COOPERATE",
    "COOPERATE",
    "COOPERATE",
    "COOPERATE",
    "COOPERATE",
    "COOPERATE",
    "COOPERATE",
    "COOPERATE",
    "COOPERATE",
    "COOPERATE",
    "COOPERATE",
    "COOPERATE",
    "COOPERATE",
    "COOPERATE",
    "COOPERATE",
    "COOPERATE",
    "COOPERATE",
    "COOPERATE",
    "COOPERATE",
    "COOPERATE",
    "COOPERATE",
    "COOPERATE",
    "COOPERATE",
    "COOPERATE",
    "COOPERATE",
    "COOPERATE",
    "COOPERATE",
    "COOPERATE"
  ],
  "llm_responses": [
    "THINKING: Since this is the first round and there is no history or pattern from the opponent, cooperating could foster trust and encourage mutual cooperation in future rounds. However, defecting could maximize my immediate payoff if the opponent cooperates.  \nACTION: COOPERATE",
    "THINKING: The opponent has cooperated in the first round, and their cooperation rate is 100%. Continuing to cooperate could establish mutual trust and maximize long-term payoffs.  \nACTION: COOPERATE",
    "THINKING: The opponent has cooperated in all previous rounds, indicating a strong inclination toward mutual cooperation. To maximize long-term payoffs, maintaining cooperation seems optimal for now.\n\nACTION: COOPERATE",
    "THINKING: The opponent has shown consistent cooperation across all rounds, and defecting could risk breaking the mutual trust and reducing overall payoffs in future rounds. Cooperation maximizes long-term benefits in this scenario.  \n\nACTION: COOPERATE",
    "THINKING: Both I and my opponent have maintained full cooperation so far, resulting in the highest mutual payoff. Breaking this pattern by defecting would harm mutual trust and likely lead to lower payoffs in future rounds.\n\nACTION: COOPERATE",
    "THINKING: Both I and the opponent have been highly cooperative, and mutual cooperation yields the best overall payoff in the long term. Breaking the trust now by defecting could jeopardize future cooperation and lead to lower payoffs.\n\nACTION: COOPERATE",
    "THINKING: Both players have consistently cooperated, leading to optimal payoffs for both. Continuing to cooperate maintains trust and maximizes long-term rewards in this iterated game.  \nACTION: COOPERATE  ",
    "THINKING: Both I and the Opponent have cooperated consistently, maintaining mutual trust and maximizing payoffs. Defecting now would break this trust and likely lead to worse outcomes in future rounds.\n\nACTION: COOPERATE",
    "THINKING: The opponent has been consistently cooperative with a 100% cooperation rate, and mutual cooperation yields the highest collective payoff. Defecting would harm trust and likely disrupt the cooperative pattern in future rounds.  \nACTION: COOPERATE",
    "THINKING: Both players have consistently cooperated, forming a mutually beneficial strategy. Defecting now could harm the trust and payoff potential in future rounds.  \nACTION: COOPERATE  ",
    "THINKING: Both my opponent and I have cooperated consistently for all 10 rounds, resulting in mutual trust and maximizing our payoffs. Defecting now would break that trust and reduce long-term gains.\n\nACTION: COOPERATE",
    "THINKING: Both I and the opponent have cooperated consistently for 11 rounds, resulting in mutual trust and optimal payoffs. Defecting now would break that trust and potentially lead to suboptimal outcomes in future rounds.\n\nACTION: COOPERATE",
    "THINKING: The Opponent has been entirely cooperative so far, and maintaining mutual cooperation yields the best long-term payoffs (3 each per round) compared to defecting and risking a breakdown of trust. Defecting now could jeopardize the cooperative dynamic.\n\nACTION: COOPERATE",
    "THINKING: The opponent has shown consistent cooperation throughout all 13 rounds. Maintaining cooperation builds trust and maximizes mutual payoffs in the long term, especially given the opponent's highly cooperative behavior.  \nACTION: COOPERATE  ",
    "THINKING: Both my opponent and I have shown consistent cooperation throughout the game, and mutual cooperation leads to the highest joint payoff. Breaking this pattern now could harm trust and future payoffs.\n\nACTION: COOPERATE",
    "THINKING: Both I and the Opponent have been entirely cooperative so far, resulting in mutual benefits. Given the Opponent's consistent cooperation, maintaining cooperation is optimal to maximize long-term payoffs. \n\nACTION: COOPERATE",
    "THINKING: The opponent has shown consistent cooperation throughout all 16 rounds. Maintaining mutual cooperation maximizes payoffs for both players and avoids unnecessary risk of retaliation or breakdown of trust.  \n\nACTION: COOPERATE",
    "THINKING: Both I and the Opponent have consistently cooperated across all prior rounds, resulting in mutual benefits. Breaking this pattern by defecting could harm trust and reduce future payoffs in what appears to be a long-term cooperative relationship. \n\nACTION: COOPERATE",
    "THINKING: Both you and the opponent have cooperated consistently for 18 rounds, resulting in mutual trust and maximizing payoffs. Breaking this pattern by defecting could harm the trust and lead to reduced payoffs in future rounds. \n\nACTION: COOPERATE",
    "THINKING: The opponent has consistently cooperated in all previous rounds, and mutual cooperation yields the highest joint payoff. Defecting now would break trust and likely lead to worse outcomes in future rounds.  \n\nACTION: COOPERATE",
    "THINKING: Both I and the Opponent have been fully cooperative so far, leading to mutual benefits. Breaking this trust now by defecting could jeopardize future cooperation and reduce long-term payoffs.  \nACTION: COOPERATE  ",
    "THINKING: Both my opponent and I have consistently cooperated throughout the game, maximizing mutual payoffs. Defecting now would break the trust and risk triggering retaliation in future rounds, which could harm my long-term payoff.\n\nACTION: COOPERATE",
    "THINKING: Both my cooperation rate and the opponent's cooperation rate are 100%, indicating a mutually beneficial strategy of consistent cooperation so far. Defecting now risks breaking the trust and damaging this successful pattern, which could lead to lower future payoffs.\n\nACTION: COOPERATE",
    "THINKING: The Opponent has cooperated in every round, showing a strong pattern of trustworthiness. Maintaining cooperation will likely maximize both our payoffs in the long run. \n\nACTION: COOPERATE",
    "THINKING: Given the opponent's consistent cooperation rate and the mutual benefit of cooperation in the payoff matrix, defecting risks breaking the trust and reducing long-term payoffs. Continuing to cooperate maximizes mutual gains.  \n\nACTION: COOPERATE",
    "THINKING: The opponent has consistently cooperated for all 25 rounds, and both of us are maximizing our payoffs through mutual cooperation. Defecting would break trust and lead to worse outcomes for both parties in the long run.\n\nACTION: COOPERATE",
    "THINKING: Both my opponent and I have maintained perfect cooperation throughout all 26 rounds, leading to a high mutual payoff. Breaking this pattern now would risk losing trust and damaging future rounds' cooperation.\n\nACTION: COOPERATE",
    "THINKING: The opponent has shown a consistent and reliable pattern of cooperation throughout the game (27/27 rounds). Maintaining mutual cooperation ensures a higher payoff for both, while defecting could break trust and lower long-term payoffs.\n\nACTION: COOPERATE",
    "THINKING: Both I and the Opponent have shown consistent cooperation, leading to optimal mutual payoffs. Breaking this pattern risks losing trust and decreasing overall payoff. Sustaining cooperation seems the most rational choice.  \n\nACTION: COOPERATE",
    "THINKING: The opponent has consistently cooperated in all previous rounds, and mutual cooperation maximizes the long-term payoff for both players. Defecting now would break the trust built over 29 rounds and result in lower payoffs if the opponent retaliates in future rounds.  \n\nACTION: COOPERATE"
  ]
}