{
  "experiment": "exp6_baseline",
  "game": "prisoners_dilemma",
  "provider": "deepseek",
  "baseline": "AlwaysDefect",
  "trial": 10,
  "rounds": 30,
  "payoff": 29,
  "coop_rate": 0.03333333333333333,
  "llm_history": [
    "COOPERATE",
    "DEFECT",
    "DEFECT",
    "DEFECT",
    "DEFECT",
    "DEFECT",
    "DEFECT",
    "DEFECT",
    "DEFECT",
    "DEFECT",
    "DEFECT",
    "DEFECT",
    "DEFECT",
    "DEFECT",
    "DEFECT",
    "DEFECT",
    "DEFECT",
    "DEFECT",
    "DEFECT",
    "DEFECT",
    "DEFECT",
    "DEFECT",
    "DEFECT",
    "DEFECT",
    "DEFECT",
    "DEFECT",
    "DEFECT",
    "DEFECT",
    "DEFECT",
    "DEFECT"
  ],
  "opp_history": [
    "DEFECT",
    "DEFECT",
    "DEFECT",
    "DEFECT",
    "DEFECT",
    "DEFECT",
    "DEFECT",
    "DEFECT",
    "DEFECT",
    "DEFECT",
    "DEFECT",
    "DEFECT",
    "DEFECT",
    "DEFECT",
    "DEFECT",
    "DEFECT",
    "DEFECT",
    "DEFECT",
    "DEFECT",
    "DEFECT",
    "DEFECT",
    "DEFECT",
    "DEFECT",
    "DEFECT",
    "DEFECT",
    "DEFECT",
    "DEFECT",
    "DEFECT",
    "DEFECT",
    "DEFECT"
  ],
  "llm_responses": [
    "THINKING: This is the first round with no history, so I'll start with cooperation to signal willingness to cooperate and see how the opponent responds.  \nACTION: COOPERATE",
    "THINKING: Opponent defected in the first round, and my cooperation rate is 100% while theirs is 0%. Starting with a defection suggests they may be playing a strategy like Always Defect. I should defect to avoid being exploited again.\n\nACTION: DEFECT",
    "THINKING: The opponent has defected in both previous rounds, so they are likely playing a strategy that defects often. To maximize my payoff, I should defect to avoid being exploited.\n\nACTION: DEFECT",
    "THINKING: The opponent has defected every round so far, and my cooperation rate is low because I've tried cooperating at least once but got punished. Continuing to cooperate against an always-defect strategy will only lose more points.\n\nACTION: DEFECT",
    "THINKING: The opponent has defected every round so far, and my cooperation rate is low because I've mostly defected too. Continuing to defect is the safest choice to avoid being exploited.\n\nACTION: DEFECT",
    "THINKING: The opponent has always defected so far, and my cooperation has led to zero payoff. Continuing to cooperate is unlikely to change their behavior, so I should defect to minimize losses.  \nACTION: DEFECT",
    "THINKING: The opponent has always defected so far, and my cooperation has led to zero payoff. Continuing to cooperate is unlikely to change their behavior, so I should defect to minimize losses.\n\nACTION: DEFECT",
    "THINKING: The opponent has defected every round so far and has a 0% cooperation rate, so cooperating again is unlikely to change their behavior and will just lose me more points.  \nACTION: DEFECT",
    "THINKING: The opponent has defected every round so far, and my cooperation has only led to losses. Continuing to cooperate is not rational.  \nACTION: DEFECT",
    "THINKING: The opponent has defected every single round so far, and my cooperation has only led to losses. Continuing to cooperate is not rational.\n\nACTION: DEFECT",
    "THINKING: The opponent has always defected so far, and my cooperation rate is high but I have zero total payoff because they exploit me. Continuing to cooperate is not rational.\n\nACTION: DEFECT",
    "THINKING: The opponent has consistently defected in all previous rounds, and my cooperation has only led to losses. Continuing to cooperate is not rational in this scenario.\n\nACTION: DEFECT",
    "THINKING: The opponent has always defected so far, and my cooperation has led to zero payoff. Continuing to cooperate is not rational; I should defect to minimize losses.  \nACTION: DEFECT",
    "THINKING: The opponent has defected in all previous rounds, and my cooperation has only led to losses. Continuing to cooperate is not rational here.  \nACTION: DEFECT",
    "THINKING: The opponent has always defected so far, and my cooperation has only hurt my score. Continuing to cooperate is not rational in this repeated game given their consistent defection.\n\nACTION: DEFECT",
    "THINKING: The opponent has always defected so far, and my cooperation has led to zero payoff. Continuing to cooperate is not rational.  \nACTION: DEFECT",
    "THINKING: The opponent has defected every single round so far, and my cooperation has only led to losses. Continuing to cooperate is not rational.  \nACTION: DEFECT",
    "THINKING: The opponent has defected every single round so far, and my cooperation has only led to losses. Continuing to cooperate is not rational.\n\nACTION: DEFECT",
    "THINKING: The opponent has defected every round so far, and my cooperation has only led to losses. Continuing to cooperate is not rational.  \nACTION: DEFECT",
    "THINKING: The opponent has defected 100% of the time, and cooperating against a constant defector yields the worst payoff for me.  \nACTION: DEFECT",
    "THINKING: The opponent has defected in every round so far and has a 0% cooperation rate, so they are playing \"Always Defect.\" Cooperating again would just give them another high payoff at my expense.\n\nACTION: DEFECT",
    "THINKING: The opponent has defected 100% of the time, and cooperating against a constant defector yields the worst payoff for me.  \nACTION: DEFECT",
    "THINKING: The opponent has defected in every previous round and has a 0% cooperation rate, so cooperating now would likely just give them another high payoff at my expense.  \nACTION: DEFECT",
    "THINKING: The opponent has defected in all 23 previous rounds and has a 0% cooperation rate, so they are playing a pure \"Always Defect\" strategy. Cooperating now would only give me 0 points while defecting guarantees at least 1 point.\n\nACTION: DEFECT",
    "THINKING: The opponent has defected in every round so far, and my cooperation has only led to losses. Continuing to cooperate is not rational.\n\nACTION: DEFECT",
    "THINKING: The opponent has defected every single round so far, and my cooperation has only led to losses. Continuing to cooperate is not rational.  \nACTION: DEFECT",
    "THINKING: The opponent has consistently defected in all previous rounds, and my cooperation has only led to losses. Continuing to cooperate is not rational.  \nACTION: DEFECT",
    "THINKING: The opponent has defected in every round so far, and my cooperation rate is very low, so there's no incentive for me to cooperate now.  \nACTION: DEFECT",
    "THINKING: The opponent has defected in all 28 previous rounds, showing no willingness to cooperate, so there is no benefit to cooperating now.  \nACTION: DEFECT",
    "THINKING: The opponent has almost always defected (0% cooperation rate), and my current payoff is zero, so continuing to cooperate is not beneficial.  \nACTION: DEFECT"
  ]
}