{
  "experiment": "exp6_baseline",
  "game": "prisoners_dilemma",
  "provider": "deepseek",
  "baseline": "AlwaysDefect",
  "trial": 23,
  "rounds": 30,
  "payoff": 29,
  "coop_rate": 0.03333333333333333,
  "llm_history": [
    "COOPERATE",
    "DEFECT",
    "DEFECT",
    "DEFECT",
    "DEFECT",
    "DEFECT",
    "DEFECT",
    "DEFECT",
    "DEFECT",
    "DEFECT",
    "DEFECT",
    "DEFECT",
    "DEFECT",
    "DEFECT",
    "DEFECT",
    "DEFECT",
    "DEFECT",
    "DEFECT",
    "DEFECT",
    "DEFECT",
    "DEFECT",
    "DEFECT",
    "DEFECT",
    "DEFECT",
    "DEFECT",
    "DEFECT",
    "DEFECT",
    "DEFECT",
    "DEFECT",
    "DEFECT"
  ],
  "opp_history": [
    "DEFECT",
    "DEFECT",
    "DEFECT",
    "DEFECT",
    "DEFECT",
    "DEFECT",
    "DEFECT",
    "DEFECT",
    "DEFECT",
    "DEFECT",
    "DEFECT",
    "DEFECT",
    "DEFECT",
    "DEFECT",
    "DEFECT",
    "DEFECT",
    "DEFECT",
    "DEFECT",
    "DEFECT",
    "DEFECT",
    "DEFECT",
    "DEFECT",
    "DEFECT",
    "DEFECT",
    "DEFECT",
    "DEFECT",
    "DEFECT",
    "DEFECT",
    "DEFECT",
    "DEFECT"
  ],
  "llm_responses": [
    "THINKING: This is the first round with no history, so I'll start with cooperation to signal willingness to cooperate and see how the opponent responds.  \nACTION: COOPERATE",
    "THINKING: The opponent defected in the first round, and my cooperation rate is 100% while theirs is 0%. Starting with a defection suggests they may be playing a strategy like Always Defect. I should defect to avoid being exploited again.  \nACTION: DEFECT",
    "THINKING: The opponent has defected both previous rounds, so they are likely playing a strategy that defects often. My best response to a defector is to defect as well to avoid being exploited.  \nACTION: DEFECT",
    "THINKING: The opponent has always defected so far, and my cooperation rate is low because they exploit my cooperation. Continuing to cooperate will likely lead to zero payoff again.\n\nACTION: DEFECT",
    "THINKING: The opponent has defected every round so far, and my cooperation has only led to zero payoff. Continuing to cooperate is unlikely to change their behavior, so I should defect to protect my payoff.\n\nACTION: DEFECT",
    "THINKING: The opponent has defected every round so far, and my cooperation has only led to zero payoff. Continuing to cooperate is unlikely to change their behavior.  \nACTION: DEFECT",
    "THINKING: The opponent has always defected so far, and my cooperation has only led to losses. Continuing to cooperate is not rational.  \nACTION: DEFECT",
    "THINKING: The opponent has always defected so far, and my cooperation has led to zero payoff. Continuing to cooperate is not rational; I should defect to minimize losses.\n\nACTION: DEFECT",
    "THINKING: The opponent has defected every round so far, and my cooperation has only led to zero payoff. Continuing to cooperate is not rational against an always-defect strategy.\n\nACTION: DEFECT",
    "THINKING: The opponent has defected every round so far, and my cooperation has only led to losses. Continuing to cooperate is not rational against an always-defect strategy.  \nACTION: DEFECT",
    "THINKING: The opponent has defected every round so far, and my cooperation has only led to losses. Continuing to cooperate is not rational.  \nACTION: DEFECT",
    "THINKING: The opponent has defected in all previous rounds and has a 0% cooperation rate, so cooperating now would likely just give them another high payoff at my expense.  \nACTION: DEFECT",
    "THINKING: The opponent has consistently defected every round, and my cooperation has only led to losses. Continuing to cooperate is not rational in this scenario.\n\nACTION: DEFECT",
    "THINKING: The opponent has consistently defected in all previous rounds, and my cooperation has only led to losses. Continuing to cooperate is not rational in this scenario.\n\nACTION: DEFECT",
    "THINKING: The opponent has always defected, and my cooperation has only led to losses. To avoid further losses, I should defect as well.  \nACTION: DEFECT",
    "THINKING: The opponent has defected in every round so far and has a 0% cooperation rate, so continuing to cooperate will only yield zero payoff. Defecting ensures at least a payoff of 1 and matches their strategy.\n\nACTION: DEFECT",
    "THINKING: The opponent has always defected, so cooperating again would just lose me more points.  \nACTION: DEFECT",
    "THINKING: The opponent has defected every round so far, and my cooperation has only led to losses. Continuing to cooperate is not rational.  \nACTION: DEFECT",
    "THINKING: The opponent has consistently defected in all previous rounds, and my cooperation has only led to losses. Continuing to cooperate is not rational in this scenario.\n\nACTION: DEFECT",
    "THINKING: The opponent has defected in all 19 previous rounds, showing no willingness to cooperate, so cooperating again would only yield a payoff of 0.  \nACTION: DEFECT",
    "THINKING: The opponent has defected 100% of the time, showing no sign of cooperation. Cooperating now would only give them a higher payoff at my expense.\n\nACTION: DEFECT",
    "THINKING: The opponent has defected 100% of the time, and cooperating has led to a total payoff of 0. Continuing to cooperate is irrational.  \nACTION: DEFECT",
    "THINKING: The opponent has always defected so far, and my cooperation rate is only 5%, meaning cooperating has not been successful. To maximize my payoff in this round, I should defect.\n\nACTION: DEFECT",
    "THINKING: The opponent has defected in every previous round, and my cooperation has only led to losses. Continuing to cooperate is not rational here.\n\nACTION: DEFECT",
    "THINKING: The opponent has defected in all previous rounds and shows no cooperation, so cooperating now would only lower my payoff.  \nACTION: DEFECT",
    "THINKING: The opponent has consistently defected for 25 rounds, and my cooperation has only led to losses. Continuing to cooperate is not rational in this scenario.\n\nACTION: DEFECT",
    "THINKING: The opponent has defected in every round so far, and my cooperation has only led to losses. Continuing to cooperate is not rational.  \nACTION: DEFECT",
    "THINKING: The opponent has defected in every round so far and shows no sign of cooperating, so cooperating now would only give me a payoff of 0 while defecting gives me at least 1.  \nACTION: DEFECT",
    "THINKING: The opponent has always defected so far, and my cooperation rate is very low, so there's no benefit to cooperating now.  \nACTION: DEFECT",
    "THINKING: The opponent has defected in all previous rounds and has a 0% cooperation rate, so continuing to cooperate is not beneficial.  \nACTION: DEFECT"
  ]
}