{
  "experiment": "exp6_baseline",
  "game": "prisoners_dilemma",
  "provider": "openai",
  "baseline": "AlwaysCooperate",
  "trial": 13,
  "rounds": 30,
  "payoff": 90,
  "coop_rate": 1.0,
  "llm_history": [
    "COOPERATE",
    "COOPERATE",
    "COOPERATE",
    "COOPERATE",
    "COOPERATE",
    "COOPERATE",
    "COOPERATE",
    "COOPERATE",
    "COOPERATE",
    "COOPERATE",
    "COOPERATE",
    "COOPERATE",
    "COOPERATE",
    "COOPERATE",
    "COOPERATE",
    "COOPERATE",
    "COOPERATE",
    "COOPERATE",
    "COOPERATE",
    "COOPERATE",
    "COOPERATE",
    "COOPERATE",
    "COOPERATE",
    "COOPERATE",
    "COOPERATE",
    "COOPERATE",
    "COOPERATE",
    "COOPERATE",
    "COOPERATE",
    "COOPERATE"
  ],
  "opp_history": [
    "COOPERATE",
    "COOPERATE",
    "COOPERATE",
    "COOPERATE",
    "COOPERATE",
    "COOPERATE",
    "COOPERATE",
    "COOPERATE",
    "COOPERATE",
    "COOPERATE",
    "COOPERATE",
    "COOPERATE",
    "COOPERATE",
    "COOPERATE",
    "COOPERATE",
    "COOPERATE",
    "COOPERATE",
    "COOPERATE",
    "COOPERATE",
    "COOPERATE",
    "COOPERATE",
    "COOPERATE",
    "COOPERATE",
    "COOPERATE",
    "COOPERATE",
    "COOPERATE",
    "COOPERATE",
    "COOPERATE",
    "COOPERATE",
    "COOPERATE"
  ],
  "llm_responses": [
    "THINKING: Since this is the first round and there is no history to analyze, cooperating can establish trust and encourage mutual cooperation in future rounds, maximizing long-term payoffs.  \nACTION: COOPERATE  ",
    "THINKING: Given the opponent's 100% cooperation rate and mutual cooperation in the previous round, maintaining cooperation fosters trust and maximizes mutual payoff. Defecting now would risk damaging the relationship and future payoffs.  \n\nACTION: COOPERATE",
    "THINKING: The opponent has cooperated in both rounds so far, indicating a high likelihood of continuing to cooperate, which maximizes mutual payoff. To maintain trust and maximize long-term rewards, continuing to cooperate is the best strategy.  \nACTION: COOPERATE",
    "THINKING: Both I and the Opponent have consistently cooperated, leading to mutual benefits. Trust and cooperation seem to be the optimal strategy to maximize long-term payoffs.  \nACTION: COOPERATE",
    "THINKING: Both I and the opponent have been highly cooperative so far, maintaining mutual trust. Defecting now would break that trust and risk losing long-term benefits of mutual cooperation.\n\nACTION: COOPERATE",
    "THINKING: Both I and the Opponent have been consistently cooperative, leading to mutual benefits. Maintaining cooperation maximizes the payoff for both of us in the long run, especially given the Opponent's highly cooperative nature.\n\nACTION: COOPERATE",
    "THINKING: Both I and the Opponent have cooperated 100% so far, and the Opponent shows a highly cooperative pattern. Maintaining mutual cooperation maximizes long-term payoffs.  \nACTION: COOPERATE  ",
    "THINKING: Both the Opponent and I have been consistently cooperating, resulting in maximized payoffs for both sides. Breaking this pattern by defecting could damage trust and lead to a less favorable outcome in future rounds. \n\nACTION: COOPERATE",
    "THINKING: The opponent has demonstrated consistent cooperation across all rounds, and mutual cooperation yields the highest long-term payoff. Breaking this trust by defecting could disrupt the cooperative dynamic and lead to lower future payoffs.  \n\nACTION: COOPERATE",
    "THINKING: The opponent has demonstrated consistent cooperation, and defecting now could harm the mutual trust and lead to reduced payoffs for both in future rounds. Maintaining cooperation maximizes the long-term benefits.  \nACTION: COOPERATE  ",
    "THINKING: Both my opponent and I have been fully cooperative so far, resulting in consistent mutual benefits. Defecting now would disrupt the trust and likely lead to lower overall payoffs in future rounds.\n\nACTION: COOPERATE",
    "THINKING: The opponent has consistently cooperated, and mutual cooperation provides the best long-term payoff in the Prisoner's Dilemma. Breaking the trust now would likely harm future rounds if the opponent retaliates. \n\nACTION: COOPERATE",
    "THINKING: My opponent has consistently cooperated in every round, showing a highly cooperative pattern. To maximize long-term gains and maintain mutual trust, it is best to also cooperate.\n\nACTION: COOPERATE",
    "THINKING: Both I and the opponent have consistently cooperated, leading to a stable mutually beneficial outcome. Continuing to cooperate will maximize long-term payoffs and maintain trust.  \nACTION: COOPERATE",
    "THINKING: Both I and the opponent have cooperated consistently, fostering a high-trust relationship and maximizing mutual payoffs. Defecting now would break this trust and likely result in lower payoffs in future rounds.\n\nACTION: COOPERATE",
    "THINKING: The opponent has been consistently cooperative for all 15 rounds, and my cooperation rate is also 100%. Defecting now would break mutual trust and risk reducing long-term payoffs. Maintaining cooperation maximizes joint gains.  \n\nACTION: COOPERATE",
    "THINKING: The opponent has consistently cooperated in every round, and mutual cooperation yields a higher payoff for both players than defection. Maintaining cooperation ensures trust and maximizes long-term gains in a repeated game.\n\nACTION: COOPERATE",
    "THINKING: The opponent has consistently cooperated in all 17 rounds, and my cooperation rate is 100%. Defecting now risks breaking mutual trust and damaging future payoffs, as cooperation has been mutually beneficial.\n\nACTION: COOPERATE",
    "THINKING: The opponent has been consistently cooperative, and both of us have achieved maximum mutual payoffs by cooperating. Maintaining cooperation preserves trust and ensures optimal outcomes for both parties.  \nACTION: COOPERATE",
    "THINKING: Both my opponent and I have cooperated throughout the game, leading to mutual trust and maximizing payoffs. Defecting now would break this trust and risk future retaliation. Maintaining cooperation ensures stable, mutually beneficial outcomes.  \nACTION: COOPERATE",
    "THINKING: Both my opponent and I have maintained a 100% cooperation rate, which has maximized mutual payoffs so far. Breaking this pattern by defecting would risk damaging trust and future cooperation.\n\nACTION: COOPERATE",
    "THINKING: The opponent has consistently cooperated in all 21 rounds, and mutual cooperation yields the highest combined payoff. Defecting now risks breaking the trust and damaging future outcomes in the repeated game.  \nACTION: COOPERATE",
    "THINKING: Both I and the Opponent have consistently cooperated, resulting in mutual benefit. Defecting now would break trust and potentially lead to future mutual defection, which reduces long-term payoffs.  \nACTION: COOPERATE",
    "THINKING: Both my opponent and I have maintained a 100% cooperation rate, which has maximized mutual payoff each round. Defecting now would break the trust and likely lead to lower payoffs in future rounds.  \n\nACTION: COOPERATE",
    "THINKING: The opponent has consistently cooperated throughout all rounds, and mutual cooperation maximizes long-term payoffs for both players. Defecting would break trust and likely lead to a worse outcome in future rounds.  \n\nACTION: COOPERATE  ",
    "THINKING: Both players have cooperated consistently, leading to mutual gains. Defecting now risks breaking the trust and potentially leading to lower payoffs in future rounds.  \nACTION: COOPERATE",
    "THINKING: The opponent has been consistently cooperative (100% cooperation rate) over 26 rounds. Defecting now would break the trust we've built and could lead to mutual defection in future rounds, reducing long-term payoffs.\n\nACTION: COOPERATE",
    "THINKING: Both I and the Opponent have maintained full cooperation for 27 rounds, resulting in mutual benefit. Defecting now would risk breaking this trust and lower future payoffs.\n\nACTION: COOPERATE",
    "THINKING: Both you and your opponent have cooperated consistently, leading to mutually high payoffs. Defecting now could risk breaking trust and jeopardizing future cooperation.  \nACTION: COOPERATE",
    "THINKING: The Opponent has consistently cooperated in every round, leading to mutual benefit. Breaking this pattern by defecting would betray trust and likely lead to a less favorable outcome in future rounds.\n\nACTION: COOPERATE"
  ]
}