{
  "experiment": "exp6_baseline",
  "game": "prisoners_dilemma",
  "provider": "openai",
  "baseline": "GenerousTitForTat",
  "trial": 30,
  "rounds": 30,
  "payoff": 90,
  "coop_rate": 1.0,
  "llm_history": [
    "COOPERATE",
    "COOPERATE",
    "COOPERATE",
    "COOPERATE",
    "COOPERATE",
    "COOPERATE",
    "COOPERATE",
    "COOPERATE",
    "COOPERATE",
    "COOPERATE",
    "COOPERATE",
    "COOPERATE",
    "COOPERATE",
    "COOPERATE",
    "COOPERATE",
    "COOPERATE",
    "COOPERATE",
    "COOPERATE",
    "COOPERATE",
    "COOPERATE",
    "COOPERATE",
    "COOPERATE",
    "COOPERATE",
    "COOPERATE",
    "COOPERATE",
    "COOPERATE",
    "COOPERATE",
    "COOPERATE",
    "COOPERATE",
    "COOPERATE"
  ],
  "opp_history": [
    "COOPERATE",
    "COOPERATE",
    "COOPERATE",
    "COOPERATE",
    "COOPERATE",
    "COOPERATE",
    "COOPERATE",
    "COOPERATE",
    "COOPERATE",
    "COOPERATE",
    "COOPERATE",
    "COOPERATE",
    "COOPERATE",
    "COOPERATE",
    "COOPERATE",
    "COOPERATE",
    "COOPERATE",
    "COOPERATE",
    "COOPERATE",
    "COOPERATE",
    "COOPERATE",
    "COOPERATE",
    "COOPERATE",
    "COOPERATE",
    "COOPERATE",
    "COOPERATE",
    "COOPERATE",
    "COOPERATE",
    "COOPERATE",
    "COOPERATE"
  ],
  "llm_responses": [
    "THINKING: Since this is the first round and no information about the opponent's behavior is available, starting with cooperation can establish trust and encourage mutual cooperation in future rounds. This aligns with the \"tit-for-tat\" strategy often effective in repeated games.  \nACTION: COOPERATE",
    "THINKING: Since the opponent has cooperated in the first round and their cooperation rate is 100%, it is likely they are aiming for mutual benefit. Cooperating again could build trust and maximize long-term payoffs.  \nACTION: COOPERATE",
    "THINKING: The opponent has cooperated consistently so far, showing a high cooperation rate. To maximize long-term payoffs and build trust, I should also cooperate this round.\n\nACTION: COOPERATE",
    "THINKING: The opponent has consistently cooperated in previous rounds, and maintaining cooperation maximizes mutual gains over repeated interactions. Defecting may risk breaking trust and reducing long-term payoff.  \n\nACTION: COOPERATE",
    "THINKING: Both I and the Opponent have been highly cooperative so far, and there is no indication that the Opponent intends to defect. Continuing cooperation maximizes long-term payoffs in this repeated game.  \nACTION: COOPERATE",
    "THINKING: The opponent has shown consistent cooperation in all previous rounds, and mutual cooperation yields a higher payoff (3 for both) compared to mutual defection (1 for both). Defecting now could ruin a beneficial pattern of trust.  \nACTION: COOPERATE",
    "THINKING: Both my opponent and I have cooperated consistently, leading to mutual gains. Continuing to cooperate maximizes long-term payoffs and maintains trust in this highly cooperative dynamic.  \nACTION: COOPERATE",
    "THINKING: The opponent has shown consistent cooperation with a 100% cooperation rate. Maintaining cooperation can foster mutual benefit and higher long-term payoffs. Defecting now would break the trust and likely harm future outcomes.  \nACTION: COOPERATE",
    "THINKING: The opponent has shown high cooperation throughout all rounds, and mutual cooperation maximizes both payoffs. Breaking the trust now could risk future cooperation and lead to lower long-term payoffs. \n\nACTION: COOPERATE",
    "THINKING: Since both I and my opponent have consistently cooperated, maintaining mutual cooperation ensures the highest payoff for both parties. Defecting could break trust and lead to worse outcomes in future rounds.  \n\nACTION: COOPERATE",
    "THINKING: Both my cooperation rate and my opponent's cooperation rate are 100%, showing mutual trust and a strong cooperative dynamic. Defecting would break this trust and likely lead to worse payoffs in future rounds.\n\nACTION: COOPERATE",
    "THINKING: The opponent has been consistently cooperative with a 100% cooperation rate. To maximize long-term mutual payoff and maintain trust, continuing to cooperate is the best strategy.  \nACTION: COOPERATE",
    "THINKING: Both my opponent and I have consistently cooperated, yielding maximum mutual payoffs. Defection would harm the trust and lower the payoff for both sides. Maintaining cooperation is optimal given the opponent's highly cooperative behavior.  \n\nACTION: COOPERATE",
    "THINKING: Both players have consistently cooperated, maintaining mutual trust and maximizing payoffs. Defecting would break this trust and likely reduce long-term gains. \n\nACTION: COOPERATE",
    "THINKING: Both I and the Opponent have cooperated 100% so far, maintaining mutual trust and maximizing payoffs. Defecting now would break that trust and likely lead to worse outcomes in future rounds.  \n\nACTION: COOPERATE",
    "THINKING: The opponent has consistently cooperated in all 15 rounds, demonstrating high trustworthiness. Maintaining mutual cooperation maximizes the payoff for both parties over time.\n\nACTION: COOPERATE",
    "THINKING: Both I and my opponent have cooperated in every round so far, maintaining mutual trust and maximizing payoffs. Defecting now would risk breaking the trust and reducing long-term payoffs.\n\nACTION: COOPERATE",
    "THINKING: The opponent has consistently cooperated in every round, showing high trustworthiness and a stable cooperative strategy. Defecting now would break mutual cooperation and could harm future payoffs if trust is lost.\n\nACTION: COOPERATE",
    "THINKING: Both my cooperation rate and the opponent's cooperation rate are 100%, indicating consistent mutual cooperation. Defecting now would disrupt the trust and likely lead to mutual defection in future rounds, reducing payoffs for both. \n\nACTION: COOPERATE",
    "THINKING: Both I and the Opponent have maintained 100% cooperation, which maximizes mutual payoff. Breaking this trust now would harm the long-term benefits of cooperation.  \nACTION: COOPERATE",
    "THINKING: Both my opponent and I have consistently cooperated for all previous rounds, leading to a stable outcome with mutual benefit. Maintaining cooperation ensures continued high payoffs and avoids unnecessary risk of retaliation or breakdown of trust.  \nACTION: COOPERATE",
    "THINKING: Both my opponent and I have maintained a 100% cooperation rate, leading to mutual benefits. Breaking this pattern now would damage the trust and reduce future payoffs. \n\nACTION: COOPERATE",
    "THINKING: The opponent has been consistently cooperative for all 22 rounds, and maintaining mutual cooperation will maximize long-term payoffs for both of us. Defecting would risk breaking the trust and could lead to a lower payoff in future rounds.  \n\nACTION: COOPERATE",
    "THINKING: Both my opponent and I have maintained 100% cooperation throughout the game, maximizing mutual payoffs. Defecting now would break trust and could result in lower payoffs in future rounds.\n\nACTION: COOPERATE",
    "THINKING: The opponent has cooperated in every round, and maintaining mutual cooperation yields the highest consistent payoff (3 points each). Defecting now could break trust and reduce future payoffs.\n\nACTION: COOPERATE",
    "THINKING: Both players have consistently cooperated for 25 rounds, leading to mutual high payoffs. Breaking this pattern by defecting could ruin trust and reduce potential long-term gains.\n\nACTION: COOPERATE",
    "THINKING: Both players have consistently cooperated for 26 rounds, leading to a mutual payoff of 3 each round. Defecting now would break trust and jeopardize future cooperation, which has been highly beneficial.  \nACTION: COOPERATE  ",
    "THINKING: Given the opponent's consistent cooperation rate of 100% and the mutual benefit of cooperation, continuing to cooperate is the optimal strategy to maximize long-term payoffs. Defecting would break trust and reduce overall gains.  \nACTION: COOPERATE  ",
    "THINKING: The opponent has shown consistent cooperation (100% rate), and mutual cooperation yields the highest joint payoff (3 each). Defecting now would risk breaking this mutually beneficial pattern and hurt long-term gains. \n\nACTION: COOPERATE",
    "THINKING: The Opponent has shown consistent cooperation throughout all previous rounds, and mutual cooperation yields the highest cumulative payoff. Defecting now would break trust and could lead to retaliation in future rounds.  \n\nACTION: COOPERATE"
  ]
}