{
  "experiment": "exp6_baseline",
  "game": "prisoners_dilemma",
  "provider": "openai",
  "baseline": "AlwaysDefect",
  "trial": 1,
  "rounds": 30,
  "payoff": 29,
  "coop_rate": 0.03333333333333333,
  "llm_history": [
    "COOPERATE",
    "DEFECT",
    "DEFECT",
    "DEFECT",
    "DEFECT",
    "DEFECT",
    "DEFECT",
    "DEFECT",
    "DEFECT",
    "DEFECT",
    "DEFECT",
    "DEFECT",
    "DEFECT",
    "DEFECT",
    "DEFECT",
    "DEFECT",
    "DEFECT",
    "DEFECT",
    "DEFECT",
    "DEFECT",
    "DEFECT",
    "DEFECT",
    "DEFECT",
    "DEFECT",
    "DEFECT",
    "DEFECT",
    "DEFECT",
    "DEFECT",
    "DEFECT",
    "DEFECT"
  ],
  "opp_history": [
    "DEFECT",
    "DEFECT",
    "DEFECT",
    "DEFECT",
    "DEFECT",
    "DEFECT",
    "DEFECT",
    "DEFECT",
    "DEFECT",
    "DEFECT",
    "DEFECT",
    "DEFECT",
    "DEFECT",
    "DEFECT",
    "DEFECT",
    "DEFECT",
    "DEFECT",
    "DEFECT",
    "DEFECT",
    "DEFECT",
    "DEFECT",
    "DEFECT",
    "DEFECT",
    "DEFECT",
    "DEFECT",
    "DEFECT",
    "DEFECT",
    "DEFECT",
    "DEFECT",
    "DEFECT"
  ],
  "llm_responses": [
    "THINKING: Since this is the first round and there is no history or pattern from the opponent, it is generally a good idea to start by cooperating to establish trust and encourage mutual cooperation in future rounds.  \nACTION: COOPERATE",
    "THINKING: In the first round, the Opponent defected while I cooperated, resulting in a payoff of 0 for me. Given their 0% cooperation rate so far, it is likely they will defect again, so defecting is the best way to avoid being exploited.  \nACTION: DEFECT",
    "THINKING: The opponent has consistently defected in the past two rounds, showing no inclination to cooperate. Given the payoff matrix, continuing to cooperate would only result in disadvantageous outcomes for me.  \n\nACTION: DEFECT",
    "THINKING: The opponent has consistently defected in all previous rounds and shows no signs of cooperation. Defecting maximizes my payoff under these circumstances.  \n\nACTION: DEFECT",
    "THINKING: The opponent has consistently defected in every round, showing a clear pattern of non-cooperation. Continuing to cooperate would only result in a lower payoff for me, so defecting is the rational choice to minimize losses.  \nACTION: DEFECT  ",
    "THINKING: The opponent has consistently defected in all previous rounds, showing no indication of changing their strategy. To maximize my payoff in this situation, I should also defect.\n\nACTION: DEFECT",
    "THINKING: Given that the opponent has consistently defected in all previous rounds and shows no indication of changing their behavior, cooperation would only result in a payoff of 0 for me. Defecting ensures I get at least 1 point. \n\nACTION: DEFECT",
    "THINKING: The opponent has consistently defected in all previous rounds, showing no inclination to cooperate. To maximize my payoff, defecting is the only rational choice against a consistently defecting opponent.\n\nACTION: DEFECT",
    "THINKING: The opponent has consistently defected in all previous rounds, showing no intention to cooperate. Defecting maximizes my payoff under these circumstances.  \n\nACTION: DEFECT",
    "THINKING: The opponent has consistently defected in every round, showing no intention to cooperate. Cooperation would only result in a loss for me under these circumstances.\n\nACTION: DEFECT",
    "THINKING: The opponent has defected in every round and has a cooperation rate of 0%, indicating they are consistently playing to maximize their own payoff at my expense. Cooperating would only result in a loss for me, so defecting is the optimal strategy to minimize losses.\n\nACTION: DEFECT",
    "THINKING: The opponent has consistently defected in every round, showing no willingness to cooperate. To maximize my payoff, defecting is the rational choice in response to their strategy.\n\nACTION: DEFECT",
    "THINKING: The opponent has consistently defected in all previous rounds, and continuing to cooperate will only result in a lower payoff for me. To maximize my payoff, I should defect as well.  \nACTION: DEFECT",
    "THINKING: The opponent has consistently defected in every round (0% cooperation rate), and cooperating would only result in a guaranteed loss for me. To maximize my payoff, I should also defect.\n\nACTION: DEFECT",
    "THINKING: The opponent has consistently defected in all previous rounds, and their cooperation rate is 0%. Cooperating would continue to result in a payoff of 0 for me, while defecting ensures a payoff of 1.  \nACTION: DEFECT",
    "THINKING: The opponent has consistently defected in all previous rounds, indicating a strategy of always defecting. Cooperating in this case would result in a guaranteed loss for me, so the rational response is to defect as well.\n\nACTION: DEFECT",
    "THINKING: The opponent has consistently defected in all previous rounds, showing no intention to cooperate. To maximize my payoff, the rational choice is to defect as well.  \n\nACTION: DEFECT",
    "THINKING: The opponent has a 0% cooperation rate and consistently defects, so cooperation will only result in a lower payoff for me. Defecting is the optimal strategy to minimize losses in this repeated game.  \nACTION: DEFECT",
    "THINKING: The opponent has consistently defected in every round, showing a clear strategy of non-cooperation. Cooperating would only result in a loss for me while benefiting the opponent.\n\nACTION: DEFECT",
    "THINKING: The opponent has consistently defected in all previous rounds, showing no intention of cooperation. Continuing to defect ensures I minimize losses and avoid exploitation.\n\nACTION: DEFECT",
    "THINKING: The opponent has consistently defected in all previous rounds and shows no intention of cooperating. Cooperating in this situation would only result in a worse payoff for me. Defecting ensures I at least minimize my loss.\n\nACTION: DEFECT",
    "THINKING: The opponent has consistently defected in every round (0% cooperation rate), and cooperating would only result in a guaranteed loss for me. Defecting ensures I minimize my losses.  \n\nACTION: DEFECT",
    "THINKING: The opponent has consistently defected in every round, showing no intention to cooperate. Defecting is the rational choice to avoid being exploited and to maximize my payoff.  \nACTION: DEFECT  ",
    "THINKING: The opponent has consistently defected every round, and their cooperation rate is 0%. Cooperating would result in a guaranteed loss, so defecting is the optimal response to minimize losses.\n\nACTION: DEFECT",
    "THINKING: The opponent has consistently defected in every round, and their cooperation rate is 0%. Cooperating would lead to a guaranteed loss, while defecting minimizes losses and ensures at least a small payoff. \n\nACTION: DEFECT",
    "THINKING: The opponent has defected in every round so far and shows no indication of changing their strategy. Defecting maximizes my payoff under these circumstances.  \n\nACTION: DEFECT",
    "THINKING: The opponent has consistently defected in all previous rounds, showing a clear and unwavering strategy. Cooperating would only result in a lower payoff for me while benefiting the opponent.  \n\nACTION: DEFECT",
    "THINKING: Since the opponent has consistently defected and has a cooperation rate of 0%, cooperating will only result in a disadvantage for me. Defecting ensures I at least receive a payoff of 1.  \n\nACTION: DEFECT",
    "THINKING: The opponent has consistently defected in all previous rounds, showing no incentive to cooperate. To maximize my payoff, I should defect, as cooperating would grant me a payoff of 0 against their inevitable defection.  \nACTION: DEFECT",
    "THINKING: The opponent has consistently defected in all previous rounds, and their cooperation rate is 0%. Cooperating would guarantee a loss, while defecting minimizes the damage.  \nACTION: DEFECT"
  ]
}