{
  "experiment": "exp6_baseline",
  "game": "prisoners_dilemma",
  "provider": "deepseek",
  "baseline": "Extort2",
  "trial": 8,
  "rounds": 30,
  "payoff": 61,
  "coop_rate": 0.6333333333333333,
  "llm_history": [
    "COOPERATE",
    "COOPERATE",
    "COOPERATE",
    "COOPERATE",
    "DEFECT",
    "DEFECT",
    "COOPERATE",
    "DEFECT",
    "COOPERATE",
    "COOPERATE",
    "COOPERATE",
    "COOPERATE",
    "COOPERATE",
    "COOPERATE",
    "COOPERATE",
    "COOPERATE",
    "COOPERATE",
    "COOPERATE",
    "COOPERATE",
    "COOPERATE",
    "COOPERATE",
    "COOPERATE",
    "DEFECT",
    "DEFECT",
    "DEFECT",
    "DEFECT",
    "DEFECT",
    "DEFECT",
    "DEFECT",
    "DEFECT"
  ],
  "opp_history": [
    "COOPERATE",
    "COOPERATE",
    "COOPERATE",
    "COOPERATE",
    "COOPERATE",
    "DEFECT",
    "DEFECT",
    "COOPERATE",
    "COOPERATE",
    "COOPERATE",
    "COOPERATE",
    "COOPERATE",
    "COOPERATE",
    "COOPERATE",
    "COOPERATE",
    "COOPERATE",
    "COOPERATE",
    "COOPERATE",
    "DEFECT",
    "DEFECT",
    "DEFECT",
    "DEFECT",
    "DEFECT",
    "DEFECT",
    "DEFECT",
    "DEFECT",
    "DEFECT",
    "DEFECT",
    "DEFECT",
    "DEFECT"
  ],
  "llm_responses": [
    "THINKING: Since this is the first round and there's no history, I'll start by cooperating to signal willingness to cooperate and see how the opponent responds.  \nACTION: COOPERATE",
    "THINKING: The opponent has cooperated in the first round, and both cooperation rates are 100%. Starting with cooperation builds trust in a repeated game, and defecting too early could trigger retaliation.\n\nACTION: COOPERATE",
    "THINKING: Opponent has cooperated both previous rounds, and my cooperation rate is 100%. Continuing to cooperate builds trust and mutual benefit in a repeated game.  \nACTION: COOPERATE",
    "THINKING: The opponent has cooperated in all previous rounds, and my cooperation rate is 100%. Continuing to cooperate maintains mutual benefit and high payoffs.  \nACTION: COOPERATE",
    "THINKING: The opponent has cooperated 100% of the time so far, and my total payoff is currently zero, meaning I've been cooperating while they've been defecting in earlier rounds. Given their recent pattern of cooperation, I should defect to exploit their cooperation and improve my payoff.\n\nACTION: DEFECT",
    "THINKING: The opponent has cooperated 100% of the time so far, and my high cooperation rate (80%) has yielded a total payoff of 0, meaning I've been exploited. To improve my score, I should defect now to claim a higher payoff.\n\nACTION: DEFECT",
    "THINKING: Opponent has been highly cooperative overall (83%), but they just defected last round. Given my total payoff is currently zero, I should try to rebuild cooperation to improve my score, so I'll respond with cooperation to encourage mutual cooperation again.\n\nACTION: COOPERATE",
    "THINKING: The opponent has a high cooperation rate but just defected last round, suggesting possible retaliation or testing. Given my total payoff is currently zero, I should prioritize avoiding exploitation while trying to rebuild cooperation cautiously.\n\nACTION: DEFECT",
    "THINKING: The opponent has a high cooperation rate (75%) and just cooperated last round, so cooperating now is likely to lead to mutual cooperation and a payoff of 3, which is better than risking mutual defection.  \nACTION: COOPERATE",
    "THINKING: The opponent has a high cooperation rate and just cooperated last round, so cooperating now is likely to lead to mutual cooperation and a higher payoff.  \nACTION: COOPERATE",
    "THINKING: The opponent is highly cooperative (80% cooperation rate) and just cooperated last round. Cooperating now likely leads to mutual cooperation, giving me 3 points and improving my total payoff from zero.\n\nACTION: COOPERATE",
    "THINKING: The opponent is highly cooperative (82% cooperation rate) and just cooperated last round. Cooperating now likely leads to mutual cooperation, which gives a better payoff than mutual defection.\n\nACTION: COOPERATE",
    "THINKING: The opponent is highly cooperative (83% rate) and just cooperated last round. My total payoff is currently zero, so I need to maximize points now. Cooperating likely leads to mutual cooperation (3 points) rather than risking a defection that could lower my score.\n\nACTION: COOPERATE",
    "THINKING: The opponent is highly cooperative (85% rate) and just cooperated last round. My total payoff is currently zero, so building mutual cooperation will maximize future payoffs.  \nACTION: COOPERATE",
    "THINKING: The opponent has been highly cooperative (86% cooperation rate) and just cooperated last round, so cooperating now is likely to lead to mutual cooperation and a higher payoff.  \nACTION: COOPERATE",
    "THINKING: The opponent has been highly cooperative (87% rate) and just cooperated last round. Cooperating now is likely to maintain mutual cooperation and maximize long-term payoff.\n\nACTION: COOPERATE",
    "THINKING: Opponent has been highly cooperative (88% rate) and just cooperated last round. My total payoff is currently zero, so I need to maximize points now. Cooperating likely leads to mutual cooperation payoff of 3.\n\nACTION: COOPERATE",
    "THINKING: The opponent has been highly cooperative (88% rate) and just cooperated last round. My current payoff is zero, so I need to build mutual cooperation to increase my score. Defecting now risks breaking their trust and lowering future payoffs.\n\nACTION: COOPERATE",
    "THINKING: The opponent is highly cooperative (89% rate) and just cooperated last round. Mutual cooperation yields the best long-term payoff, and defecting now risks retaliation in the final rounds.\n\nACTION: COOPERATE",
    "THINKING: The opponent has been highly cooperative overall (84%), but they just defected last round. Given the repeated nature, cooperating now might encourage a return to mutual cooperation for better long-term payoffs.\n\nACTION: COOPERATE",
    "THINKING: The opponent has a high cooperation rate (80%) and a recent pattern of being highly cooperative, despite their last action being defect. Given my total payoff is currently zero, I should aim to rebuild mutual cooperation for higher future payoffs.\n\nACTION: COOPERATE",
    "THINKING: The opponent has a high cooperation rate overall but just defected last round, and they seem to be a conditional cooperator. My current payoff is zero, so I need to encourage cooperation to improve my score. A cooperative move now may re-establish mutual cooperation.\n\nACTION: COOPERATE",
    "THINKING: The opponent has a high cooperation rate overall but just defected last round. Given my high cooperation rate, they might be testing my response; defecting now could risk mutual defection, but cooperating might invite further exploitation.\n\nACTION: DEFECT",
    "THINKING: The opponent has a high cooperation rate (70%) but just defected last round, possibly testing my response. My total payoff is currently zero, so I need to maximize points now. Given their pattern, they may return to cooperating if I don't retaliate harshly, but defecting now secures a higher payoff if they cooperate again.\n\nACTION: DEFECT",
    "THINKING: The opponent has been defecting recently and has a lower cooperation rate than me, so continuing to cooperate is likely to result in a poor payoff for me this round.  \nACTION: DEFECT",
    "THINKING: The opponent has been defecting recently and my total payoff is zero, so continuing to cooperate is not beneficial. I should defect to protect my payoff and possibly punish their pattern.\n\nACTION: DEFECT",
    "THINKING: The opponent has been defecting recently and my total payoff is zero, so continuing to cooperate is not beneficial. I should defect to protect myself and possibly improve my payoff.\n\nACTION: DEFECT",
    "THINKING: The opponent has a recent pattern of always defecting, and my cooperation rate is already high, so continuing to cooperate is unlikely to change their behavior and will just cost me points.  \nACTION: DEFECT",
    "THINKING: The opponent has been always defecting recently, and my total payoff is zero, so continuing to cooperate is not beneficial.  \nACTION: DEFECT",
    "THINKING: The opponent has been defecting recently and their overall cooperation rate is only 55%, which suggests they are not reliably reciprocal. Given the payoff structure, defecting is the safer choice to avoid a sucker's payoff of 0.\n\nACTION: DEFECT"
  ]
}