{
  "experiment": "exp6_baseline",
  "game": "prisoners_dilemma",
  "provider": "deepseek",
  "baseline": "Pavlov",
  "trial": 14,
  "rounds": 30,
  "payoff": 88,
  "coop_rate": 0.9333333333333333,
  "llm_history": [
    "COOPERATE",
    "COOPERATE",
    "COOPERATE",
    "COOPERATE",
    "COOPERATE",
    "COOPERATE",
    "COOPERATE",
    "COOPERATE",
    "COOPERATE",
    "COOPERATE",
    "COOPERATE",
    "DEFECT",
    "COOPERATE",
    "DEFECT",
    "COOPERATE",
    "COOPERATE",
    "COOPERATE",
    "COOPERATE",
    "COOPERATE",
    "COOPERATE",
    "COOPERATE",
    "COOPERATE",
    "COOPERATE",
    "COOPERATE",
    "COOPERATE",
    "COOPERATE",
    "COOPERATE",
    "COOPERATE",
    "COOPERATE",
    "COOPERATE"
  ],
  "opp_history": [
    "COOPERATE",
    "COOPERATE",
    "COOPERATE",
    "COOPERATE",
    "COOPERATE",
    "COOPERATE",
    "COOPERATE",
    "COOPERATE",
    "COOPERATE",
    "COOPERATE",
    "COOPERATE",
    "COOPERATE",
    "DEFECT",
    "COOPERATE",
    "DEFECT",
    "COOPERATE",
    "COOPERATE",
    "COOPERATE",
    "COOPERATE",
    "COOPERATE",
    "COOPERATE",
    "COOPERATE",
    "COOPERATE",
    "COOPERATE",
    "COOPERATE",
    "COOPERATE",
    "COOPERATE",
    "COOPERATE",
    "COOPERATE",
    "COOPERATE"
  ],
  "llm_responses": [
    "THINKING: Since it's the first round and there's no history, I'll start with cooperation to signal willingness to cooperate and see how the opponent responds.  \nACTION: COOPERATE",
    "THINKING: Since the opponent cooperated in the first round and has a 100% cooperation rate, cooperating again maintains mutual cooperation for a high payoff.  \nACTION: COOPERATE",
    "THINKING: The opponent has cooperated in both previous rounds, and my cooperation rate is 100%. Since we are both cooperating, I'm currently getting a payoff of 3 per round, which is better than the 1 from mutual defection. To build trust and maintain mutual cooperation, I should continue cooperating.\n\nACTION: COOPERATE",
    "THINKING: The opponent has cooperated 100% of the time so far, and mutual cooperation yields a good payoff. Defecting now could break trust and reduce future payoffs.  \nACTION: COOPERATE",
    "THINKING: The opponent has cooperated 100% of the time so far, and my total payoff is currently zero, meaning I've been cooperating while they have been cooperating as well. Continuing to cooperate maintains mutual benefit.\n\nACTION: COOPERATE",
    "THINKING: The opponent has cooperated 100% of the time so far, and mutual cooperation yields a good payoff. Defecting now risks breaking this cooperative pattern and lowering future payoffs.  \nACTION: COOPERATE",
    "THINKING: Opponent has cooperated 100% of the time, and mutual cooperation yields the highest long-term payoff. Defecting now risks breaking the cooperative equilibrium.\n\nACTION: COOPERATE",
    "THINKING: The opponent has cooperated 100% of the time so far, and mutual cooperation yields the highest long-term payoff. Defecting now risks breaking this beneficial pattern.\n\nACTION: COOPERATE",
    "THINKING: The opponent has cooperated in all 8 previous rounds, showing a highly cooperative pattern. Continuing to cooperate maximizes mutual payoff and maintains trust in this repeated game.\n\nACTION: COOPERATE",
    "THINKING: The opponent has cooperated in all 9 previous rounds, showing a highly cooperative pattern. In a repeated Prisoner's Dilemma, mutual cooperation yields the best long-term payoff, and defecting now could trigger retaliation in future rounds.\n\nACTION: COOPERATE",
    "THINKING: The opponent has cooperated 100% of the time so far, and mutual cooperation yields a good payoff. Defecting now risks breaking the cooperative pattern and lowering future payoffs.\n\nACTION: COOPERATE",
    "THINKING: The opponent has cooperated 100% of the time so far, and my total payoff is currently zero, meaning I have been cooperating while they have been defecting. To improve my score, I should defect now to get a higher payoff.\n\nACTION: DEFECT",
    "THINKING: The opponent has cooperated 100% of the time so far, and my high cooperation rate has likely reinforced this. Defecting now would exploit their trust for a one-time gain of 5, but could trigger retaliation in future rounds, reducing long-term payoffs. Since we are in a repeated game and they have shown consistent cooperation, mutual cooperation is the most profitable sustainable strategy.\n\nACTION: COOPERATE",
    "THINKING: The opponent has a high cooperation rate overall, but they just defected last round. Given the repeated nature and my current low payoff, I should retaliate to discourage further defection.  \nACTION: DEFECT",
    "THINKING: The opponent is highly cooperative (93% rate) and just cooperated last round. In a repeated Prisoner's Dilemma, mutual cooperation yields the best long-term payoff, and defecting now risks retaliation.\n\nACTION: COOPERATE",
    "THINKING: The opponent has been highly cooperative overall (87%), but they just defected in the last round. This could be a test or a slip. Given the long-term mutual benefit of cooperation and my high cooperation rate, I'll respond with forgiveness to try to restore cooperation.\n\nACTION: COOPERATE",
    "THINKING: Both of us have been highly cooperative (88% each), and the opponent just cooperated last round. Continuing to cooperate maximizes mutual payoff in this repeated game.\n\nACTION: COOPERATE",
    "THINKING: Both of us have been highly cooperative (88% each), and the opponent just cooperated last round. In a repeated Prisoner's Dilemma with a cooperative opponent, mutual cooperation yields the best long-term payoff.\n\nACTION: COOPERATE",
    "THINKING: Both of us have been highly cooperative (89% each), and the opponent just cooperated last round. Continuing to cooperate maximizes mutual payoff in this repeated game.\n\nACTION: COOPERATE",
    "THINKING: Both of us have high cooperation rates, and the opponent just cooperated last round. Continuing to cooperate maintains mutual benefit and high payoffs.\n\nACTION: COOPERATE",
    "THINKING: With both cooperation rates at 90% and a highly cooperative recent pattern, mutual cooperation yields the best long-term payoff. Defecting now risks breaking this beneficial cycle.\n\nACTION: COOPERATE",
    "THINKING: The opponent has been highly cooperative (90% cooperation rate) and just cooperated last round. Cooperating now maintains mutual cooperation for high payoffs.  \nACTION: COOPERATE",
    "THINKING: Both of us have been highly cooperative (91% each), and the opponent just cooperated last round. In a repeated Prisoner's Dilemma with high mutual cooperation, sticking to cooperation maximizes long-term payoff.  \nACTION: COOPERATE",
    "THINKING: With both cooperation rates at 91% and a highly cooperative recent pattern, mutual cooperation yields the best long-term payoff. Defecting risks breaking this beneficial cycle.\n\nACTION: COOPERATE",
    "THINKING: Both of us have been highly cooperative (92% each), and mutual cooperation yields the best long-term payoff per round. Given the opponent's consistent cooperation, sticking with cooperation is likely to maximize my total payoff.\n\nACTION: COOPERATE",
    "THINKING: Both of us have been highly cooperative (92% each), leading to mutual benefit in most rounds. Continuing to cooperate is likely to maintain high payoffs for both.\n\nACTION: COOPERATE",
    "THINKING: Both of us have been highly cooperative (92% each), and the opponent just cooperated last round. Continuing to cooperate maximizes mutual payoff in this repeated game.\n\nACTION: COOPERATE",
    "THINKING: The opponent has been highly cooperative (93% cooperation rate), and mutual cooperation yields the highest long-term payoff. Defecting now risks breaking the cooperative pattern for minimal short-term gain.\n\nACTION: COOPERATE",
    "THINKING: With both cooperation rates at 93% and a highly cooperative history, mutual cooperation is likely and yields the best payoff (3 vs 1 for mutual defection).  \nACTION: COOPERATE",
    "THINKING: With both cooperation rates above 90% and a history of mutual cooperation, maintaining cooperation maximizes long-term payoff.  \nACTION: COOPERATE"
  ]
}