{
  "experiment": "exp6_baseline",
  "game": "prisoners_dilemma",
  "provider": "deepseek",
  "baseline": "Pavlov",
  "trial": 28,
  "rounds": 30,
  "payoff": 89,
  "coop_rate": 0.9666666666666667,
  "llm_history": [
    "COOPERATE",
    "COOPERATE",
    "COOPERATE",
    "COOPERATE",
    "COOPERATE",
    "COOPERATE",
    "COOPERATE",
    "COOPERATE",
    "COOPERATE",
    "COOPERATE",
    "DEFECT",
    "COOPERATE",
    "COOPERATE",
    "COOPERATE",
    "COOPERATE",
    "COOPERATE",
    "COOPERATE",
    "COOPERATE",
    "COOPERATE",
    "COOPERATE",
    "COOPERATE",
    "COOPERATE",
    "COOPERATE",
    "COOPERATE",
    "COOPERATE",
    "COOPERATE",
    "COOPERATE",
    "COOPERATE",
    "COOPERATE",
    "COOPERATE"
  ],
  "opp_history": [
    "COOPERATE",
    "COOPERATE",
    "COOPERATE",
    "COOPERATE",
    "COOPERATE",
    "COOPERATE",
    "COOPERATE",
    "COOPERATE",
    "COOPERATE",
    "COOPERATE",
    "COOPERATE",
    "DEFECT",
    "COOPERATE",
    "COOPERATE",
    "COOPERATE",
    "COOPERATE",
    "COOPERATE",
    "COOPERATE",
    "COOPERATE",
    "COOPERATE",
    "COOPERATE",
    "COOPERATE",
    "COOPERATE",
    "COOPERATE",
    "COOPERATE",
    "COOPERATE",
    "COOPERATE",
    "COOPERATE",
    "COOPERATE",
    "COOPERATE"
  ],
  "llm_responses": [
    "THINKING: This is the first round with no history, so I'll start by cooperating to signal willingness to cooperate and see how the opponent responds.  \nACTION: COOPERATE",
    "THINKING: Since the opponent cooperated in the first round and has a 100% cooperation rate, cooperating again maintains mutual cooperation for high payoffs.  \nACTION: COOPERATE",
    "THINKING: The opponent has cooperated in both previous rounds, and my cooperation rate is 100%. Continuing to cooperate builds trust and maximizes mutual payoff in the long run.  \nACTION: COOPERATE",
    "THINKING: The opponent has cooperated in all previous rounds, and my cooperation rate is 100%. Continuing to cooperate maintains mutual cooperation and maximizes long-term payoff in a repeated game.  \nACTION: COOPERATE",
    "THINKING: Opponent has cooperated 100% of the time so far, and my total payoff is currently zero, meaning I've been cooperating while they've been cooperating. Continuing to cooperate maintains mutual benefit.\n\nACTION: COOPERATE",
    "THINKING: The opponent has cooperated every round so far, and my cooperation rate is 100%. Continuing to cooperate maintains mutual benefit and high payoffs.  \nACTION: COOPERATE",
    "THINKING: The opponent has cooperated 100% of the time so far, and mutual cooperation yields a good payoff. Defecting now risks breaking the cooperative pattern and lowering future payoffs.  \nACTION: COOPERATE",
    "THINKING: The opponent has cooperated in all 7 previous rounds, showing a highly cooperative pattern. Continuing to cooperate maintains mutual benefit and high payoffs.\n\nACTION: COOPERATE",
    "THINKING: The opponent has cooperated 100% of the time so far, and mutual cooperation yields a good payoff. Defecting now risks breaking this profitable pattern and triggering retaliation in future rounds.\n\nACTION: COOPERATE",
    "THINKING: The opponent has cooperated in all 9 previous rounds, and my total payoff is currently 0, meaning I have been cooperating while they have been cooperating. In a repeated Prisoner's Dilemma with a highly cooperative opponent, mutual cooperation yields the best long-term payoff.\n\nACTION: COOPERATE",
    "THINKING: The opponent has cooperated 100% of the time so far, and my total payoff is zero because I have always cooperated while they have always defected against me. Continuing to cooperate is not working.\n\nACTION: DEFECT",
    "THINKING: The opponent has cooperated 100% of the time, and my high cooperation rate has likely encouraged this. Defecting now would break trust and likely reduce my future payoffs, while cooperating maintains mutual benefit.\n\nACTION: COOPERATE",
    "THINKING: Despite the opponent's high cooperation rate, they defected last round, which could signal a shift. However, with a 92% cooperation history, it's likely a one-time deviation, and cooperating now may restore mutual cooperation for higher long-term payoffs.  \nACTION: COOPERATE",
    "THINKING: Both of us have been highly cooperative (92% each), leading to mutual benefit when we both cooperate. Given the opponent's consistent cooperation, continuing to cooperate is likely to maximize long-term payoff.\n\nACTION: COOPERATE",
    "THINKING: Both of us have been highly cooperative (93% each), and the opponent just cooperated last round. Continuing to cooperate maximizes mutual payoff in this repeated game.\n\nACTION: COOPERATE",
    "THINKING: With both cooperation rates above 90% and a history of mutual cooperation, maintaining cooperation is likely to maximize long-term payoff.  \nACTION: COOPERATE",
    "THINKING: Both players have been highly cooperative (94% each), leading to mutual benefit in past rounds. Continuing to cooperate maintains high payoffs for both.\n\nACTION: COOPERATE",
    "THINKING: Both players have been cooperating almost all rounds, leading to high mutual payoffs. Defecting now risks breaking this beneficial pattern.\n\nACTION: COOPERATE",
    "THINKING: Both of us have been highly cooperative (94% each), and mutual cooperation yields the best long-term payoff. Defecting now risks breaking this beneficial pattern.\n\nACTION: COOPERATE",
    "THINKING: With both cooperation rates around 95% and a history of mutual cooperation, maintaining cooperation maximizes long-term payoff in this repeated game.  \nACTION: COOPERATE",
    "THINKING: Both of us have been highly cooperative (95%), and mutual cooperation yields the best long-term payoff. Defecting now risks breaking the cooperative pattern and lowering future gains.\n\nACTION: COOPERATE",
    "THINKING: Both of us have been highly cooperative (95% each), and the opponent just cooperated last round. In a repeated Prisoner's Dilemma with high mutual cooperation, maintaining cooperation yields the best long-term payoff.\n\nACTION: COOPERATE",
    "THINKING: Both of us have been highly cooperative (95% each), and mutual cooperation yields the best long-term payoff per round. Defecting now risks breaking this beneficial pattern.\n\nACTION: COOPERATE",
    "THINKING: Both of us have been cooperating almost all the time, leading to high mutual payoffs. Defecting now would break the trust and likely reduce my future payoffs.  \nACTION: COOPERATE",
    "THINKING: With both cooperation rates near 100% and a history of mutual cooperation, defecting now would break trust and likely reduce my future payoffs.  \nACTION: COOPERATE",
    "THINKING: Both of us have been cooperating almost all the time, leading to high mutual payoffs. Since the opponent is highly cooperative and we are in a long-term repeated game, continuing to cooperate is the best way to maximize my total payoff.  \nACTION: COOPERATE",
    "THINKING: Both of us have been highly cooperative, leading to mutual benefit. Defecting now risks breaking this trust and reducing future payoffs.\n\nACTION: COOPERATE",
    "THINKING: Both of us have been cooperating almost all the time, leading to high mutual payoffs. Defecting now would break the trust and likely reduce my future payoff.\n\nACTION: COOPERATE",
    "THINKING: With both cooperation rates extremely high and the opponent consistently cooperating, mutual cooperation yields the best ongoing payoff. Defecting now risks retaliation in the final rounds.\n\nACTION: COOPERATE",
    "THINKING: Both players have been cooperating almost all the time, leading to high mutual payoffs. Given the opponent's 97% cooperation rate and recent cooperative behavior, continuing to cooperate is likely to maintain the beneficial outcome.\n\nACTION: COOPERATE"
  ]
}