{
  "experiment": "exp6_baseline",
  "game": "prisoners_dilemma",
  "provider": "deepseek",
  "baseline": "GrimTrigger",
  "trial": 16,
  "rounds": 30,
  "payoff": 52,
  "coop_rate": 0.5,
  "llm_history": [
    "COOPERATE",
    "COOPERATE",
    "COOPERATE",
    "COOPERATE",
    "COOPERATE",
    "COOPERATE",
    "COOPERATE",
    "COOPERATE",
    "COOPERATE",
    "COOPERATE",
    "COOPERATE",
    "DEFECT",
    "DEFECT",
    "COOPERATE",
    "COOPERATE",
    "COOPERATE",
    "COOPERATE",
    "DEFECT",
    "DEFECT",
    "DEFECT",
    "DEFECT",
    "DEFECT",
    "DEFECT",
    "DEFECT",
    "DEFECT",
    "DEFECT",
    "DEFECT",
    "DEFECT",
    "DEFECT",
    "DEFECT"
  ],
  "opp_history": [
    "COOPERATE",
    "COOPERATE",
    "COOPERATE",
    "COOPERATE",
    "COOPERATE",
    "COOPERATE",
    "COOPERATE",
    "COOPERATE",
    "COOPERATE",
    "COOPERATE",
    "COOPERATE",
    "COOPERATE",
    "DEFECT",
    "DEFECT",
    "DEFECT",
    "DEFECT",
    "DEFECT",
    "DEFECT",
    "DEFECT",
    "DEFECT",
    "DEFECT",
    "DEFECT",
    "DEFECT",
    "DEFECT",
    "DEFECT",
    "DEFECT",
    "DEFECT",
    "DEFECT",
    "DEFECT",
    "DEFECT"
  ],
  "llm_responses": [
    "THINKING: This is the first round with no history, so I'll start with cooperation to signal willingness to cooperate and see how the opponent responds.  \nACTION: COOPERATE",
    "THINKING: Since the opponent cooperated in the first round and has a 100% cooperation rate, cooperating again is likely to build mutual trust and maximize long-term payoff.  \nACTION: COOPERATE",
    "THINKING: The opponent has cooperated both previous rounds, and my cooperation rate is high, so continuing to cooperate may sustain mutual cooperation for higher payoffs.  \nACTION: COOPERATE",
    "THINKING: The opponent has cooperated 100% so far, and mutual cooperation yields the highest long-term payoff. Defecting now could break trust and reduce future gains.\n\nACTION: COOPERATE",
    "THINKING: Opponent has cooperated 100% so far, and my total payoff is currently zero, meaning I've been cooperating while they have too. Continuing to cooperate maintains mutual benefit.\n\nACTION: COOPERATE",
    "THINKING: The opponent has cooperated 100% of the time so far, and mutual cooperation yields the best long-term payoff. Defecting now risks breaking this beneficial pattern.\n\nACTION: COOPERATE",
    "THINKING: The opponent has cooperated 100% of the time so far, and mutual cooperation yields the highest long-term payoff. Defecting now risks breaking the cooperative pattern and reducing future gains.  \nACTION: COOPERATE",
    "THINKING: The opponent has cooperated in all 7 previous rounds, showing a highly cooperative pattern. In a repeated Prisoner's Dilemma, mutual cooperation yields the best long-term payoff, and defecting now could trigger retaliation.\n\nACTION: COOPERATE",
    "THINKING: The opponent has cooperated in all 8 previous rounds, and my total payoff is currently 0 because I've always cooperated while they have too (both cooperate yields 3 each per round, so my total should be 24, not 0 — this suggests a possible scoring error or different accounting). Given their consistent cooperation, maintaining cooperation is likely best for mutual gain.\n\nACTION: COOPERATE",
    "THINKING: The opponent has cooperated 100% of the time so far, and mutual cooperation yields a good payoff. Defecting now risks breaking the cooperative pattern and lowering future payoffs.  \nACTION: COOPERATE",
    "THINKING: The opponent has cooperated 100% of the time so far, and my total payoff is currently zero because I've always cooperated while they have always cooperated as well. Continuing to cooperate maintains mutual benefit and high payoff for both.\n\nACTION: COOPERATE",
    "THINKING: The opponent has cooperated in all 11 previous rounds, and my total payoff is 0.0, meaning I've been cooperating while they've been defecting. This is a mismatch; I should defect to test or punish.\n\nACTION: DEFECT",
    "THINKING: The opponent has cooperated 100% of the time, so they appear to be playing a purely cooperative strategy like \"Always Cooperate.\" Defecting now would give me a higher payoff this round, but since the game is repeated, exploiting their trust could cause them to change strategy in future rounds. However, with my total payoff currently at 0.0, I need to start gaining points.\n\nACTION: DEFECT",
    "THINKING: The opponent has a 92% cooperation rate and is highly cooperative overall, but they just defected last round. Given my total payoff is currently zero, I should try to rebuild mutual cooperation to improve my score. A forgiving strategy like Tit-for-Tat suggests cooperating after their one defection to restore cooperation.\n\nACTION: COOPERATE",
    "THINKING: The opponent has been highly cooperative overall (86% cooperation rate), but they just defected last round. In a repeated Prisoner's Dilemma with a cooperative opponent, maintaining cooperation usually yields better long-term payoffs, and a single defection may be a mistake or test.\n\nACTION: COOPERATE",
    "THINKING: The opponent has a high cooperation rate (80%) but just defected last round. Given my high cooperation rate, they might be testing my response. Defecting now could risk mutual defection, but cooperating might restore cooperation.\n\nACTION: COOPERATE",
    "THINKING: The opponent has a high cooperation rate overall (75%) but just defected last round. Given my high cooperation rate, they may be testing my response; defecting now could risk mutual defection, while cooperating might restore cooperation.\n\nACTION: COOPERATE",
    "THINKING: The opponent has a high cooperation rate overall but just defected last round, suggesting possible testing or a shift. My total payoff is currently zero, so I need to maximize points now. Given the mixed pattern, a cautious defect may protect me from exploitation.\n\nACTION: DEFECT",
    "THINKING: The opponent has been defecting recently and my total payoff is zero, so continuing to cooperate is not beneficial. I should defect to protect myself and possibly improve my payoff.\n\nACTION: DEFECT",
    "THINKING: The opponent has been defecting recently and has a lower cooperation rate than me, so continuing to cooperate is likely to lead to a poor payoff for me this round.  \nACTION: DEFECT",
    "THINKING: The opponent has been defecting recently and my cooperation rate is high, so continuing to cooperate is likely to be exploited. I should defect to protect my payoff and signal I won't be taken advantage of.\n\nACTION: DEFECT",
    "THINKING: The opponent has been defecting recently and has a lower cooperation rate than me, so continuing to cooperate will likely lead to more losses.  \nACTION: DEFECT",
    "THINKING: The opponent has a recent pattern of always defecting, and my total payoff is currently zero, so continuing to cooperate is not beneficial.  \nACTION: DEFECT",
    "THINKING: The opponent has been defecting recently and their overall cooperation rate is low, so cooperating now likely leads to a low payoff. My total payoff is currently zero, so I should minimize further losses by defecting.\n\nACTION: DEFECT",
    "THINKING: The opponent has been defecting consistently recently, and my cooperation rate is high while theirs is lower. Continuing to cooperate while they defect gives me 0 points each time, so I should defect to protect my payoff.\n\nACTION: DEFECT",
    "THINKING: The opponent has been defecting consistently recently, and my cooperation rate is already high at 60% while theirs is lower. Continuing to cooperate while they defect is costing me payoff.\n\nACTION: DEFECT",
    "THINKING: The opponent has been defecting consistently recently, and my cooperation has led to low payoff. Continuing to cooperate seems unlikely to change their behavior.\n\nACTION: DEFECT",
    "THINKING: The opponent has been defecting consistently recently, and my cooperation rate is already higher than theirs. Continuing to cooperate will likely just give them more points at my expense.\n\nACTION: DEFECT",
    "THINKING: The opponent has been defecting consistently recently, and with only one round left after this, there's no future incentive for them to cooperate. Defecting now maximizes my payoff given their likely action.\n\nACTION: DEFECT",
    "THINKING: The opponent's recent pattern is always defecting, and with a low overall cooperation rate, continuing to cooperate will likely yield zero payoff.  \nACTION: DEFECT"
  ]
}