{
  "experiment": "exp6_baseline",
  "game": "prisoners_dilemma",
  "provider": "deepseek",
  "baseline": "GenerousTitForTat",
  "trial": 29,
  "rounds": 30,
  "payoff": 87,
  "coop_rate": 0.9333333333333333,
  "llm_history": [
    "COOPERATE",
    "COOPERATE",
    "COOPERATE",
    "COOPERATE",
    "COOPERATE",
    "COOPERATE",
    "DEFECT",
    "DEFECT",
    "COOPERATE",
    "COOPERATE",
    "COOPERATE",
    "COOPERATE",
    "COOPERATE",
    "COOPERATE",
    "COOPERATE",
    "COOPERATE",
    "COOPERATE",
    "COOPERATE",
    "COOPERATE",
    "COOPERATE",
    "COOPERATE",
    "COOPERATE",
    "COOPERATE",
    "COOPERATE",
    "COOPERATE",
    "COOPERATE",
    "COOPERATE",
    "COOPERATE",
    "COOPERATE",
    "COOPERATE"
  ],
  "opp_history": [
    "COOPERATE",
    "COOPERATE",
    "COOPERATE",
    "COOPERATE",
    "COOPERATE",
    "COOPERATE",
    "COOPERATE",
    "DEFECT",
    "DEFECT",
    "COOPERATE",
    "COOPERATE",
    "COOPERATE",
    "COOPERATE",
    "COOPERATE",
    "COOPERATE",
    "COOPERATE",
    "COOPERATE",
    "COOPERATE",
    "COOPERATE",
    "COOPERATE",
    "COOPERATE",
    "COOPERATE",
    "COOPERATE",
    "COOPERATE",
    "COOPERATE",
    "COOPERATE",
    "COOPERATE",
    "COOPERATE",
    "COOPERATE",
    "COOPERATE"
  ],
  "llm_responses": [
    "THINKING: Since it's the first round and there's no history, I'll start with cooperation to signal willingness to cooperate and see how the opponent responds.  \nACTION: COOPERATE",
    "THINKING: The opponent cooperated in the first round, and with no reason to defect yet, cooperating again builds trust and mutual benefit.  \nACTION: COOPERATE",
    "THINKING: Both players have cooperated in the first two rounds, and the opponent has a 100% cooperation rate. Starting with mutual cooperation is beneficial, so I will continue cooperating to build trust and maintain the high payoff.\n\nACTION: COOPERATE",
    "THINKING: The opponent has cooperated 100% of the time so far, and mutual cooperation yields the best long-term payoff. Defecting now could break trust and reduce future gains.\n\nACTION: COOPERATE",
    "THINKING: Opponent has cooperated 100% of the time so far, and my total payoff is currently zero, meaning I've been cooperating while they have too. Continuing to cooperate maintains mutual benefit.\n\nACTION: COOPERATE",
    "THINKING: The opponent has cooperated 100% of the time so far, and mutual cooperation yields a good payoff. Defecting now could break the trust and lead to lower future payoffs.\n\nACTION: COOPERATE",
    "THINKING: The opponent has cooperated 100% of the time so far, and my total payoff is currently zero, meaning I've been cooperating while they've been defecting in some rounds. Given the payoff matrix, if I continue to cooperate while they defect, I get nothing. To test their response and potentially gain a higher payoff, I should defect this round.\n\nACTION: DEFECT",
    "THINKING: The opponent has cooperated 100% of the time so far, making them highly predictable and exploitable. Defecting now yields the highest immediate payoff (5 vs 3) without any sign of retaliation.\n\nACTION: DEFECT",
    "THINKING: The opponent has been highly cooperative overall (88%), but they just defected last round. In a repeated Prisoner's Dilemma, a single defection after long cooperation may be a test or mistake. Since my total payoff is currently zero, I should aim to rebuild mutual cooperation for higher future payoffs.  \nACTION: COOPERATE",
    "THINKING: The opponent has a high cooperation rate (78%) but just defected last round, possibly testing my response. Given the repeated nature, cooperating now may encourage future cooperation and maximize long-term payoffs.\n\nACTION: COOPERATE",
    "THINKING: Both of us have high cooperation rates, and the opponent has been highly cooperative recently, so mutual cooperation yields the best long-term payoff.  \nACTION: COOPERATE",
    "THINKING: With both of us cooperating at high rates and the opponent recently cooperating, mutual cooperation yields the best long-term payoff. Defecting now risks breaking trust and reducing future gains.\n\nACTION: COOPERATE",
    "THINKING: Opponent has been highly cooperative (83% rate) and just cooperated last round. Mutual cooperation yields good payoff (3 each) and my current total payoff is low, so building cooperation is beneficial.  \nACTION: COOPERATE",
    "THINKING: Both of us have high cooperation rates and the opponent just cooperated, so continuing to cooperate maximizes mutual payoff.  \nACTION: COOPERATE",
    "THINKING: The opponent has been highly cooperative (86% cooperation rate) and just cooperated last round. In a repeated Prisoner's Dilemma with a cooperative opponent, mutual cooperation yields the best long-term payoff.\n\nACTION: COOPERATE",
    "THINKING: With both cooperation rates high and recent opponent cooperation, mutual cooperation yields the best payoff. Defecting risks breaking trust and lowering future payoffs.  \nACTION: COOPERATE",
    "THINKING: Both of us have high cooperation rates and the opponent just cooperated last round, so mutual cooperation is likely to continue, maximizing my payoff.  \nACTION: COOPERATE",
    "THINKING: Both of us have high cooperation rates and the opponent just cooperated, so mutual cooperation is likely and yields the best payoff for both in this round.  \nACTION: COOPERATE",
    "THINKING: Both of us have high cooperation rates and the opponent just cooperated last round, so mutual cooperation is likely and yields the best payoff for this round.  \nACTION: COOPERATE",
    "THINKING: Both of us have been highly cooperative (89% each), and the opponent just cooperated last round. Continuing to cooperate maximizes mutual payoff in a cooperative pattern.\n\nACTION: COOPERATE",
    "THINKING: Both of us have been highly cooperative (90% each), and the opponent just cooperated last round. Continuing to cooperate maximizes mutual payoff in this repeated game.\n\nACTION: COOPERATE",
    "THINKING: The opponent has been highly cooperative (90% cooperation rate), and mutual cooperation yields the best long-term payoff. Defecting now risks breaking trust and reducing future gains.  \nACTION: COOPERATE",
    "THINKING: Both of us have high cooperation rates, and the opponent has been consistently cooperative recently. Continuing to cooperate maximizes mutual payoff in this repeated game.\n\nACTION: COOPERATE",
    "THINKING: Both of us have been highly cooperative (91% each), and the opponent just cooperated last round. Continuing mutual cooperation maximizes long-term payoff in a repeated Prisoner's Dilemma.  \nACTION: COOPERATE",
    "THINKING: With both cooperation rates at 92% and a highly cooperative opponent, mutual cooperation yields the best long-term payoff. Defecting risks breaking the cooperative equilibrium.\n\nACTION: COOPERATE",
    "THINKING: Both of us have been highly cooperative (92%), leading to mutual benefit. Continuing to cooperate maximizes long-term payoff in this repeated game.  \nACTION: COOPERATE",
    "THINKING: Both of us have been highly cooperative (92% each), and the opponent just cooperated last round. In a repeated Prisoner's Dilemma with high mutual cooperation, sticking with cooperation maximizes long-term payoff.\n\nACTION: COOPERATE",
    "THINKING: With both cooperation rates above 90% and a history of mutual cooperation, maintaining cooperation maximizes long-term payoff in this repeated game.  \nACTION: COOPERATE",
    "THINKING: With both cooperation rates at 93% and a highly cooperative recent pattern, mutual cooperation yields the best ongoing payoff. Defecting now risks breaking this profitable pattern in the final rounds.  \nACTION: COOPERATE",
    "THINKING: With both cooperation rates above 90% and a history of mutual cooperation, maintaining cooperation maximizes long-term payoff in this repeated game.  \nACTION: COOPERATE"
  ]
}