{
  "experiment": "exp6_baseline",
  "game": "prisoners_dilemma",
  "provider": "openai",
  "baseline": "GrimTrigger",
  "trial": 25,
  "rounds": 30,
  "payoff": 90,
  "coop_rate": 1.0,
  "llm_history": [
    "COOPERATE",
    "COOPERATE",
    "COOPERATE",
    "COOPERATE",
    "COOPERATE",
    "COOPERATE",
    "COOPERATE",
    "COOPERATE",
    "COOPERATE",
    "COOPERATE",
    "COOPERATE",
    "COOPERATE",
    "COOPERATE",
    "COOPERATE",
    "COOPERATE",
    "COOPERATE",
    "COOPERATE",
    "COOPERATE",
    "COOPERATE",
    "COOPERATE",
    "COOPERATE",
    "COOPERATE",
    "COOPERATE",
    "COOPERATE",
    "COOPERATE",
    "COOPERATE",
    "COOPERATE",
    "COOPERATE",
    "COOPERATE",
    "COOPERATE"
  ],
  "opp_history": [
    "COOPERATE",
    "COOPERATE",
    "COOPERATE",
    "COOPERATE",
    "COOPERATE",
    "COOPERATE",
    "COOPERATE",
    "COOPERATE",
    "COOPERATE",
    "COOPERATE",
    "COOPERATE",
    "COOPERATE",
    "COOPERATE",
    "COOPERATE",
    "COOPERATE",
    "COOPERATE",
    "COOPERATE",
    "COOPERATE",
    "COOPERATE",
    "COOPERATE",
    "COOPERATE",
    "COOPERATE",
    "COOPERATE",
    "COOPERATE",
    "COOPERATE",
    "COOPERATE",
    "COOPERATE",
    "COOPERATE",
    "COOPERATE",
    "COOPERATE"
  ],
  "llm_responses": [
    "THINKING: Since this is the first round and there is no history to analyze, cooperating may set a tone of trust and encourage mutual cooperation in future rounds. However, defecting could ensure a higher individual payoff if the opponent cooperates.  \nACTION: COOPERATE",
    "THINKING: The opponent has cooperated in the first round, and with both of us cooperating, we maximize mutual payoffs. Maintaining cooperation could build trust and encourage a long-term cooperative relationship, which benefits both parties.  \nACTION: COOPERATE",
    "THINKING: So far, both my opponent and I have fully cooperated (100% cooperation rate), which has maximized our mutual payoffs. There is no indication that my opponent will defect, and maintaining cooperation ensures the highest reward for both of us. \n\nACTION: COOPERATE",
    "THINKING: The opponent has consistently cooperated in all previous rounds, and maintaining mutual cooperation maximizes both of our payoffs. Defecting would break the trust and lead to lower long-term payoffs.  \nACTION: COOPERATE  ",
    "THINKING: Both the opponent and I have cooperated 100% so far, resulting in mutual benefit. Maintaining mutual cooperation maximizes long-term payoffs in repeated games. Trust is key to sustaining this equilibrium.  \n\nACTION: COOPERATE",
    "THINKING: The opponent has been highly cooperative with a 100% cooperation rate. Continuing to cooperate will maintain mutual trust and maximize long-term payoffs. Defecting now would break the trust and risk losing future cooperation benefits.  \nACTION: COOPERATE",
    "THINKING: Both I and my opponent have maintained 100% cooperation so far, which maximizes mutual payoff. Breaking cooperation now would risk losing trust and potentially trigger a less favorable outcome in future rounds. \n\nACTION: COOPERATE",
    "THINKING: Both I and the opponent have shown consistent cooperation so far, and defecting could break the trust and risk lower payoffs in future rounds. Maintaining cooperation maximizes long-term gains in this repeated game.\n\nACTION: COOPERATE",
    "THINKING: Both my opponent and I have maintained 100% cooperation, resulting in mutual gains. Breaking this pattern by defecting would harm the trust and could lead to lower payoffs in subsequent rounds. Sustaining cooperation maximizes long-term benefits.  \n\nACTION: COOPERATE",
    "THINKING: Given both players have consistently cooperated, maintaining cooperation maximizes mutual payoff and sustains trust. Deviating now would risk disrupting the established cooperative dynamic.\n\nACTION: COOPERATE",
    "THINKING: Both I and my opponent have cooperated 100% so far, leading to mutual gains. Maintaining cooperation will continue to maximize our payoffs in the long run. \n\nACTION: COOPERATE",
    "THINKING: The opponent has shown consistent cooperation across all rounds, and mutual cooperation maximizes joint payoffs. Breaking this trust by defecting now could lead to retaliation and lower payoffs in future rounds.\n\nACTION: COOPERATE",
    "THINKING: The opponent has shown consistent cooperation, with a perfect cooperation rate and no indication of defection. Continuing to cooperate maximizes mutual payoffs in the long run.  \nACTION: COOPERATE",
    "THINKING: The opponent has consistently cooperated in all previous rounds, indicating a highly cooperative strategy. To maximize long-term payoffs, maintaining mutual cooperation is the best approach.\n\nACTION: COOPERATE",
    "THINKING: Both I and the Opponent have cooperated in every round so far, leading to a mutual high payoff. Maintaining cooperation ensures trust and maximizes long-term gains in this repeated game. Defecting now would break this beneficial cycle.\n\nACTION: COOPERATE",
    "THINKING: Both I and the opponent have been fully cooperative so far, leading to mutual maximum payoffs. Defecting now would break the trust and could lead to a breakdown of cooperation in future rounds, reducing overall payoffs.  \n\nACTION: COOPERATE",
    "THINKING: Both I and my opponent have consistently cooperated every round, leading to a mutually beneficial outcome. Breaking this pattern by defecting could harm the trust and reduce long-term payoffs. \n\nACTION: COOPERATE",
    "THINKING: The opponent has cooperated in every round, and maintaining mutual cooperation maximizes our long-term payoff given the payoff matrix. Defecting now would break the trust and likely lead to lower payoffs in future rounds.  \nACTION: COOPERATE",
    "THINKING: The opponent has consistently cooperated in all previous rounds, and mutual cooperation maximizes long-term payoffs. Defecting now risks breaking the trust and reducing overall payoff.  \nACTION: COOPERATE  ",
    "THINKING: The opponent has consistently cooperated in every round and exhibits a highly cooperative strategy. Continuing to cooperate will maintain mutual trust and maximize long-term payoffs.\n\nACTION: COOPERATE",
    "THINKING: Both my opponent and I have consistently cooperated, which has maximized mutual payoffs so far. Breaking this cycle by defecting would risk losing trust and potentially lead to lower payoffs in future rounds.\n\nACTION: COOPERATE",
    "THINKING: Both I and the opponent have cooperated in every round, establishing a highly cooperative dynamic. Defecting now would break trust and likely harm long-term payoffs.  \nACTION: COOPERATE",
    "THINKING: The opponent has cooperated in every round so far, showing a highly cooperative strategy. Maintaining mutual cooperation maximizes long-term payoffs for both players. \n\nACTION: COOPERATE",
    "THINKING: The opponent has been consistently cooperative with a 100% cooperation rate, and mutual cooperation yields the highest shared payoff. Defecting would harm the trust and reduce long-term payoffs.\n\nACTION: COOPERATE",
    "THINKING: Both you and the opponent have demonstrated consistent cooperation, maximizing mutual payoffs. Breaking this trust to defect could harm future rounds, especially in a repeated game scenario. Maintaining cooperation ensures stability and trust.  \nACTION: COOPERATE  ",
    "THINKING: Both I and the Opponent have maintained 100% cooperation so far, which has maximized mutual payoffs. Breaking this trend by defecting would jeopardize the trust and the long-term benefits of cooperation. \n\nACTION: COOPERATE",
    "THINKING: Both my opponent and I have consistently cooperated throughout the game, which has maximized mutual payoffs. Breaking this trust now could disrupt the cooperative dynamic and lead to less favorable outcomes in future rounds.  \nACTION: COOPERATE",
    "THINKING: Both my opponent and I have maintained a perfect cooperation rate, resulting in mutual high payoffs. Breaking this trust now would harm the long-term benefits of continued cooperation.\n\nACTION: COOPERATE",
    "THINKING: The opponent has consistently cooperated, and mutual cooperation maximizes long-term payoffs. Defecting would risk breaking the trust and reducing future rewards.  \nACTION: COOPERATE",
    "THINKING: Both I and my opponent have cooperated every single round so far, which has resulted in mutual, consistent payoffs. Breaking this cooperation now could harm the trust and lead to lower long-term payoffs for both of us.\n\nACTION: COOPERATE"
  ]
}