{
  "experiment": "exp6_baseline",
  "game": "prisoners_dilemma",
  "provider": "deepseek",
  "baseline": "GrimTrigger",
  "trial": 7,
  "rounds": 30,
  "payoff": 39,
  "coop_rate": 0.23333333333333334,
  "llm_history": [
    "COOPERATE",
    "COOPERATE",
    "COOPERATE",
    "COOPERATE",
    "DEFECT",
    "COOPERATE",
    "COOPERATE",
    "COOPERATE",
    "DEFECT",
    "DEFECT",
    "DEFECT",
    "DEFECT",
    "DEFECT",
    "DEFECT",
    "DEFECT",
    "DEFECT",
    "DEFECT",
    "DEFECT",
    "DEFECT",
    "DEFECT",
    "DEFECT",
    "DEFECT",
    "DEFECT",
    "DEFECT",
    "DEFECT",
    "DEFECT",
    "DEFECT",
    "DEFECT",
    "DEFECT",
    "DEFECT"
  ],
  "opp_history": [
    "COOPERATE",
    "COOPERATE",
    "COOPERATE",
    "COOPERATE",
    "COOPERATE",
    "DEFECT",
    "DEFECT",
    "DEFECT",
    "DEFECT",
    "DEFECT",
    "DEFECT",
    "DEFECT",
    "DEFECT",
    "DEFECT",
    "DEFECT",
    "DEFECT",
    "DEFECT",
    "DEFECT",
    "DEFECT",
    "DEFECT",
    "DEFECT",
    "DEFECT",
    "DEFECT",
    "DEFECT",
    "DEFECT",
    "DEFECT",
    "DEFECT",
    "DEFECT",
    "DEFECT",
    "DEFECT"
  ],
  "llm_responses": [
    "THINKING: This is the first round with no history, so I'll start with cooperation to signal willingness to cooperate and see how the opponent responds.  \nACTION: COOPERATE",
    "THINKING: Since the opponent cooperated in the first round and has a 100% cooperation rate, starting with cooperation is a good sign. I'll reciprocate to build mutual cooperation.  \nACTION: COOPERATE",
    "THINKING: The opponent has cooperated in both previous rounds, and my cooperation rate is high, so continuing to cooperate may sustain mutual cooperation for higher payoffs.  \nACTION: COOPERATE",
    "THINKING: The opponent has cooperated 100% so far, and mutual cooperation yields the highest long-term payoff. Defecting now risks breaking trust and reducing future gains.\n\nACTION: COOPERATE",
    "THINKING: The opponent has cooperated 100% of the time so far, and my total payoff is currently zero because I've only cooperated while they have defected in some early rounds. To maximize my payoff, I should exploit their consistent cooperation by defecting now.\n\nACTION: DEFECT",
    "THINKING: The opponent has cooperated 100% of the time so far, and my low total payoff suggests I've been exploited in at least one round when I cooperated and they defected. However, with a 100% cooperation rate from them, it's likely they are playing a Tit-for-Tat or purely cooperative strategy. To maximize long-term payoff, I should reciprocate cooperation to keep mutual gains going.\n\nACTION: COOPERATE",
    "THINKING: The opponent has been highly cooperative overall (83% cooperation rate), but they just defected last round. Given the repeated nature, cooperating now may help restore mutual cooperation for higher future payoffs.  \nACTION: COOPERATE",
    "THINKING: The opponent has a high cooperation rate (71%) but just defected last round. Given my high cooperation rate, they might be testing me; defecting now could trigger a mutual defection spiral. A cooperative move might restore mutual cooperation.\n\nACTION: COOPERATE",
    "THINKING: The opponent has a moderate cooperation rate but just defected last round; given my high cooperation rate, they may be exploiting me. Defecting now protects against further exploitation and may signal I won't be taken advantage of.\n\nACTION: DEFECT",
    "THINKING: The opponent has a mixed pattern but recently defected, and my cooperation rate is high. To avoid being exploited while testing their response, I should defect this round to protect my payoff.\n\nACTION: DEFECT",
    "THINKING: The opponent has a 50% cooperation rate and just defected last round, suggesting they may be retaliatory. My cooperation rate is high (70%), so cooperating again might encourage mutual cooperation, but given the recent defect, a cautious defect could protect me from exploitation.\n\nACTION: DEFECT",
    "THINKING: The opponent has been defecting recently and has a lower cooperation rate than me, so continuing to cooperate is likely to result in a poor payoff for me this round.  \nACTION: DEFECT",
    "THINKING: The opponent has been defecting more often than cooperating recently, and my total payoff is currently zero, so continuing to cooperate seems unlikely to improve my score.  \nACTION: DEFECT",
    "THINKING: The opponent has a low cooperation rate and is mostly defecting recently, so continuing to cooperate will likely lead to a poor payoff for me.  \nACTION: DEFECT",
    "THINKING: The opponent has been defecting consistently recently, and my total payoff is currently zero, so cooperating again is unlikely to change their behavior.  \nACTION: DEFECT",
    "THINKING: The opponent has a low cooperation rate and is currently in a pattern of always defecting, so cooperating now would likely lead to a poor payoff.  \nACTION: DEFECT",
    "THINKING: The opponent has been defecting consistently recently and has a low overall cooperation rate, so cooperating now would likely result in a poor payoff for me.  \nACTION: DEFECT",
    "THINKING: The opponent has been defecting consistently recently, and my cooperation rate is higher than theirs, so cooperating now is unlikely to be rewarded.  \nACTION: DEFECT",
    "THINKING: The opponent has been defecting consistently recently, and my total payoff is currently zero, so cooperating again is unlikely to change their behavior or improve my score.  \nACTION: DEFECT",
    "THINKING: The opponent has a low cooperation rate and is currently always defecting, so cooperating now would likely result in a loss for me.  \nACTION: DEFECT",
    "THINKING: The opponent has a low cooperation rate and is currently always defecting, so cooperating now would likely lead to a poor payoff. Defecting protects my payoff and matches their current pattern.\n\nACTION: DEFECT",
    "THINKING: The opponent has a low cooperation rate and is currently in a pattern of always defecting, so cooperating now would likely result in a poor payoff for me.  \nACTION: DEFECT",
    "THINKING: The opponent has a low cooperation rate and is currently always defecting, so cooperating now would likely result in a loss for me.  \nACTION: DEFECT",
    "THINKING: The opponent has a low cooperation rate and is currently in a pattern of always defecting, so cooperating now would likely result in a poor payoff for me.  \nACTION: DEFECT",
    "THINKING: The opponent has been consistently defecting recently, and their overall cooperation rate is low, so cooperating now would likely result in a poor payoff for me.  \nACTION: DEFECT",
    "THINKING: The opponent has a low cooperation rate and has always defected recently, so cooperating is likely to lead to a poor payoff. Defecting protects my score and matches their expected behavior.\n\nACTION: DEFECT",
    "THINKING: The opponent has been defecting consistently, and my cooperation so far has yielded zero total payoff. Continuing to cooperate is unlikely to change their behavior, so I should defect to minimize further losses.\n\nACTION: DEFECT",
    "THINKING: The opponent has a very low cooperation rate and is currently always defecting, so cooperating would likely lead to a poor payoff. Defecting is the safer choice to avoid a large loss.\n\nACTION: DEFECT",
    "THINKING: The opponent has been defecting consistently, and with only one round left after this, there's no incentive for them to start cooperating now. Defecting ensures I avoid the worst payoff.\n\nACTION: DEFECT",
    "THINKING: The opponent has been defecting consistently, and my cooperation has only led to losses. To avoid further losses, I should defect as well.  \nACTION: DEFECT"
  ]
}