{
  "experiment": "exp6_baseline",
  "game": "prisoners_dilemma",
  "provider": "deepseek",
  "baseline": "Extort2",
  "trial": 11,
  "rounds": 30,
  "payoff": 48,
  "coop_rate": 0.36666666666666664,
  "llm_history": [
    "COOPERATE",
    "COOPERATE",
    "COOPERATE",
    "COOPERATE",
    "COOPERATE",
    "COOPERATE",
    "COOPERATE",
    "DEFECT",
    "DEFECT",
    "COOPERATE",
    "COOPERATE",
    "DEFECT",
    "COOPERATE",
    "COOPERATE",
    "DEFECT",
    "DEFECT",
    "DEFECT",
    "DEFECT",
    "DEFECT",
    "DEFECT",
    "DEFECT",
    "DEFECT",
    "DEFECT",
    "DEFECT",
    "DEFECT",
    "DEFECT",
    "DEFECT",
    "DEFECT",
    "DEFECT",
    "DEFECT"
  ],
  "opp_history": [
    "COOPERATE",
    "COOPERATE",
    "COOPERATE",
    "COOPERATE",
    "COOPERATE",
    "COOPERATE",
    "COOPERATE",
    "COOPERATE",
    "DEFECT",
    "DEFECT",
    "DEFECT",
    "COOPERATE",
    "DEFECT",
    "DEFECT",
    "DEFECT",
    "DEFECT",
    "DEFECT",
    "DEFECT",
    "DEFECT",
    "DEFECT",
    "DEFECT",
    "DEFECT",
    "DEFECT",
    "DEFECT",
    "DEFECT",
    "DEFECT",
    "DEFECT",
    "DEFECT",
    "DEFECT",
    "DEFECT"
  ],
  "llm_responses": [
    "THINKING: This is the first round with no history, so I'll start with cooperation to establish a cooperative baseline.  \nACTION: COOPERATE",
    "THINKING: Opponent cooperated in round 1, and we have no reason to suspect defection yet. Starting with cooperation builds trust in a repeated game.\n\nACTION: COOPERATE",
    "THINKING: Both players have cooperated in the first two rounds, and the opponent has a 100% cooperation rate. Starting with mutual cooperation is promising, so I will continue cooperating to build trust and maintain the high payoff outcome.\n\nACTION: COOPERATE",
    "THINKING: Opponent has cooperated 100% so far, and mutual cooperation yields the highest long-term payoff. Defecting now risks breaking trust and reducing future gains.\n\nACTION: COOPERATE",
    "THINKING: Opponent has cooperated 100% of the time so far, and my total payoff is 0, meaning I must have been cooperating while they defected in an earlier round not shown in the history. However, the recent pattern shows high cooperation, so I'll reciprocate to build mutual cooperation.\n\nACTION: COOPERATE",
    "THINKING: The opponent has cooperated in all previous rounds, and my cooperation rate is 100%. Continuing to cooperate maintains mutual high payoff and builds trust for future rounds.  \nACTION: COOPERATE",
    "THINKING: The opponent has cooperated 100% of the time, and mutual cooperation yields the highest long-term payoff. Defecting now risks breaking this beneficial pattern.  \nACTION: COOPERATE",
    "THINKING: The opponent has cooperated 100% of the time so far, and my total payoff is currently zero, meaning I have been cooperating and getting exploited. To improve my score, I should defect now to gain a higher payoff (5) while they likely cooperate again.\n\nACTION: DEFECT",
    "THINKING: The opponent has cooperated 100% of the time so far, and my total payoff is currently zero, meaning I've likely been exploited when I cooperated. To improve my score, I should defect now to claim a higher payoff while they are still cooperating.\n\nACTION: DEFECT",
    "THINKING: The opponent is highly cooperative overall (89%), but they defected last round. Given my high cooperation rate, defecting now might risk triggering retaliation and lowering future payoffs. Since they usually cooperate, cooperating again is likely to restore mutual cooperation.\n\nACTION: COOPERATE",
    "THINKING: The opponent has been highly cooperative overall (80% cooperation rate) but just defected last round. Given my total payoff is currently zero, I should try to rebuild mutual cooperation to improve my score, so I'll respond with cooperation to signal willingness to return to cooperation.\n\nACTION: COOPERATE",
    "THINKING: The opponent has a high cooperation rate but just defected last round, and my total payoff is currently zero, so I need to be cautious to avoid exploitation.  \nACTION: DEFECT",
    "THINKING: Opponent has cooperated 75% of the time and just cooperated last round, so they are likely to cooperate again. My total payoff is currently zero, so I need to build mutual cooperation to improve it.\n\nACTION: COOPERATE",
    "THINKING: The opponent has a high cooperation rate (69%) but just defected last round, suggesting they might be testing my response. My total payoff is currently zero, so I need to rebuild cooperation to improve my score.  \n\nACTION: COOPERATE",
    "THINKING: Opponent has a mixed pattern but recently defected; my cooperation rate is high, so they might exploit that. To avoid further losses, I should defect this round to protect myself.\n\nACTION: DEFECT",
    "THINKING: The opponent has been defecting recently and has a lower cooperation rate than me, so continuing to cooperate risks being exploited.  \nACTION: DEFECT",
    "THINKING: The opponent has been defecting recently and has a lower cooperation rate than me, so continuing to cooperate is likely to lead to a poor payoff for me this round.  \nACTION: DEFECT",
    "THINKING: The opponent has been defecting recently and their overall cooperation rate is only 53%, which is low. With my total payoff at zero, I need to protect myself from further exploitation.\n\nACTION: DEFECT",
    "THINKING: The opponent has a recent pattern of always defecting, and my cooperation rate is high, so continuing to cooperate is likely to result in a loss for me this round.  \nACTION: DEFECT",
    "THINKING: The opponent's recent pattern is always defecting, and they just defected last round. Cooperating now would likely yield 0 payoff, while defecting ensures at least 1.\n\nACTION: DEFECT",
    "THINKING: The opponent has a recent pattern of always defecting and their overall cooperation rate is low, so continuing to cooperate will likely lead to a poor payoff for me.  \nACTION: DEFECT",
    "THINKING: The opponent has recently been always defecting, and my cooperation rate is already above theirs, so cooperating further is unlikely to change their behavior and will just cost me more points.  \nACTION: DEFECT",
    "THINKING: The opponent has a low cooperation rate and is currently in a pattern of always defecting, so they are likely to defect again. Defecting is the best response to maximize my payoff this round.\n\nACTION: DEFECT",
    "THINKING: The opponent has been defecting consistently recently, and my total payoff is zero, so cooperating now would likely just give them another advantage.  \nACTION: DEFECT",
    "THINKING: The opponent has a low cooperation rate and is currently in a pattern of always defecting; cooperating now would likely result in a poor payoff for me.  \nACTION: DEFECT",
    "THINKING: The opponent has been defecting consistently recently and has a low overall cooperation rate, so cooperating now would likely lead to a poor payoff for me.  \nACTION: DEFECT",
    "THINKING: The opponent has been always defecting recently, and their overall cooperation rate is low. Given the repeated defections, cooperating now would likely result in a poor payoff for me.\n\nACTION: DEFECT",
    "THINKING: The opponent has been defecting consistently recently, and my total payoff is currently zero, so cooperating again is unlikely to change their behavior.  \nACTION: DEFECT",
    "THINKING: The opponent has been defecting consistently recently, and my total payoff is zero, so cooperating again is unlikely to change their behavior or improve my score.  \nACTION: DEFECT",
    "THINKING: The opponent has been defecting consistently recently, and my cooperation rate is low, so there's little incentive for me to cooperate now.  \nACTION: DEFECT"
  ]
}