{
  "experiment": "exp6_baseline",
  "game": "prisoners_dilemma",
  "provider": "deepseek",
  "baseline": "AlwaysCooperate",
  "trial": 21,
  "rounds": 30,
  "payoff": 104,
  "coop_rate": 0.7666666666666667,
  "llm_history": [
    "COOPERATE",
    "COOPERATE",
    "COOPERATE",
    "COOPERATE",
    "COOPERATE",
    "COOPERATE",
    "COOPERATE",
    "COOPERATE",
    "COOPERATE",
    "COOPERATE",
    "COOPERATE",
    "DEFECT",
    "COOPERATE",
    "COOPERATE",
    "COOPERATE",
    "COOPERATE",
    "DEFECT",
    "COOPERATE",
    "DEFECT",
    "DEFECT",
    "COOPERATE",
    "COOPERATE",
    "COOPERATE",
    "DEFECT",
    "COOPERATE",
    "COOPERATE",
    "DEFECT",
    "DEFECT",
    "COOPERATE",
    "COOPERATE"
  ],
  "opp_history": [
    "COOPERATE",
    "COOPERATE",
    "COOPERATE",
    "COOPERATE",
    "COOPERATE",
    "COOPERATE",
    "COOPERATE",
    "COOPERATE",
    "COOPERATE",
    "COOPERATE",
    "COOPERATE",
    "COOPERATE",
    "COOPERATE",
    "COOPERATE",
    "COOPERATE",
    "COOPERATE",
    "COOPERATE",
    "COOPERATE",
    "COOPERATE",
    "COOPERATE",
    "COOPERATE",
    "COOPERATE",
    "COOPERATE",
    "COOPERATE",
    "COOPERATE",
    "COOPERATE",
    "COOPERATE",
    "COOPERATE",
    "COOPERATE",
    "COOPERATE"
  ],
  "llm_responses": [
    "THINKING: This is the first round with no history, so I'll start with cooperation to signal willingness to cooperate and see how the opponent responds.  \nACTION: COOPERATE",
    "THINKING: Since the opponent has cooperated in the first round and there's no sign of defection yet, cooperating again encourages mutual cooperation for higher long-term payoffs.  \nACTION: COOPERATE",
    "THINKING: The opponent has cooperated both times so far, and my cooperation rate is 100%. Continuing to cooperate builds trust and mutual benefit in the repeated game.  \nACTION: COOPERATE",
    "THINKING: The opponent has cooperated 100% so far, and mutual cooperation yields the highest long-term payoff. Defecting now risks breaking trust and reducing future gains.\n\nACTION: COOPERATE",
    "THINKING: Opponent has cooperated 100% of the time so far, and my total payoff is currently zero, meaning I've been cooperating while they've been cooperating. Continuing to cooperate maintains mutual benefit.\n\nACTION: COOPERATE",
    "THINKING: The opponent has cooperated every round so far, and my cooperation rate is 100%. Continuing to cooperate maintains mutual benefit and high payoffs.  \nACTION: COOPERATE",
    "THINKING: The opponent has cooperated 100% of the time so far, and mutual cooperation yields the best long-term payoff. Defecting now risks breaking the cooperative pattern and reducing future gains.  \nACTION: COOPERATE",
    "THINKING: The opponent has cooperated 100% of the time so far, and my total payoff is currently zero, meaning I've been cooperating while they've been cooperating. With no sign of defection, cooperating continues mutual benefit.\n\nACTION: COOPERATE",
    "THINKING: The opponent has cooperated 100% of the time so far, and mutual cooperation yields a good payoff. Defecting now risks breaking this profitable pattern.\n\nACTION: COOPERATE",
    "THINKING: The opponent has cooperated 100% of the time so far, and mutual cooperation yields the highest long-term payoff. Defecting now risks breaking this beneficial pattern.\n\nACTION: COOPERATE",
    "THINKING: Opponent has cooperated 100% of the time, so continuing to cooperate maintains mutual high payoff.  \nACTION: COOPERATE",
    "THINKING: The opponent has cooperated 100% of the time so far, and my total payoff is zero because I have always cooperated while they have defected in at least one early round (likely the first). Given their highly cooperative recent pattern, they seem to be playing a forgiving Tit-for-Tat. To test their response and improve my score, I should defect now.\n\nACTION: DEFECT",
    "THINKING: The opponent has cooperated 100% of the time so far, and my cooperation rate is high. Continuing to cooperate maintains mutual benefit and high payoffs, while defecting risks retaliation in future rounds.\n\nACTION: COOPERATE",
    "THINKING: The opponent has cooperated 100% of the time, so cooperating maximizes mutual payoff and maintains the high-reward pattern.  \nACTION: COOPERATE",
    "THINKING: The opponent has cooperated 100% of the time, and my high cooperation rate has likely reinforced this. Defecting now would give a short-term gain but risks breaking the cooperative equilibrium and lowering my long-term payoff.\n\nACTION: COOPERATE",
    "THINKING: The opponent has cooperated 100% of the time, and my high cooperation rate has likely reinforced this. Defecting now would exploit their trust for a one-time gain but risks retaliation in future rounds, reducing my long-term payoff.\n\nACTION: COOPERATE",
    "THINKING: The opponent has cooperated 100% of the time, and my total payoff is currently zero, meaning I've likely been exploited in the past when I cooperated and they defected. However, their perfect cooperation rate suggests they may be playing a \"Tit for Tat\" or \"Always Cooperate\" strategy. To maximize my payoff in this round, I should defect.\n\nACTION: DEFECT",
    "THINKING: The opponent has cooperated 100% of the time, so cooperating again maximizes mutual payoff and maintains the cooperative equilibrium.  \nACTION: COOPERATE",
    "THINKING: The opponent has cooperated 100% of the time, and my current payoff is zero, meaning I've been exploited in past rounds when I cooperated and they defected. To improve my score, I should defect now to take advantage of their consistent cooperation.\n\nACTION: DEFECT",
    "THINKING: The opponent has cooperated 100% of the time so far, making them extremely predictable and exploitable. My current cooperation rate is high, but my total payoff is zero, so I need to maximize my score now.  \nACTION: DEFECT",
    "THINKING: The opponent has cooperated 100% of the time, making them extremely predictable and trustworthy. My current low total payoff is due to previous defections, but cooperating now maximizes mutual gain.\n\nACTION: COOPERATE",
    "THINKING: The opponent has cooperated 100% of the time, so defecting now would give me a high payoff of 5, but it would likely end their cooperation in future rounds. Since we have many rounds left, maintaining mutual cooperation yields a better long-term payoff.\n\nACTION: COOPERATE",
    "THINKING: The opponent has cooperated 100% of the time, so they are likely playing a \"tit-for-tat\" or \"always cooperate\" strategy. Defecting now would give me a higher payoff this round, but could trigger retaliation in future rounds, reducing my long-term total. Since my total payoff is currently 0.0, I need to start earning points, and cooperating maintains mutual cooperation.\n\nACTION: COOPERATE",
    "THINKING: The opponent has cooperated 100% of the time, making them extremely predictable and exploitable. Defecting now maximizes my payoff for this round with minimal risk of retaliation, given their consistent behavior.\n\nACTION: DEFECT",
    "THINKING: The opponent has cooperated 100% of the time, so cooperating again will yield a payoff of 3, while defecting would exploit their trust for a payoff of 5. However, given their consistent cooperation, defecting now could trigger retaliation in future rounds, reducing my long-term payoff. Since my current total payoff is 0.0, I need to maximize points, but maintaining a cooperative relationship is likely more profitable in the long run.\n\nACTION: COOPERATE",
    "THINKING: The opponent has cooperated 100% of the time so far, and my cooperation rate is 80%. Continuing to cooperate maintains mutual benefit and high payoffs, while defecting risks breaking their trust and triggering retaliation in future rounds.\n\nACTION: COOPERATE",
    "THINKING: The opponent has cooperated 100% of the time, so they are likely playing a purely cooperative strategy like \"Always Cooperate.\" Defecting now would give me a higher payoff this round, but since the game is ongoing, exploiting their trust could cause them to change strategy in future rounds. However, with my total payoff currently at 0, I need to start gaining points.\n\nACTION: DEFECT",
    "THINKING: The opponent has cooperated 100% of the time, so defecting now would yield a higher payoff this round (5 vs 3) with little immediate risk of retaliation.  \nACTION: DEFECT",
    "THINKING: The opponent has cooperated 100% of the time, so they are extremely predictable and trusting. Defecting now would give me a higher payoff this round, but since this is a repeated game, exploiting their trust could trigger retaliation in future rounds, lowering my long-term payoff. Given my cooperation rate is already 75%, cooperating maintains mutual benefit and likely keeps the high payoff stream going.\n\nACTION: COOPERATE",
    "THINKING: The opponent has cooperated in all 29 previous rounds, making them highly predictable and trustworthy. Cooperating now maximizes mutual payoff and maintains the beneficial pattern.\n\nACTION: COOPERATE"
  ]
}