{
  "experiment": "exp6_baseline",
  "game": "prisoners_dilemma",
  "provider": "openai",
  "baseline": "AlwaysDefect",
  "trial": 12,
  "rounds": 30,
  "payoff": 29,
  "coop_rate": 0.03333333333333333,
  "llm_history": [
    "COOPERATE",
    "DEFECT",
    "DEFECT",
    "DEFECT",
    "DEFECT",
    "DEFECT",
    "DEFECT",
    "DEFECT",
    "DEFECT",
    "DEFECT",
    "DEFECT",
    "DEFECT",
    "DEFECT",
    "DEFECT",
    "DEFECT",
    "DEFECT",
    "DEFECT",
    "DEFECT",
    "DEFECT",
    "DEFECT",
    "DEFECT",
    "DEFECT",
    "DEFECT",
    "DEFECT",
    "DEFECT",
    "DEFECT",
    "DEFECT",
    "DEFECT",
    "DEFECT",
    "DEFECT"
  ],
  "opp_history": [
    "DEFECT",
    "DEFECT",
    "DEFECT",
    "DEFECT",
    "DEFECT",
    "DEFECT",
    "DEFECT",
    "DEFECT",
    "DEFECT",
    "DEFECT",
    "DEFECT",
    "DEFECT",
    "DEFECT",
    "DEFECT",
    "DEFECT",
    "DEFECT",
    "DEFECT",
    "DEFECT",
    "DEFECT",
    "DEFECT",
    "DEFECT",
    "DEFECT",
    "DEFECT",
    "DEFECT",
    "DEFECT",
    "DEFECT",
    "DEFECT",
    "DEFECT",
    "DEFECT",
    "DEFECT"
  ],
  "llm_responses": [
    "THINKING: Since this is the first round and there is no history, it is generally strategic to start with cooperation to establish trust and encourage mutual cooperation in future rounds.  \nACTION: COOPERATE",
    "THINKING: In the first round, the Opponent defected while I cooperated, resulting in a payoff of 0 for me. Given the Opponent's 0% cooperation rate so far, it appears they are untrustworthy. I will defect to avoid being exploited again.\n\nACTION: DEFECT",
    "THINKING: The opponent has consistently defected in previous rounds and has a 0% cooperation rate. To maximize my payoff, I should defect as cooperation is unlikely to be reciprocated.  \nACTION: DEFECT",
    "THINKING: The opponent has consistently defected in all previous rounds and shows no inclination to cooperate. Continuing to cooperate would only result in a guaranteed loss for me. Defecting minimizes my losses and ensures a fair payoff.\n\nACTION: DEFECT",
    "THINKING: The opponent has consistently defected in all previous rounds, showing no willingness to cooperate. To maximize my payoff, the rational choice is to defect as well, since cooperation would only result in a payoff of 0.\n\nACTION: DEFECT",
    "THINKING: The opponent has consistently defected in all rounds, showing a clear pattern of non-cooperation. Continuing to cooperate would only result in lower payoffs for me with no indication of reciprocation.  \n\nACTION: DEFECT",
    "THINKING: The opponent has consistently defected in all previous rounds and has shown no intention to cooperate. Continuing to cooperate would result in a zero payoff for me, so defecting is the best strategy to maximize my outcome.\n\nACTION: DEFECT",
    "THINKING: The opponent has consistently defected in every round, showing no intention of cooperating. Continuing to cooperate would only result in a lower payoff for me, so defecting is the rational choice.  \n\nACTION: DEFECT",
    "THINKING: The opponent has consistently defected in every round, demonstrating no intention to cooperate. Defecting maximizes my payoff against an opponent who always defects.  \nACTION: DEFECT",
    "THINKING: The opponent has consistently defected in all previous rounds, showing no willingness to cooperate. Defecting minimizes my losses and ensures I am not exploited.\n\nACTION: DEFECT",
    "THINKING: The opponent has consistently defected in all previous rounds, and their cooperation rate is 0%. Cooperating would result in a guaranteed loss, so the optimal strategy is to defect.\n\nACTION: DEFECT",
    "THINKING: The opponent has consistently defected in every round, and continuing to cooperate would only result in a payoff of 0 for me. To maximize my payoff, the rational choice is to defect.  \nACTION: DEFECT",
    "THINKING: The opponent has consistently defected in every round, and their cooperation rate is 0%. Cooperating would yield no benefit as they are unlikely to change their strategy, so defecting is the rational choice to maximize my payoff.  \nACTION: DEFECT",
    "THINKING: The opponent has consistently defected in every round, indicating a clear pattern of non-cooperation. Cooperating would result in a guaranteed loss, so defecting is the only rational choice to avoid being exploited.\n\nACTION: DEFECT",
    "THINKING: The opponent has consistently defected in every round, and their cooperation rate is 0%. Cooperating in this scenario would result in a guaranteed loss, while defecting minimizes losses.  \nACTION: DEFECT",
    "THINKING: The Opponent has consistently defected in all rounds, showing no intention of cooperation. To maximize my own payoff in this non-cooperative environment, the optimal response is to defect as well.\n\nACTION: DEFECT",
    "THINKING: The opponent has consistently defected in all 16 previous rounds, showing no inclination to cooperate. To maximize my payoff in this scenario, the rational choice is to defect as well.  \n\nACTION: DEFECT",
    "THINKING: The opponent has consistently defected in all 17 rounds, showing no inclination to cooperate. Continuing to defect maximizes my payoff under these circumstances.  \nACTION: DEFECT",
    "THINKING: Given the opponent's consistent pattern of defecting in all previous rounds and their cooperation rate of 0%, cooperation would result in a payoff of 0 while defecting ensures a payoff of 1. Maximizing my payoff requires defecting.  \nACTION: DEFECT",
    "THINKING: The opponent has consistently defected in all previous rounds, showing no intention to cooperate. Continuing to cooperate would yield no benefit, so defecting is the optimal strategy to minimize losses.\n\nACTION: DEFECT",
    "THINKING: The opponent has consistently defected in all previous rounds, and there is no indication their behavior will change. Cooperating would only result in a guaranteed loss, so defecting maximizes my payoff.\n\nACTION: DEFECT",
    "THINKING: Given the opponent has consistently defected in all previous rounds and has a 0% cooperation rate, cooperating will only result in a loss for me. Defecting is the optimal strategy to avoid being exploited further.\n\nACTION: DEFECT",
    "THINKING: The opponent has consistently defected in all previous rounds, showing no willingness to cooperate. Defecting maximizes my payoff under these circumstances since cooperation would only result in a loss.\n\nACTION: DEFECT",
    "THINKING: Opponent has consistently defected in every round, showing no indication of cooperation. To maximize my payoff under these conditions, the best response is to defect as well.\n\nACTION: DEFECT",
    "THINKING: Given the opponent's consistent behavior of defecting and their 0% cooperation rate, cooperating would yield no benefits and only lead to a loss. Defecting ensures I at least secure 1 point in this round.  \nACTION: DEFECT",
    "THINKING: The opponent has consistently defected in every round (100% defection rate). Cooperating would result in a guaranteed loss, while defecting minimizes the damage.\n\nACTION: DEFECT",
    "THINKING: Given the opponent's consistent pattern of defecting and their 0% cooperation rate, cooperating would result in a guaranteed loss for me. Defecting ensures I minimize my losses. \n\nACTION: DEFECT",
    "THINKING: Opponent has consistently defected in every round, showing no intention to cooperate. Continuing to defect maximizes my payoff under these circumstances.  \n\nACTION: DEFECT",
    "THINKING: The opponent has consistently defected in all previous rounds, and cooperation on my part would yield no benefit in this scenario. Defecting maximizes my payoff under the circumstances.  \nACTION: DEFECT",
    "THINKING: The opponent has consistently defected in every round, indicating they will likely continue this strategy. Cooperating would only result in a worse payoff for me, so defecting is the rational choice.  \nACTION: DEFECT"
  ]
}