{
  "experiment": "exp6_baseline",
  "game": "prisoners_dilemma",
  "provider": "openai",
  "baseline": "AlwaysDefect",
  "trial": 8,
  "rounds": 30,
  "payoff": 29,
  "coop_rate": 0.03333333333333333,
  "llm_history": [
    "COOPERATE",
    "DEFECT",
    "DEFECT",
    "DEFECT",
    "DEFECT",
    "DEFECT",
    "DEFECT",
    "DEFECT",
    "DEFECT",
    "DEFECT",
    "DEFECT",
    "DEFECT",
    "DEFECT",
    "DEFECT",
    "DEFECT",
    "DEFECT",
    "DEFECT",
    "DEFECT",
    "DEFECT",
    "DEFECT",
    "DEFECT",
    "DEFECT",
    "DEFECT",
    "DEFECT",
    "DEFECT",
    "DEFECT",
    "DEFECT",
    "DEFECT",
    "DEFECT",
    "DEFECT"
  ],
  "opp_history": [
    "DEFECT",
    "DEFECT",
    "DEFECT",
    "DEFECT",
    "DEFECT",
    "DEFECT",
    "DEFECT",
    "DEFECT",
    "DEFECT",
    "DEFECT",
    "DEFECT",
    "DEFECT",
    "DEFECT",
    "DEFECT",
    "DEFECT",
    "DEFECT",
    "DEFECT",
    "DEFECT",
    "DEFECT",
    "DEFECT",
    "DEFECT",
    "DEFECT",
    "DEFECT",
    "DEFECT",
    "DEFECT",
    "DEFECT",
    "DEFECT",
    "DEFECT",
    "DEFECT",
    "DEFECT"
  ],
  "llm_responses": [
    "THINKING: In the first round, there is no history to base predictions on, but cooperation could establish trust and potentially lead to mutual benefits in future rounds. However, defecting could maximize my payoff in this round if Opponent cooperates. Given the long-term potential, starting with cooperation may foster a cooperative dynamic.  \n\nACTION: COOPERATE",
    "THINKING: The opponent has demonstrated a 0% cooperation rate so far, having defected in the first round. To maximize my payoff and avoid being exploited, I will defect in this round.\n\nACTION: DEFECT",
    "THINKING: The opponent has consistently defected in the previous rounds, showing a 0% cooperation rate. To maximize my payoff and avoid being exploited further, I should defect as well.  \nACTION: DEFECT",
    "THINKING: The opponent has consistently defected in all rounds, showing no intention of cooperating. In this scenario, cooperating would result in a guaranteed loss, so defecting maximizes my payoff.  \nACTION: DEFECT",
    "THINKING: The opponent has consistently defected in all previous rounds, showing no willingness to cooperate. Continuing to cooperate would only result in a lower payoff for me, so defecting is the rational choice to maximize my outcome.  \nACTION: DEFECT  ",
    "THINKING: The opponent has consistently defected in all previous rounds, and their cooperation rate is 0%. Cooperating will result in no payoff for me, while defecting ensures I at least get 1 payoff. \n\nACTION: DEFECT",
    "THINKING: The opponent has consistently defected in all previous rounds, showing no willingness to cooperate. To maximize my payoff in this situation, the best response is to defect as well. \n\nACTION: DEFECT",
    "THINKING: The opponent has consistently defected in all previous rounds, showing no intention to cooperate. To maximize my own payoff in this situation, the rational choice is to defect as well.\n\nACTION: DEFECT",
    "THINKING: The opponent has consistently defected in every round so far, showing no intention of cooperating. Defecting ensures I avoid being exploited and secure at least 1 point.\n\nACTION: DEFECT",
    "THINKING: The opponent has consistently defected in all rounds, showing no intention of cooperating. Defecting maximizes my payoff against their strategy.  \nACTION: DEFECT  ",
    "THINKING: The opponent has consistently defected in all previous rounds, indicating a clear pattern of non-cooperation. Defecting maximizes my payoff given the opponent's predictable behavior.  \nACTION: DEFECT  ",
    "THINKING: The opponent has consistently defected in all prior rounds, showing no inclination to cooperate. In a repeated Prisoner's Dilemma, defecting is the rational choice when the opponent always defects to avoid being exploited.\n\nACTION: DEFECT",
    "THINKING: The opponent has consistently defected in all previous rounds and shows no willingness to cooperate. Cooperating would only result in a lower payoff for me, given the opponent's behavior. \n\nACTION: DEFECT",
    "THINKING: The opponent has consistently defected in all past rounds, showing no inclination to cooperate. Continuing to cooperate would result in a guaranteed loss, so defecting is the optimal choice to minimize loss. \n\nACTION: DEFECT",
    "THINKING: The Opponent has consistently defected in every round, and cooperating would result in a guaranteed loss for me. Defecting is the only logical choice to maximize my payoff in this situation.\n\nACTION: DEFECT",
    "THINKING: The opponent has consistently defected in every round, showing no intention to cooperate. Defecting is the dominant strategy in this scenario to maximize my payoff and avoid being exploited.  \nACTION: DEFECT",
    "THINKING: The opponent has a consistent history of defecting in every round, and their cooperation rate is 0%. It would be irrational to cooperate when cooperation will not be reciprocated.  \nACTION: DEFECT",
    "THINKING: The opponent has consistently defected in every round and shows no indication of changing their strategy. Cooperating against an always-defecting opponent will not yield a better payoff, so defecting is the rational choice to maximize my outcome.\n\nACTION: DEFECT",
    "THINKING: The opponent has consistently defected in all previous rounds, and their cooperation rate is 0%. Cooperating would lead to no advantage, while defecting avoids exploitation and ensures a minimal payoff.  \nACTION: DEFECT",
    "THINKING: The opponent has consistently defected in all 19 previous rounds, and there is no indication they will change their strategy. Cooperating would result in a guaranteed loss, while defecting minimizes the damage.\n\nACTION: DEFECT",
    "THINKING: The opponent has consistently defected in every round (0% cooperation rate). Continuing to cooperate would only result in zero payoff for me, so defecting is the rational choice to minimize losses.\n\nACTION: DEFECT",
    "THINKING: The opponent has consistently defected in every round, showing no intention to cooperate. Defecting is the best strategy to maximize my own payoff under these circumstances.\n\nACTION: DEFECT",
    "THINKING: The opponent has consistently defected in all previous rounds (0% cooperation rate). Continuing to cooperate will yield no benefit, as cooperation is not reciprocated.\n\nACTION: DEFECT",
    "THINKING: The opponent has consistently defected in all previous rounds, indicating a clear pattern of non-cooperation. Defecting ensures I do not get exploited and minimizes my losses.  \n\nACTION: DEFECT  ",
    "THINKING: The opponent has consistently defected in all previous rounds, showing no intention to cooperate. Defecting maximizes my payoff given their predictable behavior.  \n\nACTION: DEFECT",
    "THINKING: The opponent has consistently defected in all previous rounds, showing no willingness to cooperate. Continuing to defect maximizes my payoff in this situation.\n\nACTION: DEFECT",
    "THINKING: The opponent has consistently defected in all previous rounds, indicating a fixed strategy of defection. Cooperating in this scenario will yield no benefit, as they will likely defect again.\n\nACTION: DEFECT",
    "THINKING: The opponent has consistently defected in all rounds, and my cooperation rate is very low. Continuing to cooperate would yield no benefit given the opponent's strategy. Defecting maximizes my payoff under these conditions.  \n\nACTION: DEFECT",
    "THINKING: The opponent has consistently defected in all prior rounds, showing no intention to cooperate. Defecting is the rational choice to avoid being exploited further.\n\nACTION: DEFECT",
    "THINKING: Since the opponent has consistently defected and their cooperation rate is 0%, cooperating would only lead to a payoff of 0 for me while rewarding them. Defecting ensures I minimize losses and gain at least 1 point.  \n\nACTION: DEFECT"
  ]
}