{
  "experiment": "exp6_baseline",
  "game": "prisoners_dilemma",
  "provider": "deepseek",
  "baseline": "AlwaysDefect",
  "trial": 4,
  "rounds": 30,
  "payoff": 29,
  "coop_rate": 0.03333333333333333,
  "llm_history": [
    "COOPERATE",
    "DEFECT",
    "DEFECT",
    "DEFECT",
    "DEFECT",
    "DEFECT",
    "DEFECT",
    "DEFECT",
    "DEFECT",
    "DEFECT",
    "DEFECT",
    "DEFECT",
    "DEFECT",
    "DEFECT",
    "DEFECT",
    "DEFECT",
    "DEFECT",
    "DEFECT",
    "DEFECT",
    "DEFECT",
    "DEFECT",
    "DEFECT",
    "DEFECT",
    "DEFECT",
    "DEFECT",
    "DEFECT",
    "DEFECT",
    "DEFECT",
    "DEFECT",
    "DEFECT"
  ],
  "opp_history": [
    "DEFECT",
    "DEFECT",
    "DEFECT",
    "DEFECT",
    "DEFECT",
    "DEFECT",
    "DEFECT",
    "DEFECT",
    "DEFECT",
    "DEFECT",
    "DEFECT",
    "DEFECT",
    "DEFECT",
    "DEFECT",
    "DEFECT",
    "DEFECT",
    "DEFECT",
    "DEFECT",
    "DEFECT",
    "DEFECT",
    "DEFECT",
    "DEFECT",
    "DEFECT",
    "DEFECT",
    "DEFECT",
    "DEFECT",
    "DEFECT",
    "DEFECT",
    "DEFECT",
    "DEFECT"
  ],
  "llm_responses": [
    "THINKING: This is the first round with no history, so I'll start with cooperation to signal willingness to cooperate and see how the opponent responds.  \nACTION: COOPERATE",
    "THINKING: Opponent defected in the first round, and my cooperation rate is 100% while theirs is 0%. Starting with a defection suggests they may be playing a strategy like Always Defect. I should defect to avoid being exploited again.\n\nACTION: DEFECT",
    "THINKING: The opponent has defected in both previous rounds, so they are likely playing a strategy that defects often. To maximize my payoff, I should defect to avoid being exploited.\n\nACTION: DEFECT",
    "THINKING: The opponent has defected every round so far, and my cooperation has only led to losses. Continuing to cooperate is not rational against an always-defect strategy.\n\nACTION: DEFECT",
    "THINKING: The opponent has always defected so far, and my cooperation rate is low, so continuing to defect is the rational choice to avoid exploitation.  \nACTION: DEFECT",
    "THINKING: The opponent has defected every round so far, and my cooperation has only led to losses. Continuing to cooperate is not rational against an always-defect strategy.  \nACTION: DEFECT",
    "THINKING: The opponent has defected every round so far, and my cooperation has only led to losses. Continuing to cooperate is not rational.  \nACTION: DEFECT",
    "THINKING: The opponent has always defected so far, and my cooperation has only led to losses. To avoid further losses, I should defect as well.  \nACTION: DEFECT",
    "THINKING: The opponent has defected every round so far, and my cooperation has only led to losses. Continuing to cooperate is not rational.  \nACTION: DEFECT",
    "THINKING: The opponent has defected every round so far, and my cooperation has only led to losses. Continuing to cooperate is not rational against an always-defect strategy.\n\nACTION: DEFECT",
    "THINKING: The opponent has defected every round so far, and my cooperation has only led to losses. Continuing to cooperate is not rational.  \nACTION: DEFECT",
    "THINKING: The opponent has always defected, and cooperating again would likely just give them another high payoff at my expense.  \nACTION: DEFECT",
    "THINKING: The opponent has always defected so far, and my cooperation has only led to losses. Continuing to cooperate is not rational in this situation.  \nACTION: DEFECT",
    "THINKING: The opponent has always defected so far, and my cooperation rate is low because cooperating against a defector yields zero payoff. Continuing to cooperate is not rational; I should defect to minimize losses.\n\nACTION: DEFECT",
    "THINKING: The opponent has always defected, and my cooperation rate is low because cooperating has led to poor payoffs. Continuing to cooperate is not rational.  \nACTION: DEFECT",
    "THINKING: The opponent has defected every single round so far, and my cooperation has only led to losses. Continuing to cooperate is not rational.  \nACTION: DEFECT",
    "THINKING: The opponent has always defected so far, and my cooperation has led to zero payoff. Continuing to cooperate is not rational; I should defect to minimize losses.  \nACTION: DEFECT",
    "THINKING: The opponent has defected every single round so far, and my cooperation has only led to losses. Continuing to cooperate is not rational.\n\nACTION: DEFECT",
    "THINKING: The opponent has defected every single round so far, and my cooperation has only led to losses. Continuing to cooperate is not rational.  \nACTION: DEFECT",
    "THINKING: The opponent has defected in all 19 previous rounds, showing no willingness to cooperate. Continuing to cooperate yields no benefit.\n\nACTION: DEFECT",
    "THINKING: The opponent has defected 100% of the time and shows no sign of cooperation, so cooperating would only yield a payoff of 0 while defecting yields at least 1.  \nACTION: DEFECT",
    "THINKING: The opponent has defected 100% of the time, so cooperating will only give me 0 points while defecting gives at least 1.  \nACTION: DEFECT",
    "THINKING: The opponent has defected in every previous round, and my cooperation rate is low, so there's no sign of mutual cooperation to build on. Defecting is the best choice to avoid being exploited and to secure a higher payoff this round.\n\nACTION: DEFECT",
    "THINKING: The opponent has consistently defected for 23 rounds, showing no willingness to cooperate. My cooperation has only led to losses, so the rational choice is to defect as well.\n\nACTION: DEFECT",
    "THINKING: The opponent has defected in every previous round and has a 0% cooperation rate, so cooperating now would likely just give them another high payoff at my expense.  \nACTION: DEFECT",
    "THINKING: The opponent has defected in all 25 previous rounds, so they are playing a strategy of always defecting. Cooperating now would only give me 0 points while defecting gives me 1 point.\n\nACTION: DEFECT",
    "THINKING: The opponent has defected in every round so far, and my cooperation has only led to losses. Continuing to cooperate is not rational in this repeated game when facing an always-defect strategy.\n\nACTION: DEFECT",
    "THINKING: The opponent has consistently defected in all previous rounds, and my cooperation rate is already low, so there's no benefit to cooperating now.  \nACTION: DEFECT",
    "THINKING: The opponent has always defected, and my cooperation rate is low, so there's no incentive to cooperate now. Defecting ensures I get at least 1 point instead of risking 0.  \nACTION: DEFECT",
    "THINKING: The opponent has defected in 29 out of 29 rounds, showing no willingness to cooperate. Cooperating now would only lower my payoff further.  \nACTION: DEFECT"
  ]
}