{
  "experiment": "exp6_baseline",
  "game": "prisoners_dilemma",
  "provider": "openai",
  "baseline": "Extort2",
  "trial": 23,
  "rounds": 30,
  "payoff": 78,
  "coop_rate": 1.0,
  "llm_history": [
    "COOPERATE",
    "COOPERATE",
    "COOPERATE",
    "COOPERATE",
    "COOPERATE",
    "COOPERATE",
    "COOPERATE",
    "COOPERATE",
    "COOPERATE",
    "COOPERATE",
    "COOPERATE",
    "COOPERATE",
    "COOPERATE",
    "COOPERATE",
    "COOPERATE",
    "COOPERATE",
    "COOPERATE",
    "COOPERATE",
    "COOPERATE",
    "COOPERATE",
    "COOPERATE",
    "COOPERATE",
    "COOPERATE",
    "COOPERATE",
    "COOPERATE",
    "COOPERATE",
    "COOPERATE",
    "COOPERATE",
    "COOPERATE",
    "COOPERATE"
  ],
  "opp_history": [
    "COOPERATE",
    "COOPERATE",
    "COOPERATE",
    "COOPERATE",
    "COOPERATE",
    "COOPERATE",
    "COOPERATE",
    "COOPERATE",
    "COOPERATE",
    "COOPERATE",
    "COOPERATE",
    "DEFECT",
    "DEFECT",
    "DEFECT",
    "COOPERATE",
    "COOPERATE",
    "COOPERATE",
    "COOPERATE",
    "COOPERATE",
    "COOPERATE",
    "COOPERATE",
    "COOPERATE",
    "COOPERATE",
    "COOPERATE",
    "COOPERATE",
    "COOPERATE",
    "COOPERATE",
    "COOPERATE",
    "COOPERATE",
    "DEFECT"
  ],
  "llm_responses": [
    "THINKING: In the first round, there is no history to analyze, so establishing trust and cooperation can lead to better long-term payoffs if the opponent reciprocates. Starting with cooperation sets a positive tone.  \n\nACTION: COOPERATE",
    "THINKING: The opponent has cooperated in the first round, and their cooperation rate is currently 100%. Maintaining cooperation can lead to mutual high payoffs over time, while defecting now risks breaking trust early in the game. \n\nACTION: COOPERATE",
    "THINKING: The opponent has consistently cooperated, and mutual cooperation yields the highest combined payoff. Continuing to cooperate builds trust and maximizes long-term benefits.  \nACTION: COOPERATE",
    "THINKING: Both my cooperation rate and the opponent's cooperation rate are 100%, indicating a strong mutual trust and consistent cooperation. Defecting now might break this trust and hurt our long-term payoffs.\n\nACTION: COOPERATE",
    "THINKING: The opponent has shown a consistent pattern of cooperation, and mutual cooperation yields the best long-term payoff. Breaking the trust now could jeopardize the established cooperation.  \nACTION: COOPERATE  ",
    "THINKING: Both I and the Opponent have cooperated consistently so far, maintaining mutual trust and maximizing our payoffs. Defecting now would break this trust and likely lead to a suboptimal outcome in future rounds.  \n\nACTION: COOPERATE  ",
    "THINKING: Since both I and the opponent have cooperated 100% of the time so far, maintaining mutual cooperation is optimal for maximizing long-term payoffs. Betraying now would break trust and likely lead to mutual defection in future rounds.\n\nACTION: COOPERATE",
    "THINKING: Both I and the opponent have maintained 100% cooperation so far, leading to mutual benefits. Defecting now would break the trust and potentially lead to worse outcomes in future rounds. \n\nACTION: COOPERATE",
    "THINKING: Both I and the opponent have consistently cooperated, resulting in a mutually beneficial outcome. Breaking this pattern may hurt long-term cooperation and trust.\n\nACTION: COOPERATE",
    "THINKING: The opponent has consistently cooperated in all previous rounds, showing a highly cooperative pattern. Continuing mutual cooperation will maximize long-term payoffs for both players.\n\nACTION: COOPERATE",
    "THINKING: Both I and my opponent have cooperated consistently so far, leading to mutual high payoffs. Breaking this cooperation now would harm the trust established and reduce long-term payoffs. \n\nACTION: COOPERATE",
    "THINKING: The opponent has consistently cooperated in all previous rounds, and mutual cooperation leads to a higher long-term payoff for both of us. Defecting now would break the trust and likely lead to mutual defection in future rounds, reducing overall payoffs.\n\nACTION: COOPERATE",
    "THINKING: Opponent has been highly cooperative overall (92% cooperation rate), but defected in the last round. This could be a test or a one-time deviation. Maintaining cooperation may encourage them to return to cooperation, preserving long-term mutual benefits.  \nACTION: COOPERATE",
    "THINKING: The opponent has been highly cooperative overall but defected in the last round. To encourage future cooperation and maintain a cooperative dynamic, I should reciprocate cooperation while cautiously monitoring their behavior.  \nACTION: COOPERATE  ",
    "THINKING: The opponent has a high cooperation rate (79%), but they defected in the last round, which could indicate a conditional strategy. To encourage mutual cooperation in future rounds, I'll give them the benefit of the doubt and cooperate this round.\n\nACTION: COOPERATE",
    "THINKING: The opponent has cooperated 80% of the time and cooperated in the last round, indicating a tendency toward cooperation. Continuing to cooperate aligns with maintaining trust and maximizing mutual payoffs in the long term.\n\nACTION: COOPERATE",
    "THINKING: My opponent has predominantly cooperated (81%) and seems to follow a mixed/conditional strategy, likely responding to my consistent cooperation. Continuing to cooperate may sustain mutual high payoffs, but defecting risks destabilizing the trust built so far. Given the opponent's recent cooperative action, I will cooperate to maintain goodwill and maximize potential future payoffs.\n\nACTION: COOPERATE",
    "THINKING: My opponent has cooperated in 82% of the rounds and cooperated in the last round, indicating a generally cooperative strategy. To maximize long-term payoffs, I will continue cooperating to build trust and encourage mutual cooperation.  \n\nACTION: COOPERATE",
    "THINKING: Opponent has cooperated in the majority of rounds (83%) and cooperated in the last round, signaling conditional cooperation. Maintaining cooperation may encourage mutual high payoffs, but defecting could risk losing their trust and future cooperation.  \n\nACTION: COOPERATE",
    "THINKING: The opponent has cooperated in 84% of the rounds and cooperated in the last round, suggesting they lean towards cooperation but conditionally respond to my actions. To maximize long-term payoffs, I should maintain mutual cooperation unless directly provoked.\n\nACTION: COOPERATE",
    "THINKING: The opponent has cooperated 85% of the time and cooperated in the last round, which indicates a tendency towards cooperation. Given my 100% cooperation rate so far, maintaining trust and encouraging mutual cooperation seems beneficial for higher long-term payoffs.\n\nACTION: COOPERATE",
    "THINKING: The opponent has cooperated in 86% of the rounds and cooperated in the last round, suggesting a tendency toward cooperation. Defecting now could disrupt this cooperation dynamic and lead to lower long-term payoffs. \n\nACTION: COOPERATE",
    "THINKING: The opponent has been highly cooperative (86% cooperation rate), and maintaining mutual cooperation maximizes the long-term payoff. Defecting now risks breaking trust and losing future cooperation benefits. \n\nACTION: COOPERATE",
    "THINKING: The opponent has been highly cooperative, with a cooperation rate of 87%. Maintaining cooperation has the potential to maximize mutual payoffs, especially given the history of trust and collaboration.  \n\nACTION: COOPERATE",
    "THINKING: The opponent has shown a high level of cooperation (88%), and maintaining mutual cooperation yields the best long-term payoff. Defecting could break the trust built so far and lead to worse outcomes in future rounds.  \n\nACTION: COOPERATE",
    "THINKING: The opponent has been highly cooperative with an 88% cooperation rate, and they cooperated in the last round. Maintaining mutual cooperation maximizes long-term payoffs in this repeated game scenario. Defecting now could disrupt trust and hurt future outcomes.  \nACTION: COOPERATE  ",
    "THINKING: Opponent has shown a highly cooperative pattern (88% cooperation rate), and cooperating maximizes mutual payoff while maintaining trust. Defecting could jeopardize this dynamic.  \n\nACTION: COOPERATE",
    "THINKING: The opponent has been highly cooperative with an 89% cooperation rate, and their last action was to cooperate. Continuing to cooperate may foster mutual benefit in the repeated game.  \nACTION: COOPERATE",
    "THINKING: Given the opponent's high cooperation rate (89%) and consistent cooperative behavior in the recent rounds, continuing to cooperate maximizes long-term mutual payoff and sustains trust. Defecting would disrupt the cooperative dynamic unnecessarily.  \nACTION: COOPERATE",
    "THINKING: The opponent has been highly cooperative with a 90% cooperation rate, and their last action was to cooperate. To maximize long-term payoffs and encourage mutual cooperation, it is strategic to continue cooperating.  \n\nACTION: COOPERATE"
  ]
}