{
  "experiment": "exp6_baseline",
  "game": "prisoners_dilemma",
  "provider": "deepseek",
  "baseline": "GenerousTitForTat",
  "trial": 17,
  "rounds": 30,
  "payoff": 89,
  "coop_rate": 0.9,
  "llm_history": [
    "COOPERATE",
    "COOPERATE",
    "COOPERATE",
    "COOPERATE",
    "COOPERATE",
    "DEFECT",
    "DEFECT",
    "DEFECT",
    "COOPERATE",
    "COOPERATE",
    "COOPERATE",
    "COOPERATE",
    "COOPERATE",
    "COOPERATE",
    "COOPERATE",
    "COOPERATE",
    "COOPERATE",
    "COOPERATE",
    "COOPERATE",
    "COOPERATE",
    "COOPERATE",
    "COOPERATE",
    "COOPERATE",
    "COOPERATE",
    "COOPERATE",
    "COOPERATE",
    "COOPERATE",
    "COOPERATE",
    "COOPERATE",
    "COOPERATE"
  ],
  "opp_history": [
    "COOPERATE",
    "COOPERATE",
    "COOPERATE",
    "COOPERATE",
    "COOPERATE",
    "COOPERATE",
    "COOPERATE",
    "DEFECT",
    "DEFECT",
    "COOPERATE",
    "COOPERATE",
    "COOPERATE",
    "COOPERATE",
    "COOPERATE",
    "COOPERATE",
    "COOPERATE",
    "COOPERATE",
    "COOPERATE",
    "COOPERATE",
    "COOPERATE",
    "COOPERATE",
    "COOPERATE",
    "COOPERATE",
    "COOPERATE",
    "COOPERATE",
    "COOPERATE",
    "COOPERATE",
    "COOPERATE",
    "COOPERATE",
    "COOPERATE"
  ],
  "llm_responses": [
    "THINKING: This is the first round with no history, so I'll start by cooperating to signal willingness to cooperate and see how the opponent responds.  \nACTION: COOPERATE",
    "THINKING: The opponent cooperated in round 1, and with a 100% cooperation rate so far, it's likely they are playing a cooperative strategy like Tit-for-Tat. Cooperating now builds trust and mutual benefit.  \nACTION: COOPERATE",
    "THINKING: Both players have cooperated in the first two rounds, and the opponent has a 100% cooperation rate. Starting with mutual cooperation is promising for building trust and maximizing long-term payoff.\n\nACTION: COOPERATE",
    "THINKING: The opponent has cooperated 100% of the time so far, and mutual cooperation yields a good payoff. Defecting now risks breaking this cooperative pattern and lowering future payoffs.\n\nACTION: COOPERATE",
    "THINKING: The opponent has cooperated in all previous rounds, and my cooperation rate is 100%. Continuing to cooperate maintains mutual high payoff.  \nACTION: COOPERATE",
    "THINKING: The opponent has cooperated 100% of the time so far, and my total payoff is currently zero, meaning I've been cooperating while they've been cooperating. To maximize my payoff in this round, I should defect to get 5 instead of 3.\n\nACTION: DEFECT",
    "THINKING: The opponent has cooperated 100% of the time so far, making them highly predictable and exploitable. Defecting now yields the highest immediate payoff (5 vs 3) with little risk of retaliation based on their pattern.\n\nACTION: DEFECT",
    "THINKING: Opponent has cooperated 100% of the time so far, and my low total payoff suggests I have been cooperating often while they have been exploiting me. To test their response and improve my score, I should defect now.\n\nACTION: DEFECT",
    "THINKING: The opponent has been highly cooperative (88% rate) and only defected last round, possibly testing or reacting to something. My total payoff is currently zero, so building mutual cooperation now is beneficial for future rounds.  \n\nACTION: COOPERATE",
    "THINKING: The opponent has a high cooperation rate (78%) but just defected last round, possibly testing my response. My total payoff is currently zero, so I need to encourage mutual cooperation to improve it. A cooperative move now may re-establish cooperation.\n\nACTION: COOPERATE",
    "THINKING: Opponent has been highly cooperative (80% rate) and just cooperated last round. My total payoff is currently zero, so cooperating now is likely to yield a mutual benefit and improve my score.\n\nACTION: COOPERATE",
    "THINKING: The opponent is highly cooperative (82% rate) and just cooperated last round, so cooperating now is likely to lead to a mutual payoff of 3 and improve my total score.  \nACTION: COOPERATE",
    "THINKING: The opponent has been highly cooperative (83% rate) and just cooperated last round. My total payoff is currently zero, so I need to build mutual cooperation to improve it. Cooperating now is likely to sustain their cooperation.\n\nACTION: COOPERATE",
    "THINKING: The opponent is highly cooperative (85% cooperation rate) and just cooperated last round. My total payoff is currently zero, so I need to build mutual cooperation to improve it.  \n\nACTION: COOPERATE",
    "THINKING: The opponent has been highly cooperative (86% rate) and just cooperated last round. My total payoff is currently zero, so maximizing mutual cooperation now is beneficial.  \nACTION: COOPERATE",
    "THINKING: The opponent has been highly cooperative (87% rate) and just cooperated last round. In a repeated Prisoner's Dilemma with a cooperative opponent, mutual cooperation yields the best long-term payoff.  \nACTION: COOPERATE",
    "THINKING: The opponent is highly cooperative (88% rate) and just cooperated last round. Cooperating now likely leads to mutual cooperation payoff of 3, while defecting risks breaking trust and lowering future payoffs.\n\nACTION: COOPERATE",
    "THINKING: The opponent has been highly cooperative (88% rate) and just cooperated last round. Mutual cooperation yields the highest long-term payoff, and defecting now risks breaking trust for minimal gain.\n\nACTION: COOPERATE",
    "THINKING: The opponent has been highly cooperative (89% rate) and just cooperated last round. Cooperating now likely yields mutual benefit and maintains trust for future rounds.\n\nACTION: COOPERATE",
    "THINKING: The opponent has been highly cooperative (89% rate) and just cooperated last round. Cooperating now likely yields mutual benefit and maintains cooperation.\n\nACTION: COOPERATE",
    "THINKING: The opponent has a 90% cooperation rate and just cooperated last round, so they are highly cooperative. My total payoff is currently zero, so cooperating now is likely to yield a positive payoff and maintain mutual cooperation.\n\nACTION: COOPERATE",
    "THINKING: The opponent has been highly cooperative (90% rate) and just cooperated last round. My total payoff is currently zero, so I need to build mutual cooperation to increase it. Defecting now could break trust and reduce future gains.\n\nACTION: COOPERATE",
    "THINKING: The opponent has been highly cooperative (91% rate) and just cooperated last round. Mutual cooperation yields the best long-term payoff, and defecting now risks damaging future cooperation.\n\nACTION: COOPERATE",
    "THINKING: Opponent has been highly cooperative (91%), and mutual cooperation yields the best long-term payoff. Defecting risks breaking trust and lowering future gains.\n\nACTION: COOPERATE",
    "THINKING: The opponent is highly cooperative (92% rate) and just cooperated last round. In a repeated Prisoner's Dilemma with a cooperative opponent, mutual cooperation yields the best long-term payoff, and defecting now risks damaging future cooperation.\n\nACTION: COOPERATE",
    "THINKING: The opponent has been highly cooperative (92% rate) and just cooperated last round, so cooperating maintains mutual benefit and avoids triggering retaliation.\n\nACTION: COOPERATE",
    "THINKING: The opponent has been highly cooperative (92% cooperation rate) and just cooperated last round. My current total payoff is zero, so I need to maximize points now. Given their consistent cooperation, cooperating again is likely to yield a high payoff (3 each) and maintain mutual cooperation.\n\nACTION: COOPERATE",
    "THINKING: The opponent has been highly cooperative (93% rate), and mutual cooperation yields the best long-term payoff. Defecting now risks damaging future cooperation for minimal short-term gain.\n\nACTION: COOPERATE",
    "THINKING: With both cooperation rates very high and the opponent highly cooperative, mutual cooperation maximizes my payoff for this round and maintains trust for future rounds.\n\nACTION: COOPERATE",
    "THINKING: The opponent has been highly cooperative (93% rate), and mutual cooperation yields the highest long-term payoff. Defecting now risks damaging future cooperation for minimal short-term gain.\n\nACTION: COOPERATE"
  ]
}