{
  "experiment": "exp6_baseline",
  "game": "prisoners_dilemma",
  "provider": "openai",
  "baseline": "GrimTrigger",
  "trial": 17,
  "rounds": 30,
  "payoff": 90,
  "coop_rate": 1.0,
  "llm_history": [
    "COOPERATE",
    "COOPERATE",
    "COOPERATE",
    "COOPERATE",
    "COOPERATE",
    "COOPERATE",
    "COOPERATE",
    "COOPERATE",
    "COOPERATE",
    "COOPERATE",
    "COOPERATE",
    "COOPERATE",
    "COOPERATE",
    "COOPERATE",
    "COOPERATE",
    "COOPERATE",
    "COOPERATE",
    "COOPERATE",
    "COOPERATE",
    "COOPERATE",
    "COOPERATE",
    "COOPERATE",
    "COOPERATE",
    "COOPERATE",
    "COOPERATE",
    "COOPERATE",
    "COOPERATE",
    "COOPERATE",
    "COOPERATE",
    "COOPERATE"
  ],
  "opp_history": [
    "COOPERATE",
    "COOPERATE",
    "COOPERATE",
    "COOPERATE",
    "COOPERATE",
    "COOPERATE",
    "COOPERATE",
    "COOPERATE",
    "COOPERATE",
    "COOPERATE",
    "COOPERATE",
    "COOPERATE",
    "COOPERATE",
    "COOPERATE",
    "COOPERATE",
    "COOPERATE",
    "COOPERATE",
    "COOPERATE",
    "COOPERATE",
    "COOPERATE",
    "COOPERATE",
    "COOPERATE",
    "COOPERATE",
    "COOPERATE",
    "COOPERATE",
    "COOPERATE",
    "COOPERATE",
    "COOPERATE",
    "COOPERATE",
    "COOPERATE"
  ],
  "llm_responses": [
    "THINKING: Since this is the first round and there is no history or pattern to analyze, cooperating initiates a basis for trust and collaboration, which might lead to higher payoffs in future rounds.  \nACTION: COOPERATE",
    "THINKING: Since the opponent cooperated in the previous round and has a 100% cooperation rate, maintaining mutual cooperation maximizes both players' payoffs in the long run. Defecting would risk breaking trust early in the game. \n\nACTION: COOPERATE",
    "THINKING: The opponent has cooperated in both rounds so far, showing a consistent pattern of cooperation. To maximize mutual payoffs and encourage continued cooperation, it is strategic to cooperate again.\n\nACTION: COOPERATE",
    "THINKING: The opponent has consistently cooperated in all rounds, and mutual cooperation leads to higher payoffs for both players. Defecting now risks breaking the trust and reducing overall payoffs in future rounds. \n\nACTION: COOPERATE",
    "THINKING: Both the Opponent and I have consistently cooperated, leading to mutually beneficial outcomes. Defecting now would break trust and likely result in lower payoffs in the long term.  \nACTION: COOPERATE  ",
    "THINKING: The opponent has consistently cooperated in every round, showing a highly cooperative strategy. To maximize long-term payoffs and maintain mutual trust, it’s best to continue cooperating.  \nACTION: COOPERATE",
    "THINKING: Both my opponent and I have cooperated in every round so far, maintaining mutual trust and maximizing our payoffs. Defecting now would break this trust and likely lead to lower payoffs in future rounds.\n\nACTION: COOPERATE",
    "THINKING: Both my opponent and I have maintained perfect cooperation so far, resulting in mutual gains. Defecting now would break trust and likely lead to a less favorable outcome in future rounds, as mutual cooperation is the most rewarding long-term strategy.  \n\nACTION: COOPERATE",
    "THINKING: Both my opponent and I have consistently cooperated, leading to mutually beneficial payoffs so far. Defecting now would risk breaking the trust and jeopardizing future cooperation, which has proven to yield higher overall payoffs.\n\nACTION: COOPERATE",
    "THINKING: Given both my and my opponent's consistent cooperation rate of 100%, mutual cooperation maximizes our payoffs (3 each) and preserves trust. Defecting now risks breaking this pattern and reducing overall payoff.  \n\nACTION: COOPERATE  ",
    "THINKING: Both I and the Opponent have maintained a 100% cooperation rate so far, leading to mutual benefit. Breaking this pattern by defecting could damage trust and lead to lower payoffs in future rounds. Maintaining cooperation ensures continued mutual gain.\n\nACTION: COOPERATE",
    "THINKING: Both I and the opponent have cooperated consistently, and mutual cooperation has maximized payoffs so far. Defecting now could break the trust and lead to a worse outcome in future rounds. \n\nACTION: COOPERATE",
    "THINKING: The opponent has demonstrated consistent cooperation, and mutual cooperation yields a higher long-term payoff than defecting in this scenario. Maintaining cooperation preserves trust and maximizes future gains.  \nACTION: COOPERATE",
    "THINKING: Both I and the Opponent have cooperated consistently, and mutual cooperation yields the highest long-term payoff. Breaking the trust now could damage the highly beneficial cooperation dynamic we’ve established.  \nACTION: COOPERATE",
    "THINKING: The opponent has been consistently cooperative, and mutual cooperation yields a higher long-term payoff than defecting. Defecting now could break the trust and lead to mutual defection in future rounds, reducing overall payoffs. \n\nACTION: COOPERATE",
    "THINKING: The opponent has consistently cooperated in every round, and mutual cooperation yields the highest collective payoff over time. Defecting now risks breaking the trust and could lead to mutual defection in future rounds.\n\nACTION: COOPERATE",
    "THINKING: Opponent has consistently cooperated in all previous rounds, resulting in mutual cooperation and maximum shared payoffs. Defecting now would break trust and potentially lead to worse outcomes in future rounds.  \n\nACTION: COOPERATE",
    "THINKING: Both I and my opponent have demonstrated full cooperation so far, yielding optimal mutual payoffs. Maintaining cooperation ensures continued mutual benefit, and there’s no indication that the opponent will change their behavior.\n\nACTION: COOPERATE",
    "THINKING: Since both I and my opponent have cooperated consistently for 18 rounds, breaking the cooperation now might jeopardize the trust and mutual gains we've established. Maintaining cooperation ensures continued high payoffs for both parties.  \n\nACTION: COOPERATE",
    "THINKING: The opponent has maintained a perfect cooperation rate, and mutual cooperation yields higher long-term payoffs compared to defecting. Breaking this mutual cooperation could damage the trust and reduce future payoffs.  \nACTION: COOPERATE",
    "THINKING: The opponent has been fully cooperative for 20 rounds, and both of us have achieved mutual cooperation consistently. Defecting now would betray trust and disrupt the mutually beneficial pattern. Cooperation maximizes long-term payoffs in this scenario.  \nACTION: COOPERATE  ",
    "THINKING: Both I and the Opponent have cooperated consistently for 21 rounds, leading to a stable mutual payoff. Defecting now risks breaking the trust and losing the long-term benefits of cooperation.\n\nACTION: COOPERATE",
    "THINKING: Both I and the Opponent have maintained a perfect cooperation rate, which has maximized mutual payoffs so far. Defecting now would break trust and likely lead to a worse outcome in future rounds.\n\nACTION: COOPERATE",
    "THINKING: Both you and your opponent have consistently cooperated every round, demonstrating mutual trust and maximizing shared payoffs. Defecting now could jeopardize this established cooperative relationship.  \n\nACTION: COOPERATE",
    "THINKING: Both myself and the opponent have maintained a 100% cooperation rate, ensuring maximum mutual payoff thus far. Breaking this pattern by defecting would harm the established trust and lead to lower payoffs in future rounds.  \n\nACTION: COOPERATE",
    "THINKING: The opponent has been consistently cooperative with a 100% cooperation rate. Defecting now would break mutual trust and risk the long-term higher payoffs from continued cooperation.\n\nACTION: COOPERATE",
    "THINKING: The opponent has consistently cooperated in all 26 rounds, maintaining a highly cooperative pattern. Defecting now would break the trust and potentially lead to a breakdown in mutual cooperation, reducing long-term payoffs for both.\n\nACTION: COOPERATE",
    "THINKING: Both I and my opponent have cooperated in every round so far, leading to mutual trust and maximum payoff. Defecting now would break that trust and likely reduce long-term payoffs.\n\nACTION: COOPERATE",
    "THINKING: The Opponent has consistently cooperated in all rounds, and mutual cooperation maximizes the payoff for both players. Defecting would break the established trust and harm long-term payoffs.  \nACTION: COOPERATE  ",
    "THINKING: The Opponent has consistently cooperated in all 29 rounds, demonstrating a highly cooperative strategy. To maintain mutual high payoffs and avoid jeopardizing the trust built so far, it is optimal to continue cooperating.  \n\nACTION: COOPERATE"
  ]
}