{
  "experiment": "exp6_baseline",
  "game": "prisoners_dilemma",
  "provider": "openai",
  "baseline": "AlwaysDefect",
  "trial": 2,
  "rounds": 30,
  "payoff": 29,
  "coop_rate": 0.03333333333333333,
  "llm_history": [
    "COOPERATE",
    "DEFECT",
    "DEFECT",
    "DEFECT",
    "DEFECT",
    "DEFECT",
    "DEFECT",
    "DEFECT",
    "DEFECT",
    "DEFECT",
    "DEFECT",
    "DEFECT",
    "DEFECT",
    "DEFECT",
    "DEFECT",
    "DEFECT",
    "DEFECT",
    "DEFECT",
    "DEFECT",
    "DEFECT",
    "DEFECT",
    "DEFECT",
    "DEFECT",
    "DEFECT",
    "DEFECT",
    "DEFECT",
    "DEFECT",
    "DEFECT",
    "DEFECT",
    "DEFECT"
  ],
  "opp_history": [
    "DEFECT",
    "DEFECT",
    "DEFECT",
    "DEFECT",
    "DEFECT",
    "DEFECT",
    "DEFECT",
    "DEFECT",
    "DEFECT",
    "DEFECT",
    "DEFECT",
    "DEFECT",
    "DEFECT",
    "DEFECT",
    "DEFECT",
    "DEFECT",
    "DEFECT",
    "DEFECT",
    "DEFECT",
    "DEFECT",
    "DEFECT",
    "DEFECT",
    "DEFECT",
    "DEFECT",
    "DEFECT",
    "DEFECT",
    "DEFECT",
    "DEFECT",
    "DEFECT",
    "DEFECT"
  ],
  "llm_responses": [
    "THINKING: Since this is the first round and there is no history to analyze, cooperating establishes trust and opens the door for mutual benefit in future rounds. It’s also a common strategy to test the opponent's behavior.\n\nACTION: COOPERATE",
    "THINKING: In the first round, the opponent defected while I cooperated, resulting in a payoff of 0 for me. Their 0% cooperation rate suggests they are not currently willing to cooperate, so I should defect to avoid being exploited further. \n\nACTION: DEFECT",
    "THINKING: The opponent has a 0% cooperation rate so far and has consistently defected, showing no intention to cooperate. Defecting is the best response to avoid being exploited.  \n\nACTION: DEFECT",
    "THINKING: The opponent has consistently defected in all previous rounds, showing no willingness to cooperate. To maximize my payoff in this scenario, the rational choice is to defect as well.\n\nACTION: DEFECT",
    "THINKING: Given the opponent's consistent strategy of always defecting (0% cooperation rate), cooperating will always result in a payoff of 0 for me. Defecting ensures I at least get a payoff of 1.\n\nACTION: DEFECT",
    "THINKING: The opponent has consistently defected in all previous rounds, indicating a strategy of non-cooperation. Cooperating would only guarantee a lower payoff for me without changing their behavior.\n\nACTION: DEFECT",
    "THINKING: Opponent has consistently defected in all previous rounds, showing no intention to cooperate. Defecting ensures I avoid being exploited and gain at least 1 payoff.  \nACTION: DEFECT",
    "THINKING: The opponent has consistently defected in all previous rounds, showing no willingness to cooperate. Given that cooperating will only lead to a payoff of 0 against their defection, the rational choice is to defect to minimize losses.\n\nACTION: DEFECT",
    "THINKING: Given the opponent's consistent strategy of always defecting and their 0% cooperation rate, cooperating would result in a payoff of 0 for me, while defecting guarantees at least 1. Thus, defecting is the rational choice.  \nACTION: DEFECT",
    "THINKING: The opponent has consistently defected in all previous rounds, and their cooperation rate is 0%. Continuing to cooperate would lead to a guaranteed loss, so defecting maximizes my payoff.  \nACTION: DEFECT",
    "THINKING: The opponent has consistently defected every round, showing no willingness to cooperate. To maximize my payoff in this situation, the best response is to defect as well.  \n\nACTION: DEFECT",
    "THINKING: The opponent has consistently defected in every round (0% cooperation rate), indicating that they are not willing to cooperate. To maximize my payoff, the rational choice is to defect as well. \n\nACTION: DEFECT",
    "THINKING: The opponent has defected in every round so far, indicating a clear pattern of non-cooperation. Since cooperation yields no benefit against an opponent who consistently defects, defecting maximizes my payoff. \n\nACTION: DEFECT",
    "THINKING: The opponent has consistently defected in every round, showing no willingness to cooperate. Defecting is the rational choice to avoid being exploited and to maximize my own payoff.\n\nACTION: DEFECT",
    "THINKING: The opponent has consistently defected in every round, showing no intent to cooperate. Defecting ensures I get at least 1 payoff instead of risking 0 by cooperating.  \nACTION: DEFECT",
    "THINKING: The opponent has consistently defected in every round so far, showing no willingness to cooperate. Continuing to cooperate would only result in a lower payoff for me with no strategic benefit.\n\nACTION: DEFECT",
    "THINKING: The opponent has consistently defected in all previous rounds, showing no inclination to cooperate. Since cooperating would result in a guaranteed loss (0 payoff), the optimal strategy is to defect to avoid being exploited.\n\nACTION: DEFECT",
    "THINKING: The opponent has consistently defected in all previous rounds, showing no intention to cooperate. Cooperating would not yield any benefit in this scenario.  \n\nACTION: DEFECT",
    "THINKING: The opponent has consistently defected in all rounds, and their cooperation rate is 0%. Cooperating would guarantee a payoff of 0, while defecting ensures at least a payoff of 1.  \nACTION: DEFECT  ",
    "THINKING: The opponent has consistently defected in all prior rounds, showing no willingness to cooperate. Given the payoff matrix, defecting is the rational choice to avoid being exploited.  \n\nACTION: DEFECT",
    "THINKING: The opponent has consistently defected in all previous rounds, ensuring a cooperation rate of 0%. Defecting will maximize my payoff since cooperation would only result in being exploited.\n\nACTION: DEFECT",
    "THINKING: The opponent has consistently defected in all 21 rounds, and their cooperation rate is 0%. Cooperating would only lead to being exploited again, so defecting is the only rational choice to minimize losses.\n\nACTION: DEFECT",
    "THINKING: The opponent has consistently defected in all previous rounds and shows no signs of cooperation. Defecting maximizes my payoff under these circumstances.  \n\nACTION: DEFECT",
    "THINKING: The opponent has a 0% cooperation rate and always defects, making cooperation unwise since it yields no benefit in this scenario. Defecting ensures at least a minimal payoff.  \nACTION: DEFECT",
    "THINKING: Since the opponent has consistently defected in every round and has a 0% cooperation rate, cooperating would only result in a loss for me without mutual benefit. Defecting is the rational choice to maximize my payoff.  \n\nACTION: DEFECT",
    "THINKING: The opponent has consistently defected in all previous rounds, and their cooperation rate is 0%. Cooperating would result in a guaranteed loss, so defecting is the only rational choice to avoid being exploited.\n\nACTION: DEFECT",
    "THINKING: Since Opponent has consistently defected in every round, cooperating would only result in a loss for me. Defecting is the only rational choice to minimize the damage and match their strategy.  \nACTION: DEFECT",
    "THINKING: The Opponent has consistently defected in every round, and their cooperation rate is 0%. Continuing to defect is the rational choice to avoid being exploited.  \n\nACTION: DEFECT",
    "THINKING: The opponent has consistently defected in all previous rounds and has a 0% cooperation rate. To maximize my payoff, the rational choice is to defect as cooperation would yield no benefit.\n\nACTION: DEFECT",
    "THINKING: The opponent has consistently defected in all previous rounds, showing no signs of cooperation. Continuing to defect maximizes my payoff in this situation, as cooperation would only result in a payoff of 0.\n\nACTION: DEFECT"
  ]
}