{
  "experiment": "exp6_baseline",
  "game": "prisoners_dilemma",
  "provider": "openai",
  "baseline": "AlwaysCooperate",
  "trial": 10,
  "rounds": 30,
  "payoff": 90,
  "coop_rate": 1.0,
  "llm_history": [
    "COOPERATE",
    "COOPERATE",
    "COOPERATE",
    "COOPERATE",
    "COOPERATE",
    "COOPERATE",
    "COOPERATE",
    "COOPERATE",
    "COOPERATE",
    "COOPERATE",
    "COOPERATE",
    "COOPERATE",
    "COOPERATE",
    "COOPERATE",
    "COOPERATE",
    "COOPERATE",
    "COOPERATE",
    "COOPERATE",
    "COOPERATE",
    "COOPERATE",
    "COOPERATE",
    "COOPERATE",
    "COOPERATE",
    "COOPERATE",
    "COOPERATE",
    "COOPERATE",
    "COOPERATE",
    "COOPERATE",
    "COOPERATE",
    "COOPERATE"
  ],
  "opp_history": [
    "COOPERATE",
    "COOPERATE",
    "COOPERATE",
    "COOPERATE",
    "COOPERATE",
    "COOPERATE",
    "COOPERATE",
    "COOPERATE",
    "COOPERATE",
    "COOPERATE",
    "COOPERATE",
    "COOPERATE",
    "COOPERATE",
    "COOPERATE",
    "COOPERATE",
    "COOPERATE",
    "COOPERATE",
    "COOPERATE",
    "COOPERATE",
    "COOPERATE",
    "COOPERATE",
    "COOPERATE",
    "COOPERATE",
    "COOPERATE",
    "COOPERATE",
    "COOPERATE",
    "COOPERATE",
    "COOPERATE",
    "COOPERATE",
    "COOPERATE"
  ],
  "llm_responses": [
    "THINKING: Since this is the first round and there is no history or pattern to analyze, cooperating could set a positive tone for mutual benefit, but defecting might secure a higher payoff if the opponent defects. I'll opt to cooperate initially to test the opponent's intent.  \nACTION: COOPERATE",
    "THINKING: The opponent cooperated in the first round, and their cooperation rate is 100%. Maintaining mutual cooperation maximizes payoffs for both parties in the long term. Defection now risks breaking trust.  \nACTION: COOPERATE  ",
    "THINKING: The opponent has cooperated consistently so far, and mutual cooperation yields the highest joint payoff. Defecting now could break trust and lead to lower long-term payoffs.\n\nACTION: COOPERATE",
    "THINKING: The opponent has been consistently cooperative, and mutual cooperation yields the highest payoff for both players. Defecting risks breaking the trust and lowering overall payoffs.  \n\nACTION: COOPERATE",
    "THINKING: So far, both I and the Opponent have maintained perfect cooperation, leading to mutual high payoffs. Continuing to cooperate preserves trust and ensures optimal outcomes for both players.  \nACTION: COOPERATE  ",
    "THINKING: Both the opponent and I have consistently cooperated, resulting in mutual benefit. There's no indication the opponent will defect, and continuing to cooperate maximizes mutual payoff in the long run.  \n\nACTION: COOPERATE",
    "THINKING: Both my Opponent and I have cooperated in every round so far, maintaining a mutual trust and maximizing payoffs. Breaking this pattern by defecting could harm the cooperative dynamic and reduce future payoffs.\n\nACTION: COOPERATE",
    "THINKING: The opponent has been consistently cooperative with a 100% cooperation rate, and mutual cooperation leads to the best long-term payoff for both players. Defecting now could break trust and harm future outcomes.  \nACTION: COOPERATE  ",
    "THINKING: The opponent has shown consistent cooperation, and mutual cooperation yields the best long-term payoff. Defecting now could break the trust and lead to worse outcomes in future rounds.  \nACTION: COOPERATE",
    "THINKING: Given the opponent's consistent cooperation rate (100%) and the mutual benefit of cooperation (payoff of 3 each), it is rational to maintain trust and continue cooperating to maximize long-term payoffs for both parties. Defecting risks breaking the trust and reducing potential gains.  \n\nACTION: COOPERATE",
    "THINKING: The opponent has consistently cooperated in all 10 rounds, indicating a highly cooperative strategy. Maintaining mutual cooperation maximizes long-term payoffs for both players.\n\nACTION: COOPERATE",
    "THINKING: The opponent has consistently cooperated in all 11 rounds, suggesting a highly reliable cooperative strategy. Defecting now could break mutual trust and lead to worse outcomes in the long run.\n\nACTION: COOPERATE",
    "THINKING: The opponent has consistently cooperated in every round, and maintaining mutual cooperation maximizes long-term payoffs. Defecting now would break the trust and likely lead to worse outcomes in future rounds.\n\nACTION: COOPERATE",
    "THINKING: Both the opponent and I have been entirely cooperative so far, leading to maximum mutual payoffs. Defecting now would break the trust and likely lead to a loss in future rounds. Maintaining cooperation optimizes long-term gains.  \nACTION: COOPERATE",
    "THINKING: The opponent has consistently cooperated in all 14 previous rounds, demonstrating high trustworthiness and a willingness to sustain mutual cooperation. Defecting now would break this mutually beneficial dynamic without any strategic justification.\n\nACTION: COOPERATE",
    "THINKING: The opponent has exhibited consistent cooperation (100% cooperation rate) throughout the game. Maintaining mutual cooperation maximizes the payoff for both players and aligns with the trust built so far.\n\nACTION: COOPERATE",
    "THINKING: Both players have cooperated consistently so far, leading to a stable and mutually beneficial outcome (payoff of 3 each per round). Defecting now would risk breaking the trust and reducing overall payoffs in future rounds.\n\nACTION: COOPERATE",
    "THINKING: Both I and the Opponent have cooperated consistently, yielding the maximum mutual payoff. There is no indication of betrayal from the Opponent, so maintaining cooperation will sustain trust and optimal outcomes.\n\nACTION: COOPERATE",
    "THINKING: Both players have cooperated consistently, resulting in mutual high payoffs. Maintaining cooperation ensures continued trust and optimal outcomes for both. Defecting risks breaking the cooperative streak and reducing future payoffs.  \n\nACTION: COOPERATE",
    "THINKING: The opponent has consistently cooperated in all 19 rounds, and mutual cooperation yields a higher long-term payoff than defecting. Defecting now risks breaking the trust and changing the opponent's behavior in future rounds.  \n\nACTION: COOPERATE",
    "THINKING: The opponent has consistently cooperated in all 20 rounds, showing a highly reliable cooperative pattern. To maintain mutual trust and maximize long-term payoffs, it is optimal to continue cooperating.  \nACTION: COOPERATE",
    "THINKING: The opponent has been fully cooperative for all 21 rounds, matching my cooperation rate of 100%. Defecting now risks breaking mutual trust and could lead to worse outcomes in future rounds. \n\nACTION: COOPERATE",
    "THINKING: The opponent has maintained a perfect cooperation rate, and mutual cooperation yields the best long-term payoff. Defecting would break trust and potentially lead to lower payoffs in future rounds.  \nACTION: COOPERATE",
    "THINKING: The opponent has consistently cooperated in all previous rounds, and mutual cooperation yields the highest payoff for both players. Defecting could ruin the established trust and long-term benefits.\n\nACTION: COOPERATE",
    "THINKING: Both you and your opponent have cooperated consistently throughout the game, resulting in mutual gains. Maintaining cooperation will continue yielding the highest payoff for both parties. \n\nACTION: COOPERATE",
    "THINKING: The opponent has consistently cooperated in all rounds, demonstrating a trustworthy and cooperative strategy. Defecting would break the mutual benefit and potentially harm future trust and payoffs.\n\nACTION: COOPERATE",
    "THINKING: Both my opponent and I have consistently cooperated throughout the game. Maintaining mutual cooperation maximizes long-term payoff, and there is no indication that the opponent will deviate from this strategy. \n\nACTION: COOPERATE",
    "THINKING: Both my opponent and I have cooperated in every round so far, leading to a mutually beneficial outcome. There is no indication that my opponent will defect, so continuing cooperation maximizes long-term rewards. \n\nACTION: COOPERATE",
    "THINKING: Both players have maintained a perfect cooperation rate, resulting in mutual high payoffs. Defecting now would risk breaking the established trust and lead to lower future payoffs. \n\nACTION: COOPERATE",
    "THINKING: The opponent has consistently cooperated in all previous rounds, and defecting now would break the mutual trust and likely lead to worse outcomes in future rounds. Sustaining cooperation maximizes long-term payoffs in this scenario.  \n\nACTION: COOPERATE"
  ]
}