{
  "experiment": "exp6_baseline",
  "game": "prisoners_dilemma",
  "provider": "deepseek",
  "baseline": "GrimTrigger",
  "trial": 29,
  "rounds": 30,
  "payoff": 51,
  "coop_rate": 0.43333333333333335,
  "llm_history": [
    "COOPERATE",
    "COOPERATE",
    "COOPERATE",
    "COOPERATE",
    "COOPERATE",
    "COOPERATE",
    "COOPERATE",
    "COOPERATE",
    "COOPERATE",
    "COOPERATE",
    "DEFECT",
    "COOPERATE",
    "COOPERATE",
    "COOPERATE",
    "DEFECT",
    "DEFECT",
    "DEFECT",
    "DEFECT",
    "DEFECT",
    "DEFECT",
    "DEFECT",
    "DEFECT",
    "DEFECT",
    "DEFECT",
    "DEFECT",
    "DEFECT",
    "DEFECT",
    "DEFECT",
    "DEFECT",
    "DEFECT"
  ],
  "opp_history": [
    "COOPERATE",
    "COOPERATE",
    "COOPERATE",
    "COOPERATE",
    "COOPERATE",
    "COOPERATE",
    "COOPERATE",
    "COOPERATE",
    "COOPERATE",
    "COOPERATE",
    "COOPERATE",
    "DEFECT",
    "DEFECT",
    "DEFECT",
    "DEFECT",
    "DEFECT",
    "DEFECT",
    "DEFECT",
    "DEFECT",
    "DEFECT",
    "DEFECT",
    "DEFECT",
    "DEFECT",
    "DEFECT",
    "DEFECT",
    "DEFECT",
    "DEFECT",
    "DEFECT",
    "DEFECT",
    "DEFECT"
  ],
  "llm_responses": [
    "THINKING: This is the first round with no history, so I'll start by cooperating to signal willingness to cooperate and see how the opponent responds.  \nACTION: COOPERATE",
    "THINKING: The opponent has cooperated in the first round, and both cooperation rates are 100%. Starting with cooperation is common, so I will reciprocate to build mutual trust and aim for the higher mutual payoff.\n\nACTION: COOPERATE",
    "THINKING: The opponent has cooperated in both previous rounds, and my cooperation rate is high, so continuing to cooperate may sustain mutual cooperation for higher payoffs.  \nACTION: COOPERATE",
    "THINKING: The opponent has cooperated every round so far, and my cooperation rate is 100%. Continuing to cooperate maintains mutual cooperation and maximizes long-term payoff in a repeated game.\n\nACTION: COOPERATE",
    "THINKING: The opponent has cooperated in all previous rounds and has a 100% cooperation rate, so cooperating now is likely to yield a high mutual payoff.  \nACTION: COOPERATE",
    "THINKING: Opponent has cooperated 100% so far, and mutual cooperation yields the best long-term payoff. Defecting now could break trust and reduce future gains.  \nACTION: COOPERATE",
    "THINKING: The opponent has cooperated 100% of the time so far, and mutual cooperation yields the highest long-term payoff. Defecting now risks breaking the cooperative pattern and lowering future payoffs.  \nACTION: COOPERATE",
    "THINKING: The opponent has cooperated 100% of the time so far, and mutual cooperation yields the highest long-term payoff. Defecting now risks breaking the cooperative pattern and reducing future gains.  \nACTION: COOPERATE",
    "THINKING: The opponent has cooperated 100% of the time so far, and mutual cooperation yields a good payoff. Defecting now risks breaking the cooperative pattern and lowering future payoffs.\n\nACTION: COOPERATE",
    "THINKING: The opponent has cooperated 100% of the time, and mutual cooperation yields a good payoff. Defecting now risks breaking this beneficial pattern for a short-term gain.\n\nACTION: COOPERATE",
    "THINKING: The opponent has cooperated 100% of the time so far, and my total payoff is zero because I have always cooperated while they have always defected against me. To improve my score, I should defect now to get a higher payoff.\n\nACTION: DEFECT",
    "THINKING: The opponent has cooperated 100% of the time, and my high cooperation rate has likely reinforced this. Defecting now would exploit their trust for a one-time gain but risks retaliation in future rounds, reducing long-term payoff.  \nACTION: COOPERATE",
    "THINKING: The opponent has a high cooperation rate (92%) and has been highly cooperative overall, but they defected last round. Given the repeated nature and my current low payoff, I should try to restore mutual cooperation by cooperating this round to encourage future cooperation.\n\nACTION: COOPERATE",
    "THINKING: The opponent has been highly cooperative overall (85% cooperation rate), but they just defected in the last round. Given my high cooperation rate, this might be a test or a slip; defecting now could trigger a breakdown in cooperation, while cooperating could restore mutual cooperation.\n\nACTION: COOPERATE",
    "THINKING: The opponent has a high cooperation rate (79%) but just defected last round, possibly testing my response. My total payoff is currently zero, so I need to avoid being exploited while encouraging cooperation. A tit-for-tat approach suggests defecting now to signal I won't tolerate defection.\n\nACTION: DEFECT",
    "THINKING: Opponent has a high cooperation rate but just defected last round; they may be testing my response. My current total payoff is zero, so I need to avoid being exploited while encouraging cooperation.\n\nACTION: DEFECT",
    "THINKING: My cooperation rate is high (81%), but the opponent has defected recently and their cooperation rate is lower (69%). In a repeated Prisoner's Dilemma, maintaining mutual cooperation is ideal, but they may be exploiting my cooperative tendency. A conditional response like tit-for-tat suggests I should defect after their defect to avoid being exploited.\n\nACTION: DEFECT",
    "THINKING: The opponent has been defecting recently and has a lower cooperation rate than me, so continuing to cooperate risks being exploited.  \nACTION: DEFECT",
    "THINKING: The opponent has been defecting recently and their overall cooperation rate is only 61%, which suggests they are exploiting my high cooperation rate (72%). To avoid further losses, I should defect this round.\n\nACTION: DEFECT",
    "THINKING: The opponent has been defecting recently and has a lower cooperation rate than me, so continuing to cooperate is likely to result in a poor payoff for me this round.  \nACTION: DEFECT",
    "THINKING: The opponent has a recent pattern of always defecting, so cooperating now would likely result in a poor payoff for me.  \nACTION: DEFECT",
    "THINKING: The opponent has been defecting recently and their overall cooperation rate is low, so cooperating now risks a payoff of 0. Defecting ensures at least 1 and possibly 5 if they unexpectedly cooperate.  \nACTION: DEFECT",
    "THINKING: The opponent has been defecting consistently recently, and my cooperation rate is already high, so cooperating again is unlikely to change their behavior and will just cost me more payoff.  \nACTION: DEFECT",
    "THINKING: The opponent has been defecting recently and has a lower cooperation rate than me, so continuing to cooperate is likely to result in a poor payoff.  \nACTION: DEFECT",
    "THINKING: The opponent has been defecting consistently recently, and my cooperation rate is already higher than theirs. Continuing to cooperate while they defect gives me zero payoff, so I should defect to protect my score.\n\nACTION: DEFECT",
    "THINKING: The opponent has been defecting consistently recently, and my cooperation rate is already above theirs, so cooperating again is unlikely to change their behavior and will just cost me more points.  \nACTION: DEFECT",
    "THINKING: The opponent has been defecting consistently recently, and my cooperation rate is already 50%, so cooperating now would likely just give them another advantage without reciprocation.  \nACTION: DEFECT",
    "THINKING: The opponent has been defecting consistently recently, and their overall cooperation rate is low. Given the repeated defections, cooperating now would likely result in a low payoff for me.\n\nACTION: DEFECT",
    "THINKING: The opponent has been defecting consistently recently, and with a low overall cooperation rate, cooperating now would likely result in a payoff of 0. Defecting ensures at least 1 point and matches their expected move.  \nACTION: DEFECT",
    "THINKING: The opponent has a low cooperation rate and is currently in a pattern of always defecting. Given that they are likely to defect again, cooperating would yield a payoff of 0, while defecting ensures at least 1.  \nACTION: DEFECT"
  ]
}