{
  "experiment": "exp6_baseline",
  "game": "prisoners_dilemma",
  "provider": "openai",
  "baseline": "GrimTrigger",
  "trial": 9,
  "rounds": 30,
  "payoff": 90,
  "coop_rate": 1.0,
  "llm_history": [
    "COOPERATE",
    "COOPERATE",
    "COOPERATE",
    "COOPERATE",
    "COOPERATE",
    "COOPERATE",
    "COOPERATE",
    "COOPERATE",
    "COOPERATE",
    "COOPERATE",
    "COOPERATE",
    "COOPERATE",
    "COOPERATE",
    "COOPERATE",
    "COOPERATE",
    "COOPERATE",
    "COOPERATE",
    "COOPERATE",
    "COOPERATE",
    "COOPERATE",
    "COOPERATE",
    "COOPERATE",
    "COOPERATE",
    "COOPERATE",
    "COOPERATE",
    "COOPERATE",
    "COOPERATE",
    "COOPERATE",
    "COOPERATE",
    "COOPERATE"
  ],
  "opp_history": [
    "COOPERATE",
    "COOPERATE",
    "COOPERATE",
    "COOPERATE",
    "COOPERATE",
    "COOPERATE",
    "COOPERATE",
    "COOPERATE",
    "COOPERATE",
    "COOPERATE",
    "COOPERATE",
    "COOPERATE",
    "COOPERATE",
    "COOPERATE",
    "COOPERATE",
    "COOPERATE",
    "COOPERATE",
    "COOPERATE",
    "COOPERATE",
    "COOPERATE",
    "COOPERATE",
    "COOPERATE",
    "COOPERATE",
    "COOPERATE",
    "COOPERATE",
    "COOPERATE",
    "COOPERATE",
    "COOPERATE",
    "COOPERATE",
    "COOPERATE"
  ],
  "llm_responses": [
    "THINKING: Since this is the first round, there is no history to analyze. Starting with cooperation can encourage mutual trust and establish a positive dynamic for future rounds.  \nACTION: COOPERATE",
    "THINKING: The opponent has cooperated in the only round so far, and maintaining mutual cooperation maximizes payoffs over time. Defecting now risks breaking trust without sufficient reason.  \nACTION: COOPERATE",
    "THINKING: Both the opponent and I have been cooperating 100% so far, and mutual cooperation maximizes the long-term payoff in this game. There is no reason to risk breaking trust at this point. \n\nACTION: COOPERATE",
    "THINKING: The opponent has demonstrated consistent cooperation across all rounds, showing a highly cooperative pattern. Maintaining mutual cooperation ensures the highest payoff for both players and sustains trust.\n\nACTION: COOPERATE",
    "THINKING: Both my opponent and I have been fully cooperative so far, and defecting now would break the mutual trust we’ve built, likely leading to worse long-term outcomes. To maximize long-term payoff, I should maintain cooperation.  \nACTION: COOPERATE",
    "THINKING: Both the Opponent and I have maintained a 100% cooperation rate so far, resulting in mutual trust and high payoffs. Defecting now would break this trust and likely lead to poorer outcomes in future rounds.  \n\nACTION: COOPERATE",
    "THINKING: Both the opponent and I have maintained a 100% cooperation rate so far. Defecting now would break the trust established, and continuing to cooperate maximizes mutual payoff over time.  \nACTION: COOPERATE  ",
    "THINKING: Both my opponent and I have maintained a 100% cooperation rate so far, resulting in consistent mutual payoffs. Breaking this cooperative streak by defecting would harm trust and could lead to mutual defection in future rounds, lowering payoffs for both of us.\n\nACTION: COOPERATE",
    "THINKING: The Opponent has consistently cooperated in all previous rounds, and defecting would break the mutual trust, likely leading to worse outcomes in future rounds. Maintaining cooperation maximizes long-term payoff in this highly cooperative dynamic.  \nACTION: COOPERATE",
    "THINKING: The opponent has consistently cooperated, and mutual cooperation yields the highest payoff for both players. To maintain trust and maximize long-term rewards, it is best to continue cooperating.  \nACTION: COOPERATE  ",
    "THINKING: The opponent has shown a consistent pattern of cooperation, and mutual cooperation yields the best long-term payoff for both players. Breaking the trust now could risk future cooperation from the opponent.  \nACTION: COOPERATE  ",
    "THINKING: Both my opponent and I have been consistently cooperative, which has maximized mutual payoffs so far. Maintaining cooperation aligns with the established trust and ensures continued high rewards.\n\nACTION: COOPERATE",
    "THINKING: The opponent has demonstrated consistent cooperation (100% cooperation rate) over all 12 rounds, and defecting now would betray their trust and potentially lead to mutual defection in future rounds, reducing overall payoffs. Maintaining cooperation preserves trust and maximizes long-term gains. \n\nACTION: COOPERATE",
    "THINKING: The opponent has been consistently cooperative, and mutual cooperation yields the best long-term payoff. Defecting could break the trust and lead to lower payoffs in future rounds.  \n\nACTION: COOPERATE",
    "THINKING: The opponent has consistently cooperated in all previous rounds, and maintaining mutual cooperation maximizes the total payoff for both players. Defecting now would break trust and risk losing future cooperation.\n\nACTION: COOPERATE",
    "THINKING: The opponent has demonstrated consistent cooperation across all rounds, and mutual cooperation yields the highest joint payoff. Defecting would break trust and likely lead to lower long-term payoffs.\n\nACTION: COOPERATE",
    "THINKING: The opponent has been entirely cooperative, and mutual cooperation maximizes both our payoffs. Defecting would break trust and likely lead to a cycle of mutual defection, reducing long-term benefits. \n\nACTION: COOPERATE",
    "THINKING: Both the opponent and I have cooperated in every round so far, maintaining mutual trust and maximizing our payoffs. Defecting now would break this trust and likely result in lower payoffs for both in future rounds.  \n\nACTION: COOPERATE",
    "THINKING: The opponent has consistently cooperated in all previous rounds, demonstrating a highly cooperative strategy. Maintaining mutual cooperation maximizes both players' payoffs in the long term.\n\nACTION: COOPERATE",
    "THINKING: Both I and my opponent have maintained a 100% cooperation rate, leading to mutual high payoffs. Defecting now risks breaking this trust and damaging the long-term benefits of cooperation.  \nACTION: COOPERATE",
    "THINKING: The opponent has demonstrated a perfect cooperation rate so far, signaling trust and a strong preference for mutual cooperation. Defecting now would break this trust and could lead to a breakdown of cooperation in future rounds, reducing long-term payoffs.\n\nACTION: COOPERATE",
    "THINKING: Both my cooperation rate and the opponent's cooperation rate are 100%, indicating a strong mutual trust and a history of cooperative behavior. To maximize long-term payoffs and maintain trust, I should continue cooperating.\n\nACTION: COOPERATE",
    "THINKING: The opponent has consistently cooperated in every round, which has established a highly cooperative dynamic. Defecting now would break this trust and likely cause the opponent to defect in future rounds, leading to lower payoffs overall.\n\nACTION: COOPERATE",
    "THINKING: The opponent has shown complete cooperation across all rounds, and defecting now would break the mutual trust, jeopardizing future payoffs. Continuing to cooperate maximizes long-term benefits in this highly cooperative dynamic.  \nACTION: COOPERATE",
    "THINKING: Both players have consistently cooperated for all 24 rounds, resulting in mutual maximum payoffs. Defecting now would break trust and reduce overall payoff for both players in future rounds.  \nACTION: COOPERATE",
    "THINKING: Both I and my opponent have consistently cooperated in every round so far, leading to mutual high payoffs. Breaking this trust now would risk destabilizing the cooperative dynamic and reducing future payoffs. \n\nACTION: COOPERATE",
    "THINKING: The opponent has been consistently cooperative throughout all 26 rounds, and mutual cooperation has the highest combined payoff in the long term. Defecting now would break the trust and likely lead to worse outcomes in future rounds.\n\nACTION: COOPERATE",
    "THINKING: The opponent has consistently cooperated in all 27 rounds, showing a highly cooperative pattern. Defecting now would break mutual trust and likely reduce long-term payoffs.\n\nACTION: COOPERATE",
    "THINKING: The opponent has consistently cooperated, ensuring mutual high payoffs. Defecting now risks breaking trust and reducing long-term payoffs in this repeated game. Maintaining cooperation maximizes mutual benefits.  \n\nACTION: COOPERATE",
    "THINKING: The opponent has consistently cooperated in all previous rounds, and mutual cooperation yields the highest joint payoff. Defecting now would break the trust and harm potential future cooperation.\n\nACTION: COOPERATE"
  ]
}