{
  "experiment": "exp6_baseline",
  "game": "prisoners_dilemma",
  "provider": "openai",
  "baseline": "AlwaysCooperate",
  "trial": 29,
  "rounds": 30,
  "payoff": 90,
  "coop_rate": 1.0,
  "llm_history": [
    "COOPERATE",
    "COOPERATE",
    "COOPERATE",
    "COOPERATE",
    "COOPERATE",
    "COOPERATE",
    "COOPERATE",
    "COOPERATE",
    "COOPERATE",
    "COOPERATE",
    "COOPERATE",
    "COOPERATE",
    "COOPERATE",
    "COOPERATE",
    "COOPERATE",
    "COOPERATE",
    "COOPERATE",
    "COOPERATE",
    "COOPERATE",
    "COOPERATE",
    "COOPERATE",
    "COOPERATE",
    "COOPERATE",
    "COOPERATE",
    "COOPERATE",
    "COOPERATE",
    "COOPERATE",
    "COOPERATE",
    "COOPERATE",
    "COOPERATE"
  ],
  "opp_history": [
    "COOPERATE",
    "COOPERATE",
    "COOPERATE",
    "COOPERATE",
    "COOPERATE",
    "COOPERATE",
    "COOPERATE",
    "COOPERATE",
    "COOPERATE",
    "COOPERATE",
    "COOPERATE",
    "COOPERATE",
    "COOPERATE",
    "COOPERATE",
    "COOPERATE",
    "COOPERATE",
    "COOPERATE",
    "COOPERATE",
    "COOPERATE",
    "COOPERATE",
    "COOPERATE",
    "COOPERATE",
    "COOPERATE",
    "COOPERATE",
    "COOPERATE",
    "COOPERATE",
    "COOPERATE",
    "COOPERATE",
    "COOPERATE",
    "COOPERATE"
  ],
  "llm_responses": [
    "THINKING: Since this is the first round and I have no information about the opponent's strategy, cooperating initially may establish trust and encourage mutual cooperation in future rounds. Defecting immediately risks starting a pattern of mutual defection.  \nACTION: COOPERATE",
    "THINKING: The opponent has cooperated in the only round so far, and their cooperation rate is 100%. To build trust and maximize long-term payoffs, I should also cooperate this round.  \nACTION: COOPERATE",
    "THINKING: The opponent has cooperated 100% of the time so far, and mutual cooperation yields the best long-term payoff. Maintaining trust at this stage is crucial for maximizing future rewards.  \n\nACTION: COOPERATE",
    "THINKING: Since both I and the Opponent have consistently cooperated, mutual cooperation has maximized our payoffs. Opponent appears trustworthy and committed to cooperation, so continuing to cooperate ensures continued mutual benefits. \n\nACTION: COOPERATE",
    "THINKING: The opponent has consistently cooperated in every round so far, showing a highly cooperative strategy. To maximize long-term payoffs and maintain trust, I should cooperate as well.  \nACTION: COOPERATE",
    "THINKING: The opponent has consistently cooperated in all previous rounds, and my payoff so far reflects mutual cooperation. Maintaining this strategy maximizes long-term payoffs for both of us. Defecting now could damage trust and reduce future cooperation.\n\nACTION: COOPERATE",
    "THINKING: Both I and my opponent have cooperated in every round so far, leading to mutual benefit. Continuing to cooperate is the best strategy to maintain trust and maximize long-term payoffs.  \n\nACTION: COOPERATE",
    "THINKING: Both I and the Opponent have maintained a perfect cooperation rate. Defecting now would betray the trust built and likely cause the Opponent to defect in future rounds, leading to lower payoffs for both. Continuing to cooperate maximizes mutual benefit.  \nACTION: COOPERATE  ",
    "THINKING: Both my opponent and I have consistently cooperated, building mutual trust and maximizing our payoffs. Defecting now would break that trust and likely lead to worse outcomes in future rounds.\n\nACTION: COOPERATE",
    "THINKING: Both you and your opponent have consistently cooperated for all previous rounds, maximizing mutual payoffs and building trust. Defecting now risks breaking this cooperative streak and could lead to long-term losses if the opponent retaliates in future rounds.  \n\nACTION: COOPERATE",
    "THINKING: Both my opponent and I have cooperated in every round so far, maintaining mutual trust and maximizing long-term payoffs. Breaking this pattern risks losing trust and reducing future cooperation, which would harm my overall payoff.  \nACTION: COOPERATE",
    "THINKING: The opponent has consistently cooperated in all previous rounds, and mutual cooperation maximizes long-term payoffs. Breaking this trust now could lead to a breakdown of cooperation in future rounds.  \n\nACTION: COOPERATE",
    "THINKING: Both my opponent and I have consistently cooperated in every round, resulting in mutual trust and maximizing payoffs for both. Breaking this pattern risks damaging the cooperation and reducing our future payoffs.\n\nACTION: COOPERATE",
    "THINKING: Both I and the opponent have consistently cooperated in all rounds, building mutual trust and maximizing joint payoffs. Defecting now would risk breaking this pattern and sacrificing long-term gains for a short-term advantage.\n\nACTION: COOPERATE",
    "THINKING: Both my cooperation rate and my opponent's cooperation rate are 100%, and the opponent has consistently cooperated for 14 rounds. Defecting now would risk losing trust and disrupting the mutual benefits of cooperation. \n\nACTION: COOPERATE",
    "THINKING: The opponent has consistently cooperated in all 15 rounds, suggesting a trustworthy and highly cooperative strategy. Maximizing long-term payoffs in this repeated game is best achieved by maintaining mutual cooperation.\n\nACTION: COOPERATE",
    "THINKING: The opponent has consistently cooperated in all previous rounds, and maintaining mutual cooperation maximizes long-term payoffs for both parties. Defecting now would break trust and likely lead to a lower overall payoff. \n\nACTION: COOPERATE",
    "THINKING: The opponent has been consistently cooperative with a 100% cooperation rate over 17 rounds. Maintaining mutual cooperation maximizes both players' payoffs, and defecting would break the trust built so far.\n\nACTION: COOPERATE",
    "THINKING: The opponent has consistently cooperated for all 18 rounds, demonstrating a highly cooperative strategy. Continuing to cooperate ensures mutual high payoffs and maintains trust in this repeated game scenario.  \n\nACTION: COOPERATE",
    "THINKING: Both I and my opponent have consistently cooperated, leading to mutual benefit and a high level of trust. Defecting now would break this trust and likely lead to worse payoffs in future rounds.\n\nACTION: COOPERATE",
    "THINKING: The opponent has demonstrated consistent cooperation over 20 rounds, and mutual cooperation yields the best long-term payoff. Defecting now would break trust and risk future rounds of mutual defection.  \nACTION: COOPERATE  ",
    "THINKING: The Opponent has been consistently cooperative throughout all 21 rounds, and mutual cooperation yields the highest combined payoff. Defecting now risks damaging the trust and reducing future payoffs.  \n\nACTION: COOPERATE  ",
    "THINKING: The Opponent has consistently cooperated in all past rounds, and mutual cooperation yields a higher payoff (3) than mutual defection (1). Maintaining trust maximizes long-term rewards.  \n\nACTION: COOPERATE",
    "THINKING: Both you and the opponent have maintained a perfect cooperation rate, maximizing mutual payoffs. Defecting now would disrupt trust and likely lead to worse outcomes in future rounds.  \n\nACTION: COOPERATE",
    "THINKING: The opponent has consistently cooperated in all previous rounds, and maintaining mutual cooperation ensures a higher payoff for both parties in the long term. Defecting would break the trust and likely lead to mutual defection in future rounds.  \n\nACTION: COOPERATE",
    "THINKING: Both players have cooperated consistently, ensuring mutual benefits. Defecting now would break trust and likely lead to lower payoffs in future rounds. Cooperation maximizes long-term gains.  \nACTION: COOPERATE  ",
    "THINKING: The opponent has been fully cooperative throughout all 26 rounds, and mutual cooperation yields the best consistent payoff. Defecting risks ruining the established trust and cooperation.  \nACTION: COOPERATE",
    "THINKING: Both players have consistently cooperated, leading to mutual high payoffs in every round. Defecting now would break trust and risk future cooperation from the opponent in subsequent rounds. Maintaining cooperation is optimal for long-term benefits.  \nACTION: COOPERATE",
    "THINKING: Both you and your opponent have maintained a perfect cooperation rate throughout all previous rounds, which indicates a strong trust dynamic. Defecting now would break this trust and likely lead to mutual defection in future rounds, reducing overall payoff. \n\nACTION: COOPERATE",
    "THINKING: The opponent has cooperated in every round so far, showing a highly cooperative strategy. Defecting now would break mutual trust and risk a shift to mutual defection, which would result in lower long-term payoffs.\n\nACTION: COOPERATE"
  ]
}