{
  "experiment": "exp6_baseline",
  "game": "prisoners_dilemma",
  "provider": "deepseek",
  "baseline": "Pavlov",
  "trial": 15,
  "rounds": 30,
  "payoff": 89,
  "coop_rate": 0.9666666666666667,
  "llm_history": [
    "COOPERATE",
    "COOPERATE",
    "COOPERATE",
    "COOPERATE",
    "COOPERATE",
    "COOPERATE",
    "COOPERATE",
    "COOPERATE",
    "COOPERATE",
    "COOPERATE",
    "COOPERATE",
    "COOPERATE",
    "COOPERATE",
    "COOPERATE",
    "COOPERATE",
    "COOPERATE",
    "DEFECT",
    "COOPERATE",
    "COOPERATE",
    "COOPERATE",
    "COOPERATE",
    "COOPERATE",
    "COOPERATE",
    "COOPERATE",
    "COOPERATE",
    "COOPERATE",
    "COOPERATE",
    "COOPERATE",
    "COOPERATE",
    "COOPERATE"
  ],
  "opp_history": [
    "COOPERATE",
    "COOPERATE",
    "COOPERATE",
    "COOPERATE",
    "COOPERATE",
    "COOPERATE",
    "COOPERATE",
    "COOPERATE",
    "COOPERATE",
    "COOPERATE",
    "COOPERATE",
    "COOPERATE",
    "COOPERATE",
    "COOPERATE",
    "COOPERATE",
    "COOPERATE",
    "COOPERATE",
    "DEFECT",
    "COOPERATE",
    "COOPERATE",
    "COOPERATE",
    "COOPERATE",
    "COOPERATE",
    "COOPERATE",
    "COOPERATE",
    "COOPERATE",
    "COOPERATE",
    "COOPERATE",
    "COOPERATE",
    "COOPERATE"
  ],
  "llm_responses": [
    "THINKING: This is the first round with no history, so I'll start with cooperation to signal willingness to cooperate and see how the opponent responds.  \nACTION: COOPERATE",
    "THINKING: The opponent cooperated in the first round, and we have no reason to suspect defection yet. Cooperating again builds trust and mutual benefit in a repeated game.\n\nACTION: COOPERATE",
    "THINKING: The opponent has cooperated in both previous rounds, and my cooperation rate is 100%. Since we are in a repeated game, mutual cooperation yields the best long-term payoff, and there's no reason to defect yet.\n\nACTION: COOPERATE",
    "THINKING: The opponent has cooperated 100% of the time so far, and mutual cooperation yields a good payoff. Defecting now risks breaking the cooperative pattern and lowering future payoffs.\n\nACTION: COOPERATE",
    "THINKING: The opponent has cooperated in all 4 previous rounds, and my total payoff is currently 0, meaning I must have been cooperating while they defected earlier. However, the history shows their last action was cooperate, and their cooperation rate is 100% (4/4). This suggests they are playing a cooperative strategy like Tit-for-Tat. To build mutual cooperation and maximize long-term payoff, I should cooperate.\n\nACTION: COOPERATE",
    "THINKING: Opponent has cooperated 100% so far, and mutual cooperation yields the best long-term payoff.  \nACTION: COOPERATE",
    "THINKING: The opponent has cooperated 100% of the time, and mutual cooperation yields the highest long-term payoff. Defecting now risks breaking the cooperative equilibrium for a short-term gain.\n\nACTION: COOPERATE",
    "THINKING: The opponent has cooperated 100% of the time so far, and mutual cooperation yields the highest long-term payoff. Defecting now risks breaking this beneficial pattern.\n\nACTION: COOPERATE",
    "THINKING: The opponent has cooperated 100% of the time so far, and mutual cooperation yields the highest joint payoff. Defecting now risks breaking this beneficial pattern.\n\nACTION: COOPERATE",
    "THINKING: The opponent has cooperated in all 9 previous rounds, and my total payoff is currently 0, meaning I've been cooperating while they've been defecting. This suggests a mismatch in the history data, but given the stated 100% cooperation rate for both, I should continue cooperating to maintain mutual benefit.\n\nACTION: COOPERATE",
    "THINKING: The opponent has cooperated 100% of the time, and mutual cooperation yields a good payoff. Defecting now risks breaking this beneficial pattern for minimal short-term gain.\n\nACTION: COOPERATE",
    "THINKING: Opponent has cooperated 100% of the time, and mutual cooperation yields the highest long-term payoff. Defecting now risks breaking the cooperative equilibrium for a short-term gain.  \nACTION: COOPERATE",
    "THINKING: The opponent has cooperated in all 12 previous rounds, showing a highly cooperative pattern. Continuing to cooperate maximizes mutual payoff and maintains the beneficial cycle.\n\nACTION: COOPERATE",
    "THINKING: The opponent has cooperated in all 13 previous rounds, showing a highly cooperative pattern. Continuing to cooperate maintains mutual benefit and high payoffs for both.\n\nACTION: COOPERATE",
    "THINKING: The opponent has cooperated 100% of the time so far, and my total payoff is currently 0.0, meaning I must have been cooperating while they defected in earlier rounds not shown. However, the history says their last action was cooperate, and their overall rate is 100% over 14 rounds. This suggests they are likely playing a cooperative strategy like Tit-for-Tat. To maximize long-term payoff, I should cooperate to maintain mutual cooperation.\n\nACTION: COOPERATE",
    "THINKING: The opponent has cooperated 100% of the time, and mutual cooperation yields the best long-term payoff. Defecting now risks breaking this beneficial pattern.\n\nACTION: COOPERATE",
    "THINKING: The opponent has cooperated in all 16 previous rounds, and my total payoff is currently 0, meaning I've been cooperating while they've been defecting. This suggests a mismatch between the history and the stated cooperation rate. Given the opponent's 100% cooperation rate, I should test their response by defecting to see if they are truly cooperative or if the data is inconsistent.\n\nACTION: DEFECT",
    "THINKING: The opponent has cooperated 100% of the time, and my cooperation rate is 94%. Defecting now would give a higher payoff this round but could break the mutual cooperation and trigger retaliation in future rounds, lowering my long-term total.\n\nACTION: COOPERATE",
    "THINKING: The opponent has a 94% cooperation rate, but they just defected last round. Given the high overall cooperation, this might be a one-time deviation. To maximize long-term payoff in a cooperative pattern, I should cooperate to restore mutual cooperation.\n\nACTION: COOPERATE",
    "THINKING: With both cooperation rates near 95% and a highly cooperative recent pattern, mutual cooperation yields the best ongoing payoff. Defecting now risks breaking this beneficial cycle for minimal short-term gain.\n\nACTION: COOPERATE",
    "THINKING: Both of us have been cooperating almost all the time, leading to high mutual payoffs. Defecting now would break this trust and likely reduce my future payoffs.\n\nACTION: COOPERATE",
    "THINKING: Both players have been highly cooperative (95% each), and the opponent just cooperated last round. Continuing mutual cooperation yields the best long-term payoff.\n\nACTION: COOPERATE",
    "THINKING: With both cooperation rates above 95% and a history of mutual cooperation, maintaining cooperation maximizes long-term payoff.  \nACTION: COOPERATE",
    "THINKING: Both players have been cooperating almost all the time, leading to high mutual payoffs. Defecting now could break the trust and reduce future gains.\n\nACTION: COOPERATE",
    "THINKING: With both cooperation rates near 96% and a history of mutual cooperation, defecting now would risk breaking a highly beneficial pattern for minimal short-term gain.  \nACTION: COOPERATE",
    "THINKING: Both of us have been highly cooperative (96% each), leading to mutual benefit. Defecting now risks breaking this cooperative equilibrium and lowering my long-term payoff.  \nACTION: COOPERATE",
    "THINKING: Both of us have been cooperating almost all the time, leading to high mutual payoffs. Continuing to cooperate maintains this beneficial outcome.  \nACTION: COOPERATE",
    "THINKING: Both of us have been cooperating almost all the time, leading to high mutual payoffs. Defecting now would break the trust and likely reduce my long-term payoff.\n\nACTION: COOPERATE",
    "THINKING: Both of us have been cooperating almost all the time, leading to high mutual payoffs. Defecting now would break the trust and likely reduce my final payoff.\n\nACTION: COOPERATE",
    "THINKING: With both cooperation rates extremely high and a history of mutual cooperation, defecting now risks breaking the trust and reducing future payoffs. The long-term benefit of continued cooperation outweighs a one-time gain from defection.\n\nACTION: COOPERATE"
  ]
}