{
  "experiment": "exp6_baseline",
  "game": "prisoners_dilemma",
  "provider": "deepseek",
  "baseline": "Pavlov",
  "trial": 2,
  "rounds": 30,
  "payoff": 82,
  "coop_rate": 0.7666666666666667,
  "llm_history": [
    "COOPERATE",
    "COOPERATE",
    "COOPERATE",
    "COOPERATE",
    "DEFECT",
    "DEFECT",
    "COOPERATE",
    "DEFECT",
    "COOPERATE",
    "DEFECT",
    "COOPERATE",
    "DEFECT",
    "COOPERATE",
    "DEFECT",
    "COOPERATE",
    "DEFECT",
    "COOPERATE",
    "COOPERATE",
    "COOPERATE",
    "COOPERATE",
    "COOPERATE",
    "COOPERATE",
    "COOPERATE",
    "COOPERATE",
    "COOPERATE",
    "COOPERATE",
    "COOPERATE",
    "COOPERATE",
    "COOPERATE",
    "COOPERATE"
  ],
  "opp_history": [
    "COOPERATE",
    "COOPERATE",
    "COOPERATE",
    "COOPERATE",
    "COOPERATE",
    "DEFECT",
    "DEFECT",
    "COOPERATE",
    "DEFECT",
    "COOPERATE",
    "DEFECT",
    "COOPERATE",
    "DEFECT",
    "COOPERATE",
    "DEFECT",
    "COOPERATE",
    "DEFECT",
    "COOPERATE",
    "COOPERATE",
    "COOPERATE",
    "COOPERATE",
    "COOPERATE",
    "COOPERATE",
    "COOPERATE",
    "COOPERATE",
    "COOPERATE",
    "COOPERATE",
    "COOPERATE",
    "COOPERATE",
    "COOPERATE"
  ],
  "llm_responses": [
    "THINKING: Since this is the first round and there is no history, I will start by cooperating to signal willingness to cooperate and see how the opponent responds.  \nACTION: COOPERATE",
    "THINKING: Since the opponent cooperated in the first round and has a 100% cooperation rate so far, cooperating now encourages mutual cooperation and avoids triggering retaliation early.  \nACTION: COOPERATE",
    "THINKING: Both players have cooperated in the first two rounds, leading to mutual benefit. Since the opponent has a 100% cooperation rate so far, cooperating again continues building trust and maximizes joint payoff.\n\nACTION: COOPERATE",
    "THINKING: The opponent has cooperated in all previous rounds, and my cooperation rate is 100%. Continuing to cooperate maintains mutual benefit and high payoffs.  \nACTION: COOPERATE",
    "THINKING: The opponent has cooperated 100% of the time so far, and my total payoff is currently zero because I have always cooperated while they have defected in at least one round (since my payoff is 0). To maximize my payoff, I should defect now to exploit their cooperation.\n\nACTION: DEFECT",
    "THINKING: The opponent has cooperated 100% of the time so far, and my high cooperation rate (80%) has yielded a total payoff of 0, meaning I've been exploited. To improve my score, I should defect now to claim a higher payoff.\n\nACTION: DEFECT",
    "THINKING: The opponent has been highly cooperative overall (83%), but they just defected last round. Given my total payoff is currently zero, I should try to rebuild cooperation to get better payoffs, but also be cautious. A cooperative move might restore mutual cooperation.\n\nACTION: COOPERATE",
    "THINKING: The opponent has a high cooperation rate but just defected last round, suggesting they may be testing or reacting to my moves. Since my cooperation rate is also high, defecting now could protect against exploitation while possibly resetting cooperation.\n\nACTION: DEFECT",
    "THINKING: Opponent has a high cooperation rate (75%) and just cooperated last round, suggesting they are conditionally cooperative. My total payoff is currently zero, so I need to build mutual cooperation to improve it. Defecting now risks breaking their cooperative pattern.\n\nACTION: COOPERATE",
    "THINKING: The opponent has a 67% cooperation rate but just defected last round, suggesting possible retaliation or testing. My total payoff is currently zero, so I need to avoid being exploited while encouraging cooperation.\n\nACTION: DEFECT",
    "THINKING: The opponent has a high cooperation rate (70%) and just cooperated last round, suggesting they are conditionally cooperative. My total payoff is currently zero, so I need to build mutual cooperation to improve it.\n\nACTION: COOPERATE",
    "THINKING: The opponent has a similar cooperation rate to mine but just defected last round, so I should retaliate to avoid being exploited.  \nACTION: DEFECT",
    "THINKING: The opponent has a high cooperation rate and just cooperated last round, so cooperating now is likely to lead to mutual cooperation and a better payoff.  \nACTION: COOPERATE",
    "THINKING: The opponent's cooperation rate matches mine, but they just defected last round. Given the repeated nature, I should punish defection to avoid being exploited.  \nACTION: DEFECT",
    "THINKING: The opponent has a high cooperation rate (64%) and just cooperated last round, indicating they are likely to cooperate again. My total payoff is currently zero, so I should aim to build mutual cooperation to increase my score.  \nACTION: COOPERATE",
    "THINKING: The opponent has a 60% cooperation rate but is currently on a defecting streak, so they are likely to defect again. To avoid being exploited, I should defect as well.\n\nACTION: DEFECT",
    "THINKING: Opponent has cooperated 62% of the time and just cooperated last round, so they are somewhat cooperative. My total payoff is currently zero, so I need to improve my score. Defecting now risks retaliation, but cooperating may sustain mutual cooperation.\n\nACTION: COOPERATE",
    "THINKING: Opponent has a similar cooperation rate to mine and recently defected, but overall they seem to be matching my behavior. Given the repeated nature, cooperating now may encourage future cooperation and improve my long-term payoff.\n\nACTION: COOPERATE",
    "THINKING: Opponent has a 61% cooperation rate and just cooperated last round, suggesting they are conditionally cooperative. My total payoff is currently zero, so I need to build mutual cooperation to improve my score.\n\nACTION: COOPERATE",
    "THINKING: The opponent has a matching cooperation rate and just cooperated last round, suggesting a conditional strategy that may reciprocate cooperation.  \nACTION: COOPERATE",
    "THINKING: Opponent's cooperation rate matches mine, and they just cooperated last round, suggesting a conditional strategy. Cooperating now likely sustains mutual cooperation for better long-term payoffs.\n\nACTION: COOPERATE",
    "THINKING: With both cooperation rates at 67% and the opponent just cooperating, continuing to cooperate likely sustains mutual cooperation for higher long-term payoff.  \nACTION: COOPERATE",
    "THINKING: With both cooperation rates at 68% and the opponent just cooperating, mutual cooperation is likely and yields the highest payoff (3 vs 1 for mutual defection).  \nACTION: COOPERATE",
    "THINKING: Both of us have high cooperation rates and the opponent just cooperated, so mutual cooperation is likely and yields the best ongoing payoff.  \nACTION: COOPERATE",
    "THINKING: Both of us have high cooperation rates and the opponent just cooperated, so mutual cooperation is likely and yields the best payoff per round (3 vs 1 for mutual defection).  \nACTION: COOPERATE",
    "THINKING: With both cooperation rates at 72% and the opponent highly cooperative recently, mutual cooperation yields the best long-term payoff. Defecting now risks triggering retaliation and losing future gains.\n\nACTION: COOPERATE",
    "THINKING: The opponent has a high cooperation rate and just cooperated, so cooperating now is likely to yield a good payoff and maintain mutual cooperation.  \nACTION: COOPERATE",
    "THINKING: Both of us have been highly cooperative (74% each), and the opponent just cooperated last round. Continuing to cooperate maximizes mutual payoff in this repeated game.\n\nACTION: COOPERATE",
    "THINKING: The opponent has a high cooperation rate (75%) and just cooperated last round, indicating a cooperative pattern. With only one round left after this, defecting now might yield a higher immediate payoff but risks retaliation in the final round, whereas cooperating maintains mutual benefit.\n\nACTION: COOPERATE",
    "THINKING: The opponent has been highly cooperative (76% cooperation rate) and just cooperated last round. In a repeated Prisoner's Dilemma with a cooperative opponent, mutual cooperation yields the best long-term payoff.\n\nACTION: COOPERATE"
  ]
}