{
  "experiment": "exp6_baseline",
  "game": "prisoners_dilemma",
  "provider": "deepseek",
  "baseline": "Extort2",
  "trial": 13,
  "rounds": 30,
  "payoff": 50,
  "coop_rate": 0.4,
  "llm_history": [
    "COOPERATE",
    "COOPERATE",
    "DEFECT",
    "COOPERATE",
    "COOPERATE",
    "COOPERATE",
    "COOPERATE",
    "COOPERATE",
    "COOPERATE",
    "COOPERATE",
    "COOPERATE",
    "COOPERATE",
    "DEFECT",
    "COOPERATE",
    "DEFECT",
    "DEFECT",
    "DEFECT",
    "DEFECT",
    "DEFECT",
    "DEFECT",
    "DEFECT",
    "DEFECT",
    "DEFECT",
    "DEFECT",
    "DEFECT",
    "DEFECT",
    "DEFECT",
    "DEFECT",
    "DEFECT",
    "DEFECT"
  ],
  "opp_history": [
    "COOPERATE",
    "DEFECT",
    "COOPERATE",
    "COOPERATE",
    "COOPERATE",
    "COOPERATE",
    "COOPERATE",
    "COOPERATE",
    "COOPERATE",
    "COOPERATE",
    "DEFECT",
    "DEFECT",
    "COOPERATE",
    "DEFECT",
    "DEFECT",
    "DEFECT",
    "DEFECT",
    "DEFECT",
    "DEFECT",
    "DEFECT",
    "DEFECT",
    "DEFECT",
    "DEFECT",
    "DEFECT",
    "DEFECT",
    "DEFECT",
    "DEFECT",
    "DEFECT",
    "DEFECT",
    "DEFECT"
  ],
  "llm_responses": [
    "THINKING: This is the first round with no history, so I'll start by cooperating to signal willingness to cooperate and see how the opponent responds.  \nACTION: COOPERATE",
    "THINKING: Opponent cooperated in round 1, and I have no reason to suspect defection yet. Starting with cooperation builds trust in a repeated game.\n\nACTION: COOPERATE",
    "THINKING: My cooperation rate is 100%, but the opponent defected last round and has a 50% cooperation rate overall. Continuing to always cooperate risks exploitation.  \nACTION: DEFECT",
    "THINKING: Opponent has cooperated 67% of the time and just cooperated last round. My total payoff is zero, so I need to build mutual cooperation to improve it.  \nACTION: COOPERATE",
    "THINKING: Opponent has cooperated 75% of the time and just cooperated last round. With my own cooperation rate high, continuing to cooperate may sustain mutual cooperation for better long-term payoffs.\n\nACTION: COOPERATE",
    "THINKING: The opponent has been highly cooperative (80% cooperation rate) and just cooperated last round, so cooperating now is likely to lead to mutual cooperation and a higher payoff.\n\nACTION: COOPERATE",
    "THINKING: Both of us have high cooperation rates and the opponent just cooperated, so mutual cooperation is likely and yields the best payoff for both in the long run.  \nACTION: COOPERATE",
    "THINKING: The opponent has been highly cooperative (86% cooperation rate), and mutual cooperation yields the best long-term payoff. Defecting now could break trust and reduce future gains.\n\nACTION: COOPERATE",
    "THINKING: Both of us have been highly cooperative (88% each), and the opponent just cooperated last round. Continuing to cooperate maximizes mutual payoff in a repeated game with a cooperative opponent.\n\nACTION: COOPERATE",
    "THINKING: Both of us have high cooperation rates and the opponent just cooperated, so mutual cooperation is likely to continue, maximizing my payoff.  \nACTION: COOPERATE",
    "THINKING: The opponent has a high cooperation rate and just cooperated last round, so cooperating now is likely to lead to a mutual payoff of 3. Defecting risks breaking the cooperative pattern and lowering future payoffs.  \nACTION: COOPERATE",
    "THINKING: The opponent has been highly cooperative overall (82%) and recently, but they defected last round. Given my high cooperation rate, I should try to restore mutual cooperation by cooperating now.\n\nACTION: COOPERATE",
    "THINKING: The opponent has a high cooperation rate (75%) and a recent pattern of being highly cooperative, but they defected last round. Given my high cooperation rate, they might be testing me, so I'll defect to avoid exploitation while signaling I won't tolerate defection.  \nACTION: DEFECT",
    "THINKING: The opponent has been highly cooperative (77% overall, last action cooperate), and my cooperation rate is 85%. Mutual cooperation yields the best long-term payoff, and defecting now risks damaging future cooperation.\n\nACTION: COOPERATE",
    "THINKING: Opponent has a high cooperation rate overall but just defected last round. Given my high cooperation rate, they may be testing if I'll retaliate. To maintain conditional cooperation and avoid being exploited, I should defect this round to signal I won't tolerate defection.\n\nACTION: DEFECT",
    "THINKING: The opponent has a 67% cooperation rate overall but just defected last round. Given my high cooperation rate (80%), they may be testing my tolerance for exploitation. To avoid being taken advantage of, I should defect this round to signal I won't accept repeated defection.\n\nACTION: DEFECT",
    "THINKING: The opponent's cooperation rate is 62%, but they just defected last round. Given my high cooperation rate, they may be exploiting me, so I should defect to protect my payoff.\n\nACTION: DEFECT",
    "THINKING: The opponent has been defecting recently and has a lower cooperation rate than me, so continuing to cooperate is likely to lead to a poor payoff for me. I should defect to protect myself and try to improve my total score.\n\nACTION: DEFECT",
    "THINKING: The opponent has been defecting recently and has a lower cooperation rate than me, so continuing to cooperate is likely to lead to further exploitation.  \nACTION: DEFECT",
    "THINKING: The opponent has been defecting recently and has a lower cooperation rate than me, so continuing to cooperate is likely to result in a low payoff. To protect my score and possibly punish their pattern, I should defect.\n\nACTION: DEFECT",
    "THINKING: The opponent's recent pattern is always defecting, and my total payoff is zero, so continuing to cooperate is not beneficial.  \nACTION: DEFECT",
    "THINKING: The opponent has been defecting recently and has a lower cooperation rate than me, so continuing to cooperate will likely result in a loss for me this round.  \nACTION: DEFECT",
    "THINKING: The opponent has a recent pattern of always defecting, and my total payoff is currently zero, so continuing to cooperate is unlikely to improve my score.  \nACTION: DEFECT",
    "THINKING: The opponent has been defecting consistently recently, and my total payoff is currently zero, so cooperating again is unlikely to change their behavior.  \nACTION: DEFECT",
    "THINKING: The opponent has been defecting consistently recently, and my cooperation rate is already 50%, so cooperating now likely leads to a loss.  \nACTION: DEFECT",
    "THINKING: The opponent has been defecting consistently recently, and my cooperation rate is already low, so defecting is the safer choice to avoid exploitation.  \nACTION: DEFECT",
    "THINKING: The opponent has a low cooperation rate and recently always defects, so cooperating now would likely yield 0 payoff. Defecting ensures at least 1 point and matches their strategy.  \nACTION: DEFECT",
    "THINKING: The opponent has been defecting consistently recently, and their overall cooperation rate is low. Given the repeated defections, cooperating now would likely result in a poor payoff for me.\n\nACTION: DEFECT",
    "THINKING: The opponent has been defecting consistently recently, and my total payoff is currently zero, so cooperating again is unlikely to change their behavior or benefit me.  \nACTION: DEFECT",
    "THINKING: The opponent has been defecting consistently recently, and my total payoff is currently zero, so cooperating again is unlikely to change their behavior or improve my score.  \nACTION: DEFECT"
  ]
}