{
  "experiment": "exp6_baseline",
  "game": "prisoners_dilemma",
  "provider": "deepseek",
  "baseline": "Pavlov",
  "trial": 8,
  "rounds": 30,
  "payoff": 87,
  "coop_rate": 0.9333333333333333,
  "llm_history": [
    "COOPERATE",
    "COOPERATE",
    "COOPERATE",
    "COOPERATE",
    "DEFECT",
    "DEFECT",
    "COOPERATE",
    "COOPERATE",
    "COOPERATE",
    "COOPERATE",
    "COOPERATE",
    "COOPERATE",
    "COOPERATE",
    "COOPERATE",
    "COOPERATE",
    "COOPERATE",
    "COOPERATE",
    "COOPERATE",
    "COOPERATE",
    "COOPERATE",
    "COOPERATE",
    "COOPERATE",
    "COOPERATE",
    "COOPERATE",
    "COOPERATE",
    "COOPERATE",
    "COOPERATE",
    "COOPERATE",
    "COOPERATE",
    "COOPERATE"
  ],
  "opp_history": [
    "COOPERATE",
    "COOPERATE",
    "COOPERATE",
    "COOPERATE",
    "COOPERATE",
    "DEFECT",
    "DEFECT",
    "COOPERATE",
    "COOPERATE",
    "COOPERATE",
    "COOPERATE",
    "COOPERATE",
    "COOPERATE",
    "COOPERATE",
    "COOPERATE",
    "COOPERATE",
    "COOPERATE",
    "COOPERATE",
    "COOPERATE",
    "COOPERATE",
    "COOPERATE",
    "COOPERATE",
    "COOPERATE",
    "COOPERATE",
    "COOPERATE",
    "COOPERATE",
    "COOPERATE",
    "COOPERATE",
    "COOPERATE",
    "COOPERATE"
  ],
  "llm_responses": [
    "THINKING: This is the first round with no history, so I'll start by cooperating to signal willingness to cooperate and see how the opponent responds.  \nACTION: COOPERATE",
    "THINKING: The opponent cooperated in the first round and has a 100% cooperation rate, so starting with cooperation seems promising. To build mutual cooperation, I should reciprocate.\n\nACTION: COOPERATE",
    "THINKING: Both players have cooperated in the first two rounds, resulting in a good payoff for the opponent but zero for me due to the initial conditions. Since the opponent has a 100% cooperation rate so far, cooperating again is likely to continue mutual cooperation and improve my total payoff.\n\nACTION: COOPERATE",
    "THINKING: Opponent has cooperated 100% so far, and mutual cooperation yields the highest long-term payoff.  \nACTION: COOPERATE",
    "THINKING: The opponent has cooperated 100% of the time so far, and my total payoff is currently zero because I've always cooperated while they have defected in at least one early round (since my payoff is 0). To improve my score, I should test their response by defecting now.\n\nACTION: DEFECT",
    "THINKING: The opponent has cooperated 100% of the time so far, and my high cooperation rate (80%) has not been reciprocated with good payoffs for me. To improve my total payoff, I should exploit their consistent cooperation by defecting this round.\n\nACTION: DEFECT",
    "THINKING: The opponent has been highly cooperative overall (83%), but they just defected last round. Given my total payoff is currently zero, I should try to rebuild cooperation to earn higher payoffs, so I'll respond with cooperation to encourage mutual cooperation again.  \nACTION: COOPERATE",
    "THINKING: The opponent has a 71% cooperation rate but just defected last round, suggesting they may be responsive to my actions. Since my total payoff is currently zero, I should try to rebuild mutual cooperation to improve my score.\n\nACTION: COOPERATE",
    "THINKING: Opponent has cooperated 75% of the time and just cooperated last round. My total payoff is currently zero, so I need to maximize points now. Given their high cooperation rate and recent cooperation, cooperating is likely to yield a good payoff (3) and sustain mutual cooperation.\n\nACTION: COOPERATE",
    "THINKING: The opponent has a high cooperation rate and just cooperated last round, indicating they are likely to continue cooperating if I do. Mutual cooperation yields the best long-term payoff.\n\nACTION: COOPERATE",
    "THINKING: The opponent has been highly cooperative (80% cooperation rate) and just cooperated last round. With a long-term mutual cooperation strategy, cooperating now is likely to maximize my payoff in this repeated game.\n\nACTION: COOPERATE",
    "THINKING: The opponent has been highly cooperative (82% cooperation rate) and just cooperated last round. In a repeated Prisoner's Dilemma with a cooperative opponent, mutual cooperation yields the best long-term payoff. Defecting now risks breaking the cooperative pattern.\n\nACTION: COOPERATE",
    "THINKING: Opponent has been highly cooperative (83% cooperation rate) and just cooperated last round. Mutual cooperation yields good payoffs, and defecting now risks retaliation in future rounds.  \nACTION: COOPERATE",
    "THINKING: Both of us have high cooperation rates and the opponent just cooperated, so cooperating again likely continues mutual benefit.  \nACTION: COOPERATE",
    "THINKING: Both of us have high cooperation rates and the opponent just cooperated, so mutual cooperation is likely to continue, maximizing my payoff.  \nACTION: COOPERATE",
    "THINKING: Both of us have high cooperation rates and the opponent just cooperated last round, so continuing to cooperate likely maintains mutual benefit.  \nACTION: COOPERATE",
    "THINKING: Both of us have been highly cooperative (88% each), and the opponent just cooperated last round. Continuing to cooperate maximizes mutual payoff in this repeated game.\n\nACTION: COOPERATE",
    "THINKING: Both of us have been highly cooperative (88% each), and the opponent just cooperated last round. Continuing to cooperate maximizes mutual payoff in this repeated game.\n\nACTION: COOPERATE",
    "THINKING: Both of us have high cooperation rates, and the opponent has been highly cooperative recently, so mutual cooperation is likely and yields the best payoff for both.  \nACTION: COOPERATE",
    "THINKING: Both of us have been highly cooperative (89% each), and the opponent just cooperated last round. Continuing to cooperate maximizes mutual payoff in this repeated game.  \nACTION: COOPERATE",
    "THINKING: With both cooperation rates at 90% and a highly cooperative recent pattern, mutual cooperation yields the best long-term payoff. Defecting now risks breaking this beneficial cycle.\n\nACTION: COOPERATE",
    "THINKING: Both of us have high cooperation rates, and the opponent just cooperated. Continuing to cooperate maximizes mutual payoff and maintains trust.\n\nACTION: COOPERATE",
    "THINKING: Both of us have been highly cooperative (91% each), and the opponent just cooperated last round. Continuing to cooperate maximizes mutual payoff in this repeated game.\n\nACTION: COOPERATE",
    "THINKING: Opponent has been highly cooperative (91% rate), and mutual cooperation yields the best long-term payoff. Defecting now risks breaking trust and lowering future gains.\n\nACTION: COOPERATE",
    "THINKING: Both players have been highly cooperative (92% each), and the opponent just cooperated last round. In a repeated Prisoner's Dilemma with high mutual cooperation, maintaining cooperation maximizes long-term payoff.  \nACTION: COOPERATE",
    "THINKING: With both cooperation rates at 92% and a history of mutual cooperation, maintaining cooperation maximizes long-term payoff.  \nACTION: COOPERATE",
    "THINKING: Both of us have high cooperation rates and the opponent just cooperated, so continuing to cooperate maximizes mutual payoff.  \nACTION: COOPERATE",
    "THINKING: The opponent has been highly cooperative (93% rate), and mutual cooperation yields the best long-term payoff. Defecting now risks breaking trust and lowering future payoffs.\n\nACTION: COOPERATE",
    "THINKING: The opponent has been highly cooperative (93% rate), and mutual cooperation yields the best long-term payoff. Defecting now risks retaliation in the final rounds, reducing overall gains.  \nACTION: COOPERATE",
    "THINKING: Both of us have been cooperating at a high rate (93%), leading to mutual benefit. Defecting now would break this trust and likely reduce my payoff in the long run.\n\nACTION: COOPERATE"
  ]
}