{
  "experiment": "exp6_baseline",
  "game": "prisoners_dilemma",
  "provider": "openai",
  "baseline": "AlwaysDefect",
  "trial": 20,
  "rounds": 30,
  "payoff": 29,
  "coop_rate": 0.03333333333333333,
  "llm_history": [
    "COOPERATE",
    "DEFECT",
    "DEFECT",
    "DEFECT",
    "DEFECT",
    "DEFECT",
    "DEFECT",
    "DEFECT",
    "DEFECT",
    "DEFECT",
    "DEFECT",
    "DEFECT",
    "DEFECT",
    "DEFECT",
    "DEFECT",
    "DEFECT",
    "DEFECT",
    "DEFECT",
    "DEFECT",
    "DEFECT",
    "DEFECT",
    "DEFECT",
    "DEFECT",
    "DEFECT",
    "DEFECT",
    "DEFECT",
    "DEFECT",
    "DEFECT",
    "DEFECT",
    "DEFECT"
  ],
  "opp_history": [
    "DEFECT",
    "DEFECT",
    "DEFECT",
    "DEFECT",
    "DEFECT",
    "DEFECT",
    "DEFECT",
    "DEFECT",
    "DEFECT",
    "DEFECT",
    "DEFECT",
    "DEFECT",
    "DEFECT",
    "DEFECT",
    "DEFECT",
    "DEFECT",
    "DEFECT",
    "DEFECT",
    "DEFECT",
    "DEFECT",
    "DEFECT",
    "DEFECT",
    "DEFECT",
    "DEFECT",
    "DEFECT",
    "DEFECT",
    "DEFECT",
    "DEFECT",
    "DEFECT",
    "DEFECT"
  ],
  "llm_responses": [
    "THINKING: Since this is the first round and there is no prior history or data on the opponent's behavior, cooperating can signal trust and potentially lead to mutual cooperation in future rounds for better long-term payoffs.  \nACTION: COOPERATE",
    "THINKING: The opponent has shown no inclination to cooperate so far, as evidenced by their 0% cooperation rate and their decision to defect in the first round. To avoid being exploited, it is rational to defect in this round.\n\nACTION: DEFECT",
    "THINKING: The opponent has defected 100% of the time so far, showing no willingness to cooperate. To maximize my payoff in this situation, defecting is the best response.\n\nACTION: DEFECT",
    "THINKING: The opponent has consistently defected in all previous rounds and shows no signs of cooperation. Continuing to cooperate will only result in a lower payoff for me, so defecting is the rational choice to maximize my own payoff.\n\nACTION: DEFECT",
    "THINKING: The opponent has consistently defected in all rounds, and their cooperation rate is 0%. Continuing to cooperate would only result in being exploited, so defecting is the rational choice to maximize my payoff.  \n\nACTION: DEFECT",
    "THINKING: The opponent has consistently defected in all previous rounds, showing no willingness to cooperate. Cooperating would yield no payoff for me and only benefit the opponent. Defecting maximizes my payoff in this scenario.  \nACTION: DEFECT",
    "THINKING: The opponent has consistently defected in every round, showing no intention of cooperating. Continuing to cooperate would only result in a lower payoff for me without any benefit.\n\nACTION: DEFECT",
    "THINKING: The opponent has consistently defected in all previous rounds, showing no intention of cooperating. Defecting is the rational choice to maximize my payoff given their unyielding strategy.  \nACTION: DEFECT",
    "THINKING: The opponent has consistently defected in every round, showing no intention of cooperating. Defecting maximizes my payoff in this scenario since mutual cooperation is not achievable.  \nACTION: DEFECT",
    "THINKING: The opponent has consistently defected in all previous rounds (0% cooperation rate). Continuing to cooperate would only lead to a lower payoff for me, as there's no indication they'll change their strategy.\n\nACTION: DEFECT",
    "THINKING: The opponent has consistently defected in all previous rounds, making cooperation unlikely to benefit me. Defecting maximizes my payoff under these circumstances.  \nACTION: DEFECT",
    "THINKING: Since the opponent has consistently defected in all previous rounds and shows no intention of cooperation, cooperating would only lead to being exploited. To maximize my payoff, I should defect as well.  \nACTION: DEFECT",
    "THINKING: Given the opponent's consistent pattern of always defecting and a cooperation rate of 0%, cooperating would continuously result in zero payoff for me. Defecting ensures I at least get 1 payoff per round.  \n\nACTION: DEFECT",
    "THINKING: The opponent has consistently defected in all previous rounds, showing no signs of cooperation. Continuing to cooperate would result in a guaranteed loss, so defecting is the only rational choice to maximize my payoff.\n\nACTION: DEFECT",
    "THINKING: The opponent has consistently defected in every round, indicating a clear strategy of non-cooperation. To maximize my payoff and avoid being exploited, the rational choice is to defect as well.\n\nACTION: DEFECT",
    "THINKING: The opponent has consistently defected in every round and shows no signs of changing their behavior. Cooperating would only result in a lower payoff for me, so defecting is the optimal choice.  \n\nACTION: DEFECT",
    "THINKING: The opponent has consistently defected in all previous rounds, showing no intention of cooperating. To maximize my payoff and avoid being exploited, the rational choice is to defect as well.\n\nACTION: DEFECT",
    "THINKING: The opponent has consistently defected in all 17 rounds, showing no sign of cooperation. Continuing to defect is the rational choice to avoid being exploited.  \nACTION: DEFECT",
    "THINKING: Opponent has consistently defected in all previous rounds, showing a clear pattern of non-cooperation. Defecting maximizes my payoff under these circumstances.  \nACTION: DEFECT  ",
    "THINKING: Given the opponent has consistently defected in all previous rounds and shows no signs of changing their strategy, cooperating would only result in a disadvantage for me. Defecting is the optimal choice to avoid being exploited.  \n\nACTION: DEFECT",
    "THINKING: The opponent has consistently defected in all previous rounds, demonstrating no inclination to cooperate. To maximize my payoff, I should defect as well since cooperation will only result in a loss for me.  \n\nACTION: DEFECT",
    "THINKING: The opponent has consistently defected in every round (0% cooperation rate), and cooperating would only lead to a zero payoff for me. Defecting ensures I at least get 1 point.  \n\nACTION: DEFECT",
    "THINKING: The opponent has consistently defected across all 22 rounds, and their cooperation rate is 0%. Cooperation would only result in a guaranteed loss for me, so the rational response is to defect as well.\n\nACTION: DEFECT",
    "THINKING: The opponent has consistently defected in all 23 previous rounds, showing no signs of cooperation. To maximize my payoff in this situation, I should also defect.\n\nACTION: DEFECT",
    "THINKING: The opponent has consistently defected in every round, showing no intention to cooperate. Defecting maximizes my payoff given their predictable behavior.  \n\nACTION: DEFECT  ",
    "THINKING: The opponent has consistently defected in every round, demonstrating no willingness to cooperate. Defecting is the only rational response to maximize my payoff under these circumstances.  \n\nACTION: DEFECT",
    "THINKING: The opponent has consistently defected every round, indicating they are unlikely to cooperate. Defecting maximizes my payoff given their pattern.  \n\nACTION: DEFECT",
    "THINKING: The opponent has consistently defected in all previous rounds, showing no inclination to cooperate. Defecting ensures I avoid exploitation and aligns with their established strategy.  \n\nACTION: DEFECT",
    "THINKING: The Opponent has consistently defected in every round, showing no intention of cooperating. To maximize my own payoff, it is rational to defect as well, since cooperation would yield no benefit against a consistent defector.\n\nACTION: DEFECT",
    "THINKING: The opponent has consistently defected in all previous rounds, showing no intention to cooperate. Cooperating would result in a guaranteed loss for me, while defecting ensures at least a minimal payoff.  \n\nACTION: DEFECT"
  ]
}