{
  "experiment": "exp6_baseline",
  "game": "prisoners_dilemma",
  "provider": "openai",
  "baseline": "GrimTrigger",
  "trial": 6,
  "rounds": 30,
  "payoff": 90,
  "coop_rate": 1.0,
  "llm_history": [
    "COOPERATE",
    "COOPERATE",
    "COOPERATE",
    "COOPERATE",
    "COOPERATE",
    "COOPERATE",
    "COOPERATE",
    "COOPERATE",
    "COOPERATE",
    "COOPERATE",
    "COOPERATE",
    "COOPERATE",
    "COOPERATE",
    "COOPERATE",
    "COOPERATE",
    "COOPERATE",
    "COOPERATE",
    "COOPERATE",
    "COOPERATE",
    "COOPERATE",
    "COOPERATE",
    "COOPERATE",
    "COOPERATE",
    "COOPERATE",
    "COOPERATE",
    "COOPERATE",
    "COOPERATE",
    "COOPERATE",
    "COOPERATE",
    "COOPERATE"
  ],
  "opp_history": [
    "COOPERATE",
    "COOPERATE",
    "COOPERATE",
    "COOPERATE",
    "COOPERATE",
    "COOPERATE",
    "COOPERATE",
    "COOPERATE",
    "COOPERATE",
    "COOPERATE",
    "COOPERATE",
    "COOPERATE",
    "COOPERATE",
    "COOPERATE",
    "COOPERATE",
    "COOPERATE",
    "COOPERATE",
    "COOPERATE",
    "COOPERATE",
    "COOPERATE",
    "COOPERATE",
    "COOPERATE",
    "COOPERATE",
    "COOPERATE",
    "COOPERATE",
    "COOPERATE",
    "COOPERATE",
    "COOPERATE",
    "COOPERATE",
    "COOPERATE"
  ],
  "llm_responses": [
    "THINKING: Since this is the first round and there’s no history to analyze, I will cooperate to establish trust and potentially encourage mutual cooperation in future rounds. This approach maximizes long-term payoffs.  \n\nACTION: COOPERATE",
    "THINKING: So far, the opponent has shown full cooperation, and maintaining mutual cooperation maximizes long-term payoffs for both players. It's too early to deviate from cooperation and risk breaking trust.  \nACTION: COOPERATE  ",
    "THINKING: Since both the opponent and I have consistently cooperated in the first two rounds, and the opponent's cooperation rate is 100%, maintaining mutual cooperation maximizes payoffs for both of us. Defecting now would risk breaking trust and lower long-term gains.\n\nACTION: COOPERATE",
    "THINKING: The opponent has demonstrated consistent cooperation and a 100% cooperation rate, which builds trust and maximizes long-term payoffs in repeated games. Defecting now would risk breaking the trust and reducing mutual payoffs.\n\nACTION: COOPERATE",
    "THINKING: Both players have maintained a 100% cooperation rate so far, indicating mutual trust and maximizing payoffs. Defecting now would break the trust and reduce long-term potential gains.\n\nACTION: COOPERATE",
    "THINKING: Both my cooperation and the opponent's cooperation have led to consistent mutual gains. The opponent appears highly cooperative, and breaking this mutual trust could harm future payoffs.\n\nACTION: COOPERATE",
    "THINKING: The Opponent has consistently cooperated in all rounds, and my cooperation rate is 100%. Maintaining mutual cooperation ensures the highest payoff for both of us, and defecting could break trust and harm long-term outcomes.  \n\nACTION: COOPERATE",
    "THINKING: Both I and the Opponent have cooperated in every round so far, fostering mutual trust and maximizing shared payoffs. Continuing to cooperate aligns with the current pattern and avoids jeopardizing the mutually beneficial dynamic.\n\nACTION: COOPERATE",
    "THINKING: The opponent has consistently cooperated in all previous rounds, and mutual cooperation maximizes long-term payoffs. Defecting risks breaking this cooperative dynamic.  \nACTION: COOPERATE",
    "THINKING: The opponent has demonstrated consistent cooperation throughout the game, and mutual cooperation yields the highest payoff for both players. Defecting would risk breaking trust and could lead to worse outcomes in future rounds. \n\nACTION: COOPERATE",
    "THINKING: The opponent has demonstrated consistent cooperation, and mutual cooperation yields a higher payoff over time compared to defecting and risking breaking the trust. Maintaining cooperation aligns with a long-term strategy for maximizing gains.  \nACTION: COOPERATE  ",
    "THINKING: Both I and the Opponent have cooperated in every round so far, establishing mutual trust and achieving optimal payoffs. Defecting now would break this trust and likely lead to worse outcomes in future rounds.\n\nACTION: COOPERATE",
    "THINKING: The opponent has been fully cooperative throughout the game, and mutual cooperation maximizes long-term payoffs. Defecting now would break the trust and likely lead to worse outcomes in future rounds.  \nACTION: COOPERATE",
    "THINKING: Both I and the Opponent have demonstrated consistent cooperation, which has maximized mutual payoffs so far. Breaking this pattern by defecting risks losing trust and disrupting the mutually beneficial strategy.\n\nACTION: COOPERATE",
    "THINKING: Both my opponent and I have consistently cooperated in all prior rounds, leading to mutual benefit. Breaking this trust by defecting would result in a lower payoff long-term if the opponent retaliates.\n\nACTION: COOPERATE",
    "THINKING: Both I and my opponent have maintained a 100% cooperation rate so far, leading to mutual trust and optimal payoffs. Breaking this pattern now could undermine trust and lead to lower payoffs in future rounds.  \nACTION: COOPERATE",
    "THINKING: Both you and your opponent have consistently cooperated in all previous rounds, leading to equal and optimal payoffs. Breaking this pattern by defecting could jeopardize the trust and future cooperation, resulting in lower overall payoffs.\n\nACTION: COOPERATE",
    "THINKING: The opponent has shown a highly cooperative pattern with a 100% cooperation rate, and my own cooperation rate is also 100%. Defecting now would break the trust and likely lead to mutual defection in future rounds, reducing long-term payoffs. Continuing to cooperate maximizes the long-term benefit for both players.  \nACTION: COOPERATE",
    "THINKING: Both I and my opponent have cooperated every round, resulting in a consistent payoff of 3 each. Defecting now could break the trust and risk long-term cooperation, reducing both of our payoffs. Maintaining mutual cooperation maximizes our outcomes.  \nACTION: COOPERATE",
    "THINKING: Both I and my opponent have been fully cooperative so far, and mutual cooperation has consistently maximized our payoffs. Breaking this streak of cooperation could jeopardize trust and future payoffs.\n\nACTION: COOPERATE",
    "THINKING: The opponent has demonstrated complete cooperation so far, and mutual cooperation yields the best long-term payoff. Breaking the trust now by defecting could ruin the cooperative dynamic and lead to lower payoffs in future rounds. \n\nACTION: COOPERATE",
    "THINKING: The opponent has consistently cooperated in every round, and mutual cooperation yields a higher payoff (3) than mutual defection (1). Maintaining cooperation maximizes long-term benefits in this repeated game.  \n\nACTION: COOPERATE",
    "THINKING: Both I and the Opponent have been consistently cooperating for 22 rounds, yielding maximum mutual benefit. There is no reason to break the cooperative pattern and risk disrupting trust.\n\nACTION: COOPERATE",
    "THINKING: Both I and my opponent have consistently cooperated for 23 rounds, leading to mutual trust and optimal payoffs. Defecting now risks breaking this trust and disrupting the cooperative dynamic.\n\nACTION: COOPERATE",
    "THINKING: The opponent has consistently cooperated in every round, and mutual cooperation yields the highest payoff for both players. Defecting would risk breaking the cooperative dynamic and reduce overall payoffs.\n\nACTION: COOPERATE",
    "THINKING: The opponent has been perfectly cooperative for all 25 rounds, so maintaining mutual cooperation will maximize long-term payoffs for both of us. Defecting now could break the trust and reduce future payoffs.\n\nACTION: COOPERATE",
    "THINKING: Both my cooperation rate and the opponent's cooperation rate are 100%, indicating a strong mutual trust and consistent cooperative behavior. Maintaining cooperation will maximize our mutual payoffs and sustain this beneficial dynamic.\n\nACTION: COOPERATE",
    "THINKING: Both my opponent and I have shown consistent cooperation throughout the game, maintaining a 100% cooperation rate. Defecting now would break trust and potentially harm future payoffs, which are maximized when we both cooperate.\n\nACTION: COOPERATE",
    "THINKING: Both my cooperation rate and my opponent's cooperation rate are 100%, indicating mutual trust and a highly cooperative dynamic. Breaking this pattern could jeopardize future rounds and long-term gains.  \n\nACTION: COOPERATE",
    "THINKING: The opponent has shown consistent cooperation throughout the game, with a 100% cooperation rate. Maintaining mutual cooperation maximizes both of our payoffs, and defecting now would break trust and potentially lead to worse outcomes in future rounds.\n\nACTION: COOPERATE"
  ]
}