{
  "experiment": "exp6_baseline",
  "game": "prisoners_dilemma",
  "provider": "deepseek",
  "baseline": "Extort2",
  "trial": 27,
  "rounds": 30,
  "payoff": 44,
  "coop_rate": 0.36666666666666664,
  "llm_history": [
    "COOPERATE",
    "COOPERATE",
    "COOPERATE",
    "COOPERATE",
    "COOPERATE",
    "COOPERATE",
    "DEFECT",
    "COOPERATE",
    "COOPERATE",
    "COOPERATE",
    "COOPERATE",
    "COOPERATE",
    "DEFECT",
    "DEFECT",
    "DEFECT",
    "DEFECT",
    "DEFECT",
    "DEFECT",
    "DEFECT",
    "DEFECT",
    "DEFECT",
    "DEFECT",
    "DEFECT",
    "DEFECT",
    "DEFECT",
    "DEFECT",
    "DEFECT",
    "DEFECT",
    "DEFECT",
    "DEFECT"
  ],
  "opp_history": [
    "COOPERATE",
    "COOPERATE",
    "COOPERATE",
    "COOPERATE",
    "DEFECT",
    "DEFECT",
    "COOPERATE",
    "COOPERATE",
    "COOPERATE",
    "COOPERATE",
    "DEFECT",
    "DEFECT",
    "DEFECT",
    "DEFECT",
    "DEFECT",
    "DEFECT",
    "DEFECT",
    "DEFECT",
    "DEFECT",
    "DEFECT",
    "DEFECT",
    "DEFECT",
    "DEFECT",
    "DEFECT",
    "DEFECT",
    "DEFECT",
    "DEFECT",
    "DEFECT",
    "DEFECT",
    "DEFECT"
  ],
  "llm_responses": [
    "THINKING: This is the first round with no history, so I'll start with cooperation to signal willingness to cooperate and see how the opponent responds.  \nACTION: COOPERATE",
    "THINKING: Opponent cooperated in the first round, and both of us have 100% cooperation so far. Starting with cooperation builds trust for mutual benefit.  \nACTION: COOPERATE",
    "THINKING: Opponent has cooperated both times so far, and my cooperation rate is 100%. In early rounds, cooperating builds trust and encourages mutual cooperation for higher long-term payoffs.  \nACTION: COOPERATE",
    "THINKING: Opponent has cooperated 100% so far, and mutual cooperation yields the highest long-term payoff.  \nACTION: COOPERATE",
    "THINKING: Opponent has cooperated 100% so far, so cooperating maintains mutual benefit and high payoffs.  \nACTION: COOPERATE",
    "THINKING: The opponent has a high cooperation rate (80%) and a recent pattern of being highly cooperative, despite their last action being defect. Given my total payoff is currently zero, cooperating now could rebuild mutual cooperation for higher future payoffs.\n\nACTION: COOPERATE",
    "THINKING: My opponent has a 67% cooperation rate but defected last round, suggesting they may be testing my response. Since I've always cooperated, defecting now could protect me from further exploitation while signaling I won't be taken advantage of.\n\nACTION: DEFECT",
    "THINKING: Opponent has cooperated recently and has a high cooperation rate overall, so cooperating now is likely to lead to mutual cooperation and a better payoff this round.  \nACTION: COOPERATE",
    "THINKING: The opponent has cooperated 75% of the time and just cooperated last round. My total payoff is currently zero, so I need to improve my score. Given their high cooperation rate and recent cooperation, cooperating now is likely to yield a good payoff (3) and sustain mutual cooperation.\n\nACTION: COOPERATE",
    "THINKING: The opponent has a high cooperation rate (78%) and just cooperated last round, indicating they are likely to continue cooperating if I reciprocate. My total payoff is currently zero, so I need to build mutual cooperation to maximize long-term gains.\n\nACTION: COOPERATE",
    "THINKING: Opponent has been highly cooperative (80% cooperation rate) and just cooperated last round, so cooperating now is likely to yield a good payoff and maintain mutual cooperation.  \nACTION: COOPERATE",
    "THINKING: Opponent has a high cooperation rate but just defected last round, possibly testing my response. Given my high cooperation rate, defecting now might trigger a spiral of mutual defection, while cooperating could restore cooperation.\n\nACTION: COOPERATE",
    "THINKING: The opponent has a high cooperation rate overall but defected last round, possibly testing my response. Given my high cooperation rate, defecting now could protect against exploitation while still leaving room for future cooperation.\n\nACTION: DEFECT",
    "THINKING: The opponent has a mixed/conditional pattern and just defected last round, so they may be testing my response. My high cooperation rate (85%) suggests I've been forgiving, but to avoid exploitation I should retaliate once to signal I won't tolerate defection.\n\nACTION: DEFECT",
    "THINKING: The opponent has been defecting recently and has a lower cooperation rate than me, so continuing to cooperate is likely to result in a poor payoff for me this round.  \nACTION: DEFECT",
    "THINKING: The opponent has been defecting recently and has a lower cooperation rate than me, so continuing to cooperate is likely to lead to exploitation and a poor payoff.\n\nACTION: DEFECT",
    "THINKING: The opponent has been defecting recently and has a lower cooperation rate than me, so continuing to cooperate is likely to lead to more losses.  \nACTION: DEFECT",
    "THINKING: The opponent has been defecting more often recently and has a lower cooperation rate than me, so continuing to cooperate is likely to lead to a poor payoff for me.  \nACTION: DEFECT",
    "THINKING: The opponent has a low cooperation rate and is mostly defecting recently, so continuing to cooperate will likely lead to a poor payoff.  \nACTION: DEFECT",
    "THINKING: The opponent has been defecting consistently recently, and my cooperation rate is higher than theirs, so cooperating again is unlikely to be rewarded.  \nACTION: DEFECT",
    "THINKING: The opponent has a low cooperation rate and is currently in a \"always defects\" pattern, so cooperating now would likely result in a poor payoff for me.  \nACTION: DEFECT",
    "THINKING: The opponent has a low cooperation rate and is currently in a \"always defects\" pattern, so cooperating now would likely lead to a poor payoff for me.  \nACTION: DEFECT",
    "THINKING: The opponent has a low cooperation rate and is currently in a pattern of always defecting; cooperating now would likely result in a poor payoff for me.  \nACTION: DEFECT",
    "THINKING: The opponent has been defecting consistently recently and has a low overall cooperation rate, so cooperating now would likely lead to a poor payoff for me.  \nACTION: DEFECT",
    "THINKING: The opponent has been defecting consistently recently and has a low overall cooperation rate, so cooperating now would likely lead to a poor payoff for me.  \nACTION: DEFECT",
    "THINKING: The opponent has been defecting consistently recently, and their overall cooperation rate is low. Continuing to cooperate would likely result in a poor payoff for me.\n\nACTION: DEFECT",
    "THINKING: The opponent has been defecting consistently recently, and my total payoff is currently zero, so cooperating again is unlikely to change their behavior or improve my score.  \nACTION: DEFECT",
    "THINKING: The opponent has been defecting consistently recently and has a low overall cooperation rate, so cooperating now is unlikely to be reciprocated.  \nACTION: DEFECT",
    "THINKING: The opponent has been defecting consistently, and my cooperation rate is already low, so cooperating now is unlikely to change their behavior or improve my payoff.  \nACTION: DEFECT",
    "THINKING: The opponent has been defecting consistently and their cooperation rate is low, so cooperating now would likely result in a loss for me.  \nACTION: DEFECT"
  ]
}