{
  "experiment": "exp6_baseline",
  "game": "prisoners_dilemma",
  "provider": "deepseek",
  "baseline": "GrimTrigger",
  "trial": 4,
  "rounds": 30,
  "payoff": 66,
  "coop_rate": 0.8333333333333334,
  "llm_history": [
    "COOPERATE",
    "COOPERATE",
    "COOPERATE",
    "COOPERATE",
    "COOPERATE",
    "COOPERATE",
    "COOPERATE",
    "COOPERATE",
    "COOPERATE",
    "COOPERATE",
    "COOPERATE",
    "COOPERATE",
    "COOPERATE",
    "COOPERATE",
    "COOPERATE",
    "COOPERATE",
    "COOPERATE",
    "COOPERATE",
    "COOPERATE",
    "DEFECT",
    "COOPERATE",
    "COOPERATE",
    "COOPERATE",
    "COOPERATE",
    "COOPERATE",
    "COOPERATE",
    "DEFECT",
    "DEFECT",
    "DEFECT",
    "DEFECT"
  ],
  "opp_history": [
    "COOPERATE",
    "COOPERATE",
    "COOPERATE",
    "COOPERATE",
    "COOPERATE",
    "COOPERATE",
    "COOPERATE",
    "COOPERATE",
    "COOPERATE",
    "COOPERATE",
    "COOPERATE",
    "COOPERATE",
    "COOPERATE",
    "COOPERATE",
    "COOPERATE",
    "COOPERATE",
    "COOPERATE",
    "COOPERATE",
    "COOPERATE",
    "COOPERATE",
    "DEFECT",
    "DEFECT",
    "DEFECT",
    "DEFECT",
    "DEFECT",
    "DEFECT",
    "DEFECT",
    "DEFECT",
    "DEFECT",
    "DEFECT"
  ],
  "llm_responses": [
    "THINKING: This is the first round with no history, so I'll start by cooperating to signal willingness to cooperate and see how the opponent responds.  \nACTION: COOPERATE",
    "THINKING: The opponent has cooperated in the first round, and with no clear pattern yet, cooperating again encourages mutual cooperation for higher long-term payoffs.  \nACTION: COOPERATE",
    "THINKING: Opponent has cooperated both previous rounds, and my cooperation rate is 100%. Continuing to cooperate builds trust and mutual payoff in this repeated game.  \nACTION: COOPERATE",
    "THINKING: Opponent has cooperated 100% so far, and mutual cooperation yields the best long-term payoff.  \nACTION: COOPERATE",
    "THINKING: Opponent has cooperated 100% of the time so far, and my total payoff is currently 0, meaning I've been cooperating while they've been cooperating. With no sign of defection, mutual cooperation is beneficial.\n\nACTION: COOPERATE",
    "THINKING: The opponent has cooperated every round so far, and my cooperation rate is 100%. Continuing to cooperate maintains mutual high payoff.  \nACTION: COOPERATE",
    "THINKING: The opponent has cooperated 100% of the time so far, and mutual cooperation yields the highest joint payoff. Defecting now risks breaking this beneficial pattern and lowering future payoffs.\n\nACTION: COOPERATE",
    "THINKING: The opponent has cooperated 100% of the time so far, and mutual cooperation yields a good payoff. Defecting now risks breaking the cooperative pattern and lowering future payoffs.\n\nACTION: COOPERATE",
    "THINKING: The opponent has cooperated in all 8 previous rounds, showing a highly cooperative pattern. In a repeated Prisoner's Dilemma, mutual cooperation yields the best long-term payoff, and defecting now could trigger retaliation.\n\nACTION: COOPERATE",
    "THINKING: Opponent has cooperated 100% of the time so far, and mutual cooperation yields the highest long-term payoff. Defecting now risks breaking the cooperative equilibrium.  \nACTION: COOPERATE",
    "THINKING: The opponent has cooperated 100% of the time, and mutual cooperation yields the best long-term payoff. Defecting now risks breaking the cooperative equilibrium for a short-term gain.\n\nACTION: COOPERATE",
    "THINKING: The opponent has cooperated in all 11 rounds so far, and my total payoff is currently 0.0, meaning I must have been cooperating while they defected in some early rounds to offset later mutual cooperation payoffs. Given their recent 100% cooperation rate and highly cooperative pattern, continuing to cooperate is likely best for mutual benefit.\n\nACTION: COOPERATE",
    "THINKING: The opponent has cooperated in all 12 rounds, and my total payoff is 0, meaning I've been cooperating while they've been cooperating. In a repeated Prisoner's Dilemma with a highly cooperative opponent, mutual cooperation yields the best long-term payoff.\n\nACTION: COOPERATE",
    "THINKING: Opponent has cooperated 100% of the time, so continuing to cooperate maintains mutual high payoff.  \nACTION: COOPERATE",
    "THINKING: The opponent has cooperated 100% of the time, and mutual cooperation yields the best long-term payoff. Defecting now risks breaking this beneficial pattern.\n\nACTION: COOPERATE",
    "THINKING: The opponent has cooperated 100% of the time, and mutual cooperation yields the highest long-term payoff. Defecting now risks breaking the cooperative equilibrium for a short-term gain.\n\nACTION: COOPERATE",
    "THINKING: The opponent has cooperated 100% of the time so far, and mutual cooperation yields a good payoff. Defecting now risks breaking the cooperative equilibrium for a short-term gain.\n\nACTION: COOPERATE",
    "THINKING: The opponent has cooperated 100% of the time so far, and mutual cooperation yields the best long-term payoff. Defecting now risks breaking this beneficial pattern.  \nACTION: COOPERATE",
    "THINKING: The opponent has cooperated 100% of the time, and mutual cooperation yields the highest long-term payoff. Defecting now risks retaliation in future rounds, which is not worth the short-term gain.\n\nACTION: COOPERATE",
    "THINKING: Opponent has cooperated 100% of the time so far, and my total payoff is 0.0, meaning I've been cooperating while they've been defecting to exploit me.  \nACTION: DEFECT",
    "THINKING: The opponent has cooperated 100% of the time, and my cooperation rate is 95%. Since this is a repeated game, maintaining mutual cooperation yields the highest long-term payoff. Defecting now would break trust and likely reduce my future payoffs.\n\nACTION: COOPERATE",
    "THINKING: The opponent has been highly cooperative (95% rate) and only defected last round, likely by mistake or as a one-time deviation. Given the long-term mutual benefit of cooperation, I should forgive and return to cooperation to restore mutual gains.  \nACTION: COOPERATE",
    "THINKING: The opponent is highly cooperative overall (91%) and has only defected once in the last 22 rounds, so cooperating now is likely to yield a good payoff and maintain mutual cooperation.  \nACTION: COOPERATE",
    "THINKING: The opponent has a high cooperation rate overall but defected last round, possibly testing my response. Given my near-perfect cooperation rate, defecting now might trigger retaliation and lower long-term payoffs.  \n\nACTION: COOPERATE",
    "THINKING: Opponent has a high cooperation rate overall but defected last round, possibly testing my response. Given my near-perfect cooperation rate, a single defection might be a slip or a strategic move; cooperating now could restore mutual cooperation and maximize long-term payoff.  \nACTION: COOPERATE",
    "THINKING: The opponent has a high cooperation rate (80%) but just defected last round. Given my high cooperation rate, they might be testing me, so defecting now could risk a breakdown in cooperation.  \n\nACTION: COOPERATE",
    "THINKING: The opponent has been defecting recently and my total payoff is zero despite high cooperation, so I need to switch to defecting to protect myself and possibly improve my score.  \nACTION: DEFECT",
    "THINKING: The opponent has been defecting recently despite a high overall cooperation rate, and my total payoff is zero, so continuing to cooperate is not working. I should defect to protect myself and try to improve my score.\n\nACTION: DEFECT",
    "THINKING: The opponent has been defecting recently despite a high overall cooperation rate, and my total payoff is zero, indicating I've been exploited. To protect myself and possibly improve my score, I should defect this round.\n\nACTION: DEFECT",
    "THINKING: The opponent has a high overall cooperation rate but is currently in a \"always defects\" pattern, and defected last round. Continuing to cooperate while they defect yields me 0 points each time, which explains my total payoff of 0. To avoid exploitation, I should defect now.  \nACTION: DEFECT"
  ]
}