{
  "experiment": "exp6_baseline",
  "game": "prisoners_dilemma",
  "provider": "deepseek",
  "baseline": "AlwaysCooperate",
  "trial": 17,
  "rounds": 30,
  "payoff": 122,
  "coop_rate": 0.4666666666666667,
  "llm_history": [
    "COOPERATE",
    "COOPERATE",
    "COOPERATE",
    "COOPERATE",
    "DEFECT",
    "COOPERATE",
    "COOPERATE",
    "COOPERATE",
    "COOPERATE",
    "COOPERATE",
    "DEFECT",
    "COOPERATE",
    "DEFECT",
    "DEFECT",
    "DEFECT",
    "DEFECT",
    "DEFECT",
    "DEFECT",
    "DEFECT",
    "COOPERATE",
    "DEFECT",
    "DEFECT",
    "DEFECT",
    "DEFECT",
    "COOPERATE",
    "DEFECT",
    "COOPERATE",
    "DEFECT",
    "DEFECT",
    "COOPERATE"
  ],
  "opp_history": [
    "COOPERATE",
    "COOPERATE",
    "COOPERATE",
    "COOPERATE",
    "COOPERATE",
    "COOPERATE",
    "COOPERATE",
    "COOPERATE",
    "COOPERATE",
    "COOPERATE",
    "COOPERATE",
    "COOPERATE",
    "COOPERATE",
    "COOPERATE",
    "COOPERATE",
    "COOPERATE",
    "COOPERATE",
    "COOPERATE",
    "COOPERATE",
    "COOPERATE",
    "COOPERATE",
    "COOPERATE",
    "COOPERATE",
    "COOPERATE",
    "COOPERATE",
    "COOPERATE",
    "COOPERATE",
    "COOPERATE",
    "COOPERATE",
    "COOPERATE"
  ],
  "llm_responses": [
    "THINKING: This is the first round with no history, so I'll start with cooperation to signal willingness to cooperate and see how the opponent responds.  \nACTION: COOPERATE",
    "THINKING: The opponent cooperated in the first round, and both of us have 100% cooperation so far. In early rounds, cooperating builds trust and can lead to mutual gains in a repeated game.\n\nACTION: COOPERATE",
    "THINKING: Both players have cooperated in the first two rounds, and the opponent has a 100% cooperation rate so far. Starting with mutual cooperation is promising, so I'll continue cooperating to build trust and aim for the higher mutual payoff.\n\nACTION: COOPERATE",
    "THINKING: The opponent has cooperated 100% of the time so far, and mutual cooperation yields the best long-term payoff. Defecting now risks breaking the cooperative pattern and reducing future gains.\n\nACTION: COOPERATE",
    "THINKING: The opponent has cooperated 100% of the time so far, and my total payoff is currently zero because I have always cooperated while they have defected in at least one early round (since payoff is 0.0). To improve my score, I should defect now to exploit their consistent cooperation.  \nACTION: DEFECT",
    "THINKING: The opponent has cooperated 100% of the time, and my high cooperation rate (80%) has not been exploited. Continuing to cooperate is likely to maintain mutual cooperation and maximize my payoff in this round.\n\nACTION: COOPERATE",
    "THINKING: The opponent has cooperated 100% of the time so far, and my high cooperation rate hasn't been punished. To build mutual trust and maximize long-term payoff, I should continue cooperating.\n\nACTION: COOPERATE",
    "THINKING: The opponent has cooperated 100% of the time, making them highly predictable and trustworthy. To maximize mutual payoff in this repeated game, cooperating is the best choice.\n\nACTION: COOPERATE",
    "THINKING: The opponent has cooperated 100% of the time, so cooperating now is likely to yield a payoff of 3, while defecting would risk breaking the cooperative pattern for a short-term gain of 5.  \nACTION: COOPERATE",
    "THINKING: The opponent has cooperated 100% of the time, so cooperating again is likely to yield a high payoff of 3 for both of us. Defecting now would break the mutual cooperation and risk future retaliation.\n\nACTION: COOPERATE",
    "THINKING: The opponent has cooperated 100% of the time so far, and my total payoff is zero because I have mostly cooperated but likely got punished in the one round I defected. To maximize my payoff, I should exploit their consistent cooperation.\n\nACTION: DEFECT",
    "THINKING: The opponent has cooperated 100% of the time so far, making them extremely predictable and trustworthy. My cooperation rate is high, and mutual cooperation yields a good payoff for both.\n\nACTION: COOPERATE",
    "THINKING: The opponent has cooperated 100% of the time so far, and my high cooperation rate (83%) has yielded me a total payoff of 0, meaning I've been exploited. To improve my score, I should defect now to claim a higher payoff while they are still likely to cooperate.\n\nACTION: DEFECT",
    "THINKING: The opponent has cooperated 100% of the time, making them extremely predictable and exploitable. Defecting now yields the highest immediate payoff (5 vs 3) with little risk of retaliation based on their past behavior.  \nACTION: DEFECT",
    "THINKING: The opponent has cooperated 100% of the time so far, and my total payoff is currently zero, meaning I've likely been exploited in earlier rounds. To improve my score, I should take advantage of their consistent cooperation.\n\nACTION: DEFECT",
    "THINKING: The opponent has cooperated 100% of the time, making them extremely predictable and exploitable. Defecting now maximizes my payoff for this round.  \nACTION: DEFECT",
    "THINKING: The opponent has cooperated 100% of the time so far, and my total payoff is currently zero, meaning my past strategy hasn't been effective. To improve my score, I should exploit their consistent cooperation by defecting now.\n\nACTION: DEFECT",
    "THINKING: The opponent has cooperated 100% of the time so far, making them extremely predictable and exploitable. Defecting now yields the highest immediate payoff with little risk of retaliation based on their past behavior.  \nACTION: DEFECT",
    "THINKING: The opponent has cooperated 100% of the time, so they are likely playing a pure cooperative strategy like \"Always Cooperate.\" Defecting now yields a higher payoff for this round without risking retaliation.\n\nACTION: DEFECT",
    "THINKING: The opponent has cooperated 100% of the time, so defecting now would give me a high payoff of 5, but it risks ending their cooperation in future rounds. Since the game is ongoing, maintaining mutual cooperation yields a steady 3 per round, which is better long-term.\n\nACTION: COOPERATE",
    "THINKING: The opponent has cooperated 100% of the time, so they are likely playing a purely cooperative strategy like \"Always Cooperate.\" Defecting now will give me a higher payoff this round (5 vs 3) without any sign of retaliation.\n\nACTION: DEFECT",
    "THINKING: The opponent has cooperated 100% of the time so far, making them extremely predictable and exploitable. Defecting now yields a higher payoff (5 vs 3) with little immediate risk given their consistent behavior.\n\nACTION: DEFECT",
    "THINKING: The opponent has cooperated 100% of the time, so they are likely playing a pure cooperative strategy like \"Always Cooperate.\" Defecting now yields a higher payoff for this round with no apparent risk of retaliation.\n\nACTION: DEFECT",
    "THINKING: The opponent has cooperated 100% of the time so far, making them extremely predictable and exploitable. Defecting now maximizes my payoff for this round with no sign of retaliation.\n\nACTION: DEFECT",
    "THINKING: The opponent has cooperated 100% of the time, so defecting now would yield a higher payoff (5 vs 3), but it risks retaliation in future rounds. Given the high cooperation rate, mutual cooperation is the most beneficial long-term strategy.\n\nACTION: COOPERATE",
    "THINKING: The opponent has cooperated 100% of the time, so they are likely playing a purely cooperative strategy like \"Always Cooperate.\" Defecting now would give me a higher payoff this round without any apparent retaliation.\n\nACTION: DEFECT",
    "THINKING: The opponent has cooperated in every round so far, and my cooperation rate is below 50% while my total payoff is zero, meaning I've been punished for defecting too much. To maximize my payoff now, I should cooperate to benefit from mutual cooperation.\n\nACTION: COOPERATE",
    "THINKING: The opponent has cooperated 100% of the time, making them extremely predictable and exploitable. Defecting now maximizes my payoff for this round.  \nACTION: DEFECT",
    "THINKING: The opponent has cooperated 100% of the time so far, making them extremely predictable and exploitable. Defecting now maximizes my payoff for this round without risking retaliation, given the game's history.\n\nACTION: DEFECT",
    "THINKING: The opponent has cooperated in all 29 previous rounds, showing a highly cooperative pattern. My total payoff is currently zero, so cooperating now is the best way to build mutual cooperation and maximize my score for the remaining rounds.\n\nACTION: COOPERATE"
  ]
}