{
  "experiment": "exp6_baseline",
  "game": "prisoners_dilemma",
  "provider": "openai",
  "baseline": "AlwaysCooperate",
  "trial": 27,
  "rounds": 30,
  "payoff": 90,
  "coop_rate": 1.0,
  "llm_history": [
    "COOPERATE",
    "COOPERATE",
    "COOPERATE",
    "COOPERATE",
    "COOPERATE",
    "COOPERATE",
    "COOPERATE",
    "COOPERATE",
    "COOPERATE",
    "COOPERATE",
    "COOPERATE",
    "COOPERATE",
    "COOPERATE",
    "COOPERATE",
    "COOPERATE",
    "COOPERATE",
    "COOPERATE",
    "COOPERATE",
    "COOPERATE",
    "COOPERATE",
    "COOPERATE",
    "COOPERATE",
    "COOPERATE",
    "COOPERATE",
    "COOPERATE",
    "COOPERATE",
    "COOPERATE",
    "COOPERATE",
    "COOPERATE",
    "COOPERATE"
  ],
  "opp_history": [
    "COOPERATE",
    "COOPERATE",
    "COOPERATE",
    "COOPERATE",
    "COOPERATE",
    "COOPERATE",
    "COOPERATE",
    "COOPERATE",
    "COOPERATE",
    "COOPERATE",
    "COOPERATE",
    "COOPERATE",
    "COOPERATE",
    "COOPERATE",
    "COOPERATE",
    "COOPERATE",
    "COOPERATE",
    "COOPERATE",
    "COOPERATE",
    "COOPERATE",
    "COOPERATE",
    "COOPERATE",
    "COOPERATE",
    "COOPERATE",
    "COOPERATE",
    "COOPERATE",
    "COOPERATE",
    "COOPERATE",
    "COOPERATE",
    "COOPERATE"
  ],
  "llm_responses": [
    "THINKING: Since this is the first round and there is no prior history, cooperating can establish goodwill and encourage mutual cooperation in future rounds. This can maximize long-term payoffs if the opponent reciprocates.  \nACTION: COOPERATE  ",
    "THINKING: The opponent cooperated in the first round and has a 100% cooperation rate so far. To build trust and maximize long-term payoffs, it is rational to continue cooperating at this stage.  \n\nACTION: COOPERATE",
    "THINKING: So far, both I and the Opponent have consistently cooperated, resulting in mutual benefits. Continuing to cooperate will maintain trust and maximize long-term payoffs if the pattern holds. \n\nACTION: COOPERATE",
    "THINKING: The opponent has been highly cooperative, with a 100% cooperation rate thus far. Maintaining cooperation will maximize joint payoffs and foster mutual trust in this repeated game.  \nACTION: COOPERATE",
    "THINKING: Both I and my opponent have maintained 100% cooperation so far, resulting in stable, mutual payoffs. Defecting now risks breaking this cooperative equilibrium and could lead to lower payoffs in future rounds if trust is lost.\n\nACTION: COOPERATE",
    "THINKING: The opponent has consistently cooperated in every round, and mutual cooperation maximizes long-term payoffs. Defecting now would break trust and could lead to a less cooperative future.\n\nACTION: COOPERATE",
    "THINKING: Both my cooperation rate and my opponent's cooperation rate are 100%, and the opponent has consistently cooperated in every round. Mutual cooperation maximizes the payoff for both of us, and there is no indication that the opponent intends to defect. \n\nACTION: COOPERATE",
    "THINKING: The opponent has been fully cooperative, and defecting now would break the trust built up to this point. Continuing to cooperate ensures mutual benefit and maintains a high payoff for both of us over the long term.\n\nACTION: COOPERATE",
    "THINKING: Both my opponent and I have consistently cooperated, resulting in mutual benefit. Breaking this pattern by defecting could destroy trust and reduce long-term payoffs.\n\nACTION: COOPERATE",
    "THINKING: The opponent has been consistently cooperative throughout the game, and mutual cooperation provides the best long-term payoff. Defecting now would jeopardize trust and likely lead to worse outcomes in future rounds.\n\nACTION: COOPERATE",
    "THINKING: The opponent has been completely cooperative so far, with a 100% cooperation rate across 10 rounds. Maintaining mutual cooperation maximizes the long-term payoff for both of us in this repeated game. \n\nACTION: COOPERATE",
    "THINKING: Both I and my opponent have maintained a 100% cooperation rate throughout the game, which has resulted in optimal payoffs for both of us. Breaking this trust now would reduce the long-term benefits of mutual cooperation.  \n\nACTION: COOPERATE",
    "THINKING: Both I and my opponent have cooperated 100% of the time, leading to a highly cooperative dynamic with mutual rewards. Breaking this pattern by defecting could harm the trust and reduce long-term payoffs.\n\nACTION: COOPERATE",
    "THINKING: The opponent has shown consistent cooperation throughout all 13 rounds. Mutual cooperation yields a higher long-term payoff than defecting in this situation. Maintaining trust is key to maximizing overall gains.\n\nACTION: COOPERATE",
    "THINKING: Both I and the Opponent have cooperated consistently, leading to mutual maximum payoffs over time. Breaking this cooperation could harm long-term trust and result in lower payoffs.  \n\nACTION: COOPERATE",
    "THINKING: The opponent has been consistently cooperative, and mutual cooperation yields the best long-term payoff. Defecting now would break trust and likely lead to mutual defection in future rounds, reducing overall payoffs.  \nACTION: COOPERATE  ",
    "THINKING: Both players have demonstrated consistent cooperation, leading to mutual high payoffs. Maintaining cooperation ensures the optimal outcome for both in the long run.  \nACTION: COOPERATE",
    "THINKING: Both my opponent and I have been fully cooperative so far, resulting in an optimal payoff for both of us. Breaking this pattern by defecting could harm trust and reduce long-term payoffs in future rounds. \n\nACTION: COOPERATE",
    "THINKING: My opponent has consistently cooperated throughout all previous rounds, and mutual cooperation maximizes the payoff for both players. Defecting would break trust and likely lead to worse outcomes in future rounds of this repeated game.  \nACTION: COOPERATE",
    "THINKING: Both I and my opponent have been fully cooperative throughout the game, building mutual trust and maximizing shared payoffs. Defecting now would break this trust and could lead to lower payoffs in future rounds if my opponent retaliates.\n\nACTION: COOPERATE",
    "THINKING: Both I and the opponent have maintained perfect cooperation so far, leading to maximum mutual payoffs. Breaking this trust by defecting now could risk future cooperation and lower overall payoffs.  \nACTION: COOPERATE",
    "THINKING: Both I and the Opponent have cooperated consistently throughout all rounds, leading to mutual benefit. Continuing to cooperate maximizes long-term payoffs and maintains trust.  \n\nACTION: COOPERATE  ",
    "THINKING: The opponent has consistently cooperated in all 22 rounds, demonstrating a highly cooperative strategy. Defecting now could damage the mutual trust and risk future payoffs, so continuing to cooperate seems optimal for maximizing long-term outcomes.  \n\nACTION: COOPERATE",
    "THINKING: Both players have consistently cooperated throughout all previous rounds, ensuring mutual high payoffs. Maintaining cooperation preserves trust and maximizes long-term gains.  \n\nACTION: COOPERATE",
    "THINKING: The opponent has consistently cooperated, and maintaining mutual cooperation maximizes payoffs for both players. Defecting would disrupt the trust and likely lead to lower payoffs in future rounds.  \n\nACTION: COOPERATE",
    "THINKING: Both I and the opponent have maintained a 100% cooperation rate, leading to consistent mutual gains of 3 points per round. Continuing to cooperate maximizes long-term payoffs and fosters trust in this repeated game.  \n\nACTION: COOPERATE",
    "THINKING: Given that the Opponent has been consistently cooperative (100% cooperation rate), continuing to cooperate fosters mutual trust and maximizes long-term payoffs for both players. Defecting now would break this trust and lead to suboptimal outcomes in future rounds.\n\nACTION: COOPERATE",
    "THINKING: The opponent has cooperated consistently for 27 rounds, showing a strong cooperative pattern. Defecting now would break trust and likely lead to mutual defection in future rounds, reducing long-term payoffs. Cooperation maximizes mutual benefit.  \nACTION: COOPERATE",
    "THINKING: Both players have maintained 100% cooperation throughout the game, leading to maximum mutual payoffs. Defecting now would break trust and risk retaliation, ultimately reducing long-term gains.  \nACTION: COOPERATE",
    "THINKING: The Opponent has shown perfect cooperation throughout the game, and breaking mutual cooperation now would harm the positive dynamic and reduce my long-term payoff. Maintaining cooperation maximizes both our payoffs.\n\nACTION: COOPERATE"
  ]
}