{
  "experiment": "exp6_baseline",
  "game": "prisoners_dilemma",
  "provider": "deepseek",
  "baseline": "GrimTrigger",
  "trial": 9,
  "rounds": 30,
  "payoff": 40,
  "coop_rate": 0.2,
  "llm_history": [
    "COOPERATE",
    "COOPERATE",
    "COOPERATE",
    "COOPERATE",
    "DEFECT",
    "DEFECT",
    "COOPERATE",
    "DEFECT",
    "DEFECT",
    "DEFECT",
    "COOPERATE",
    "DEFECT",
    "DEFECT",
    "DEFECT",
    "DEFECT",
    "DEFECT",
    "DEFECT",
    "DEFECT",
    "DEFECT",
    "DEFECT",
    "DEFECT",
    "DEFECT",
    "DEFECT",
    "DEFECT",
    "DEFECT",
    "DEFECT",
    "DEFECT",
    "DEFECT",
    "DEFECT",
    "DEFECT"
  ],
  "opp_history": [
    "COOPERATE",
    "COOPERATE",
    "COOPERATE",
    "COOPERATE",
    "COOPERATE",
    "DEFECT",
    "DEFECT",
    "DEFECT",
    "DEFECT",
    "DEFECT",
    "DEFECT",
    "DEFECT",
    "DEFECT",
    "DEFECT",
    "DEFECT",
    "DEFECT",
    "DEFECT",
    "DEFECT",
    "DEFECT",
    "DEFECT",
    "DEFECT",
    "DEFECT",
    "DEFECT",
    "DEFECT",
    "DEFECT",
    "DEFECT",
    "DEFECT",
    "DEFECT",
    "DEFECT",
    "DEFECT"
  ],
  "llm_responses": [
    "THINKING: This is the first round with no history, so I'll start with cooperation to signal willingness to cooperate and see how the opponent responds.  \nACTION: COOPERATE",
    "THINKING: Since the opponent has cooperated in the first round and there's no sign of defection yet, cooperating again encourages mutual cooperation for higher long-term payoff.  \nACTION: COOPERATE",
    "THINKING: Both players have cooperated in the first two rounds, resulting in a 100% cooperation rate for each. Since the opponent has shown consistent cooperation so far, reciprocating with cooperation is likely to continue building mutual trust and maximize long-term payoff in this repeated game.\n\nACTION: COOPERATE",
    "THINKING: The opponent has cooperated 100% of the time so far, and mutual cooperation yields the highest long-term payoff. Defecting now could break the trust and trigger retaliation in future rounds.\n\nACTION: COOPERATE",
    "THINKING: The opponent has cooperated 100% of the time so far, and my total payoff is currently zero because I have always cooperated while they have defected in at least one round (since my payoff is 0). To maximize my payoff, I should defect now to exploit their cooperation.\n\nACTION: DEFECT",
    "THINKING: The opponent has cooperated 100% of the time so far, and my high cooperation rate (80%) has not been reciprocated with good payoffs for me. To improve my total payoff, I should exploit their consistent cooperation by defecting this round.\n\nACTION: DEFECT",
    "THINKING: Opponent has been highly cooperative overall (83%), but they just defected last round. Given my total payoff is currently zero, I should try to rebuild mutual cooperation, so I'll cooperate to signal willingness to return to cooperation.  \nACTION: COOPERATE",
    "THINKING: The opponent has a high cooperation rate but just defected last round, suggesting they may be testing my response. To encourage future cooperation, I should reciprocate the defection to show I won't be exploited.\n\nACTION: DEFECT",
    "THINKING: Opponent's cooperation rate matches mine, but they just defected last round. In a repeated Prisoner's Dilemma, it's often wise to reciprocate defection to avoid being exploited.  \nACTION: DEFECT",
    "THINKING: The opponent has a similar cooperation rate to mine but just defected last round, so I should defect to avoid being exploited.  \nACTION: DEFECT",
    "THINKING: The opponent has a 50% cooperation rate and just defected last round, but my total payoff is zero, so I need to try to rebuild mutual cooperation to improve my score.  \nACTION: COOPERATE",
    "THINKING: The opponent has a low cooperation rate and mostly defects recently, so cooperating now would likely lead to a poor payoff for me.  \nACTION: DEFECT",
    "THINKING: The opponent has a low cooperation rate and mostly defects recently, so cooperating is unlikely to be rewarded. My total payoff is currently zero, so I should minimize further losses by defecting.\n\nACTION: DEFECT",
    "THINKING: The opponent has a low cooperation rate and mostly defects recently, so defecting is safer to avoid exploitation.  \nACTION: DEFECT",
    "THINKING: The opponent has been defecting consistently recently and has a low overall cooperation rate, so cooperating now is likely to lead to a poor payoff for me.  \nACTION: DEFECT",
    "THINKING: The opponent has been always defecting recently, and my cooperation rate is already low, so defecting is the safer choice to avoid exploitation.  \nACTION: DEFECT",
    "THINKING: The opponent has a low cooperation rate and is currently in a pattern of always defecting; defecting now maximizes my payoff and avoids being exploited.  \nACTION: DEFECT",
    "THINKING: The opponent has been defecting consistently, and my cooperation has not encouraged them to change. Continuing to cooperate will only give them higher payoffs at my expense.\n\nACTION: DEFECT",
    "THINKING: The opponent has a low cooperation rate and is currently on a \"always defects\" pattern, so they are likely to defect again. Defecting is the best response to maximize my payoff this round.\n\nACTION: DEFECT",
    "THINKING: The opponent has a low cooperation rate and recently always defects, so cooperating now would likely yield zero payoff. Defecting ensures at least a 1 payoff and matches their likely move.\n\nACTION: DEFECT",
    "THINKING: The opponent has a low cooperation rate and recently always defects, so cooperating now would likely lead to a poor payoff for me.  \nACTION: DEFECT",
    "THINKING: The opponent has been defecting consistently, and my cooperation has led to low payoffs. To maximize my payoff this round, I should defect as well.\n\nACTION: DEFECT",
    "THINKING: The opponent has been defecting consistently, and my cooperation rate is low, so there's no incentive to cooperate now.  \nACTION: DEFECT",
    "THINKING: The opponent has been consistently defecting recently, and my cooperation rate is low, so there's little trust to rebuild. Defecting now maximizes my immediate payoff and matches their likely action.  \nACTION: DEFECT",
    "THINKING: The opponent has a low cooperation rate and recently always defects, so cooperating now would likely result in a payoff of 0. Defecting ensures at least 1 point and matches their expected move.  \nACTION: DEFECT",
    "THINKING: The opponent has a low cooperation rate and is currently in an \"always defect\" pattern, so cooperating now would likely result in a poor payoff for me.  \nACTION: DEFECT",
    "THINKING: The opponent has a very low cooperation rate and is currently always defecting, so cooperating now would likely just give them a higher payoff at my expense.  \nACTION: DEFECT",
    "THINKING: The opponent has been defecting consistently, and my cooperation has only led to losses. To avoid further losses, I should defect as well.  \nACTION: DEFECT",
    "THINKING: The opponent has a very low cooperation rate and has been defecting consistently, so cooperating now would likely result in a loss for me.  \nACTION: DEFECT",
    "THINKING: The opponent has a very low cooperation rate and is currently always defecting, so cooperating now would likely result in a loss for me.  \nACTION: DEFECT"
  ]
}