{
  "experiment": "exp6_baseline",
  "game": "prisoners_dilemma",
  "provider": "openai",
  "baseline": "AlwaysDefect",
  "trial": 14,
  "rounds": 30,
  "payoff": 29,
  "coop_rate": 0.03333333333333333,
  "llm_history": [
    "COOPERATE",
    "DEFECT",
    "DEFECT",
    "DEFECT",
    "DEFECT",
    "DEFECT",
    "DEFECT",
    "DEFECT",
    "DEFECT",
    "DEFECT",
    "DEFECT",
    "DEFECT",
    "DEFECT",
    "DEFECT",
    "DEFECT",
    "DEFECT",
    "DEFECT",
    "DEFECT",
    "DEFECT",
    "DEFECT",
    "DEFECT",
    "DEFECT",
    "DEFECT",
    "DEFECT",
    "DEFECT",
    "DEFECT",
    "DEFECT",
    "DEFECT",
    "DEFECT",
    "DEFECT"
  ],
  "opp_history": [
    "DEFECT",
    "DEFECT",
    "DEFECT",
    "DEFECT",
    "DEFECT",
    "DEFECT",
    "DEFECT",
    "DEFECT",
    "DEFECT",
    "DEFECT",
    "DEFECT",
    "DEFECT",
    "DEFECT",
    "DEFECT",
    "DEFECT",
    "DEFECT",
    "DEFECT",
    "DEFECT",
    "DEFECT",
    "DEFECT",
    "DEFECT",
    "DEFECT",
    "DEFECT",
    "DEFECT",
    "DEFECT",
    "DEFECT",
    "DEFECT",
    "DEFECT",
    "DEFECT",
    "DEFECT"
  ],
  "llm_responses": [
    "THINKING: In the first round, there is no history to analyze, so establishing trust by cooperating might encourage mutual cooperation in future rounds. However, there is also the risk that the opponent defects for a higher payoff.\n\nACTION: COOPERATE",
    "THINKING: The Opponent defected in the previous round, and their cooperation rate is 0%, suggesting they are likely to continue defecting. To avoid being exploited, I should defect in this round as well. \n\nACTION: DEFECT",
    "THINKING: The opponent has consistently defected (0% cooperation rate). Cooperating again would likely result in a disadvantageous payoff for me. To maximize my payoff, I should defect.  \nACTION: DEFECT",
    "THINKING: The opponent has shown a consistent pattern of always defecting, indicating they are unlikely to cooperate. Given this, defecting is the best strategy to maximize my payoff and avoid being exploited.  \n\nACTION: DEFECT",
    "THINKING: The opponent has consistently defected in every round and has a cooperation rate of 0%. Continuing to cooperate would only result in being exploited, so defecting is the rational choice to maximize my payoff.\n\nACTION: DEFECT",
    "THINKING: Given the opponent's consistent strategy of always defecting (0% cooperation rate), cooperating would result in a payoff of 0 for me, while defecting ensures I at least get 1. There is no reason to expect a change in their behavior.  \n\nACTION: DEFECT",
    "THINKING: The opponent has consistently defected in all prior rounds, and their cooperation rate is 0%. Cooperating in this situation would only result in a lower payoff for me, so defecting is the rational choice to maximize my own payoff.  \n\nACTION: DEFECT",
    "THINKING: The opponent has always defected in all previous rounds, and their cooperation rate is 0%. Cooperating in this situation would only result in a loss for me, as the opponent is unlikely to change their strategy.  \nACTION: DEFECT",
    "THINKING: The opponent has consistently defected in all previous rounds, and their cooperation rate is 0%. Continuing to cooperate would only result in me losing points, so the optimal strategy is to defect as well.  \nACTION: DEFECT  ",
    "THINKING: The opponent has consistently defected in every round, showing no intention to cooperate. Cooperating would result in a guaranteed loss for me, while defecting minimizes the damage. \n\nACTION: DEFECT",
    "THINKING: The opponent has consistently defected in all rounds, demonstrating an unwillingness to cooperate. Defecting ensures I avoid being exploited and gain the maximum payoff possible in this scenario.  \n\nACTION: DEFECT",
    "THINKING: The opponent has consistently defected in all previous rounds, and cooperating would only result in a guaranteed loss for me. Defecting is the rational choice to minimize losses.  \n\nACTION: DEFECT",
    "THINKING: The opponent has consistently defected in all previous rounds and shows no intention of cooperating. Since cooperation would result in a guaranteed loss while defecting ensures at least a minimal payoff, defecting is the rational choice.  \nACTION: DEFECT",
    "THINKING: The opponent has consistently defected in every round, and cooperating would result in a guaranteed loss for me. To maximize my payoff, I should defect as well.  \n\nACTION: DEFECT",
    "THINKING: The opponent has consistently defected in every round, showing no intention to cooperate. Defecting maximizes my payoff given their predictable behavior.  \n\nACTION: DEFECT",
    "THINKING: The opponent has consistently defected in every round, indicating they are not open to cooperation. Defecting ensures I do not get the worst possible payoff of 0.  \nACTION: DEFECT",
    "THINKING: The opponent has consistently defected in every round, showing no willingness to cooperate. To maximize my own payoff in this situation, the rational choice is to defect as well.\n\nACTION: DEFECT",
    "THINKING: The opponent has consistently defected in every round, and cooperating yields no benefit in this situation. Defecting maximizes my payoff given the opponent's strategy.  \nACTION: DEFECT  ",
    "THINKING: Opponent has consistently defected in all previous rounds, showing no willingness to cooperate. Defecting is the rational choice to avoid being exploited further.\n\nACTION: DEFECT",
    "THINKING: The opponent has consistently defected in all 19 rounds, showing no intention of cooperating. To maximize my payoff, I should also defect since cooperating would only result in a worse outcome for me.  \n\nACTION: DEFECT",
    "THINKING: The opponent has consistently defected in every round, and their cooperation rate is 0%. Cooperation would result in a guaranteed loss, while defecting ensures at least some payoff.\n\nACTION: DEFECT",
    "THINKING: The opponent has consistently defected in all previous rounds, showing no indication of willingness to cooperate. Continuing to cooperate would only result in a lower payoff for me, so defecting is the optimal strategy.\n\nACTION: DEFECT",
    "THINKING: The opponent has consistently defected (0% cooperation rate) across all rounds, which makes cooperation futile as it will only lead to a worse payoff for me. Defecting ensures at least a minimal payoff.  \nACTION: DEFECT  ",
    "THINKING: The opponent has consistently defected in every round, showing no intention to cooperate. Continuing to cooperate would only result in zero payoff for me, so defecting is the only rational choice to maximize my score.\n\nACTION: DEFECT",
    "THINKING: The opponent has consistently defected in every round, indicating a fixed strategy of non-cooperation. Cooperating would only result in a payoff of 0 for me, while defecting ensures I get 1.\n\nACTION: DEFECT",
    "THINKING: The opponent has consistently defected in all previous rounds, showing no signs of cooperation. To maximize my payoff, defecting is the rational choice in this scenario.  \n\nACTION: DEFECT",
    "THINKING: Since the opponent has consistently defected in all previous rounds and has a cooperation rate of 0%, cooperating would result in no payoff for me. Defecting ensures I at least receive 1 point. \n\nACTION: DEFECT",
    "THINKING: The opponent has defected every single round and has a 0% cooperation rate, indicating that they are playing purely to maximize their payoff without reciprocating cooperation. Defecting is the rational response to minimize losses and avoid exploitation.  \n\nACTION: DEFECT",
    "THINKING: The opponent has consistently defected in all 28 rounds (cooperation rate: 0%), showing a clear pattern of non-cooperation. To maximize my payoff in this scenario, the rational decision is to defect as well.\n\nACTION: DEFECT",
    "THINKING: The opponent has consistently defected in all previous rounds, indicating no intention to cooperate. Continuing to defect maximizes my payoff under these circumstances.  \n\nACTION: DEFECT"
  ]
}