{
  "experiment": "exp6_baseline",
  "game": "prisoners_dilemma",
  "provider": "deepseek",
  "baseline": "GrimTrigger",
  "trial": 26,
  "rounds": 30,
  "payoff": 46,
  "coop_rate": 0.4,
  "llm_history": [
    "COOPERATE",
    "COOPERATE",
    "COOPERATE",
    "COOPERATE",
    "COOPERATE",
    "COOPERATE",
    "COOPERATE",
    "COOPERATE",
    "DEFECT",
    "COOPERATE",
    "COOPERATE",
    "DEFECT",
    "COOPERATE",
    "COOPERATE",
    "DEFECT",
    "DEFECT",
    "DEFECT",
    "DEFECT",
    "DEFECT",
    "DEFECT",
    "DEFECT",
    "DEFECT",
    "DEFECT",
    "DEFECT",
    "DEFECT",
    "DEFECT",
    "DEFECT",
    "DEFECT",
    "DEFECT",
    "DEFECT"
  ],
  "opp_history": [
    "COOPERATE",
    "COOPERATE",
    "COOPERATE",
    "COOPERATE",
    "COOPERATE",
    "COOPERATE",
    "COOPERATE",
    "COOPERATE",
    "COOPERATE",
    "DEFECT",
    "DEFECT",
    "DEFECT",
    "DEFECT",
    "DEFECT",
    "DEFECT",
    "DEFECT",
    "DEFECT",
    "DEFECT",
    "DEFECT",
    "DEFECT",
    "DEFECT",
    "DEFECT",
    "DEFECT",
    "DEFECT",
    "DEFECT",
    "DEFECT",
    "DEFECT",
    "DEFECT",
    "DEFECT",
    "DEFECT"
  ],
  "llm_responses": [
    "THINKING: This is the first round with no history, so I'll start by cooperating to signal willingness to cooperate and see how the opponent responds.  \nACTION: COOPERATE",
    "THINKING: The opponent cooperated in round 1, and both cooperation rates are 100%. Starting with mutual cooperation is beneficial in repeated Prisoner's Dilemma to build trust and maximize long-term payoff.  \nACTION: COOPERATE",
    "THINKING: Both players have cooperated in the first two rounds, leading to a 100% cooperation rate for each. Since mutual cooperation yields the highest collective payoff and the opponent has shown consistent cooperation so far, cooperating again is likely to continue building trust and mutual benefit.\n\nACTION: COOPERATE",
    "THINKING: The opponent has cooperated 100% of the time so far, and mutual cooperation yields the best long-term payoff in a repeated game.  \nACTION: COOPERATE",
    "THINKING: Opponent has cooperated 100% of the time so far, and my total payoff is zero because I've always cooperated while they've always cooperated (both cooperate gives 3 each). Continuing to cooperate maintains mutual benefit and high payoff.\n\nACTION: COOPERATE",
    "THINKING: The opponent has cooperated 100% of the time so far, and my total payoff is currently zero, meaning I've been cooperating while they've been cooperating. Continuing to cooperate maintains mutual benefit.\n\nACTION: COOPERATE",
    "THINKING: The opponent has cooperated 100% of the time so far, and mutual cooperation yields a good payoff. Defecting now risks breaking this profitable pattern.\n\nACTION: COOPERATE",
    "THINKING: The opponent has cooperated 100% of the time so far, and mutual cooperation yields the highest long-term payoff. Defecting now risks breaking this beneficial pattern.\n\nACTION: COOPERATE",
    "THINKING: The opponent has cooperated 100% of the time so far, and my total payoff is currently zero, meaning I have been cooperating while they have been defecting in earlier rounds. To improve my score, I should defect now to get a higher payoff.\n\nACTION: DEFECT",
    "THINKING: The opponent has cooperated 100% of the time so far, and my high cooperation rate has likely reinforced this. Defecting now would exploit their trust for a one-time gain but risks damaging future cooperation and my total payoff is currently zero, so I need to build mutual gains.\n\nACTION: COOPERATE",
    "THINKING: The opponent has been highly cooperative overall (90% rate), but they just defected last round. Given the repeated nature and high mutual cooperation benefit, I'll try to re-establish cooperation.\n\nACTION: COOPERATE",
    "THINKING: The opponent has been highly cooperative overall, but they just defected last round. Given my high cooperation rate, I should reciprocate the defection to avoid being exploited.  \nACTION: DEFECT",
    "THINKING: The opponent has a high cooperation rate overall but just defected last round, so they may be testing my response. Given my high cooperation rate, defecting now could risk mutual defection, but cooperating might restore cooperation.\n\nACTION: COOPERATE",
    "THINKING: The opponent has a high cooperation rate (69%) but just defected last round, suggesting possible testing or a conditional strategy. My cooperation rate is very high (85%), so I should try to return to mutual cooperation to maximize long-term payoff.\n\nACTION: COOPERATE",
    "THINKING: The opponent has a 64% cooperation rate but just defected last round, and my total payoff is currently zero, so I need to be more cautious to avoid exploitation.  \nACTION: DEFECT",
    "THINKING: The opponent has been defecting recently and has a lower cooperation rate than me, so continuing to cooperate is likely to result in a poor payoff for me. I should defect to protect myself and try to improve my total score.\n\nACTION: DEFECT",
    "THINKING: The opponent has been defecting recently and has a lower cooperation rate than me, so continuing to cooperate is likely to result in a poor payoff for me this round.  \nACTION: DEFECT",
    "THINKING: The opponent has been defecting recently and has a lower cooperation rate than me, so continuing to cooperate is likely to result in a poor payoff for me this round.  \nACTION: DEFECT",
    "THINKING: The opponent has been defecting recently and their overall cooperation rate is only 50%, so they are not reliably cooperative. Continuing to cooperate will likely lead to a poor payoff for me.\n\nACTION: DEFECT",
    "THINKING: The opponent has a recent pattern of always defecting and their overall cooperation rate is below 50%, so continuing to cooperate is likely to yield a low payoff.  \nACTION: DEFECT",
    "THINKING: The opponent has been defecting consistently recently, and my total payoff is currently zero, so continuing to cooperate is not beneficial.  \nACTION: DEFECT",
    "THINKING: The opponent has been defecting consistently recently, and my cooperation rate is higher than theirs, so continuing to cooperate is likely to lead to further exploitation.  \nACTION: DEFECT",
    "THINKING: The opponent has been defecting consistently recently, and my cooperation rate is higher than theirs, yet I have zero total payoff. Continuing to cooperate against a defector will only hurt me further.  \nACTION: DEFECT",
    "THINKING: The opponent has been defecting consistently recently, and my cooperation hasn't been reciprocated, so defecting is the rational choice to avoid exploitation.  \nACTION: DEFECT",
    "THINKING: The opponent has a low cooperation rate and is currently in a pattern of always defecting, so cooperating now would likely lead to a poor payoff for me.  \nACTION: DEFECT",
    "THINKING: The opponent has been defecting consistently recently, and my cooperation rate is already low, so cooperating now is unlikely to change their behavior and would just cost me payoff.  \nACTION: DEFECT",
    "THINKING: The opponent has been defecting consistently recently, and my cooperation rate is already low, so defecting is the safer choice to avoid exploitation.  \nACTION: DEFECT",
    "THINKING: The opponent has been defecting consistently recently, and my total payoff is currently zero, so cooperating again is unlikely to change their behavior.  \nACTION: DEFECT",
    "THINKING: The opponent has been defecting consistently recently, and my cooperation rate is higher than theirs, so cooperating now would likely just give them another advantage.  \nACTION: DEFECT",
    "THINKING: The opponent has a low cooperation rate and is currently in a pattern of always defecting, so cooperating now would likely result in a poor payoff for me.  \nACTION: DEFECT"
  ]
}