{
  "experiment": "exp6_baseline",
  "game": "prisoners_dilemma",
  "provider": "deepseek",
  "baseline": "Pavlov",
  "trial": 5,
  "rounds": 30,
  "payoff": 89,
  "coop_rate": 0.9666666666666667,
  "llm_history": [
    "COOPERATE",
    "COOPERATE",
    "COOPERATE",
    "COOPERATE",
    "COOPERATE",
    "COOPERATE",
    "COOPERATE",
    "COOPERATE",
    "DEFECT",
    "COOPERATE",
    "COOPERATE",
    "COOPERATE",
    "COOPERATE",
    "COOPERATE",
    "COOPERATE",
    "COOPERATE",
    "COOPERATE",
    "COOPERATE",
    "COOPERATE",
    "COOPERATE",
    "COOPERATE",
    "COOPERATE",
    "COOPERATE",
    "COOPERATE",
    "COOPERATE",
    "COOPERATE",
    "COOPERATE",
    "COOPERATE",
    "COOPERATE",
    "COOPERATE"
  ],
  "opp_history": [
    "COOPERATE",
    "COOPERATE",
    "COOPERATE",
    "COOPERATE",
    "COOPERATE",
    "COOPERATE",
    "COOPERATE",
    "COOPERATE",
    "COOPERATE",
    "DEFECT",
    "COOPERATE",
    "COOPERATE",
    "COOPERATE",
    "COOPERATE",
    "COOPERATE",
    "COOPERATE",
    "COOPERATE",
    "COOPERATE",
    "COOPERATE",
    "COOPERATE",
    "COOPERATE",
    "COOPERATE",
    "COOPERATE",
    "COOPERATE",
    "COOPERATE",
    "COOPERATE",
    "COOPERATE",
    "COOPERATE",
    "COOPERATE",
    "COOPERATE"
  ],
  "llm_responses": [
    "THINKING: This is the first round with no history, so I'll start by cooperating to signal willingness for mutual cooperation.  \nACTION: COOPERATE",
    "THINKING: The opponent cooperated in round 1, and both have a 100% cooperation rate. In early rounds, cooperating can build mutual trust for higher long-term payoffs.  \nACTION: COOPERATE",
    "THINKING: Opponent has cooperated both previous rounds, and my cooperation rate is 100%. Continuing to cooperate may sustain mutual cooperation for high payoffs.  \nACTION: COOPERATE",
    "THINKING: Opponent has been fully cooperative so far, and mutual cooperation yields the highest long-term payoff.  \nACTION: COOPERATE",
    "THINKING: Opponent has cooperated 100% of the time so far, and my total payoff is currently zero, meaning I've been cooperating while they have too. Continuing to cooperate maintains mutual benefit.\n\nACTION: COOPERATE",
    "THINKING: The opponent has cooperated every round so far, and my cooperation rate is 100%. Continuing to cooperate maintains mutual high payoff.  \nACTION: COOPERATE",
    "THINKING: Opponent has cooperated 100% of the time so far, and mutual cooperation yields the highest long-term payoff. Defecting now risks breaking this beneficial pattern.  \nACTION: COOPERATE",
    "THINKING: The opponent has cooperated 100% of the time so far, and mutual cooperation yields the highest long-term payoff. Defecting now risks breaking this beneficial pattern.  \nACTION: COOPERATE",
    "THINKING: The opponent has cooperated in all 8 rounds, and my total payoff is 0 because I have also always cooperated. To improve my score, I should defect now to claim a higher payoff (5) while they are still likely to cooperate.\n\nACTION: DEFECT",
    "THINKING: The opponent has cooperated 100% of the time, and my cooperation rate is high. Continuing to cooperate maximizes mutual payoff and maintains the cooperative equilibrium.\n\nACTION: COOPERATE",
    "THINKING: The opponent has been highly cooperative overall (90% cooperation rate), but they just defected in the last round. Given my total payoff is currently zero, I should try to rebuild mutual cooperation, so I will respond with cooperation to signal willingness to return to cooperation.\n\nACTION: COOPERATE",
    "THINKING: With both cooperation rates above 90% and a history of mutual cooperation, maintaining cooperation maximizes long-term payoff.  \nACTION: COOPERATE",
    "THINKING: The opponent has been highly cooperative (92% cooperation rate) and just cooperated last round. In a repeated Prisoner's Dilemma with a cooperative opponent, mutual cooperation yields the best long-term payoff. Defecting now risks breaking the cooperative streak and lowering future payoffs.  \nACTION: COOPERATE",
    "THINKING: The opponent has been highly cooperative (92% rate) and just cooperated last round, so cooperating maintains mutual benefit and avoids triggering retaliation.  \nACTION: COOPERATE",
    "THINKING: Both of us have been highly cooperative (93% each), leading to mutual benefit. Continuing to cooperate maximizes long-term payoff in a repeated game.\n\nACTION: COOPERATE",
    "THINKING: With both cooperation rates above 90% and a history of mutual cooperation, maintaining cooperation maximizes long-term payoff.  \nACTION: COOPERATE",
    "THINKING: Both players have been highly cooperative (94% each), and mutual cooperation yields the best long-term payoff per round. Defecting now risks breaking the cooperative equilibrium for a one-time gain.\n\nACTION: COOPERATE",
    "THINKING: Both of us have been highly cooperative (94% each), leading to mutual benefit. Continuing to cooperate maximizes long-term payoff in this repeated game.\n\nACTION: COOPERATE",
    "THINKING: Both of us have been highly cooperative (94% each), leading to mutual benefit in most rounds. Continuing to cooperate is likely to maintain high payoffs for both.\n\nACTION: COOPERATE",
    "THINKING: With both cooperation rates extremely high and the opponent consistently cooperating, mutual cooperation yields the best long-term payoff. Defecting now risks breaking trust and lowering future gains.  \nACTION: COOPERATE",
    "THINKING: Both of us have been cooperating almost all the time, leading to high mutual payoffs. Defecting now would break that trust and likely reduce my future payoffs.\n\nACTION: COOPERATE",
    "THINKING: Both of us have been highly cooperative (95% each), and mutual cooperation yields the best long-term payoff per round. Since the opponent just cooperated and shows a consistent cooperative pattern, cooperating again is likely to maximize my total payoff.\n\nACTION: COOPERATE",
    "THINKING: Both of us have been highly cooperative (95% each), leading to mutual benefit. Continuing to cooperate maximizes long-term payoff in this repeated game.\n\nACTION: COOPERATE",
    "THINKING: Both of us have been cooperating almost all the time, leading to high mutual payoffs. Defecting now would risk breaking this beneficial pattern and likely lower my future payoffs.  \nACTION: COOPERATE",
    "THINKING: Both of us have been cooperating almost all the time, leading to high mutual payoffs. Defecting now would break the trust and likely reduce my long-term payoff.\n\nACTION: COOPERATE",
    "THINKING: With both cooperation rates extremely high and the opponent consistently cooperating, mutual cooperation yields the best long-term payoff. Defecting risks breaking the cooperative equilibrium for minimal short-term gain.  \nACTION: COOPERATE",
    "THINKING: Both of us have been cooperating almost all the time, leading to high mutual payoffs. Defecting now would break the trust and likely reduce my future payoff.  \nACTION: COOPERATE",
    "THINKING: Both of us have been cooperating almost all the time, leading to high mutual payoffs. Given the opponent's consistent cooperation and high cooperation rate, maintaining cooperation is the best strategy to keep the mutual benefit going.\n\nACTION: COOPERATE",
    "THINKING: With both cooperation rates extremely high and the opponent consistently cooperating, mutual cooperation yields the best payoff per round (3 vs 1 for mutual defection). Defecting now risks retaliation in the final rounds, reducing total payoff.  \nACTION: COOPERATE",
    "THINKING: Both of us have been cooperating almost all the time, leading to high mutual payoffs. Defecting now would break the trust and likely reduce my future payoff, especially since we are only at round 30.\n\nACTION: COOPERATE"
  ]
}