{
  "experiment": "exp6_baseline",
  "game": "prisoners_dilemma",
  "provider": "deepseek",
  "baseline": "AlwaysCooperate",
  "trial": 26,
  "rounds": 30,
  "payoff": 124,
  "coop_rate": 0.43333333333333335,
  "llm_history": [
    "COOPERATE",
    "COOPERATE",
    "COOPERATE",
    "COOPERATE",
    "DEFECT",
    "DEFECT",
    "COOPERATE",
    "DEFECT",
    "COOPERATE",
    "COOPERATE",
    "COOPERATE",
    "DEFECT",
    "COOPERATE",
    "COOPERATE",
    "DEFECT",
    "DEFECT",
    "COOPERATE",
    "DEFECT",
    "DEFECT",
    "DEFECT",
    "DEFECT",
    "DEFECT",
    "DEFECT",
    "DEFECT",
    "DEFECT",
    "DEFECT",
    "COOPERATE",
    "COOPERATE",
    "DEFECT",
    "DEFECT"
  ],
  "opp_history": [
    "COOPERATE",
    "COOPERATE",
    "COOPERATE",
    "COOPERATE",
    "COOPERATE",
    "COOPERATE",
    "COOPERATE",
    "COOPERATE",
    "COOPERATE",
    "COOPERATE",
    "COOPERATE",
    "COOPERATE",
    "COOPERATE",
    "COOPERATE",
    "COOPERATE",
    "COOPERATE",
    "COOPERATE",
    "COOPERATE",
    "COOPERATE",
    "COOPERATE",
    "COOPERATE",
    "COOPERATE",
    "COOPERATE",
    "COOPERATE",
    "COOPERATE",
    "COOPERATE",
    "COOPERATE",
    "COOPERATE",
    "COOPERATE",
    "COOPERATE"
  ],
  "llm_responses": [
    "THINKING: This is the first round with no history, so I'll start by cooperating to signal willingness to cooperate and see how the opponent responds.  \nACTION: COOPERATE",
    "THINKING: The opponent cooperated in round 1, and with no reason to defect yet, cooperating continues the mutual benefit.  \nACTION: COOPERATE",
    "THINKING: The opponent has cooperated in both previous rounds, and my cooperation rate is 100%. Since we are both cooperating, I am currently getting a payoff of 3 per round, which is better than the mutual defection payoff of 1. It's early in the game, so building trust is beneficial.\n\nACTION: COOPERATE",
    "THINKING: The opponent has cooperated in all previous rounds, and my cooperation rate is 100%. Continuing to cooperate maintains mutual benefit and high payoffs.  \nACTION: COOPERATE",
    "THINKING: The opponent has cooperated 100% of the time so far, and my total payoff is currently zero because I have always cooperated while they have defected in at least one round (since my payoff is 0). To maximize my payoff, I should defect now to exploit their consistent cooperation.\n\nACTION: DEFECT",
    "THINKING: The opponent has cooperated 100% of the time so far, and my high cooperation rate (80%) has yielded a total payoff of 0, meaning I've been exploited when I cooperated and they defected. To maximize my payoff this round, I should defect against their predictable cooperation.\n\nACTION: DEFECT",
    "THINKING: The opponent has cooperated 100% of the time, so they are likely playing a cooperative strategy like Tit-for-Tat or Always Cooperate. Defecting now would exploit them for a higher payoff this round, but could trigger retaliation and reduce future gains. Since the game is repeated, maintaining mutual cooperation yields the best long-term payoff.\n\nACTION: COOPERATE",
    "THINKING: The opponent has cooperated 100% of the time so far, and my low total payoff suggests I've been cooperating while they've been exploiting me. To test their response and improve my score, I should defect this round.\n\nACTION: DEFECT",
    "THINKING: The opponent has cooperated 100% of the time, so they are likely playing a cooperative strategy like Tit-for-Tat or Always Cooperate. Defecting now would give me a higher payoff this round, but could trigger retaliation in future rounds. Since we are in a repeated game and I want to maximize long-term payoff, cooperating is the best choice to sustain mutual cooperation.\n\nACTION: COOPERATE",
    "THINKING: The opponent has cooperated 100% of the time so far, and my cooperation rate is high. Continuing to cooperate will likely yield the highest mutual payoff (3 each) and maintain the cooperative equilibrium.\n\nACTION: COOPERATE",
    "THINKING: The opponent has cooperated 100% of the time so far, and my low total payoff suggests I have been defecting too much. To maximize long-term gain with such a cooperative partner, I should reciprocate cooperation.\n\nACTION: COOPERATE",
    "THINKING: The opponent has cooperated 100% of the time so far, making them highly predictable and exploitable. Defecting now yields the highest immediate payoff (5 vs 3) with little risk, as they are likely to cooperate again.\n\nACTION: DEFECT",
    "THINKING: The opponent has cooperated 100% of the time, so they are extremely predictable and trusting. Defecting now would give me a higher payoff this round, but it risks ending their cooperation in future rounds.\n\nACTION: COOPERATE",
    "THINKING: The opponent has cooperated 100% of the time so far, and my low total payoff suggests I have been cooperating often while they may have occasionally defected earlier. Given their current highly cooperative pattern, cooperating now is likely to yield a mutual payoff of 3.\n\nACTION: COOPERATE",
    "THINKING: The opponent has cooperated 100% of the time so far, and my total payoff is currently zero, meaning I've likely been exploited in earlier rounds. To improve my score, I should defect now to take advantage of their consistent cooperation.\n\nACTION: DEFECT",
    "THINKING: The opponent has cooperated 100% of the time, so they appear to be playing a purely cooperative strategy like \"Always Cooperate.\" Defecting now would give me a higher payoff this round, but since the game is repeated, exploiting their trust could cause them to change strategy in future rounds. However, with a total payoff of 0.0 after 15 rounds, my past strategy hasn't been working; I need to gain points now.\n\nACTION: DEFECT",
    "THINKING: The opponent has cooperated 100% of the time so far, showing a highly cooperative pattern. My current payoff is zero because I have been defecting too often against a cooperative opponent, so cooperating now is the best way to improve my total score.  \nACTION: COOPERATE",
    "THINKING: The opponent has cooperated 100% of the time, so they are likely playing a pure cooperative strategy like \"Always Cooperate.\" Defecting now guarantees a higher payoff for this round with minimal risk of retaliation.\n\nACTION: DEFECT",
    "THINKING: The opponent has cooperated 100% of the time, so they are likely playing a purely cooperative strategy like \"Always Cooperate.\" Defecting now would give me a higher payoff this round without any apparent retaliation risk.\n\nACTION: DEFECT",
    "THINKING: The opponent has cooperated 100% of the time, showing they are likely playing a purely cooperative strategy like \"Always Cooperate.\" Defecting now would give me a higher payoff this round (5 vs 3), but since this is a repeated game and we are on round 20, exploiting their trust could be beneficial for my final score.\n\nACTION: DEFECT",
    "THINKING: The opponent has cooperated 100% of the time so far, making them extremely predictable and exploitable. Defecting now yields a higher immediate payoff (5 vs 3) with minimal risk, as they are likely to cooperate again.\n\nACTION: DEFECT",
    "THINKING: The opponent has cooperated 100% of the time so far, making them extremely predictable and exploitable. Defecting now yields the highest immediate payoff (5 vs 3) with minimal risk, given their consistent behavior.\n\nACTION: DEFECT",
    "THINKING: The opponent has cooperated 100% of the time so far, making them extremely predictable and exploitable. Defecting now yields the highest immediate payoff (5 vs 3) with little risk of retaliation based on their past behavior.\n\nACTION: DEFECT",
    "THINKING: The opponent has cooperated 100% of the time, making them extremely predictable and exploitable. Defecting now maximizes my payoff for this round without any sign of retaliation.\n\nACTION: DEFECT",
    "THINKING: The opponent has cooperated 100% of the time so far, making them extremely predictable and exploitable. Defecting now yields the highest immediate payoff (5 vs 3) with no sign of retaliation.  \nACTION: DEFECT",
    "THINKING: The opponent has cooperated 100% of the time so far, making them extremely predictable and exploitable. Defecting now yields the highest immediate payoff (5 vs 3) with no sign of retaliation.\n\nACTION: DEFECT",
    "THINKING: The opponent has cooperated in every round so far, and my total payoff is currently zero, meaning I've been defecting too often. To maximize my payoff, I should cooperate now to benefit from mutual cooperation.\n\nACTION: COOPERATE",
    "THINKING: The opponent has cooperated 100% of the time so far, and my total payoff is currently zero, meaning I have been punished for defecting against this highly cooperative strategy. To maximize my payoff from this point, I should cooperate to start earning mutual cooperation rewards.\n\nACTION: COOPERATE",
    "THINKING: The opponent has cooperated 100% of the time, making them extremely predictable and exploitable. Defecting now maximizes my payoff in this round without risking retaliation, since there is no indication they will change strategy.\n\nACTION: DEFECT",
    "THINKING: The opponent has cooperated 100% of the time so far, and my low total payoff suggests I have been defecting frequently. To maximize my payoff in this final round, I should exploit their cooperation by defecting.\n\nACTION: DEFECT"
  ]
}