{
  "experiment": "exp6_baseline",
  "game": "prisoners_dilemma",
  "provider": "deepseek",
  "baseline": "Extort2",
  "trial": 7,
  "rounds": 30,
  "payoff": 43,
  "coop_rate": 0.2,
  "llm_history": [
    "COOPERATE",
    "COOPERATE",
    "COOPERATE",
    "COOPERATE",
    "DEFECT",
    "COOPERATE",
    "DEFECT",
    "COOPERATE",
    "DEFECT",
    "DEFECT",
    "DEFECT",
    "DEFECT",
    "DEFECT",
    "DEFECT",
    "DEFECT",
    "DEFECT",
    "DEFECT",
    "DEFECT",
    "DEFECT",
    "DEFECT",
    "DEFECT",
    "DEFECT",
    "DEFECT",
    "DEFECT",
    "DEFECT",
    "DEFECT",
    "DEFECT",
    "DEFECT",
    "DEFECT",
    "DEFECT"
  ],
  "opp_history": [
    "COOPERATE",
    "COOPERATE",
    "COOPERATE",
    "COOPERATE",
    "COOPERATE",
    "COOPERATE",
    "DEFECT",
    "DEFECT",
    "DEFECT",
    "DEFECT",
    "DEFECT",
    "DEFECT",
    "DEFECT",
    "DEFECT",
    "DEFECT",
    "DEFECT",
    "DEFECT",
    "DEFECT",
    "DEFECT",
    "DEFECT",
    "DEFECT",
    "DEFECT",
    "DEFECT",
    "DEFECT",
    "DEFECT",
    "DEFECT",
    "DEFECT",
    "DEFECT",
    "DEFECT",
    "DEFECT"
  ],
  "llm_responses": [
    "THINKING: This is the first round with no history, so I'll start by cooperating to signal willingness to cooperate and see how the opponent responds.  \nACTION: COOPERATE",
    "THINKING: The opponent cooperated in round 1, and with a 100% cooperation rate so far, it's likely they are playing a cooperative strategy like Tit-for-Tat. Cooperating now builds trust and mutual benefit.  \nACTION: COOPERATE",
    "THINKING: Opponent has cooperated both rounds so far, and my cooperation rate is 100%. Early in the game, cooperating builds trust and encourages mutual cooperation for higher long-term payoffs.\n\nACTION: COOPERATE",
    "THINKING: The opponent has cooperated 100% of the time so far, and mutual cooperation yields the best long-term payoff. Defecting now risks breaking the cooperative pattern and reducing future gains.\n\nACTION: COOPERATE",
    "THINKING: The opponent has cooperated 100% of the time so far, and my total payoff is zero because I've been cooperating while they've been defecting. This suggests they are exploiting my cooperation, so I should defect to improve my payoff and test their response.\n\nACTION: DEFECT",
    "THINKING: The opponent has cooperated 100% of the time, so they are likely playing a cooperative strategy like Tit-for-Tat or Always Cooperate. My best long-term payoff comes from cooperating to maintain mutual cooperation.\n\nACTION: COOPERATE",
    "THINKING: The opponent has cooperated 100% of the time so far, making them highly predictable and exploitable. Defecting now yields the highest immediate payoff (5 vs 3) with little risk of retaliation based on their past behavior.\n\nACTION: DEFECT",
    "THINKING: The opponent is highly cooperative overall (86%) but just defected last round, which might be a test or a slip. My total payoff is currently zero, so I need to encourage mutual cooperation to improve it. A cooperative move now may restore cooperation.\n\nACTION: COOPERATE",
    "THINKING: Opponent has a 75% cooperation rate overall but just defected last round, suggesting they may be testing my response. Since my total payoff is currently zero, I need to avoid being exploited while encouraging mutual cooperation. A tit-for-tat approach seems appropriate here.\n\nACTION: DEFECT",
    "THINKING: The opponent has a 67% cooperation rate but just defected last round, suggesting they may be reacting to my actions. My total payoff is currently zero, so I need to improve my score. Given the mixed pattern, defecting now may protect me from further exploitation while possibly gaining a higher payoff if they cooperate.\n\nACTION: DEFECT",
    "THINKING: The opponent has a 60% cooperation rate overall, but just defected last round. Given my total payoff is currently zero, I need to be cautious but also try to rebuild mutual cooperation. A conditional response (like Tit-for-Tat) suggests I should defect now to mirror their last move.\n\nACTION: DEFECT",
    "THINKING: The opponent has a 55% cooperation rate and just defected last round, but overall they're a mixed/conditional cooperator. My total payoff is currently zero, so I need to maximize points now. Given the risk of being exploited if I cooperate after their defect, defecting is safer and might push them back toward cooperation.\n\nACTION: DEFECT",
    "THINKING: The opponent has been defecting recently and has a 50% cooperation rate overall, so they are not reliably cooperative. My total payoff is currently zero, so I need to protect myself from further exploitation.\n\nACTION: DEFECT",
    "THINKING: The opponent has mostly been defecting recently and has a low cooperation rate, so cooperating now is likely to lead to a poor payoff for me.  \nACTION: DEFECT",
    "THINKING: The opponent has mostly been defecting recently and has a low cooperation rate, so cooperating now is likely to lead to a poor payoff for me.  \nACTION: DEFECT",
    "THINKING: The opponent has been defecting consistently recently, and my cooperation rate is already low, so defecting is the safer choice to avoid exploitation.  \nACTION: DEFECT",
    "THINKING: The opponent has been defecting consistently recently, and my cooperation rate is low, so continuing to defect is the safest choice to avoid exploitation.  \nACTION: DEFECT",
    "THINKING: The opponent has been defecting consistently recently, and my cooperation rate is low, so cooperating now is unlikely to change their behavior and would risk a payoff of 0.  \nACTION: DEFECT",
    "THINKING: The opponent has been defecting consistently recently, and my cooperation rate is low, so they are unlikely to trust me. Continuing to defect is the safest choice to avoid being exploited.  \nACTION: DEFECT",
    "THINKING: The opponent has been defecting consistently recently, and my cooperation rate is low, so cooperating now is unlikely to change their behavior or yield a better payoff.  \nACTION: DEFECT",
    "THINKING: The opponent has been always defecting recently, and my cooperation rate is low, so continuing to defect is the rational choice to avoid being exploited.  \nACTION: DEFECT",
    "THINKING: The opponent has been defecting consistently recently, and my cooperation rate is low, so cooperating now is unlikely to change their behavior or improve my payoff.  \nACTION: DEFECT",
    "THINKING: The opponent has been always defecting recently, and my cooperation rate is low, so continuing to defect is the rational choice to avoid being exploited.  \nACTION: DEFECT",
    "THINKING: The opponent has been defecting consistently, and my cooperation rate is low; cooperating now would likely just give them another high payoff at my expense.  \nACTION: DEFECT",
    "THINKING: The opponent has been defecting consistently, and my cooperation rate is low, so continuing to defect is the safest way to avoid being exploited.  \nACTION: DEFECT",
    "THINKING: The opponent has been always defecting recently, and my cooperation rate is high despite getting zero total payoff. Continuing to cooperate will not change their behavior, so I should defect to minimize losses.\n\nACTION: DEFECT",
    "THINKING: The opponent has been defecting consistently, and my cooperation rate is low, so there's no incentive to cooperate now.  \nACTION: DEFECT",
    "THINKING: The opponent has a low cooperation rate and is currently in a pattern of always defecting, so cooperating now would likely result in a loss for me.  \nACTION: DEFECT",
    "THINKING: The opponent has been defecting consistently, and with only one round left after this, there's no future incentive for them to cooperate. Defecting now maximizes my payoff given their pattern.  \nACTION: DEFECT",
    "THINKING: The opponent has been defecting consistently, and my cooperation rate is low, so continuing to defect is the rational choice to avoid exploitation.  \nACTION: DEFECT"
  ]
}