{
  "experiment": "exp6_baseline",
  "game": "prisoners_dilemma",
  "provider": "deepseek",
  "baseline": "AlwaysDefect",
  "trial": 25,
  "rounds": 30,
  "payoff": 29,
  "coop_rate": 0.03333333333333333,
  "llm_history": [
    "COOPERATE",
    "DEFECT",
    "DEFECT",
    "DEFECT",
    "DEFECT",
    "DEFECT",
    "DEFECT",
    "DEFECT",
    "DEFECT",
    "DEFECT",
    "DEFECT",
    "DEFECT",
    "DEFECT",
    "DEFECT",
    "DEFECT",
    "DEFECT",
    "DEFECT",
    "DEFECT",
    "DEFECT",
    "DEFECT",
    "DEFECT",
    "DEFECT",
    "DEFECT",
    "DEFECT",
    "DEFECT",
    "DEFECT",
    "DEFECT",
    "DEFECT",
    "DEFECT",
    "DEFECT"
  ],
  "opp_history": [
    "DEFECT",
    "DEFECT",
    "DEFECT",
    "DEFECT",
    "DEFECT",
    "DEFECT",
    "DEFECT",
    "DEFECT",
    "DEFECT",
    "DEFECT",
    "DEFECT",
    "DEFECT",
    "DEFECT",
    "DEFECT",
    "DEFECT",
    "DEFECT",
    "DEFECT",
    "DEFECT",
    "DEFECT",
    "DEFECT",
    "DEFECT",
    "DEFECT",
    "DEFECT",
    "DEFECT",
    "DEFECT",
    "DEFECT",
    "DEFECT",
    "DEFECT",
    "DEFECT",
    "DEFECT"
  ],
  "llm_responses": [
    "THINKING: This is the first round with no history, so I'll start with cooperation to signal willingness to cooperate and see how the opponent responds.  \nACTION: COOPERATE",
    "THINKING: Opponent defected in the first round, and my cooperation rate is 100% while theirs is 0%. Starting with a defection suggests they may be playing a strategy like Always Defect. I should defect to avoid being exploited again.  \nACTION: DEFECT",
    "THINKING: The opponent has defected in both previous rounds, so they are likely playing a strategy that defects often. To avoid being exploited, I should defect as well.  \nACTION: DEFECT",
    "THINKING: The opponent has defected every round so far, and my cooperation rate is low because I tried cooperating but got punished. Continuing to cooperate will likely just give them more points at my expense.\n\nACTION: DEFECT",
    "THINKING: The opponent has defected every round so far, and my cooperation rate is low because I likely tried cooperating earlier and got punished. Continuing to cooperate against a consistent defector will only lose more points.\n\nACTION: DEFECT",
    "THINKING: The opponent has always defected so far, and my cooperation rate is low, so continuing to defect is the rational choice to avoid exploitation.  \nACTION: DEFECT",
    "THINKING: The opponent has defected every round so far, and my cooperation has only led to losses. Continuing to cooperate is not rational against an always-defect strategy.\n\nACTION: DEFECT",
    "THINKING: The opponent has defected every round so far and has a 0% cooperation rate, so cooperating now would likely just give them another high payoff at my expense.  \nACTION: DEFECT",
    "THINKING: The opponent has defected every round so far, and my cooperation has only led to zero payoff. Continuing to cooperate is not rational.  \nACTION: DEFECT",
    "THINKING: The opponent has defected in every previous round, and my cooperation has only led to losses. Continuing to cooperate is not rational against an always-defect strategy.\n\nACTION: DEFECT",
    "THINKING: The opponent has always defected so far, and my cooperation attempts have only hurt my score. Continuing to cooperate is not rational.  \nACTION: DEFECT",
    "THINKING: The opponent has always defected so far, and my cooperation has only led to losses. Continuing to cooperate is not rational in this scenario.  \nACTION: DEFECT",
    "THINKING: The opponent has always defected so far, and my cooperation has led to zero payoff. Continuing to cooperate is not rational; I should defect to minimize losses.  \nACTION: DEFECT",
    "THINKING: The opponent has defected in every round so far, and my cooperation has only led to losses. Continuing to cooperate is not rational.  \nACTION: DEFECT",
    "THINKING: The opponent has always defected, and cooperating has given me zero payoff so far. Continuing to cooperate is irrational; I should defect to minimize losses.\n\nACTION: DEFECT",
    "THINKING: The opponent has defected every single round so far, and my cooperation has only led to losses. Continuing to cooperate is not rational.  \nACTION: DEFECT",
    "THINKING: The opponent has defected every single round so far, and my cooperation has only led to losses. Continuing to cooperate is not rational.  \nACTION: DEFECT",
    "THINKING: The opponent has defected in every previous round and has a 0% cooperation rate, so there is no reason to cooperate now.  \nACTION: DEFECT",
    "THINKING: The opponent has defected every round so far, and my cooperation has only led to losses. Continuing to cooperate is not rational.  \nACTION: DEFECT",
    "THINKING: The opponent has defected in all 19 previous rounds, showing no willingness to cooperate. Continuing to cooperate will only yield zero payoff, while defecting at least guarantees a payoff of 1.\n\nACTION: DEFECT",
    "THINKING: The opponent has defected 100% of the time, showing no sign of cooperation. Cooperating now would only give them a higher payoff at my expense.\n\nACTION: DEFECT",
    "THINKING: The opponent has defected in every round so far and shows no sign of cooperating, so cooperating now would only give them a higher payoff at my expense.  \nACTION: DEFECT",
    "THINKING: The opponent has consistently defected for 22 rounds, and my cooperation has only led to a total payoff of 0. Continuing to cooperate is not rational.  \nACTION: DEFECT",
    "THINKING: The opponent has defected in all 23 previous rounds and has a 0% cooperation rate, so they are playing a pure \"Always Defect\" strategy. Cooperating now would only give me 0 points while defecting guarantees at least 1 point.\n\nACTION: DEFECT",
    "THINKING: The opponent has consistently defected for 24 rounds, showing no willingness to cooperate. My best response is to defect to avoid being exploited.\n\nACTION: DEFECT",
    "THINKING: The opponent has always defected, so cooperating now would just give them another high payoff at my expense.  \nACTION: DEFECT",
    "THINKING: The opponent has defected in every previous round, and my cooperation has only led to losses. Continuing to cooperate is not rational here.  \nACTION: DEFECT",
    "THINKING: The opponent has defected in every round so far, and my cooperation rate is very low, so there's no sign of mutual cooperation to build on. Defecting is the safe choice to avoid a sucker's payoff.\n\nACTION: DEFECT",
    "THINKING: The opponent has always defected, and my cooperation rate is very low because I likely tried cooperating early and got punished. Since there's no sign of them changing, defecting is the only rational choice to avoid a zero payoff.  \nACTION: DEFECT",
    "THINKING: The opponent has defected 100% of the time, so they are playing \"Always Defect.\" Cooperating now would only give me 0 points while defecting gives me at least 1 point.  \nACTION: DEFECT"
  ]
}