{
  "experiment": "exp6_baseline",
  "game": "prisoners_dilemma",
  "provider": "deepseek",
  "baseline": "GenerousTitForTat",
  "trial": 21,
  "rounds": 30,
  "payoff": 91,
  "coop_rate": 0.8666666666666667,
  "llm_history": [
    "COOPERATE",
    "COOPERATE",
    "COOPERATE",
    "COOPERATE",
    "DEFECT",
    "DEFECT",
    "COOPERATE",
    "DEFECT",
    "DEFECT",
    "COOPERATE",
    "COOPERATE",
    "COOPERATE",
    "COOPERATE",
    "COOPERATE",
    "COOPERATE",
    "COOPERATE",
    "COOPERATE",
    "COOPERATE",
    "COOPERATE",
    "COOPERATE",
    "COOPERATE",
    "COOPERATE",
    "COOPERATE",
    "COOPERATE",
    "COOPERATE",
    "COOPERATE",
    "COOPERATE",
    "COOPERATE",
    "COOPERATE",
    "COOPERATE"
  ],
  "opp_history": [
    "COOPERATE",
    "COOPERATE",
    "COOPERATE",
    "COOPERATE",
    "COOPERATE",
    "COOPERATE",
    "COOPERATE",
    "COOPERATE",
    "DEFECT",
    "DEFECT",
    "COOPERATE",
    "COOPERATE",
    "COOPERATE",
    "COOPERATE",
    "COOPERATE",
    "COOPERATE",
    "COOPERATE",
    "COOPERATE",
    "COOPERATE",
    "COOPERATE",
    "COOPERATE",
    "COOPERATE",
    "COOPERATE",
    "COOPERATE",
    "COOPERATE",
    "COOPERATE",
    "COOPERATE",
    "COOPERATE",
    "COOPERATE",
    "COOPERATE"
  ],
  "llm_responses": [
    "THINKING: This is the first round with no history, so I'll start by cooperating to signal willingness to cooperate and see how the opponent responds.  \nACTION: COOPERATE",
    "THINKING: The opponent cooperated in round 1, and with a 100% cooperation rate so far, it's likely they are playing a cooperative strategy like Tit-for-Tat. Cooperating now builds trust and mutual benefit.  \nACTION: COOPERATE",
    "THINKING: Both players have cooperated in the first two rounds, and the opponent has a 100% cooperation rate. Starting with mutual cooperation is promising, so I will continue cooperating to build trust and maintain the high payoff outcome.\n\nACTION: COOPERATE",
    "THINKING: Opponent has cooperated 100% so far, and mutual cooperation yields the highest long-term payoff. Defecting now risks breaking trust and reducing future gains.\n\nACTION: COOPERATE",
    "THINKING: The opponent has cooperated 100% of the time so far, and my total payoff is currently zero because I have always cooperated while they have defected in at least one round (since my payoff is 0.0 after 4 rounds, the only way that happens is if I got 0 in a round, meaning they defected when I cooperated). Therefore, they are not fully reciprocal, so I should defect to protect myself and potentially gain a higher payoff.\n\nACTION: DEFECT",
    "THINKING: The opponent has cooperated 100% of the time so far, and my low total payoff suggests I've been exploited when I cooperated while they defected. To test their true strategy and avoid further exploitation, I should defect this round.\n\nACTION: DEFECT",
    "THINKING: The opponent has cooperated 100% of the time, so they are likely playing a cooperative strategy like Tit-for-Tat or Always Cooperate. Defecting now would exploit them for a higher payoff this round, but could trigger retaliation in future rounds, reducing long-term gains. Since the game is repeated and they've shown consistent cooperation, cooperating maintains mutual benefit.\n\nACTION: COOPERATE",
    "THINKING: The opponent has cooperated 100% of the time so far, making them highly predictable and exploitable. Defecting now yields a higher payoff (5 vs 3) without immediate retaliation in a single round.\n\nACTION: DEFECT",
    "THINKING: The opponent has cooperated 100% of the time so far, making them highly predictable and exploitable. Defecting now will maximize my payoff for this round without immediate retaliation.  \nACTION: DEFECT",
    "THINKING: The opponent has been highly cooperative overall (89%), but they just defected last round. Given my low total payoff, I should try to rebuild cooperation by forgiving that single defection and cooperating now.\n\nACTION: COOPERATE",
    "THINKING: The opponent is highly cooperative overall (80%), but they just defected last round. Given my total payoff is currently zero, I should try to rebuild cooperation to earn higher payoffs, so I'll respond with cooperation to encourage mutual cooperation again.\n\nACTION: COOPERATE",
    "THINKING: The opponent has been highly cooperative (82% rate) and just cooperated last round. My total payoff is currently zero, so I need to build mutual cooperation to improve it. Defecting now risks breaking their trust and lowering future payoffs.\n\nACTION: COOPERATE",
    "THINKING: Opponent is highly cooperative (83% rate) and just cooperated last round. My total payoff is currently zero, so I need to build mutual cooperation to improve it. Defecting now risks breaking their trust and lowering future payoffs.\n\nACTION: COOPERATE",
    "THINKING: The opponent is highly cooperative (85% rate) and just cooperated last round. Cooperating now likely yields mutual benefit and maintains cooperation.\n\nACTION: COOPERATE",
    "THINKING: Opponent has been highly cooperative (86% rate) and just cooperated last round. My total payoff is currently zero, so I need to build mutual cooperation to improve my score. Defecting now risks breaking their trust and lowering future payoffs.\n\nACTION: COOPERATE",
    "THINKING: The opponent is highly cooperative (87% cooperation rate) and just cooperated last round. Cooperating now likely leads to mutual cooperation and a payoff of 3, while defecting risks damaging future cooperation and lowering long-term gains.\n\nACTION: COOPERATE",
    "THINKING: The opponent is highly cooperative (88% rate) and just cooperated last round, so cooperating now is likely to yield a high mutual payoff.  \nACTION: COOPERATE",
    "THINKING: The opponent is highly cooperative (88% rate) and just cooperated last round. Cooperating now likely yields mutual cooperation payoff of 3, while defecting risks breaking trust and lowering future payoffs.\n\nACTION: COOPERATE",
    "THINKING: The opponent is highly cooperative (89% rate) and just cooperated last round. Cooperating now likely leads to mutual cooperation payoff of 3, while defecting risks breaking trust and lowering future payoffs.\n\nACTION: COOPERATE",
    "THINKING: The opponent has been highly cooperative (89% rate) and just cooperated last round, so cooperating now is likely to yield a mutual payoff of 3. Defecting risks breaking trust and lowering future payoffs.  \nACTION: COOPERATE",
    "THINKING: The opponent is highly cooperative (90% rate) and just cooperated last round. Cooperating now likely leads to mutual cooperation payoff of 3, while defecting risks breaking trust and lowering future payoffs.\n\nACTION: COOPERATE",
    "THINKING: The opponent has been highly cooperative (90% rate) and just cooperated last round. My total payoff is currently zero, so I need to maximize points now. Given their consistent cooperation, cooperating again is likely to yield a high payoff (3 each) and maintain mutual cooperation.\n\nACTION: COOPERATE",
    "THINKING: Opponent is highly cooperative (91% rate) and just cooperated last round. My current payoff is zero, so I need to build mutual cooperation to improve my score. Defecting now risks breaking their trust and lowering future payoffs.\n\nACTION: COOPERATE",
    "THINKING: The opponent has been highly cooperative (91% rate) and just cooperated last round. Cooperating now is likely to yield a mutual payoff of 3, while defecting risks breaking trust and reducing future gains.\n\nACTION: COOPERATE",
    "THINKING: The opponent is highly cooperative (92% rate) and just cooperated last round. Cooperating now likely yields a mutual payoff of 3, while defecting risks breaking the cooperative pattern and lowering future payoffs.  \nACTION: COOPERATE",
    "THINKING: The opponent is highly cooperative (92% rate) and just cooperated last round. Mutual cooperation yields good payoffs, and defecting risks damaging future cooperation.\n\nACTION: COOPERATE",
    "THINKING: The opponent is highly cooperative (92% rate) and just cooperated last round. Cooperating now likely yields a mutual payoff of 3, while defecting risks breaking trust and lowering future payoffs.\n\nACTION: COOPERATE",
    "THINKING: The opponent has been highly cooperative (93% rate) and just cooperated last round. Cooperating now likely continues mutual cooperation, maximizing my payoff per round.\n\nACTION: COOPERATE",
    "THINKING: The opponent has been highly cooperative (93% rate) and just cooperated last round. Cooperating now maintains mutual cooperation, maximizing my payoff for this round.  \nACTION: COOPERATE",
    "THINKING: The opponent has been highly cooperative (93% rate) and just cooperated last round. In a repeated Prisoner's Dilemma with a cooperative opponent, mutual cooperation yields the best long-term payoff. Defecting now risks triggering retaliation and losing future cooperation.\n\nACTION: COOPERATE"
  ]
}