{
  "experiment": "exp6_baseline",
  "game": "prisoners_dilemma",
  "provider": "deepseek",
  "baseline": "GenerousTitForTat",
  "trial": 12,
  "rounds": 30,
  "payoff": 85,
  "coop_rate": 0.9,
  "llm_history": [
    "COOPERATE",
    "COOPERATE",
    "COOPERATE",
    "COOPERATE",
    "COOPERATE",
    "COOPERATE",
    "COOPERATE",
    "COOPERATE",
    "COOPERATE",
    "COOPERATE",
    "COOPERATE",
    "COOPERATE",
    "COOPERATE",
    "COOPERATE",
    "COOPERATE",
    "DEFECT",
    "DEFECT",
    "DEFECT",
    "COOPERATE",
    "COOPERATE",
    "COOPERATE",
    "COOPERATE",
    "COOPERATE",
    "COOPERATE",
    "COOPERATE",
    "COOPERATE",
    "COOPERATE",
    "COOPERATE",
    "COOPERATE",
    "COOPERATE"
  ],
  "opp_history": [
    "COOPERATE",
    "COOPERATE",
    "COOPERATE",
    "COOPERATE",
    "COOPERATE",
    "COOPERATE",
    "COOPERATE",
    "COOPERATE",
    "COOPERATE",
    "COOPERATE",
    "COOPERATE",
    "COOPERATE",
    "COOPERATE",
    "COOPERATE",
    "COOPERATE",
    "COOPERATE",
    "DEFECT",
    "DEFECT",
    "DEFECT",
    "COOPERATE",
    "COOPERATE",
    "COOPERATE",
    "COOPERATE",
    "COOPERATE",
    "COOPERATE",
    "COOPERATE",
    "COOPERATE",
    "COOPERATE",
    "COOPERATE",
    "COOPERATE"
  ],
  "llm_responses": [
    "THINKING: This is the first round with no history, so I'll start with cooperation to signal willingness to cooperate and see how the opponent responds.  \nACTION: COOPERATE",
    "THINKING: The opponent cooperated in round 1, and both cooperation rates are 100%. Starting with mutual cooperation is beneficial in repeated Prisoner's Dilemma to build trust and maximize long-term payoff.\n\nACTION: COOPERATE",
    "THINKING: The opponent has cooperated in both previous rounds, and my cooperation rate is 100%. Since we are both cooperating, I am currently getting a payoff of 3 per round, which is better than the mutual defection payoff of 1. It's early in the game, so building trust is beneficial.\n\nACTION: COOPERATE",
    "THINKING: The opponent has cooperated in all previous rounds, and my cooperation rate is 100%. Continuing to cooperate maintains mutual cooperation and maximizes long-term payoff in a repeated game.  \nACTION: COOPERATE",
    "THINKING: Opponent has cooperated 100% so far, and my total payoff is currently zero because I've cooperated each time while they have too. Continuing to cooperate maintains mutual benefit.\n\nACTION: COOPERATE",
    "THINKING: The opponent has cooperated 100% of the time so far, and mutual cooperation yields a good payoff. Defecting now risks breaking this beneficial pattern and triggering retaliation in future rounds.\n\nACTION: COOPERATE",
    "THINKING: The opponent has cooperated 100% of the time so far, and mutual cooperation yields a good payoff. Defecting now risks breaking this cooperative pattern and lowering future payoffs.\n\nACTION: COOPERATE",
    "THINKING: The opponent has cooperated 100% of the time so far, and mutual cooperation yields the highest long-term payoff. Defecting now risks breaking this beneficial pattern.\n\nACTION: COOPERATE",
    "THINKING: The opponent has cooperated in all 8 previous rounds, showing a highly cooperative pattern. In a repeated Prisoner's Dilemma, mutual cooperation yields the best long-term payoff, and defecting now could trigger retaliation.\n\nACTION: COOPERATE",
    "THINKING: The opponent has cooperated 100% of the time so far, and mutual cooperation yields a good payoff. Defecting now risks breaking the cooperative pattern and lowering future payoffs.  \nACTION: COOPERATE",
    "THINKING: The opponent has cooperated 100% of the time, and mutual cooperation yields the highest long-term payoff. Defecting now risks breaking the cooperative equilibrium.\n\nACTION: COOPERATE",
    "THINKING: The opponent has cooperated in all 11 previous rounds, and my total payoff is currently zero, meaning I have been cooperating while they have been defecting. This suggests a mismatch in the history recording. Given the stated 100% cooperation rate for both, the rational choice is to continue cooperating to maintain mutual benefit.\n\nACTION: COOPERATE",
    "THINKING: The opponent has cooperated in all 12 rounds, and my 100% cooperation rate suggests I have too. In a repeated Prisoner's Dilemma with a highly cooperative opponent, mutual cooperation yields the best long-term payoff. Defecting now risks breaking this beneficial pattern.\n\nACTION: COOPERATE",
    "THINKING: The opponent has cooperated 100% of the time, and mutual cooperation yields a good payoff. Defecting now risks breaking this profitable pattern for minimal short-term gain.\n\nACTION: COOPERATE",
    "THINKING: The opponent has cooperated 100% of the time, and mutual cooperation yields the best long-term payoff. Defecting now risks breaking this beneficial pattern.\n\nACTION: COOPERATE",
    "THINKING: The opponent has cooperated in all 15 previous rounds, and my total payoff is currently 0, meaning I've been cooperating while they've been defecting. This suggests the opponent is actually defecting every time, not cooperating. I should defect to avoid further exploitation.\n\nACTION: DEFECT",
    "THINKING: The opponent has cooperated 100% of the time, making them extremely predictable and exploitable. Defecting now yields the highest immediate payoff (5 vs 3) with no sign of retaliation.\n\nACTION: DEFECT",
    "THINKING: The opponent has a 94% cooperation rate and is highly cooperative, but they just defected last round. Given my total payoff is currently zero, I should defect to protect myself from being exploited again.  \n\nACTION: DEFECT",
    "THINKING: The opponent has been highly cooperative overall, but they just defected last round. Given my high cooperation rate, I should try to return to mutual cooperation to maximize long-term payoff, so I'll cooperate to signal willingness to continue cooperating.\n\nACTION: COOPERATE",
    "THINKING: Opponent has a high cooperation rate but just defected last round, suggesting possible retaliation or testing. Given the repeated nature, cooperating now may restore mutual cooperation and maximize long-term payoff.\n\nACTION: COOPERATE",
    "THINKING: With both cooperation rates at 85% and a pattern of mutual cooperation recently, defecting now risks breaking a profitable reciprocal pattern for minimal short-term gain.  \nACTION: COOPERATE",
    "THINKING: With both cooperation rates at 86% and the opponent just cooperating, mutual cooperation yields the highest long-term payoff. Defecting risks breaking the cooperative pattern.\n\nACTION: COOPERATE",
    "THINKING: Opponent has a high cooperation rate and just cooperated last round, so cooperating now is likely to lead to mutual cooperation and a payoff of 3. Defecting risks breaking trust and lowering future payoffs.  \nACTION: COOPERATE",
    "THINKING: With both cooperation rates at 87% and the opponent just cooperating, mutual cooperation yields the highest long-term payoff. Defecting risks triggering retaliation and lowering future gains.\n\nACTION: COOPERATE",
    "THINKING: With both cooperation rates at 88% and the opponent cooperating last round, mutual cooperation is likely and yields the highest long-term payoff.  \nACTION: COOPERATE",
    "THINKING: With both cooperation rates at 88% and the opponent just cooperating, mutual cooperation yields the highest long-term payoff. Defecting risks breaking the cooperative pattern and lowering future gains.  \nACTION: COOPERATE",
    "THINKING: Opponent has a high cooperation rate and just cooperated last round, so cooperating now is likely to yield a mutual payoff of 3. Defecting risks breaking the pattern and lowering future payoffs.\n\nACTION: COOPERATE",
    "THINKING: Opponent has been highly cooperative (89% rate) and just cooperated last round. Mutual cooperation yields good payoffs, and defecting now could break trust and reduce future gains.\n\nACTION: COOPERATE",
    "THINKING: Opponent has been highly cooperative (89% rate), and mutual cooperation yields the best long-term payoff. Defecting now risks retaliation in the final rounds, reducing my total payoff.\n\nACTION: COOPERATE",
    "THINKING: With both cooperation rates at 90% and a highly cooperative recent pattern, mutual cooperation yields the best long-term payoff. Defecting now risks breaking the cooperative equilibrium.  \nACTION: COOPERATE"
  ]
}