{
  "experiment": "exp6_baseline",
  "game": "prisoners_dilemma",
  "provider": "openai",
  "baseline": "GenerousTitForTat",
  "trial": 10,
  "rounds": 30,
  "payoff": 90,
  "coop_rate": 1.0,
  "llm_history": [
    "COOPERATE",
    "COOPERATE",
    "COOPERATE",
    "COOPERATE",
    "COOPERATE",
    "COOPERATE",
    "COOPERATE",
    "COOPERATE",
    "COOPERATE",
    "COOPERATE",
    "COOPERATE",
    "COOPERATE",
    "COOPERATE",
    "COOPERATE",
    "COOPERATE",
    "COOPERATE",
    "COOPERATE",
    "COOPERATE",
    "COOPERATE",
    "COOPERATE",
    "COOPERATE",
    "COOPERATE",
    "COOPERATE",
    "COOPERATE",
    "COOPERATE",
    "COOPERATE",
    "COOPERATE",
    "COOPERATE",
    "COOPERATE",
    "COOPERATE"
  ],
  "opp_history": [
    "COOPERATE",
    "COOPERATE",
    "COOPERATE",
    "COOPERATE",
    "COOPERATE",
    "COOPERATE",
    "COOPERATE",
    "COOPERATE",
    "COOPERATE",
    "COOPERATE",
    "COOPERATE",
    "COOPERATE",
    "COOPERATE",
    "COOPERATE",
    "COOPERATE",
    "COOPERATE",
    "COOPERATE",
    "COOPERATE",
    "COOPERATE",
    "COOPERATE",
    "COOPERATE",
    "COOPERATE",
    "COOPERATE",
    "COOPERATE",
    "COOPERATE",
    "COOPERATE",
    "COOPERATE",
    "COOPERATE",
    "COOPERATE",
    "COOPERATE"
  ],
  "llm_responses": [
    "THINKING: This is the first round, and there is no history or information about the opponent's strategy. Cooperating in the first round is often a good-faith move to encourage mutual cooperation in future rounds.\n\nACTION: COOPERATE",
    "THINKING: The opponent has cooperated in the previous round, and their cooperation rate is 100%. Maintaining mutual cooperation will maximize collective payoffs and build trust for future rounds. \n\nACTION: COOPERATE",
    "THINKING: The opponent has cooperated in every round so far, suggesting a willingness to maintain mutual cooperation. Defecting now could damage trust and reduce future payoffs.  \nACTION: COOPERATE",
    "THINKING: Both my opponent and I have been consistently cooperative, leading to a high payoff for both of us. Maintaining cooperation will likely sustain mutual trust and maximize long-term benefits.  \nACTION: COOPERATE",
    "THINKING: The opponent has been consistently cooperative, and mutual cooperation leads to the highest combined payoff. Breaking the pattern with defection could disrupt trust and lead to lower payoffs in future rounds.  \nACTION: COOPERATE  ",
    "THINKING: Both I and the Opponent have cooperated consistently, leading to mutual benefits. Breaking cooperation now could risk ending this highly beneficial pattern.  \nACTION: COOPERATE",
    "THINKING: Both the opponent and I have maintained 100% cooperation so far, resulting in mutual high payoffs. Breaking this trust by defecting risks undermining the cooperative dynamic and future payoffs. \n\nACTION: COOPERATE",
    "THINKING: The opponent has shown consistent cooperation, and mutual cooperation yields the highest joint payoff. Maintaining cooperation aligns with trust-building and could sustain mutual benefits in future rounds. \n\nACTION: COOPERATE",
    "THINKING: The opponent has been consistently cooperative throughout all previous rounds, and maintaining mutual cooperation provides the best long-term payoff for both of us. Defecting now could break trust and harm future outcomes.  \nACTION: COOPERATE",
    "THINKING: Both I and the Opponent have consistently cooperated, resulting in mutual benefits throughout the game. Breaking this cooperation now risks losing trust and the higher payoff of mutual cooperation.  \n\nACTION: COOPERATE",
    "THINKING: Both I and my opponent have cooperated consistently, resulting in mutual high payoffs. Breaking this trust by defecting would harm my long-term gains, especially since the opponent appears highly cooperative.\n\nACTION: COOPERATE",
    "THINKING: The opponent has been fully cooperative for 11 rounds, and mutual cooperation maximizes the payoff for both of us. Defecting now would betray the trust built so far and likely lead to suboptimal payoffs in future rounds.  \n\nACTION: COOPERATE",
    "THINKING: The opponent has consistently cooperated in every round, and both of us have achieved mutual cooperation so far. Defecting now would risk breaking the mutual trust and lead to lower long-term payoffs.\n\nACTION: COOPERATE",
    "THINKING: The opponent has cooperated in every round so far, indicating a strong pattern of trustworthiness. Maintaining mutual cooperation ensures a higher long-term payoff for both players.\n\nACTION: COOPERATE",
    "THINKING: Both I and the opponent have consistently cooperated, which has maximized mutual payoffs. Breaking the cooperative pattern now would risk losing trust and potentially lead to lower payoffs in future rounds. Maintaining cooperation is optimal for long-term gains.\n\nACTION: COOPERATE",
    "THINKING: The opponent has been consistently cooperative with a 100% cooperation rate, and mutual cooperation yields the highest joint payoff. Continuing to cooperate maximizes long-term rewards and maintains trust.  \nACTION: COOPERATE  ",
    "THINKING: Since the Opponent has shown consistent cooperation (100% rate), continuing to cooperate maximizes mutual payoffs and maintains trust. Defecting would break the established cooperative pattern and lead to worse outcomes in subsequent rounds.  \n\nACTION: COOPERATE",
    "THINKING: The opponent has been consistently cooperative with a 100% cooperation rate, and defecting now could break the mutual trust and harm long-term payoffs. To maximize long-term gains, it is optimal to maintain cooperation.  \n\nACTION: COOPERATE",
    "THINKING: My opponent has consistently cooperated in all 18 previous rounds, and I have also cooperated every time. Mutual cooperation has the highest payoff in the long run, and defecting now would break the trust and likely lead to lower payoffs in future rounds.\n\nACTION: COOPERATE",
    "THINKING: Both I and my opponent have been 100% cooperative so far, suggesting a mutual trust and a pattern of maximizing joint payoffs. Defecting now would break this trust and harm my opponent's payoff, which could lead to retaliation in future rounds.\n\nACTION: COOPERATE",
    "THINKING: The opponent has a perfect cooperation rate, consistently cooperating for all 20 rounds. Defecting now could jeopardize the mutual gains from cooperation and risk breaking the trust that has been established. Maintaining cooperation ensures steady payoffs for both.\n\nACTION: COOPERATE",
    "THINKING: Both I and the Opponent have consistently cooperated for 21 rounds, maximizing mutual payoff. Breaking this trust now could jeopardize future cooperation and lead to lower overall payoffs.  \nACTION: COOPERATE  ",
    "THINKING: Both I and the Opponent have maintained perfect cooperation so far, which maximizes mutual payoffs. Breaking this cooperative pattern now would risk losing long-term benefits and trust.\n\nACTION: COOPERATE",
    "THINKING: Both my opponent and I have cooperated consistently for all 23 rounds, maintaining mutual trust and maximizing joint payoffs. Defecting now would break this trust and potentially lead to lower long-term payoffs.\n\nACTION: COOPERATE",
    "THINKING: The opponent has been fully cooperative across all 24 rounds, and their behavior suggests a consistent strategy of mutual cooperation. Defecting now could damage the trust built and lower long-term payoffs for both sides.\n\nACTION: COOPERATE",
    "THINKING: The opponent has shown consistent cooperation with a 100% cooperation rate, and mutual cooperation yields the highest shared payoff in the long term. Defecting now risks breaking trust and reducing future payoffs.\n\nACTION: COOPERATE",
    "THINKING: Both my opponent and I have consistently cooperated throughout the game, maintaining a 100% cooperation rate. Defecting now would break the trust and likely lead to mutual defection in future rounds, decreasing overall payoffs.\n\nACTION: COOPERATE",
    "THINKING: The opponent has been consistently cooperative for 27 rounds, and maintaining mutual cooperation maximizes long-term payoffs for both players. Defecting now could break the trust and lead to both defecting in the future, reducing overall payoffs.  \nACTION: COOPERATE",
    "THINKING: Both I and the opponent have maintained perfect cooperation throughout the game, resulting in mutual high payoffs. Defecting now would break the trust and likely lead to worse outcomes in future rounds.  \nACTION: COOPERATE",
    "THINKING: Both you and your opponent have maintained a perfect cooperation record, resulting in optimal payoffs for both parties. Breaking this pattern by defecting would risk undermining mutual trust and long-term benefits.  \n\nACTION: COOPERATE"
  ]
}