{
  "experiment": "exp6_baseline",
  "game": "prisoners_dilemma",
  "provider": "openai",
  "baseline": "AlwaysCooperate",
  "trial": 12,
  "rounds": 30,
  "payoff": 90,
  "coop_rate": 1.0,
  "llm_history": [
    "COOPERATE",
    "COOPERATE",
    "COOPERATE",
    "COOPERATE",
    "COOPERATE",
    "COOPERATE",
    "COOPERATE",
    "COOPERATE",
    "COOPERATE",
    "COOPERATE",
    "COOPERATE",
    "COOPERATE",
    "COOPERATE",
    "COOPERATE",
    "COOPERATE",
    "COOPERATE",
    "COOPERATE",
    "COOPERATE",
    "COOPERATE",
    "COOPERATE",
    "COOPERATE",
    "COOPERATE",
    "COOPERATE",
    "COOPERATE",
    "COOPERATE",
    "COOPERATE",
    "COOPERATE",
    "COOPERATE",
    "COOPERATE",
    "COOPERATE"
  ],
  "opp_history": [
    "COOPERATE",
    "COOPERATE",
    "COOPERATE",
    "COOPERATE",
    "COOPERATE",
    "COOPERATE",
    "COOPERATE",
    "COOPERATE",
    "COOPERATE",
    "COOPERATE",
    "COOPERATE",
    "COOPERATE",
    "COOPERATE",
    "COOPERATE",
    "COOPERATE",
    "COOPERATE",
    "COOPERATE",
    "COOPERATE",
    "COOPERATE",
    "COOPERATE",
    "COOPERATE",
    "COOPERATE",
    "COOPERATE",
    "COOPERATE",
    "COOPERATE",
    "COOPERATE",
    "COOPERATE",
    "COOPERATE",
    "COOPERATE",
    "COOPERATE"
  ],
  "llm_responses": [
    "THINKING: Since this is the first round and there is no history to analyze, cooperating could establish trust and encourage mutual cooperation in future rounds. Defecting now may set a negative precedent.  \nACTION: COOPERATE",
    "THINKING: Since the opponent cooperated in the first round and their cooperation rate is 100%, continuing to cooperate is the best strategy to build mutual trust and maximize long-term payoffs. Defecting now risks breaking the trust and reducing our future gains.  \nACTION: COOPERATE",
    "THINKING: The opponent has cooperated 100% of the time so far, suggesting a cooperative strategy. Defecting now could harm mutual trust and lead to worse long-term payoffs. Maintaining cooperation may encourage continued mutual benefit.  \nACTION: COOPERATE",
    "THINKING: The opponent has consistently cooperated in all previous rounds, maintaining a cooperation rate of 100%. Continuing to cooperate maximizes mutual payoffs and preserves trust in the repeated game.  \n\nACTION: COOPERATE  ",
    "THINKING: The opponent has shown consistent cooperation so far, and mutual cooperation yields higher long-term payoffs compared to defection. Maintaining trust is beneficial in this scenario.  \nACTION: COOPERATE  ",
    "THINKING: Both I and my opponent have cooperated consistently so far, resulting in mutual payoffs and a highly cooperative dynamic. Defecting now would break trust, likely leading to long-term losses.\n\nACTION: COOPERATE",
    "THINKING: The opponent has been consistently cooperative with a 100% cooperation rate, and mutual cooperation maximizes long-term payoffs in the Prisoner's Dilemma. Defecting now would break the trust and likely harm future outcomes. \n\nACTION: COOPERATE",
    "THINKING: The opponent has shown consistent cooperation with a 100% cooperation rate. Defecting now would break mutual trust and potentially trigger retaliation, which could lead to worse payoffs in future rounds. Maintaining cooperation maximizes long-term benefits.  \nACTION: COOPERATE",
    "THINKING: The opponent has been consistently cooperative for all 8 rounds, and mutual cooperation maximizes long-term payoffs. Defecting risks breaking the trust and reducing both our payoffs going forward.  \nACTION: COOPERATE",
    "THINKING: Both players have been highly cooperative throughout the game, leading to mutually beneficial payoffs. Breaking this pattern by defecting could erode trust and result in lower future payoffs. \n\nACTION: COOPERATE",
    "THINKING: The opponent has been consistently cooperative, with a 100% cooperation rate, and defecting now could break the trust and reduce long-term payoffs. Continuing to cooperate ensures mutual benefit and maintains the cooperative dynamic.  \nACTION: COOPERATE",
    "THINKING: The opponent has been completely cooperative so far (11/11 rounds), and defecting now would break the trust and likely lead to mutual defection in future rounds, reducing overall payoffs. Maintaining cooperation ensures mutual benefit.\n\nACTION: COOPERATE",
    "THINKING: The opponent has been consistently cooperative with a 100% cooperation rate and no indication of defection. Mutual cooperation maximizes long-term payoffs in this scenario.  \nACTION: COOPERATE",
    "THINKING: Both players have been fully cooperative so far, and there is no indication that the opponent will defect. Continuing to cooperate maximizes mutual payoff and maintains trust.  \nACTION: COOPERATE",
    "THINKING: Both I and the opponent have cooperated in every round so far, establishing mutual trust and maximizing payoffs. Defecting now could jeopardize this trust and lead to a lower payoff in future rounds.\n\nACTION: COOPERATE",
    "THINKING: Both I and the Opponent have maintained a 100% cooperation rate so far, resulting in maximum mutual payoffs. Defecting now would break the trust and potentially lead to a suboptimal outcome in future rounds.\n\nACTION: COOPERATE",
    "THINKING: The opponent has demonstrated a consistently cooperative strategy, and mutual cooperation yields the highest combined payoff. Defecting could jeopardize the trust and future payoffs in the repeated game. \n\nACTION: COOPERATE",
    "THINKING: Both my cooperation rate and the opponent's have been 100%, and the opponent has shown consistent cooperative behavior. Defecting now would break the mutual trust and likely reduce future payoffs.  \n\nACTION: COOPERATE",
    "THINKING: The opponent has consistently cooperated, and maintaining mutual cooperation provides the highest payoff for both players. Defecting would break the trust and lead to a worse outcome in future rounds.  \n\nACTION: COOPERATE",
    "THINKING: The opponent has been fully cooperative in all 19 rounds, and mutual cooperation has the highest payoff (3 each). Defecting now would break the trust and likely lead to a breakdown in cooperation, resulting in lower long-term payoffs. \n\nACTION: COOPERATE",
    "THINKING: The opponent has been consistently cooperative with a 100% cooperation rate over 20 rounds, and defecting now would break the mutual trust that has been established, likely leading to lower payoffs in future rounds. It is optimal to maintain mutual cooperation to maximize long-term payoffs.  \nACTION: COOPERATE",
    "THINKING: Both I and the opponent have cooperated in every round so far, leading to consistent mutual gains. Breaking this pattern by defecting would betray trust and could result in lower long-term payoffs if the opponent retaliates in future rounds.\n\nACTION: COOPERATE",
    "THINKING: The opponent has shown consistent cooperation (100% cooperation rate), and mutual cooperation yields a higher payoff (3 each) than mutual defection (1 each). Defecting now would break the trust and reduce potential future payoffs.  \nACTION: COOPERATE",
    "THINKING: Both players have consistently cooperated, leading to mutually beneficial outcomes. Defecting now would break trust and reduce long-term payoffs.  \n\nACTION: COOPERATE",
    "THINKING: Both you and your opponent have consistently cooperated throughout all rounds, resulting in mutual high payoffs. Breaking this pattern would risk losing trust and future potential gains.  \n\nACTION: COOPERATE",
    "THINKING: Since both I and the opponent have maintained a perfect cooperation rate, continuing to cooperate preserves mutual trust and maximizes the payoff for both parties in the long run. Defecting now would unnecessarily damage the cooperative dynamic.  \n\nACTION: COOPERATE",
    "THINKING: The opponent has shown consistent cooperation (100% rate), which has been mutually beneficial. Defecting now could harm the trust built and result in a worse long-term outcome. \n\nACTION: COOPERATE",
    "THINKING: Both I and the Opponent have cooperated 100% of the time, leading to a stable mutually beneficial outcome. Defecting now would break trust and risk future gains. Maintaining cooperation maximizes long-term payoff.\n\nACTION: COOPERATE",
    "THINKING: Given the opponent's consistent cooperation rate (100%) and the mutual benefit of continuing to cooperate, defecting would likely harm trust and reduce long-term payoffs. Cooperation ensures stability and maximizes collective rewards.  \n\nACTION: COOPERATE",
    "THINKING: The opponent has shown consistent cooperation in all 29 rounds, and my cooperation rate is 100%. Continuing to cooperate maximizes long-term mutual payoffs in a repeated Prisoner's Dilemma. Defecting now risks breaking the trust and reducing future payoffs.\n\nACTION: COOPERATE"
  ]
}