{
  "experiment": "exp6_baseline",
  "game": "prisoners_dilemma",
  "provider": "deepseek",
  "baseline": "Extort2",
  "trial": 17,
  "rounds": 30,
  "payoff": 44,
  "coop_rate": 0.26666666666666666,
  "llm_history": [
    "COOPERATE",
    "COOPERATE",
    "COOPERATE",
    "COOPERATE",
    "COOPERATE",
    "COOPERATE",
    "DEFECT",
    "DEFECT",
    "COOPERATE",
    "COOPERATE",
    "DEFECT",
    "DEFECT",
    "DEFECT",
    "DEFECT",
    "DEFECT",
    "DEFECT",
    "DEFECT",
    "DEFECT",
    "DEFECT",
    "DEFECT",
    "DEFECT",
    "DEFECT",
    "DEFECT",
    "DEFECT",
    "DEFECT",
    "DEFECT",
    "DEFECT",
    "DEFECT",
    "DEFECT",
    "DEFECT"
  ],
  "opp_history": [
    "COOPERATE",
    "COOPERATE",
    "COOPERATE",
    "COOPERATE",
    "COOPERATE",
    "COOPERATE",
    "COOPERATE",
    "DEFECT",
    "DEFECT",
    "DEFECT",
    "DEFECT",
    "DEFECT",
    "DEFECT",
    "DEFECT",
    "DEFECT",
    "DEFECT",
    "DEFECT",
    "DEFECT",
    "DEFECT",
    "DEFECT",
    "DEFECT",
    "DEFECT",
    "DEFECT",
    "DEFECT",
    "DEFECT",
    "DEFECT",
    "DEFECT",
    "DEFECT",
    "DEFECT",
    "DEFECT"
  ],
  "llm_responses": [
    "THINKING: This is the first round with no history, so I'll start with cooperation to signal willingness to cooperate and see how the opponent responds.  \nACTION: COOPERATE",
    "THINKING: Opponent cooperated in round 1, and I have no reason to suspect defection yet. Starting with cooperation builds trust in a repeated game.\n\nACTION: COOPERATE",
    "THINKING: Both players have cooperated in the first two rounds, and the opponent has a 100% cooperation rate. Starting with mutual cooperation is beneficial, so I will continue cooperating to build trust and maintain the high payoff outcome.\n\nACTION: COOPERATE",
    "THINKING: The opponent has cooperated 100% of the time so far, and mutual cooperation yields the best long-term payoff. Defecting now could break trust and reduce future gains.\n\nACTION: COOPERATE",
    "THINKING: Opponent has cooperated 100% of the time so far, and my total payoff is currently zero, meaning I've been cooperating while they have too. Continuing to cooperate maintains mutual benefit.\n\nACTION: COOPERATE",
    "THINKING: The opponent has cooperated 100% of the time so far, and mutual cooperation yields a good payoff. Defecting now could break the cooperative pattern and reduce future gains.\n\nACTION: COOPERATE",
    "THINKING: The opponent has cooperated 100% of the time so far, and my total payoff is currently zero, meaning I've been cooperating while they've been defecting in earlier rounds to exploit me. Continuing to cooperate will likely lead to further exploitation.\n\nACTION: DEFECT",
    "THINKING: The opponent has cooperated 100% of the time so far, and my low total payoff suggests I've been exploited in the past. To test if they are truly a naive cooperator, I should defect to see their reaction and improve my score.\n\nACTION: DEFECT",
    "THINKING: The opponent has been highly cooperative overall (88%), but they defected last round. Given my total payoff is currently zero, I should try to rebuild cooperation to earn higher payoffs, and a forgiving response may encourage them to cooperate again.\n\nACTION: COOPERATE",
    "THINKING: The opponent has a high cooperation rate but just defected last round, suggesting they may be testing or reacting to my previous moves. Given the repeated nature, cooperating now could rebuild mutual cooperation for future rounds.\n\nACTION: COOPERATE",
    "THINKING: The opponent has a 70% cooperation rate overall but just defected last round. Given my high cooperation rate (80%), they may be testing if I'll retaliate. To encourage future cooperation, I should respond to their defection by defecting this round.\n\nACTION: DEFECT",
    "THINKING: The opponent has a 64% cooperation rate but just defected last round, suggesting they may be responsive to my actions. My high cooperation rate (73%) might encourage reciprocity, but I should avoid being exploited. A conditional tit-for-tat approach seems appropriate here.\n\nACTION: DEFECT",
    "THINKING: The opponent has a mixed pattern but recently defected; my total payoff is zero, so I need to be cautious to avoid exploitation.  \nACTION: DEFECT",
    "THINKING: The opponent has been defecting recently and their overall cooperation rate is low, so they are likely to defect again. Defecting now protects me from a sucker's payoff and matches their probable action.\n\nACTION: DEFECT",
    "THINKING: Opponent has been defecting recently and has a lower cooperation rate than me, so continuing to cooperate is likely to result in a poor payoff for me this round.  \nACTION: DEFECT",
    "THINKING: The opponent has been defecting recently and has a lower cooperation rate than me, so continuing to cooperate is likely to result in a poor payoff for me this round.  \nACTION: DEFECT",
    "THINKING: The opponent has been defecting consistently recently, and my cooperation rate is already 50% so I don't need to signal willingness to cooperate further. Defecting now protects me from exploitation.\n\nACTION: DEFECT",
    "THINKING: The opponent has been defecting consistently recently, and my total payoff is currently zero, so cooperating again is unlikely to be rewarded.  \nACTION: DEFECT",
    "THINKING: The opponent has a low cooperation rate and is currently in a pattern of always defecting, so defecting is the rational choice to avoid being exploited.  \nACTION: DEFECT",
    "THINKING: The opponent has been defecting consistently recently, and their overall cooperation rate is low. Given the repeated defections, cooperating now would likely result in a low payoff for me.\n\nACTION: DEFECT",
    "THINKING: The opponent has a low cooperation rate and is currently in a pattern of always defecting, so defecting is the best response to minimize losses.  \nACTION: DEFECT",
    "THINKING: The opponent has a low cooperation rate and recently always defects, so cooperating now would likely result in a poor payoff for me.  \nACTION: DEFECT",
    "THINKING: The opponent has been defecting consistently, and my cooperation rate is low, so continuing to defect is the safest choice to avoid being exploited.\n\nACTION: DEFECT",
    "THINKING: The opponent has a low cooperation rate and is currently in a pattern of always defecting, so cooperating now would likely result in a poor payoff for me.  \nACTION: DEFECT",
    "THINKING: The opponent has been defecting consistently recently, and my cooperation rate is already low, so cooperating now would likely just give them another advantage without reciprocation.  \nACTION: DEFECT",
    "THINKING: The opponent has a low cooperation rate and recently always defects, so cooperating is unlikely to yield a better payoff.  \nACTION: DEFECT",
    "THINKING: The opponent has been consistently defecting recently and has a low overall cooperation rate, so cooperating now would likely lead to a poor payoff for me.  \nACTION: DEFECT",
    "THINKING: The opponent has been consistently defecting recently, and my cooperation rate is already low, so there's no benefit to cooperating now.  \nACTION: DEFECT",
    "THINKING: The opponent has been defecting consistently, and my cooperation so far has yielded zero total payoff. Continuing to cooperate is unlikely to change their behavior, so I should defect to minimize further losses.  \nACTION: DEFECT",
    "THINKING: The opponent has been defecting consistently, and my cooperation rate is already low, so cooperating now would likely just give them another advantage.  \n\nACTION: DEFECT"
  ]
}