{
  "experiment": "exp6_baseline",
  "game": "prisoners_dilemma",
  "provider": "deepseek",
  "baseline": "GrimTrigger",
  "trial": 6,
  "rounds": 30,
  "payoff": 51,
  "coop_rate": 0.43333333333333335,
  "llm_history": [
    "COOPERATE",
    "COOPERATE",
    "COOPERATE",
    "COOPERATE",
    "COOPERATE",
    "COOPERATE",
    "COOPERATE",
    "COOPERATE",
    "COOPERATE",
    "COOPERATE",
    "DEFECT",
    "COOPERATE",
    "COOPERATE",
    "DEFECT",
    "DEFECT",
    "COOPERATE",
    "DEFECT",
    "DEFECT",
    "DEFECT",
    "DEFECT",
    "DEFECT",
    "DEFECT",
    "DEFECT",
    "DEFECT",
    "DEFECT",
    "DEFECT",
    "DEFECT",
    "DEFECT",
    "DEFECT",
    "DEFECT"
  ],
  "opp_history": [
    "COOPERATE",
    "COOPERATE",
    "COOPERATE",
    "COOPERATE",
    "COOPERATE",
    "COOPERATE",
    "COOPERATE",
    "COOPERATE",
    "COOPERATE",
    "COOPERATE",
    "COOPERATE",
    "DEFECT",
    "DEFECT",
    "DEFECT",
    "DEFECT",
    "DEFECT",
    "DEFECT",
    "DEFECT",
    "DEFECT",
    "DEFECT",
    "DEFECT",
    "DEFECT",
    "DEFECT",
    "DEFECT",
    "DEFECT",
    "DEFECT",
    "DEFECT",
    "DEFECT",
    "DEFECT",
    "DEFECT"
  ],
  "llm_responses": [
    "THINKING: This is the first round with no history, so I'll start by cooperating to signal willingness to cooperate and see how the opponent responds.  \nACTION: COOPERATE",
    "THINKING: Since the opponent cooperated in the first round and has a 100% cooperation rate, cooperating again is likely to maintain mutual cooperation and maximize long-term payoff.  \nACTION: COOPERATE",
    "THINKING: Opponent has cooperated both rounds so far, and my cooperation rate is 100%. Since this is early in a repeated game, cooperating now can help build mutual trust for higher long-term payoffs.\n\nACTION: COOPERATE",
    "THINKING: Opponent has been fully cooperative so far, and mutual cooperation yields the highest long-term payoff.  \nACTION: COOPERATE",
    "THINKING: The opponent has cooperated 100% of the time so far, and my total payoff is currently zero because I've only cooperated while they've defected in some early rounds (implied by my 0 payoff despite 100% cooperation rate). To build mutual cooperation and maximize long-term payoff, I should reciprocate their recent cooperative behavior.\n\nACTION: COOPERATE",
    "THINKING: Opponent has cooperated every round so far, and my cooperation rate is 100%. Continuing to cooperate maintains mutual cooperation and high payoffs.  \nACTION: COOPERATE",
    "THINKING: The opponent has cooperated 100% of the time, and mutual cooperation yields the best long-term payoff. Defecting now risks breaking the cooperative pattern and lowering future payoffs.\n\nACTION: COOPERATE",
    "THINKING: The opponent has cooperated 100% of the time so far, and mutual cooperation yields the highest long-term payoff. Defecting now could break the trust and trigger retaliation in future rounds.\n\nACTION: COOPERATE",
    "THINKING: The opponent has cooperated 100% of the time so far, and mutual cooperation yields the highest collective payoff. Since my total payoff is currently 0, I need to build trust and maximize long-term gains by cooperating.\n\nACTION: COOPERATE",
    "THINKING: The opponent has cooperated in all 9 previous rounds, showing a highly cooperative pattern. Continuing to cooperate maintains mutual benefit and high payoffs for both.\n\nACTION: COOPERATE",
    "THINKING: The opponent has cooperated 100% of the time so far, and my total payoff is zero because I've always cooperated while they have always defected against me. This suggests they are exploiting my cooperation, so I should defect to improve my score.\n\nACTION: DEFECT",
    "THINKING: The opponent has cooperated 100% of the time, and my high cooperation rate has likely encouraged this. Defecting now would break trust and likely reduce my future payoffs in this repeated game.\n\nACTION: COOPERATE",
    "THINKING: Despite the opponent's high cooperation rate, they defected last round, which could signal a shift. However, my total payoff is currently zero, so I need to rebuild mutual cooperation to improve my score. A cooperative move may encourage a return to cooperation.\n\nACTION: COOPERATE",
    "THINKING: The opponent has been highly cooperative overall (85%), but they just defected last round. Given my high cooperation rate, they might be testing me, so I should defect to avoid exploitation and signal I won't tolerate defection.  \n\nACTION: DEFECT",
    "THINKING: The opponent has a high cooperation rate overall but just defected last round, and my total payoff is currently zero, so I need to be cautious to avoid exploitation.  \nACTION: DEFECT",
    "THINKING: The opponent has a high cooperation rate (73%) and appears to be a conditional cooperator, but they just defected last round. Given my high cooperation rate (80%), a single defection might be a test or a response to my own actions. To encourage a return to mutual cooperation, I should cooperate now.\n\nACTION: COOPERATE",
    "THINKING: The opponent has a high cooperation rate overall but just defected last round, and my total payoff is currently zero, so I need to be cautious to avoid exploitation.  \nACTION: DEFECT",
    "THINKING: The opponent has been defecting recently and my total payoff is zero, so continuing to cooperate is not beneficial. I should defect to protect myself and possibly improve my score.  \nACTION: DEFECT",
    "THINKING: The opponent has a high recent defect rate and just defected last round, so they are likely to defect again. My total payoff is zero, so I need to protect myself from further exploitation.\n\nACTION: DEFECT",
    "THINKING: The opponent has been defecting recently and has a lower cooperation rate than me, so continuing to cooperate is likely to result in a poor payoff for me this round.  \nACTION: DEFECT",
    "THINKING: The opponent has been always defecting recently, and my cooperation rate is high while my total payoff is zero, indicating I've been exploited. Continuing to cooperate is unlikely to change their behavior.\n\nACTION: DEFECT",
    "THINKING: The opponent has recently been always defecting, and my cooperation rate is high, so continuing to cooperate is likely to lead to further exploitation.  \nACTION: DEFECT",
    "THINKING: The opponent has recently been always defecting, and my total payoff is currently zero, so continuing to cooperate is not beneficial.  \nACTION: DEFECT",
    "THINKING: The opponent has been defecting consistently recently, and my cooperation hasn't been reciprocated, so continuing to cooperate will likely result in a poor payoff.  \nACTION: DEFECT",
    "THINKING: The opponent has been defecting consistently recently, and my total payoff is zero despite cooperating over half the time. Continuing to cooperate will likely just give them more points.  \nACTION: DEFECT",
    "THINKING: The opponent has a low cooperation rate and is currently in a pattern of always defecting; cooperating now would likely result in a payoff of 0.  \nACTION: DEFECT",
    "THINKING: The opponent has been defecting recently and their overall cooperation rate is low, so cooperating now is likely to lead to a poor payoff for me.  \nACTION: DEFECT",
    "THINKING: The opponent has been defecting consistently recently, and with a low overall cooperation rate, it's unlikely they'll cooperate now. To avoid being exploited, I should defect.\n\nACTION: DEFECT",
    "THINKING: The opponent has been defecting consistently recently, and my total payoff is currently zero, so cooperating now would likely just give them another advantage.  \n\nACTION: DEFECT",
    "THINKING: The opponent has a low cooperation rate and recently always defects, so cooperating now is unlikely to be reciprocated. Defecting ensures a higher payoff this round and avoids being exploited.\n\nACTION: DEFECT"
  ]
}