{
  "experiment": "exp6_baseline",
  "game": "prisoners_dilemma",
  "provider": "deepseek",
  "baseline": "Pavlov",
  "trial": 11,
  "rounds": 30,
  "payoff": 89,
  "coop_rate": 0.9666666666666667,
  "llm_history": [
    "COOPERATE",
    "COOPERATE",
    "COOPERATE",
    "COOPERATE",
    "DEFECT",
    "COOPERATE",
    "COOPERATE",
    "COOPERATE",
    "COOPERATE",
    "COOPERATE",
    "COOPERATE",
    "COOPERATE",
    "COOPERATE",
    "COOPERATE",
    "COOPERATE",
    "COOPERATE",
    "COOPERATE",
    "COOPERATE",
    "COOPERATE",
    "COOPERATE",
    "COOPERATE",
    "COOPERATE",
    "COOPERATE",
    "COOPERATE",
    "COOPERATE",
    "COOPERATE",
    "COOPERATE",
    "COOPERATE",
    "COOPERATE",
    "COOPERATE"
  ],
  "opp_history": [
    "COOPERATE",
    "COOPERATE",
    "COOPERATE",
    "COOPERATE",
    "COOPERATE",
    "DEFECT",
    "COOPERATE",
    "COOPERATE",
    "COOPERATE",
    "COOPERATE",
    "COOPERATE",
    "COOPERATE",
    "COOPERATE",
    "COOPERATE",
    "COOPERATE",
    "COOPERATE",
    "COOPERATE",
    "COOPERATE",
    "COOPERATE",
    "COOPERATE",
    "COOPERATE",
    "COOPERATE",
    "COOPERATE",
    "COOPERATE",
    "COOPERATE",
    "COOPERATE",
    "COOPERATE",
    "COOPERATE",
    "COOPERATE",
    "COOPERATE"
  ],
  "llm_responses": [
    "THINKING: This is the first round with no history, so I'll start with cooperation to signal willingness to cooperate and see how the opponent responds.  \nACTION: COOPERATE",
    "THINKING: The opponent cooperated in round 1, and we have no reason to suspect defection yet. Starting with cooperation builds trust in a repeated game.\n\nACTION: COOPERATE",
    "THINKING: Both players have cooperated in the first two rounds, and the opponent has a 100% cooperation rate. Starting with mutual cooperation is beneficial, so I will continue cooperating to build trust and maintain the high payoff outcome.\n\nACTION: COOPERATE",
    "THINKING: The opponent has cooperated 100% of the time so far, and mutual cooperation yields the highest long-term payoff. Defecting now could break the trust and trigger retaliation.\n\nACTION: COOPERATE",
    "THINKING: The opponent has cooperated 100% of the time so far, and my total payoff is zero because I have always cooperated while they have defected against me in at least one round (since my payoff is 0 but mutual cooperation would give 3 each). This suggests they may be playing \"Tit-for-Tat\" or a similar strategy, but they are currently cooperating. To test their response and avoid exploitation, I should defect to see if they retaliate.\n\nACTION: DEFECT",
    "THINKING: Opponent has cooperated 100% so far, and my cooperation rate is high, so mutual cooperation is likely to continue, maximizing my payoff.  \nACTION: COOPERATE",
    "THINKING: The opponent has been highly cooperative overall (83% cooperation rate), but they just defected last round. Given the repeated nature, cooperating now may encourage them to return to mutual cooperation, which yields the highest long-term payoff.\n\nACTION: COOPERATE",
    "THINKING: Both of us have been highly cooperative so far, and mutual cooperation yields the best long-term payoff. Continuing to cooperate is likely to sustain this beneficial pattern.\n\nACTION: COOPERATE",
    "THINKING: The opponent has been highly cooperative (88% cooperation rate), and mutual cooperation yields the highest long-term payoff. Defecting now risks breaking trust and reducing future gains.\n\nACTION: COOPERATE",
    "THINKING: Both of us have high cooperation rates and the opponent just cooperated, so cooperating again likely maintains mutual benefit.  \nACTION: COOPERATE",
    "THINKING: The opponent has a 90% cooperation rate and just cooperated last round, so they are highly cooperative. My total payoff is currently zero, so I should cooperate to maintain mutual cooperation and maximize future payoffs.\n\nACTION: COOPERATE",
    "THINKING: With both cooperation rates above 90% and a history of mutual cooperation, maintaining cooperation maximizes long-term payoff.  \nACTION: COOPERATE",
    "THINKING: Opponent has been highly cooperative (92%), and mutual cooperation yields the best long-term payoff per round (3 vs 1 for mutual defection). Defecting now risks breaking trust and losing future cooperation.  \nACTION: COOPERATE",
    "THINKING: The opponent has been highly cooperative (92%), and mutual cooperation yields the best long-term payoff. Given the high cooperation rate, continuing to cooperate is likely to maximize my total payoff.\n\nACTION: COOPERATE",
    "THINKING: Both of us have been highly cooperative (93% each), and mutual cooperation yields the best joint payoff. Defecting now risks breaking the cooperative equilibrium for a short-term gain.\n\nACTION: COOPERATE",
    "THINKING: Both of us have been highly cooperative (93% each), and mutual cooperation yields the best long-term payoff per round. Given the opponent's consistent cooperation, sticking with cooperation is likely to maximize my total payoff.\n\nACTION: COOPERATE",
    "THINKING: Both sides have been highly cooperative, and mutual cooperation yields the best long-term payoff per round. Defecting now risks breaking the cooperative equilibrium.  \nACTION: COOPERATE",
    "THINKING: Both of us have been highly cooperative (94% each), leading to mutual benefit in most rounds. Continuing to cooperate is likely to maintain high payoffs.\n\nACTION: COOPERATE",
    "THINKING: Both players have been highly cooperative (94% each), and the opponent just cooperated last round. Continuing to cooperate maintains mutual high payoffs.\n\nACTION: COOPERATE",
    "THINKING: Both of us have been cooperating almost all the time, leading to high mutual payoffs. Defecting now would break the trust and likely reduce my future payoffs.\n\nACTION: COOPERATE",
    "THINKING: Both of us have been cooperating almost all the time, leading to high mutual payoffs. Defecting now would break that trust and likely reduce my future payoffs.\n\nACTION: COOPERATE",
    "THINKING: Both players have been highly cooperative (95% each), and the opponent just cooperated last round. In a repeated Prisoner's Dilemma with high mutual cooperation, maintaining cooperation yields the best long-term payoff.\n\nACTION: COOPERATE",
    "THINKING: Both of us have been highly cooperative (95% each), and mutual cooperation yields the best long-term payoff per round. Defecting now risks breaking this beneficial pattern.\n\nACTION: COOPERATE",
    "THINKING: Both of us have been cooperating almost all the time, leading to high mutual payoffs. Defecting now would break the trust and likely reduce my long-term payoff.\n\nACTION: COOPERATE",
    "THINKING: With both cooperation rates extremely high and the opponent consistently cooperating, mutual cooperation yields the best long-term payoff. Defecting risks breaking trust and lowering future gains.  \nACTION: COOPERATE",
    "THINKING: With both cooperation rates extremely high and the opponent consistently cooperating, mutual cooperation maximizes my payoff per round (3 vs 1 for mutual defection). Defecting now risks breaking the cooperative equilibrium for minimal short-term gain.  \nACTION: COOPERATE",
    "THINKING: The opponent has been highly cooperative (96%), and mutual cooperation yields the best long-term payoff per round. Defecting now risks breaking the cooperative equilibrium.\n\nACTION: COOPERATE",
    "THINKING: Both of us have been cooperating almost all the time, leading to high mutual payoffs. Defecting now would break the trust and likely reduce my future payoffs.\n\nACTION: COOPERATE",
    "THINKING: Both of us have been cooperating almost all the time, leading to high mutual payoffs. Defecting now would risk breaking this cooperative equilibrium for a small one-time gain.  \nACTION: COOPERATE",
    "THINKING: With both cooperation rates extremely high and the opponent consistently cooperating, mutual cooperation maximizes my payoff per round (3 vs 1 for mutual defection). Defecting now risks breaking the cooperative equilibrium for minimal gain.\n\nACTION: COOPERATE"
  ]
}