{
  "experiment": "exp6_baseline",
  "game": "prisoners_dilemma",
  "provider": "deepseek",
  "baseline": "Extort2",
  "trial": 18,
  "rounds": 30,
  "payoff": 52,
  "coop_rate": 0.4,
  "llm_history": [
    "COOPERATE",
    "COOPERATE",
    "COOPERATE",
    "COOPERATE",
    "COOPERATE",
    "COOPERATE",
    "COOPERATE",
    "DEFECT",
    "DEFECT",
    "COOPERATE",
    "COOPERATE",
    "COOPERATE",
    "COOPERATE",
    "COOPERATE",
    "DEFECT",
    "DEFECT",
    "DEFECT",
    "DEFECT",
    "DEFECT",
    "DEFECT",
    "DEFECT",
    "DEFECT",
    "DEFECT",
    "DEFECT",
    "DEFECT",
    "DEFECT",
    "DEFECT",
    "DEFECT",
    "DEFECT",
    "DEFECT"
  ],
  "opp_history": [
    "COOPERATE",
    "COOPERATE",
    "COOPERATE",
    "COOPERATE",
    "COOPERATE",
    "COOPERATE",
    "COOPERATE",
    "COOPERATE",
    "DEFECT",
    "DEFECT",
    "COOPERATE",
    "COOPERATE",
    "COOPERATE",
    "DEFECT",
    "DEFECT",
    "DEFECT",
    "DEFECT",
    "DEFECT",
    "DEFECT",
    "DEFECT",
    "DEFECT",
    "DEFECT",
    "DEFECT",
    "DEFECT",
    "DEFECT",
    "DEFECT",
    "DEFECT",
    "DEFECT",
    "DEFECT",
    "DEFECT"
  ],
  "llm_responses": [
    "THINKING: This is the first round with no history, so I'll start by cooperating to signal willingness to cooperate and see how the opponent responds.  \nACTION: COOPERATE",
    "THINKING: Opponent cooperated in round 1, and I have no reason to suspect defection yet. Starting with cooperation builds trust in a repeated game.\n\nACTION: COOPERATE",
    "THINKING: Both players have cooperated in the first two rounds, resulting in mutual benefit. Since the opponent has a 100% cooperation rate, cooperating again is likely to continue the positive payoff cycle.\n\nACTION: COOPERATE",
    "THINKING: The opponent has cooperated 100% so far, and mutual cooperation yields the highest long-term payoff. Defecting now risks retaliation in future rounds.\n\nACTION: COOPERATE",
    "THINKING: Opponent has cooperated 100% of the time so far, and my total payoff is 0, meaning I've been cooperating while they've been cooperating too. Continuing to cooperate maintains mutual benefit.\n\nACTION: COOPERATE",
    "THINKING: Opponent has cooperated 100% of the time so far, and my total payoff is currently zero, meaning I have been cooperating while they have been cooperating as well. Continuing to cooperate maintains mutual benefit.\n\nACTION: COOPERATE",
    "THINKING: The opponent has cooperated 100% of the time, and mutual cooperation yields the best long-term payoff. Defecting now could break trust and reduce future gains.\n\nACTION: COOPERATE",
    "THINKING: The opponent has cooperated 100% of the time so far, and my total payoff is currently zero, meaning I've been cooperating while they've been defecting. This suggests the history may be incomplete or misleading, but given the stated 100% cooperation rate from the opponent, the rational choice is to defect to exploit their cooperation.\n\nACTION: DEFECT",
    "THINKING: The opponent has cooperated 100% of the time so far, and my total payoff is currently zero, meaning I've likely been exploited when I cooperated. To improve my score, I should defect now to claim the higher payoff of 5.\n\nACTION: DEFECT",
    "THINKING: The opponent has been highly cooperative overall (89% rate), but they just defected last round. Given my high cooperation rate, they might be testing me, but defecting now could trigger a mutual defection spiral. Since the game is repeated, maintaining cooperation is generally better for long-term payoff.\n\nACTION: COOPERATE",
    "THINKING: The opponent has been highly cooperative overall (80% cooperation rate), but they just defected in the last round. Given my total payoff is currently zero, I should try to rebuild mutual cooperation rather than retaliate harshly, as they may have defected by mistake or as a one-time test.  \n\nACTION: COOPERATE",
    "THINKING: Opponent has been highly cooperative (82% rate) and just cooperated last round. Mutual cooperation yields good payoffs, and defecting now could break trust and reduce future gains.\n\nACTION: COOPERATE",
    "THINKING: Opponent has been highly cooperative (83% rate) and just cooperated last round. Mutual cooperation yields good payoff, and defecting now risks retaliation in future rounds.  \nACTION: COOPERATE",
    "THINKING: Both of us have high cooperation rates and the opponent just cooperated last round, so cooperating now is likely to lead to mutual benefit and maintain trust.  \nACTION: COOPERATE",
    "THINKING: The opponent has a high cooperation rate overall but defected last round, and my total payoff is currently zero, so I need to be cautious to avoid exploitation.  \n\nACTION: DEFECT",
    "THINKING: The opponent has a high cooperation rate but defected last round, suggesting possible testing or a shift. Given my high cooperation rate, defecting now may protect against exploitation while still allowing future cooperation.\n\nACTION: DEFECT",
    "THINKING: The opponent has a high cooperation rate but just defected last round, so they may be testing my response. My total payoff is currently zero, so I need to avoid being exploited while encouraging mutual cooperation.\n\nACTION: DEFECT",
    "THINKING: The opponent has been defecting recently and has a lower cooperation rate than me, so continuing to cooperate is likely to lead to a poor payoff. Given the repeated nature, a tit-for-tat response is reasonable.\n\nACTION: DEFECT",
    "THINKING: The opponent has a high recent defect rate and just defected last round, so they are likely to defect again. My total payoff is currently zero, so I should protect myself from further exploitation.  \nACTION: DEFECT",
    "THINKING: The opponent has a high defect rate recently and defected last round, so cooperating now risks being exploited. My total payoff is currently zero, so I need to avoid further losses.\n\nACTION: DEFECT",
    "THINKING: The opponent has been defecting recently and has a lower cooperation rate than me, so I should defect to protect my payoff and avoid being exploited.  \nACTION: DEFECT",
    "THINKING: The opponent has been defecting recently and has a lower cooperation rate than me, so continuing to cooperate is likely to lead to more losses. To protect my payoff, I should defect.\n\nACTION: DEFECT",
    "THINKING: The opponent has been defecting recently and has a 50% overall cooperation rate, but given their recent pattern of always defecting, cooperating now would likely result in a payoff of 0.  \nACTION: DEFECT",
    "THINKING: The opponent has been always defecting recently, and my total payoff is zero, so cooperating again is unlikely to change their behavior.  \nACTION: DEFECT",
    "THINKING: The opponent has been defecting consistently recently, and my total payoff is currently zero, so cooperating again is unlikely to change their behavior.  \nACTION: DEFECT",
    "THINKING: The opponent has been defecting consistently recently, and my cooperation rate is already low, so cooperating now is unlikely to change their behavior or improve my payoff.  \nACTION: DEFECT",
    "THINKING: The opponent has been defecting consistently recently, and my total payoff is currently zero, so cooperating again is unlikely to change their behavior.  \nACTION: DEFECT",
    "THINKING: The opponent has been defecting consistently recently, and my total payoff is currently zero, so cooperating again is unlikely to change their behavior.  \nACTION: DEFECT",
    "THINKING: The opponent has been defecting consistently recently, and with only one round left after this, there's no future incentive to encourage cooperation. Defecting now maximizes my payoff given their likely defection.\n\nACTION: DEFECT",
    "THINKING: The opponent has been defecting consistently recently, and my cooperation rate is already low, so defecting is the safer choice to avoid exploitation.  \nACTION: DEFECT"
  ]
}