{
  "experiment": "exp6_baseline",
  "game": "prisoners_dilemma",
  "provider": "deepseek",
  "baseline": "Extort2",
  "trial": 24,
  "rounds": 30,
  "payoff": 42,
  "coop_rate": 0.3,
  "llm_history": [
    "COOPERATE",
    "COOPERATE",
    "COOPERATE",
    "COOPERATE",
    "COOPERATE",
    "COOPERATE",
    "COOPERATE",
    "COOPERATE",
    "COOPERATE",
    "DEFECT",
    "DEFECT",
    "DEFECT",
    "DEFECT",
    "DEFECT",
    "DEFECT",
    "DEFECT",
    "DEFECT",
    "DEFECT",
    "DEFECT",
    "DEFECT",
    "DEFECT",
    "DEFECT",
    "DEFECT",
    "DEFECT",
    "DEFECT",
    "DEFECT",
    "DEFECT",
    "DEFECT",
    "DEFECT",
    "DEFECT"
  ],
  "opp_history": [
    "COOPERATE",
    "COOPERATE",
    "COOPERATE",
    "COOPERATE",
    "COOPERATE",
    "COOPERATE",
    "COOPERATE",
    "DEFECT",
    "DEFECT",
    "DEFECT",
    "DEFECT",
    "DEFECT",
    "DEFECT",
    "DEFECT",
    "DEFECT",
    "DEFECT",
    "DEFECT",
    "DEFECT",
    "DEFECT",
    "DEFECT",
    "DEFECT",
    "DEFECT",
    "DEFECT",
    "DEFECT",
    "DEFECT",
    "DEFECT",
    "DEFECT",
    "DEFECT",
    "DEFECT",
    "DEFECT"
  ],
  "llm_responses": [
    "THINKING: This is the first round with no history, so I'll start by cooperating to signal willingness to cooperate and see how the opponent responds.  \nACTION: COOPERATE",
    "THINKING: The opponent cooperated in round 1, and with no reason to defect yet, cooperating continues the mutual benefit.  \nACTION: COOPERATE",
    "THINKING: The opponent has cooperated in both previous rounds, and my cooperation rate is 100%. Since we are both cooperating, I'm currently getting a payoff of 3 per round. Defecting now might get a short-term gain of 5, but could trigger retaliation and lower future payoffs. Given the early stage, it's best to continue cooperating to build mutual trust.\n\nACTION: COOPERATE",
    "THINKING: The opponent has cooperated 100% of the time so far, and mutual cooperation yields a good payoff. Defecting now could break the cooperative pattern and lower future payoffs.  \nACTION: COOPERATE",
    "THINKING: Opponent has cooperated 100% of the time so far, and my total payoff is 0 because I've only cooperated while they've defected in some early rounds. Given their recent consistent cooperation, cooperating now is likely to yield a mutual benefit.\n\nACTION: COOPERATE",
    "THINKING: The opponent has cooperated every round so far, and my cooperation rate is 100%. Continuing to cooperate maintains mutual benefit and high payoffs for both of us.\n\nACTION: COOPERATE",
    "THINKING: The opponent has cooperated 100% of the time, and mutual cooperation yields the best long-term payoff. Defecting now risks breaking the cooperative pattern and lowering future payoffs.\n\nACTION: COOPERATE",
    "THINKING: The opponent has cooperated 100% of the time so far, and mutual cooperation yields the highest long-term payoff. Defecting now risks breaking the cooperative equilibrium.\n\nACTION: COOPERATE",
    "THINKING: The opponent has a high cooperation rate (88%) and a recent pattern of being highly cooperative, but they defected last round. Given my total payoff is currently zero, I should try to rebuild cooperation to improve my score.  \n\nACTION: COOPERATE",
    "THINKING: My cooperation rate is 100% but opponent has defected recently despite high overall cooperation; they may be testing my response. Defecting now protects against exploitation while signaling I won't be taken advantage of.\n\nACTION: DEFECT",
    "THINKING: Opponent has a 70% cooperation rate overall but just defected last round; given my high cooperation rate (90%), they might be testing if I retaliate. Since it's a repeated game, I should punish defection to encourage future cooperation.\n\nACTION: DEFECT",
    "THINKING: Opponent has a moderate cooperation rate but just defected last round; given my high cooperation rate, they may be testing my limits. A retaliatory defect might encourage future cooperation.\n\nACTION: DEFECT",
    "THINKING: The opponent has a mixed pattern but recently defected; my cooperation rate is high, so I should defect to avoid exploitation and signal I won't be taken advantage of.  \nACTION: DEFECT",
    "THINKING: The opponent has been defecting recently and has a lower cooperation rate than me, so continuing to cooperate is likely to result in a poor payoff for me.  \nACTION: DEFECT",
    "THINKING: The opponent has a 50% cooperation rate but is currently in a pattern of mostly defecting, including last round. My total payoff is zero, so I need to avoid being exploited further.\n\nACTION: DEFECT",
    "THINKING: The opponent has been defecting recently and has a lower cooperation rate than me, so continuing to cooperate risks being exploited.  \nACTION: DEFECT",
    "THINKING: The opponent has been always defecting recently, and my cooperation rate is higher than theirs, so continuing to cooperate is unlikely to change their behavior or improve my payoff.  \nACTION: DEFECT",
    "THINKING: The opponent has been defecting consistently recently, and my cooperation rate is already higher than theirs. Continuing to cooperate while they defect gives me zero payoff, so I should defect to protect my score.\n\nACTION: DEFECT",
    "THINKING: The opponent has a low cooperation rate and is currently in a pattern of always defecting, so they are likely to defect again. Defecting ensures I don't get the worst payoff (0) and may match their defection for a safer outcome.\n\nACTION: DEFECT",
    "THINKING: The opponent has been defecting consistently recently, and my cooperation rate is already high enough that cooperating further risks being exploited without gaining mutual benefit.  \nACTION: DEFECT",
    "THINKING: The opponent has been defecting consistently recently, and my cooperation rate is higher than theirs. Continuing to cooperate while they defect yields me 0 points, so I should defect to protect my payoff.\n\nACTION: DEFECT",
    "THINKING: The opponent has been defecting consistently, and my cooperation has not led to mutual benefit. Continuing to cooperate will likely yield zero payoff again, so defecting is the rational choice to avoid exploitation.\n\nACTION: DEFECT",
    "THINKING: The opponent has been defecting consistently, and my cooperation rate is higher than theirs, so cooperating again is unlikely to be rewarded.  \nACTION: DEFECT",
    "THINKING: The opponent has been consistently defecting recently, and my cooperation rate is already low, so defecting minimizes my risk of a zero payoff this round.  \nACTION: DEFECT",
    "THINKING: The opponent has been defecting consistently recently, and my cooperation rate is higher than theirs, so cooperating now would likely just give them another advantage.  \nACTION: DEFECT",
    "THINKING: The opponent has been defecting consistently, and my cooperation rate is already low, so cooperating now would likely just give them another high payoff at my expense.  \n\nACTION: DEFECT",
    "THINKING: The opponent has been defecting consistently, and my cooperation rate is already low, so there's no benefit to cooperating now.  \nACTION: DEFECT",
    "THINKING: The opponent has a low cooperation rate and has been defecting consistently recently, so cooperating now would likely lead to a poor payoff for me.  \nACTION: DEFECT",
    "THINKING: The opponent has a low cooperation rate and has been always defecting recently, so cooperating now is unlikely to be reciprocated.  \nACTION: DEFECT",
    "THINKING: The opponent has been defecting consistently, and my cooperation rate is higher than theirs, so cooperating now would likely just give them another advantage.\n\nACTION: DEFECT"
  ]
}