{
  "experiment": "exp6_baseline",
  "game": "prisoners_dilemma",
  "provider": "openai",
  "baseline": "AlwaysCooperate",
  "trial": 3,
  "rounds": 30,
  "payoff": 90,
  "coop_rate": 1.0,
  "llm_history": [
    "COOPERATE",
    "COOPERATE",
    "COOPERATE",
    "COOPERATE",
    "COOPERATE",
    "COOPERATE",
    "COOPERATE",
    "COOPERATE",
    "COOPERATE",
    "COOPERATE",
    "COOPERATE",
    "COOPERATE",
    "COOPERATE",
    "COOPERATE",
    "COOPERATE",
    "COOPERATE",
    "COOPERATE",
    "COOPERATE",
    "COOPERATE",
    "COOPERATE",
    "COOPERATE",
    "COOPERATE",
    "COOPERATE",
    "COOPERATE",
    "COOPERATE",
    "COOPERATE",
    "COOPERATE",
    "COOPERATE",
    "COOPERATE",
    "COOPERATE"
  ],
  "opp_history": [
    "COOPERATE",
    "COOPERATE",
    "COOPERATE",
    "COOPERATE",
    "COOPERATE",
    "COOPERATE",
    "COOPERATE",
    "COOPERATE",
    "COOPERATE",
    "COOPERATE",
    "COOPERATE",
    "COOPERATE",
    "COOPERATE",
    "COOPERATE",
    "COOPERATE",
    "COOPERATE",
    "COOPERATE",
    "COOPERATE",
    "COOPERATE",
    "COOPERATE",
    "COOPERATE",
    "COOPERATE",
    "COOPERATE",
    "COOPERATE",
    "COOPERATE",
    "COOPERATE",
    "COOPERATE",
    "COOPERATE",
    "COOPERATE",
    "COOPERATE"
  ],
  "llm_responses": [
    "THINKING: In the first round, there is no history to analyze, so establishing trust through cooperation might encourage mutual cooperation in future rounds, maximizing long-term payoffs.  \nACTION: COOPERATE  ",
    "THINKING: Given both players cooperated in the previous round, and the opponent's cooperation rate is 100%, maintaining mutual cooperation can maximize payoffs over repeated rounds. Defecting now risks breaking trust and reducing long-term rewards.\n\nACTION: COOPERATE",
    "THINKING: The opponent has consistently cooperated so far, and mutual cooperation maximizes joint payoffs. Defecting now risks breaking trust and reducing long-term payoffs.\n\nACTION: COOPERATE",
    "THINKING: Both I and the opponent have cooperated consistently, leading to mutual gains. Defecting now would risk damaging trust and reducing future payoffs in this repeated game. Maintaining cooperation is optimal for sustained benefits.  \n\nACTION: COOPERATE",
    "THINKING: The opponent has consistently cooperated in all rounds so far, and both of us have achieved mutual cooperation. Continuing to cooperate maximizes long-term payoffs in this highly cooperative scenario.\n\nACTION: COOPERATE",
    "THINKING: The opponent has shown consistent cooperation in all previous rounds, and maintaining mutual cooperation yields the highest long-term payoff for both players. Defecting now would break trust and may lead to mutual defection in future rounds.\n\nACTION: COOPERATE",
    "THINKING: Both I and my opponent have cooperated in every round, maintaining mutual trust and maximizing joint payoffs. Defecting now risks breaking this trust and could lead to long-term losses for both of us.\n\nACTION: COOPERATE",
    "THINKING: The opponent has been consistently cooperative in all previous rounds, and cooperation maximizes mutual payoff in the long term. Defecting would break the trust and likely lead to worse outcomes in future rounds.  \nACTION: COOPERATE",
    "THINKING: The opponent has been consistently cooperative (100% cooperation rate), and betraying them now could disrupt this mutually beneficial pattern. Continuing to cooperate maximizes long-term payoffs in this highly collaborative interaction.  \n\nACTION: COOPERATE",
    "THINKING: The opponent has shown consistent cooperation throughout all previous rounds, and defecting now would risk breaking that pattern of mutual cooperation and reducing long-term payoffs for both players. Maintaining trust ensures higher cumulative payoffs.  \nACTION: COOPERATE",
    "THINKING: Both I and Opponent have cooperated 100% of the time so far, resulting in mutual benefits. Continuing to cooperate is optimal for maintaining trust and maximizing payoffs in the long term.\n\nACTION: COOPERATE",
    "THINKING: The opponent has consistently cooperated in all 11 rounds, and mutual cooperation yields the highest long-term payoff. Defecting now risks breaking the trust and reducing both players' payoffs in future rounds.  \n\nACTION: COOPERATE",
    "THINKING: The opponent has been fully cooperative so far, which suggests a high likelihood of continued cooperation. Maintaining mutual cooperation maximizes long-term payoffs for both of us.\n\nACTION: COOPERATE",
    "THINKING: Both my opponent and I have cooperated every round so far, leading to mutual trust and maximizing the total payoff. Defecting now would break that trust and likely result in lower payoffs in future rounds. It is in my best interest to maintain cooperation.  \nACTION: COOPERATE",
    "THINKING: Both my cooperation rate and my opponent's cooperation rate are 100%, and the opponent has shown consistent cooperation. Defecting now risks damaging our mutual trust and reducing future payoffs. Continuing to cooperate maximizes long-term gains.\n\nACTION: COOPERATE",
    "THINKING: The opponent has shown consistent cooperation throughout all previous rounds. Defecting now could harm the trust built and lead to a less cooperative dynamic in future rounds, reducing long-term payoffs.  \nACTION: COOPERATE",
    "THINKING: Both you and the opponent have demonstrated consistent cooperation throughout all rounds, maximizing mutual payoffs. Breaking this pattern now risks disrupting trust and reducing future payoffs. \n\nACTION: COOPERATE",
    "THINKING: Both my opponent and I have been perfectly cooperative in all rounds so far, resulting in mutual gains. Defecting now would damage the trust and likely lead to worse payoffs in subsequent rounds. Maintaining cooperation maximizes long-term benefits.\n\nACTION: COOPERATE",
    "THINKING: Both my opponent and I have maintained a 100% cooperation rate, resulting in mutual benefit. Defecting now would break trust and potentially ruin the cooperative dynamic, especially given the repeated nature of the game. \n\nACTION: COOPERATE",
    "THINKING: Both I and my opponent have cooperated consistently, leading to mutual trust and optimal payoffs. Defecting now would damage the relationship and likely lead to lower future payoffs.\n\nACTION: COOPERATE",
    "THINKING: Both the opponent and I have cooperated consistently for 20 rounds, resulting in mutual trust and maximized payoffs. Breaking this cooperation now could jeopardize the established pattern of mutual benefit. \n\nACTION: COOPERATE",
    "THINKING: The Opponent has cooperated consistently for all 21 rounds, indicating a strong preference for mutual cooperation. Defecting now would break the trust and reduce long-term payoffs for both parties.\n\nACTION: COOPERATE",
    "THINKING: The opponent has shown a perfect track record of cooperation so far, and my strategy of cooperating has maintained mutual trust. Defecting now could disrupt this beneficial relationship and lead to worse payoffs in future rounds. \n\nACTION: COOPERATE",
    "THINKING: The opponent has consistently cooperated in all rounds, and mutual cooperation maximizes both players' payoffs. Breaking the trust now could harm future cooperation and lower overall payoffs. \n\nACTION: COOPERATE",
    "THINKING: The opponent has demonstrated consistent cooperation throughout all previous rounds, and mutual cooperation maximizes our joint payoffs. Defecting would break trust and could lead to mutual defection in future rounds, reducing overall payoffs.  \n\nACTION: COOPERATE",
    "THINKING: Both my opponent and I have maintained a 100% cooperation rate, leading to mutual high payoffs. Breaking this cooperation would harm the trust and likely lead to less favorable outcomes in future rounds. \n\nACTION: COOPERATE",
    "THINKING: The opponent has consistently cooperated in all 26 rounds, building trust and maximizing mutual payoffs. Defecting now risks breaking this trust and reducing future payoffs for both parties.\n\nACTION: COOPERATE",
    "THINKING: The opponent has shown perfect cooperation in all rounds so far, and mutual cooperation yields the highest collective payoff. Defecting risks breaking this trust and leads to worse outcomes in subsequent rounds.  \nACTION: COOPERATE",
    "THINKING: Both you and your opponent have demonstrated perfect cooperation so far, maximizing mutual payoffs. Breaking this pattern by defecting could jeopardize trust and future gains. Maintaining cooperation ensures continued mutual benefit.  \n\nACTION: COOPERATE",
    "THINKING: The opponent has consistently cooperated in every round, showing a highly cooperative pattern. Maintaining mutual cooperation ensures the maximum payoff for both parties in the long run.\n\nACTION: COOPERATE"
  ]
}