{
  "experiment": "exp6_baseline",
  "game": "prisoners_dilemma",
  "provider": "openai",
  "baseline": "GenerousTitForTat",
  "trial": 6,
  "rounds": 30,
  "payoff": 90,
  "coop_rate": 1.0,
  "llm_history": [
    "COOPERATE",
    "COOPERATE",
    "COOPERATE",
    "COOPERATE",
    "COOPERATE",
    "COOPERATE",
    "COOPERATE",
    "COOPERATE",
    "COOPERATE",
    "COOPERATE",
    "COOPERATE",
    "COOPERATE",
    "COOPERATE",
    "COOPERATE",
    "COOPERATE",
    "COOPERATE",
    "COOPERATE",
    "COOPERATE",
    "COOPERATE",
    "COOPERATE",
    "COOPERATE",
    "COOPERATE",
    "COOPERATE",
    "COOPERATE",
    "COOPERATE",
    "COOPERATE",
    "COOPERATE",
    "COOPERATE",
    "COOPERATE",
    "COOPERATE"
  ],
  "opp_history": [
    "COOPERATE",
    "COOPERATE",
    "COOPERATE",
    "COOPERATE",
    "COOPERATE",
    "COOPERATE",
    "COOPERATE",
    "COOPERATE",
    "COOPERATE",
    "COOPERATE",
    "COOPERATE",
    "COOPERATE",
    "COOPERATE",
    "COOPERATE",
    "COOPERATE",
    "COOPERATE",
    "COOPERATE",
    "COOPERATE",
    "COOPERATE",
    "COOPERATE",
    "COOPERATE",
    "COOPERATE",
    "COOPERATE",
    "COOPERATE",
    "COOPERATE",
    "COOPERATE",
    "COOPERATE",
    "COOPERATE",
    "COOPERATE",
    "COOPERATE"
  ],
  "llm_responses": [
    "THINKING: Since this is the first round with no history to analyze, establishing trust by cooperating could encourage mutual cooperation in future rounds while minimizing the risk of immediate retaliation.  \nACTION: COOPERATE  ",
    "THINKING: Given the opponent's 100% cooperation rate and lack of data suggesting a shift in behavior, continuing to cooperate maximizes mutual payoffs and builds trust for future rounds. Defecting here risks breaking that trust.\n\nACTION: COOPERATE",
    "THINKING: The opponent has cooperated in every round so far, and mutual cooperation yields a higher payoff over time compared to defecting. Maintaining cooperation builds trust and maximizes long-term rewards.  \n\nACTION: COOPERATE",
    "THINKING: The opponent has been consistently cooperative, and mutual cooperation yields a higher payoff (3 vs. 1 for mutual defection). Maintaining cooperation builds trust and maximizes long-term benefits.  \nACTION: COOPERATE",
    "THINKING: Both I and my opponent have maintained a 100% cooperation rate so far, leading to mutual trust and maximizing our payoffs. Breaking this trust by defecting could harm future cooperation and reduce overall payoffs.\n\nACTION: COOPERATE",
    "THINKING: The opponent has been highly cooperative, with a 100% cooperation rate, and there is no incentive yet to break mutual trust. Sustaining cooperation maximizes long-term payoffs.  \nACTION: COOPERATE",
    "THINKING: The opponent has been entirely cooperative so far, maintaining a 100% cooperation rate. Continuing to cooperate maximizes mutual payoff and helps sustain trust in this repeated game.  \n\nACTION: COOPERATE",
    "THINKING: Both my cooperation rate and the opponent's cooperation rate are 100%, suggesting a strong mutual trust and consistent payoff. Defecting now would break this trust and likely lead to retaliation in future rounds, reducing total payoffs for both players.\n\nACTION: COOPERATE",
    "THINKING: Both I and the Opponent have shown consistent cooperation so far, maintaining mutual trust and maximizing payoffs. Continuing to cooperate is optimal to sustain the high payoffs for both parties.  \nACTION: COOPERATE  ",
    "THINKING: Both I and the Opponent have cooperated consistently throughout all rounds, leading to mutual gains. Continuing to cooperate maximizes long-term payoffs and maintains trust in this highly cooperative dynamic.  \nACTION: COOPERATE",
    "THINKING: Both my opponent and I have consistently cooperated in every round, leading to mutual trust and maximizing our payoffs. Breaking this pattern by defecting could harm the trust and decrease future payoffs.  \nACTION: COOPERATE",
    "THINKING: Both my cooperation rate and my opponent's are 100%, indicating a strong mutual trust and consistent cooperation. Defecting now would break this trust and likely reduce future payoffs.\n\nACTION: COOPERATE",
    "THINKING: Both I and the Opponent have consistently cooperated, and mutual cooperation has led to stable and optimal outcomes for both of us. Breaking this trust now could disrupt the beneficial dynamic and result in lower long-term payoffs.\n\nACTION: COOPERATE",
    "THINKING: The opponent has cooperated 100% of the time, showing a strong pattern of trust and mutual benefit. Continuing to cooperate maintains the high payoff for both of us in this repeated game scenario.  \nACTION: COOPERATE",
    "THINKING: Both I and the Opponent have demonstrated consistent cooperation, resulting in mutual benefits. Defecting now would break the trust and likely lead to lower payoffs in future rounds.  \n\nACTION: COOPERATE",
    "THINKING: The opponent has shown consistent cooperation with a 100% cooperation rate across all rounds. Defecting now would break the trust and could lead to mutual defection in future rounds, which would harm both of us. Continuing to cooperate maximizes long-term payoffs.  \n\nACTION: COOPERATE",
    "THINKING: The opponent has consistently cooperated in all rounds, resulting in mutual high payoffs. Defecting now would betray the established trust and likely lead to worse outcomes in future rounds. Maintaining cooperation maximizes long-term benefits.  \nACTION: COOPERATE",
    "THINKING: Both my opponent and I have cooperated in every round, leading to mutual trust and consistent payoffs. Defecting now would break this trust and could lead to lower payoffs in future rounds.  \n\nACTION: COOPERATE",
    "THINKING: Both my opponent and I have cooperated 100% so far, leading to a mutually beneficial outcome. Breaking this trust by defecting could jeopardize the cooperation and result in lower overall payoffs in the long term. Maintaining cooperation maximizes the payoff for both parties.\n\nACTION: COOPERATE",
    "THINKING: Both I and the Opponent have cooperated consistently for all 19 rounds, leading to maximum mutual payoffs. Breaking this pattern by defecting now risks damaging the high trust and stability we've maintained. Continuing to cooperate ensures mutual benefit.  \n\nACTION: COOPERATE",
    "THINKING: Both I and the opponent have cooperated consistently, maintaining mutual trust and achieving the maximum possible payoff in each round. Defecting now would break this trust and likely lead to worse outcomes in future rounds.  \n\nACTION: COOPERATE",
    "THINKING: Both I and my opponent have cooperated consistently, leading to a mutually beneficial outcome. Changing strategy now could risk disrupting this cooperative dynamic and reduce long-term payoffs.  \n\nACTION: COOPERATE",
    "THINKING: Both I and my opponent have cooperated consistently, and the opponent appears highly trustworthy. Mutual cooperation maximizes long-term payoffs in this scenario. Breaking trust could jeopardize future cooperation.\n\nACTION: COOPERATE",
    "THINKING: The opponent has been consistently cooperative, and mutual cooperation yields a better long-term payoff than exploiting their trust. Continuing to cooperate maintains trust and maximizes joint benefits.  \nACTION: COOPERATE  ",
    "THINKING: The opponent has been consistently cooperative for 24 rounds, and mutual cooperation yields the best long-term payoff. Defecting now risks breaking trust and reducing future payoffs.  \nACTION: COOPERATE",
    "THINKING: The opponent has been entirely cooperative (100% cooperation rate) over 25 rounds, and mutual cooperation yields the best long-term payoff. Defecting now would break trust and could lead to both of us defecting in future rounds, reducing payoffs.  \nACTION: COOPERATE",
    "THINKING: The opponent has been consistently cooperative throughout all previous rounds, and mutual cooperation yields the best long-term payoff for both players. Defecting now could break the trust and reduce overall payoffs in future rounds.\n\nACTION: COOPERATE",
    "THINKING: The opponent has been consistently cooperative for 27 rounds, maintaining a 100% cooperation rate. To maximize long-term payoffs and sustain mutual trust, it is beneficial to continue cooperating.\n\nACTION: COOPERATE",
    "THINKING: Both my opponent and I have been consistently cooperative, resulting in mutual benefits. Maintaining cooperation ensures ongoing trust and maximizes total payoffs for both parties.\n\nACTION: COOPERATE",
    "THINKING: Given the opponent's consistent cooperation rate of 100% over 29 rounds and the mutual benefit of 3 points for both parties when cooperating, it is rational to maintain cooperation to maximize long-term payoffs. Defecting risks breaking trust and lowering average payoffs.  \nACTION: COOPERATE"
  ]
}