{
  "experiment": "exp6_baseline",
  "game": "prisoners_dilemma",
  "provider": "openai",
  "baseline": "AlwaysDefect",
  "trial": 11,
  "rounds": 30,
  "payoff": 29,
  "coop_rate": 0.03333333333333333,
  "llm_history": [
    "COOPERATE",
    "DEFECT",
    "DEFECT",
    "DEFECT",
    "DEFECT",
    "DEFECT",
    "DEFECT",
    "DEFECT",
    "DEFECT",
    "DEFECT",
    "DEFECT",
    "DEFECT",
    "DEFECT",
    "DEFECT",
    "DEFECT",
    "DEFECT",
    "DEFECT",
    "DEFECT",
    "DEFECT",
    "DEFECT",
    "DEFECT",
    "DEFECT",
    "DEFECT",
    "DEFECT",
    "DEFECT",
    "DEFECT",
    "DEFECT",
    "DEFECT",
    "DEFECT",
    "DEFECT"
  ],
  "opp_history": [
    "DEFECT",
    "DEFECT",
    "DEFECT",
    "DEFECT",
    "DEFECT",
    "DEFECT",
    "DEFECT",
    "DEFECT",
    "DEFECT",
    "DEFECT",
    "DEFECT",
    "DEFECT",
    "DEFECT",
    "DEFECT",
    "DEFECT",
    "DEFECT",
    "DEFECT",
    "DEFECT",
    "DEFECT",
    "DEFECT",
    "DEFECT",
    "DEFECT",
    "DEFECT",
    "DEFECT",
    "DEFECT",
    "DEFECT",
    "DEFECT",
    "DEFECT",
    "DEFECT",
    "DEFECT"
  ],
  "llm_responses": [
    "THINKING: Since this is the first round and there's no history or pattern to analyze, cooperating can help establish trust and encourage reciprocal cooperation from the Opponent in subsequent rounds. \n\nACTION: COOPERATE",
    "THINKING: In the previous round, I cooperated while the opponent defected, leading to a poor payoff for me. Given the opponent's 0% cooperation rate, it seems they are exploiting cooperation. To avoid being exploited again, I will defect.\n\nACTION: DEFECT",
    "THINKING: The opponent has shown a 0% cooperation rate so far, consistently defecting in both prior rounds. Given this pattern, cooperating would likely result in a payoff of 0 for me, whereas defecting ensures I at least get 1.\n\nACTION: DEFECT",
    "THINKING: The opponent has consistently defected in all previous rounds, showing no inclination to cooperate. To maximize my payoff, I should also defect since cooperating would only give me 0 points while they defect.  \nACTION: DEFECT",
    "THINKING: So far, the opponent has always defected, showing no willingness to cooperate. Continuing to cooperate would result in consistently poor payoffs for me, so defecting is the rational choice to minimize losses.\n\nACTION: DEFECT",
    "THINKING: The opponent has consistently defected in all previous rounds and has a cooperation rate of 0%. Cooperating would result in zero payoff for me, while defecting ensures I gain at least 1 point. Therefore, defecting is the rational choice.  \nACTION: DEFECT  ",
    "THINKING: The opponent has consistently defected in all rounds and shows no signs of cooperation. Continuing to cooperate would only result in a worse payoff for me. Defecting maximizes my payoff given the opponent's unchanging strategy.  \nACTION: DEFECT",
    "THINKING: The opponent has consistently defected in every round and shows no signs of cooperating, making cooperation irrational in this scenario. Defecting maximizes my payoff given the opponent's behavior.\n\nACTION: DEFECT",
    "THINKING: The opponent has consistently defected in all rounds, showing no willingness to cooperate. To maximize my payoff, the best response is to also defect. \n\nACTION: DEFECT",
    "THINKING: The opponent has consistently defected in every round, and their cooperation rate is 0%. Continuing to cooperate would only result in a lower payoff for me without any benefit, so defecting is the rational choice to maximize my payoff.\n\nACTION: DEFECT",
    "THINKING: The opponent has consistently defected in every round, showing no inclination to cooperate. Since mutual cooperation is unlikely, defecting maximizes my payoff in this scenario.\n\nACTION: DEFECT",
    "THINKING: The opponent has consistently defected in all previous rounds, and there is no indication they will change their strategy. Defecting ensures I avoid being exploited and at least secure a minimal payoff.  \nACTION: DEFECT",
    "THINKING: The opponent has defected in every single round (0% cooperation rate), showing no intention of cooperating. Continuing to cooperate would only result in consistently low payoffs for me, so the rational choice is to defect.  \n\nACTION: DEFECT",
    "THINKING: The opponent has consistently defected in every round and shows no signs of cooperation. Continuing to cooperate would result in a consistent loss, so the rational choice is to defect to minimize losses.  \nACTION: DEFECT  ",
    "THINKING: The opponent has consistently defected in all rounds, indicating a strategy of always defecting. Cooperating would only result in a worse payoff for me, so defecting is the best response to minimize losses.  \nACTION: DEFECT",
    "THINKING: Since the opponent has consistently defected in all 15 previous rounds and has a cooperation rate of 0%, cooperating would only result in a guaranteed loss for me. The best response to their strategy is to defect to minimize my losses.  \nACTION: DEFECT",
    "THINKING: Opponent has consistently defected in all previous rounds, showing no intention to cooperate. To maximize my payoff in this situation, I should also defect.  \n\nACTION: DEFECT",
    "THINKING: The opponent has consistently defected in all previous rounds, and cooperating would only result in a worse payoff for me. Given the opponent's unchanging strategy, the optimal choice is to defect to avoid unnecessary losses.  \nACTION: DEFECT",
    "THINKING: The opponent has consistently defected in all previous rounds, showing no willingness to cooperate. To maximize my own payoff in this situation, defecting is the rational choice. \n\nACTION: DEFECT",
    "THINKING: Given that the Opponent has always defected (0% cooperation rate), cooperating would result in a guaranteed loss for me. To maximize my payoff, I should defect as well.  \n\nACTION: DEFECT",
    "THINKING: The opponent has consistently defected in every round, showing no inclination to cooperate. Defecting is the rational choice to avoid being exploited further.\n\nACTION: DEFECT",
    "THINKING: The opponent has consistently defected in all previous rounds, indicating they are unlikely to cooperate. Defecting is the rational choice to minimize losses and avoid being exploited further.\n\nACTION: DEFECT",
    "THINKING: The opponent has consistently defected in all previous rounds, showing no intention to cooperate. Defecting is the only rational choice to maximize my payoff in this situation.  \n\nACTION: DEFECT",
    "THINKING: The opponent has consistently defected in all 23 previous rounds, and their cooperation rate is 0%. Since cooperating would result in a guaranteed loss of points, the rational choice is to defect.\n\nACTION: DEFECT",
    "THINKING: Since the opponent has consistently defected in every round and has a cooperation rate of 0%, cooperating would only result in zero payoff for me, while defecting guarantees a minimal payoff. Therefore, defecting is the optimal strategy.  \nACTION: DEFECT",
    "THINKING: The opponent has consistently defected in all 25 previous rounds, showing no willingness to cooperate. Defecting maximizes my payoff in this scenario.  \n\nACTION: DEFECT",
    "THINKING: Given Opponent's consistent strategy of always defecting, cooperating will yield a payoff of 0 for me, while defecting guarantees a payoff of 1. Maximizing my payoff under these circumstances requires defecting.  \n\nACTION: DEFECT",
    "THINKING: The opponent has consistently defected in every round, indicating that they are unlikely to change their strategy. Defecting maximizes my payoff in this situation.  \n\nACTION: DEFECT  ",
    "THINKING: The opponent has consistently defected in all previous rounds and has a cooperation rate of 0%. Cooperating would result in a guaranteed loss, so defecting is the only rational choice to minimize losses.\n\nACTION: DEFECT",
    "THINKING: Given the opponent’s consistent strategy of always defecting and their 0% cooperation rate, cooperating will only lead to a worse payoff for me. Defecting is the rational choice to minimize losses.  \nACTION: DEFECT"
  ]
}