{
  "experiment": "exp6_baseline",
  "game": "prisoners_dilemma",
  "provider": "deepseek",
  "baseline": "Pavlov",
  "trial": 23,
  "rounds": 30,
  "payoff": 77,
  "coop_rate": 0.6,
  "llm_history": [
    "COOPERATE",
    "COOPERATE",
    "COOPERATE",
    "COOPERATE",
    "DEFECT",
    "DEFECT",
    "COOPERATE",
    "DEFECT",
    "COOPERATE",
    "DEFECT",
    "COOPERATE",
    "DEFECT",
    "COOPERATE",
    "DEFECT",
    "COOPERATE",
    "DEFECT",
    "COOPERATE",
    "DEFECT",
    "COOPERATE",
    "DEFECT",
    "COOPERATE",
    "DEFECT",
    "COOPERATE",
    "DEFECT",
    "COOPERATE",
    "COOPERATE",
    "COOPERATE",
    "COOPERATE",
    "DEFECT",
    "COOPERATE"
  ],
  "opp_history": [
    "COOPERATE",
    "COOPERATE",
    "COOPERATE",
    "COOPERATE",
    "COOPERATE",
    "DEFECT",
    "DEFECT",
    "COOPERATE",
    "DEFECT",
    "COOPERATE",
    "DEFECT",
    "COOPERATE",
    "DEFECT",
    "COOPERATE",
    "DEFECT",
    "COOPERATE",
    "DEFECT",
    "COOPERATE",
    "DEFECT",
    "COOPERATE",
    "DEFECT",
    "COOPERATE",
    "DEFECT",
    "COOPERATE",
    "DEFECT",
    "COOPERATE",
    "COOPERATE",
    "COOPERATE",
    "COOPERATE",
    "DEFECT"
  ],
  "llm_responses": [
    "THINKING: This is the first round with no history, so I'll start by cooperating to signal willingness to cooperate and see how the opponent responds.  \nACTION: COOPERATE",
    "THINKING: Since the opponent cooperated in the first round and has a 100% cooperation rate, starting with cooperation is a good sign. I should reciprocate to build mutual cooperation.  \nACTION: COOPERATE",
    "THINKING: Both players have cooperated in the first two rounds, and the opponent has a 100% cooperation rate so far. Starting with mutual cooperation is promising, so I'll continue cooperating to build trust and maintain the high payoff outcome.\n\nACTION: COOPERATE",
    "THINKING: The opponent has cooperated 100% so far, and mutual cooperation yields the highest long-term payoff. Defecting now risks breaking trust and reducing future gains.\n\nACTION: COOPERATE",
    "THINKING: The opponent has cooperated 100% of the time so far, and my total payoff is currently zero because I've been cooperating while they've been defecting in profitable rounds. To improve my score, I should exploit their consistent cooperation.\n\nACTION: DEFECT",
    "THINKING: The opponent has cooperated 100% of the time so far, and my high cooperation rate (80%) has yielded a total payoff of 0, meaning they have defected against me at least once for a high payoff. To exploit their consistent cooperation and improve my score, I should defect now.\n\nACTION: DEFECT",
    "THINKING: Opponent has been highly cooperative overall (83% rate), but they just defected last round. Given my total payoff is currently zero, I should aim to rebuild mutual cooperation rather than retaliate harshly, as they may return to cooperating.\n\nACTION: COOPERATE",
    "THINKING: The opponent has a high cooperation rate but just defected last round, suggesting possible retaliation or testing. My total payoff is currently zero, so I need to avoid being exploited while encouraging cooperation.\n\nACTION: DEFECT",
    "THINKING: Opponent has cooperated 75% of the time and just cooperated last round, so they are generally cooperative. My total payoff is currently zero, so I should aim to build mutual cooperation for higher future payoffs.\n\nACTION: COOPERATE",
    "THINKING: The opponent has a 67% cooperation rate but just defected last round, suggesting possible tit-for-tat or testing behavior. My cooperation rate is also 67%, so mutual cooperation benefits both, but I should avoid being exploited after their recent defect.\n\nACTION: DEFECT",
    "THINKING: The opponent has a high cooperation rate (70%) and just cooperated last round, suggesting they are conditionally cooperative. My current payoff is zero, so I need to build mutual cooperation to improve my score.  \n\nACTION: COOPERATE",
    "THINKING: The opponent has a similar cooperation rate to mine and seems to be using a conditional strategy, possibly reacting to my last move. Since they defected last round, a tit-for-tat response would be to defect now to avoid exploitation.\n\nACTION: DEFECT",
    "THINKING: The opponent has a high cooperation rate and just cooperated last round, so cooperating now is likely to lead to mutual cooperation and a higher payoff.  \nACTION: COOPERATE",
    "THINKING: The opponent's cooperation rate matches mine, but they just defected last round. In a mixed/conditional strategy, defecting after their defect may help avoid exploitation while testing their response.  \nACTION: DEFECT",
    "THINKING: The opponent has a high cooperation rate (64%) and just cooperated last round, suggesting they are conditionally cooperative. My current total payoff is zero, so I need to build mutual cooperation to improve my score. Cooperating now is likely to be reciprocated.\n\nACTION: COOPERATE",
    "THINKING: The opponent has been defecting recently and my total payoff is zero, so I need to prioritize my own score now. Given their pattern, defecting is safer to avoid exploitation.\n\nACTION: DEFECT",
    "THINKING: Opponent has cooperated 62% of the time and just cooperated last round, so they are somewhat cooperative. My total payoff is currently zero, so I need to improve my score. Given their tendency to cooperate, cooperating now is likely to yield a mutual cooperation payoff of 3, which is better than risking mutual defection.\n\nACTION: COOPERATE",
    "THINKING: The opponent's cooperation rate matches mine, but they just defected last round. Given the repeated nature, a tit-for-tat response is reasonable to avoid exploitation.\n\nACTION: DEFECT",
    "THINKING: Opponent has cooperated recently and has a high cooperation rate, so cooperating now is likely to lead to mutual cooperation and a better payoff this round.  \nACTION: COOPERATE",
    "THINKING: The opponent's cooperation rate matches mine, but they just defected last round. Given the repeated nature, defecting now may protect against exploitation while still leaving room for future cooperation if they revert.  \nACTION: DEFECT",
    "THINKING: Opponent has a 60% cooperation rate and just cooperated last round, suggesting they are conditionally cooperative. My current total payoff is zero, so I need to build mutual cooperation to improve my score.\n\nACTION: COOPERATE",
    "THINKING: The opponent's cooperation rate matches mine, but they just defected last round. In a repeated Prisoner's Dilemma with a conditional cooperator, defecting after their defection can protect me and signal I won't be exploited.\n\nACTION: DEFECT",
    "THINKING: The opponent has a high cooperation rate (59%) and just cooperated last round, suggesting they are conditionally cooperative. My total payoff is currently zero, so I should aim to build mutual cooperation to increase my score.\n\nACTION: COOPERATE",
    "THINKING: The opponent's cooperation rate matches mine, but they just defected last round. Given the repeated nature, I should retaliate to avoid being exploited.  \nACTION: DEFECT",
    "THINKING: The opponent has a high cooperation rate (58%) and just cooperated last round, suggesting they are conditionally cooperative. My total payoff is currently zero, so cooperating now is likely to sustain mutual cooperation and improve my score.\n\nACTION: COOPERATE",
    "THINKING: Opponent has a similar cooperation rate to mine and recent pattern suggests conditional cooperation, but they just defected last round. To rebuild cooperation, I should respond with a cooperative move to encourage mutual cooperation again.  \nACTION: COOPERATE",
    "THINKING: The opponent has a 58% cooperation rate and just cooperated last round, showing a pattern of conditional cooperation. My total payoff is currently zero, so I need to build mutual cooperation to improve my score.  \n\nACTION: COOPERATE",
    "THINKING: The opponent has a 59% cooperation rate and just cooperated last round, suggesting they are conditionally cooperative. My total payoff is currently zero, so I need to build mutual cooperation to improve my score.  \n\nACTION: COOPERATE",
    "THINKING: The opponent has a 61% cooperation rate and just cooperated last round, suggesting they are conditionally cooperative. My total payoff is currently zero, so I need to maximize points now. Defecting now might exploit their cooperation, but could trigger retaliation in the final rounds.\n\nACTION: DEFECT",
    "THINKING: The opponent has a high cooperation rate (62%) and just cooperated last round, suggesting they are conditionally cooperative. My current total payoff is zero, so I need to build mutual cooperation to improve my score.\n\nACTION: COOPERATE"
  ]
}