{
  "experiment": "exp6_baseline",
  "game": "prisoners_dilemma",
  "provider": "openai",
  "baseline": "GrimTrigger",
  "trial": 29,
  "rounds": 30,
  "payoff": 90,
  "coop_rate": 1.0,
  "llm_history": [
    "COOPERATE",
    "COOPERATE",
    "COOPERATE",
    "COOPERATE",
    "COOPERATE",
    "COOPERATE",
    "COOPERATE",
    "COOPERATE",
    "COOPERATE",
    "COOPERATE",
    "COOPERATE",
    "COOPERATE",
    "COOPERATE",
    "COOPERATE",
    "COOPERATE",
    "COOPERATE",
    "COOPERATE",
    "COOPERATE",
    "COOPERATE",
    "COOPERATE",
    "COOPERATE",
    "COOPERATE",
    "COOPERATE",
    "COOPERATE",
    "COOPERATE",
    "COOPERATE",
    "COOPERATE",
    "COOPERATE",
    "COOPERATE",
    "COOPERATE"
  ],
  "opp_history": [
    "COOPERATE",
    "COOPERATE",
    "COOPERATE",
    "COOPERATE",
    "COOPERATE",
    "COOPERATE",
    "COOPERATE",
    "COOPERATE",
    "COOPERATE",
    "COOPERATE",
    "COOPERATE",
    "COOPERATE",
    "COOPERATE",
    "COOPERATE",
    "COOPERATE",
    "COOPERATE",
    "COOPERATE",
    "COOPERATE",
    "COOPERATE",
    "COOPERATE",
    "COOPERATE",
    "COOPERATE",
    "COOPERATE",
    "COOPERATE",
    "COOPERATE",
    "COOPERATE",
    "COOPERATE",
    "COOPERATE",
    "COOPERATE",
    "COOPERATE"
  ],
  "llm_responses": [
    "THINKING: In the first round, there is no history to analyze, so I will cooperate to test the opponent's intentions and encourage mutual trust. This could lead to better long-term outcomes if the opponent is also inclined to cooperate.\n\nACTION: COOPERATE",
    "THINKING: Based on the opponent's cooperation rate of 100% in the first round, they seem inclined toward mutual cooperation. To build trust and maximize long-term payoffs, continuing to cooperate is the optimal strategy.  \n\nACTION: COOPERATE",
    "THINKING: The opponent has cooperated in all rounds so far, showing a strong tendency to trust and cooperate. Mutual cooperation yields the highest payoff in the long term, so it is better to maintain trust and continue cooperating.\n\nACTION: COOPERATE",
    "THINKING: Both you and your opponent have consistently cooperated in all previous rounds, resulting in mutual benefits. Maintaining cooperation maximizes long-term payoffs and continues the trust established so far. \n\nACTION: COOPERATE",
    "THINKING: Both my cooperation rate and the opponent's cooperation rate are at 100%, suggesting mutual trust and a highly cooperative dynamic. Defecting now risks breaking this trust, which could lead to worse outcomes in future rounds.\n\nACTION: COOPERATE",
    "THINKING: Both I and my opponent have demonstrated consistent cooperation so far, leading to mutual benefit. Breaking this pattern by defecting would damage trust and may lead to a worse outcome in future rounds.\n\nACTION: COOPERATE",
    "THINKING: Both my opponent and I have been consistently cooperative, resulting in the maximum mutual payoff so far. Deviating now by defecting would break trust and likely lead to reduced payoffs in future rounds. \n\nACTION: COOPERATE",
    "THINKING: Both I and the Opponent have cooperated in every round so far, and maintaining mutual cooperation maximizes payoffs for both players. Defecting now would break the trust and potentially lead to worse outcomes in future rounds. \n\nACTION: COOPERATE",
    "THINKING: Both my opponent and I have consistently cooperated in all previous rounds, leading to mutual gains. There’s no indication of betrayal, so continuing to cooperate maximizes long-term payoffs and maintains trust.\n\nACTION: COOPERATE",
    "THINKING: Both I and my opponent have consistently cooperated for 9 rounds, and the opponent appears highly cooperative. Maintaining cooperation maximizes mutual payoff and encourages trust.  \nACTION: COOPERATE",
    "THINKING: Both my opponent and I have consistently cooperated for 10 rounds, yielding mutual benefits. Since the opponent seems highly cooperative, I will maintain cooperation to preserve trust and maximize long-term payoffs.\n\nACTION: COOPERATE",
    "THINKING: Both I and the opponent have cooperated consistently, leading to mutual trust and maximum payoff for both. Defecting now would break that trust and likely trigger retaliation, reducing future payoffs. \n\nACTION: COOPERATE",
    "THINKING: The opponent has been consistently cooperative for all 12 rounds, and mutual cooperation yields the best long-term payoff. Defecting now risks breaking trust and reducing both our payoffs in future rounds.\n\nACTION: COOPERATE",
    "THINKING: The opponent has consistently cooperated in all previous rounds, and mutual cooperation yields a higher long-term payoff compared to defecting, given the game's structure. Maintaining cooperation sustains trust and maximizes total reward.  \n\nACTION: COOPERATE",
    "THINKING: The Opponent has been consistently cooperative throughout the game, and mutual cooperation yields the highest total payoff for both players. Defecting now risks breaking this cooperative dynamic and could lead to mutual defection in future rounds, lowering long-term payoffs.\n\nACTION: COOPERATE",
    "THINKING: The opponent has been consistently cooperative in all previous rounds, and mutual cooperation maximizes the payoff for both players. Breaking this pattern by defecting risks losing the trust and future benefits of cooperation.\n\nACTION: COOPERATE",
    "THINKING: The opponent has shown consistent cooperation throughout all prior rounds, and maintaining mutual cooperation ensures a higher payoff for both players over time. Defecting now would break the trust and potentially reduce both of our future payoffs.\n\nACTION: COOPERATE",
    "THINKING: The opponent has cooperated in every round, demonstrating a highly cooperative strategy. Maintaining cooperation will likely preserve mutual trust and maximize long-term payoffs.\n\nACTION: COOPERATE",
    "THINKING: Both you and the opponent have consistently cooperated throughout the game, resulting in mutual trust and maximum payoffs for both parties. Maintaining cooperation ensures the continuation of this beneficial dynamic.  \n\nACTION: COOPERATE",
    "THINKING: Both I and the opponent have cooperated consistently, leading to mutual high payoffs. Breaking this trust now by defecting risks ruining the cooperative dynamic and reducing long-term payoffs.  \n\nACTION: COOPERATE",
    "THINKING: The opponent has shown consistent cooperation (100% rate) over 20 rounds, and mutual cooperation maximizes payoffs for both players in the long run. Defecting now could break trust and result in lower overall payoffs. \n\nACTION: COOPERATE",
    "THINKING: Both I and my opponent have maintained a perfect cooperation rate, leading to mutually beneficial outcomes. Defecting now would break trust and could result in lower long-term payoffs.\n\nACTION: COOPERATE",
    "THINKING: Both I and the Opponent have been fully cooperative so far, creating a mutually beneficial outcome. Breaking this pattern by defecting would risk damaging the trust and reducing long-term payoffs.\n\nACTION: COOPERATE",
    "THINKING: The opponent has consistently cooperated for 23 rounds, which aligns with their highly cooperative pattern. Defecting now would damage trust and reduce long-term payoffs in the repeated game.  \nACTION: COOPERATE  ",
    "THINKING: Both I and the opponent have maintained a 100% cooperation rate, resulting in mutual trust and optimal payoffs. Defecting now would break that trust and decrease future payoffs.  \n\nACTION: COOPERATE",
    "THINKING: Both my cooperation rate and the opponent’s cooperation rate are 100%, indicating consistent mutual cooperation. Defection now risks disrupting this beneficial dynamic and reducing long-term payoffs.  \nACTION: COOPERATE  ",
    "THINKING: Both the opponent and I have cooperated in every round, maintaining mutual trust and maximizing payoffs. Defecting would harm this pattern and potentially lead to retaliation, reducing future payoffs. \n\nACTION: COOPERATE",
    "THINKING: Both I and my opponent have been fully cooperative for all past rounds, leading to mutual benefit. Breaking this pattern by defecting would damage trust and likely result in lower payoffs in future rounds.\n\nACTION: COOPERATE",
    "THINKING: Both you and your opponent have consistently cooperated, leading to mutual high payoffs. Maintaining cooperation maximizes long-term outcomes and preserves trust.  \nACTION: COOPERATE",
    "THINKING: The opponent has been consistently cooperative for all 29 rounds, and both of us have a 100% cooperation rate. Mutual cooperation leads to the maximum long-term payoff in this game.\n\nACTION: COOPERATE"
  ]
}