{
  "experiment": "exp6_baseline",
  "game": "prisoners_dilemma",
  "provider": "deepseek",
  "baseline": "AlwaysCooperate",
  "trial": 24,
  "rounds": 30,
  "payoff": 132,
  "coop_rate": 0.3,
  "llm_history": [
    "COOPERATE",
    "COOPERATE",
    "COOPERATE",
    "COOPERATE",
    "DEFECT",
    "COOPERATE",
    "DEFECT",
    "DEFECT",
    "DEFECT",
    "DEFECT",
    "DEFECT",
    "DEFECT",
    "DEFECT",
    "COOPERATE",
    "DEFECT",
    "DEFECT",
    "DEFECT",
    "DEFECT",
    "DEFECT",
    "COOPERATE",
    "DEFECT",
    "DEFECT",
    "DEFECT",
    "DEFECT",
    "COOPERATE",
    "DEFECT",
    "DEFECT",
    "COOPERATE",
    "DEFECT",
    "DEFECT"
  ],
  "opp_history": [
    "COOPERATE",
    "COOPERATE",
    "COOPERATE",
    "COOPERATE",
    "COOPERATE",
    "COOPERATE",
    "COOPERATE",
    "COOPERATE",
    "COOPERATE",
    "COOPERATE",
    "COOPERATE",
    "COOPERATE",
    "COOPERATE",
    "COOPERATE",
    "COOPERATE",
    "COOPERATE",
    "COOPERATE",
    "COOPERATE",
    "COOPERATE",
    "COOPERATE",
    "COOPERATE",
    "COOPERATE",
    "COOPERATE",
    "COOPERATE",
    "COOPERATE",
    "COOPERATE",
    "COOPERATE",
    "COOPERATE",
    "COOPERATE",
    "COOPERATE"
  ],
  "llm_responses": [
    "THINKING: This is the first round with no history, so I'll start with cooperation to signal willingness to cooperate and see how the opponent responds.  \nACTION: COOPERATE",
    "THINKING: The opponent cooperated in the first round and has a 100% cooperation rate, so starting with cooperation seems promising. In early rounds, cooperating can build mutual trust for higher long-term payoffs.\n\nACTION: COOPERATE",
    "THINKING: Both players have cooperated in the first two rounds, resulting in good mutual payoffs. Since the opponent has a 100% cooperation rate so far, continuing to cooperate is likely to sustain mutual benefit.\n\nACTION: COOPERATE",
    "THINKING: Opponent has cooperated 100% so far, and mutual cooperation yields the highest long-term payoff.  \nACTION: COOPERATE",
    "THINKING: The opponent has cooperated 100% of the time so far, and my total payoff is currently zero because I've also always cooperated. To improve my score, I should exploit their consistent cooperation by defecting this round.\n\nACTION: DEFECT",
    "THINKING: The opponent has cooperated 100% of the time, and my cooperation rate is high. Continuing to cooperate maximizes mutual payoff and maintains the cooperative equilibrium.  \nACTION: COOPERATE",
    "THINKING: The opponent has cooperated 100% of the time so far, and my low total payoff suggests I've been exploited in at least one early round. To maximize my payoff now, I should defect while they are still likely to cooperate.\n\nACTION: DEFECT",
    "THINKING: The opponent has cooperated 100% of the time so far, making them extremely predictable and exploitable. Defecting now yields the highest immediate payoff (5 vs 3) with little risk, as they are likely to cooperate again.\n\nACTION: DEFECT",
    "THINKING: The opponent has cooperated 100% of the time so far, making them highly predictable and exploitable. Defecting now yields a higher immediate payoff (5 vs 3) with little sign of retaliation.  \nACTION: DEFECT",
    "THINKING: The opponent has cooperated 100% of the time so far, making them highly predictable and exploitable. Defecting now yields the highest immediate payoff (5 vs 3) without any sign of retaliation from their history.  \nACTION: DEFECT",
    "THINKING: The opponent has cooperated 100% of the time so far, making them extremely predictable and exploitable. Defecting now maximizes my payoff for this round.  \nACTION: DEFECT",
    "THINKING: The opponent has cooperated 100% of the time so far, making them extremely predictable and exploitable. Defecting now will maximize my payoff for this round without immediate retaliation based on their past behavior.\n\nACTION: DEFECT",
    "THINKING: The opponent has cooperated 100% of the time so far, making them extremely predictable and exploitable. Defecting now maximizes my payoff for this round.\n\nACTION: DEFECT",
    "THINKING: The opponent has cooperated 100% of the time, making them extremely predictable and trusting. Defecting now would give a higher payoff this round, but could break their cooperative pattern in future rounds. Since the game is repeated, maintaining mutual cooperation yields the best long-term payoff.\n\nACTION: COOPERATE",
    "THINKING: The opponent has cooperated 100% of the time so far, making them extremely predictable and exploitable. Defecting now maximizes my payoff for this round without immediate retaliation risk.  \nACTION: DEFECT",
    "THINKING: The opponent has cooperated 100% of the time, so they are likely playing a highly cooperative strategy like Tit-for-Tat or Always Cooperate. My total payoff is currently 0, so I need to start earning points. Defecting now exploits their cooperation for maximum short-term gain.\n\nACTION: DEFECT",
    "THINKING: The opponent has cooperated 100% of the time so far, making them extremely predictable and exploitable. My total payoff is currently zero, so I should maximize my payoff this round by defecting.\n\nACTION: DEFECT",
    "THINKING: The opponent has cooperated 100% of the time, so they are likely playing a pure cooperative strategy like \"Always Cooperate.\" Defecting now maximizes my payoff for this round.\n\nACTION: DEFECT",
    "THINKING: The opponent has cooperated 100% of the time, so they are likely a cooperative or naive player. Defecting now would give me a higher payoff this round, but since it's a repeated game and we are near the end, exploiting their cooperation maximizes my final score.\n\nACTION: DEFECT",
    "THINKING: The opponent has cooperated in 100% of previous rounds, making them extremely predictable and trusting. Defecting now would maximize my payoff for this single round (5 vs 3), but since this is a repeated game, exploiting their trust could trigger retaliation in future rounds. Given their perfect cooperation history, cooperating is likely to sustain mutual high payoffs.\n\nACTION: COOPERATE",
    "THINKING: The opponent has cooperated 100% of the time so far, making them extremely predictable and exploitable. Defecting now yields the highest immediate payoff (5 vs 3) with no sign of retaliation.  \nACTION: DEFECT",
    "THINKING: The opponent has cooperated 100% of the time so far, making them extremely predictable and exploitable. Defecting now maximizes my payoff for this round without immediate risk of retaliation.\n\nACTION: DEFECT",
    "THINKING: The opponent has cooperated 100% of the time, making them extremely predictable and exploitable. Defecting now maximizes my payoff for this round with minimal risk of immediate retaliation.\n\nACTION: DEFECT",
    "THINKING: The opponent has cooperated 100% of the time so far, making them extremely predictable and exploitable. Defecting now maximizes my payoff for this round without immediate retaliation risk.  \nACTION: DEFECT",
    "THINKING: The opponent has cooperated 100% of the time so far, and my low total payoff suggests I've been defecting often. To maximize my payoff against this highly cooperative opponent, I should cooperate now to earn 3 points instead of 1.\n\nACTION: COOPERATE",
    "THINKING: The opponent has cooperated 100% of the time, so they are likely playing a purely cooperative strategy like \"Always Cooperate.\" Defecting now will give me the highest payoff for this round (5 vs 3), and there is no sign they will retaliate.\n\nACTION: DEFECT",
    "THINKING: The opponent has cooperated 100% of the time, so they are likely playing a pure cooperative strategy like \"Always Cooperate.\" Defecting now gives me the highest immediate payoff (5 vs 3) with no sign of retaliation.\n\nACTION: DEFECT",
    "THINKING: The opponent has cooperated in every round so far, and my cooperation rate is low because I've been defecting often. Continuing to defect risks provoking retaliation, but cooperating now could rebuild trust for mutual benefit.\n\nACTION: COOPERATE",
    "THINKING: The opponent has cooperated 100% of the time so far, making them extremely predictable and exploitable. My total payoff is currently zero, so I should maximize my gain in this round.  \nACTION: DEFECT",
    "THINKING: The opponent has cooperated 100% of the time, making them extremely predictable and exploitable. Defecting now maximizes my payoff for this round without immediate retaliation risk.\n\nACTION: DEFECT"
  ]
}