{
  "experiment": "exp6_baseline",
  "game": "prisoners_dilemma",
  "provider": "deepseek",
  "baseline": "GenerousTitForTat",
  "trial": 10,
  "rounds": 30,
  "payoff": 89,
  "coop_rate": 0.9666666666666667,
  "llm_history": [
    "COOPERATE",
    "COOPERATE",
    "COOPERATE",
    "COOPERATE",
    "COOPERATE",
    "COOPERATE",
    "COOPERATE",
    "COOPERATE",
    "COOPERATE",
    "COOPERATE",
    "COOPERATE",
    "DEFECT",
    "COOPERATE",
    "COOPERATE",
    "COOPERATE",
    "COOPERATE",
    "COOPERATE",
    "COOPERATE",
    "COOPERATE",
    "COOPERATE",
    "COOPERATE",
    "COOPERATE",
    "COOPERATE",
    "COOPERATE",
    "COOPERATE",
    "COOPERATE",
    "COOPERATE",
    "COOPERATE",
    "COOPERATE",
    "COOPERATE"
  ],
  "opp_history": [
    "COOPERATE",
    "COOPERATE",
    "COOPERATE",
    "COOPERATE",
    "COOPERATE",
    "COOPERATE",
    "COOPERATE",
    "COOPERATE",
    "COOPERATE",
    "COOPERATE",
    "COOPERATE",
    "COOPERATE",
    "DEFECT",
    "COOPERATE",
    "COOPERATE",
    "COOPERATE",
    "COOPERATE",
    "COOPERATE",
    "COOPERATE",
    "COOPERATE",
    "COOPERATE",
    "COOPERATE",
    "COOPERATE",
    "COOPERATE",
    "COOPERATE",
    "COOPERATE",
    "COOPERATE",
    "COOPERATE",
    "COOPERATE",
    "COOPERATE"
  ],
  "llm_responses": [
    "THINKING: This is the first round with no history, so I'll start with cooperation to signal willingness to cooperate and see how the opponent responds.  \nACTION: COOPERATE",
    "THINKING: The opponent cooperated in the first round, and we have no reason to suspect defection yet. Starting with cooperation can build mutual trust for higher long-term payoffs.\n\nACTION: COOPERATE",
    "THINKING: Opponent has cooperated both previous rounds, and my cooperation rate is 100%. Continuing to cooperate builds trust and mutual payoff, while defecting now risks retaliation and lower long-term gains.\n\nACTION: COOPERATE",
    "THINKING: The opponent has cooperated 100% of the time so far, and my total payoff is currently zero because I've been cooperating while they've been cooperating. In a repeated Prisoner's Dilemma with a highly cooperative opponent, mutual cooperation yields the best long-term payoff.\n\nACTION: COOPERATE",
    "THINKING: Opponent has cooperated 100% of the time so far, and my total payoff is 0, meaning I've been exploited when I cooperated and they defected in at least one round. Given their recent pattern is \"highly cooperative,\" they may be using a forgiving strategy like Tit-for-Tat, so cooperating now may restore mutual cooperation.  \nACTION: COOPERATE",
    "THINKING: The opponent has cooperated 100% of the time so far, and my total payoff is currently zero, meaning I've been cooperating while they've been cooperating. Continuing to cooperate maintains mutual benefit.\n\nACTION: COOPERATE",
    "THINKING: The opponent has cooperated in all 6 previous rounds, and my total payoff is currently 0, meaning I must have been cooperating while they defected in earlier rounds not shown. However, the given history shows they cooperated last round and have a 100% cooperation rate in the last 6 rounds. This suggests they may now be playing a cooperative strategy like Tit-for-Tat. To build mutual cooperation and maximize long-term payoff, I should cooperate.\n\nACTION: COOPERATE",
    "THINKING: The opponent has cooperated 100% of the time so far, and mutual cooperation yields a good payoff. Defecting now risks breaking this cooperative pattern and lowering future payoffs.\n\nACTION: COOPERATE",
    "THINKING: The opponent has cooperated in all 8 previous rounds, showing a highly cooperative pattern. Continuing to cooperate maintains mutual benefit and high payoffs.\n\nACTION: COOPERATE",
    "THINKING: The opponent has cooperated 100% of the time so far, and mutual cooperation yields the highest long-term payoff. Defecting now risks breaking this beneficial pattern.\n\nACTION: COOPERATE",
    "THINKING: Opponent has cooperated 100% of the time, so continuing to cooperate maintains mutual high payoff. Defecting now risks breaking trust and lowering future payoffs.  \nACTION: COOPERATE",
    "THINKING: Opponent has cooperated 100% of the time so far, and my total payoff is 0.0, meaning I've been cooperating while they've been defecting in past rounds. This suggests they are exploiting my cooperation, so I should defect now.  \nACTION: DEFECT",
    "THINKING: The opponent has cooperated 100% of the time so far, and my high cooperation rate has not been exploited. Continuing to cooperate maintains mutual benefit and high payoffs.\n\nACTION: COOPERATE",
    "THINKING: The opponent has a high cooperation rate overall, but they just defected last round. Given the repeated nature, cooperating now might restore mutual cooperation and maximize long-term payoff.  \nACTION: COOPERATE",
    "THINKING: Both of us have been highly cooperative (93% each), leading to mutual benefit. Continuing to cooperate maximizes long-term payoff in this repeated game.  \nACTION: COOPERATE",
    "THINKING: With both cooperation rates above 90% and a history of mutual cooperation, maintaining cooperation maximizes long-term payoff.  \nACTION: COOPERATE",
    "THINKING: Both players have been highly cooperative, and mutual cooperation yields the best long-term payoff per round. Defecting now risks breaking the cooperative equilibrium for a short-term gain.  \nACTION: COOPERATE",
    "THINKING: Both of us have been highly cooperative (94% each), leading to mutual benefit in past rounds. Continuing to cooperate maximizes long-term payoff.\n\nACTION: COOPERATE",
    "THINKING: Both of us have been highly cooperative (94% each), leading to mutual benefit in most rounds. Continuing to cooperate is likely to maintain high payoffs.  \nACTION: COOPERATE",
    "THINKING: With both cooperation rates at 95% and a highly cooperative recent pattern, mutual cooperation yields the best long-term payoff. Defecting now risks breaking trust and lowering future gains.  \nACTION: COOPERATE",
    "THINKING: With both cooperation rates at 95% and a highly cooperative recent pattern, mutual cooperation yields the best ongoing payoff. Defecting now risks breaking this beneficial cycle.\n\nACTION: COOPERATE",
    "THINKING: Both of us have been highly cooperative (95% each), leading to mutual benefit in most rounds. Continuing to cooperate is likely to maintain this high payoff outcome.\n\nACTION: COOPERATE",
    "THINKING: Both of us have been highly cooperative (95% each), leading to mutual benefit historically. Defecting now risks breaking this cooperative equilibrium and lowering my long-term payoff.\n\nACTION: COOPERATE",
    "THINKING: Both of us have been cooperating almost all the time, leading to high mutual payoffs. Changing to defect now would break the trust and likely reduce my total payoff in the long run.  \nACTION: COOPERATE",
    "THINKING: Both of us have been cooperating almost all the time, leading to high mutual payoffs. Defecting now would break the trust and likely reduce my long-term payoff.  \nACTION: COOPERATE",
    "THINKING: Both of us have been highly cooperative (96% each), and mutual cooperation yields the best long-term payoff per round. Defecting now risks breaking the cooperative equilibrium for minimal short-term gain.  \nACTION: COOPERATE",
    "THINKING: Both of us have been cooperating almost all the time, leading to high mutual payoffs. Continuing to cooperate maintains this beneficial outcome.\n\nACTION: COOPERATE",
    "THINKING: Both of us have been cooperating almost all the time, leading to high mutual payoffs. Defecting now would break the trust and likely reduce my long-term payoff.\n\nACTION: COOPERATE",
    "THINKING: With both cooperation rates extremely high and the opponent consistently cooperating, mutual cooperation maximizes my payoff this round.  \nACTION: COOPERATE",
    "THINKING: With both cooperation rates extremely high and the opponent consistently cooperating, mutual cooperation yields the best long-term payoff. Defecting now risks breaking trust and losing future gains.\n\nACTION: COOPERATE"
  ]
}