{
  "experiment": "exp6_baseline",
  "game": "prisoners_dilemma",
  "provider": "deepseek",
  "baseline": "GrimTrigger",
  "trial": 12,
  "rounds": 30,
  "payoff": 55,
  "coop_rate": 0.5,
  "llm_history": [
    "COOPERATE",
    "COOPERATE",
    "COOPERATE",
    "COOPERATE",
    "COOPERATE",
    "COOPERATE",
    "COOPERATE",
    "COOPERATE",
    "COOPERATE",
    "COOPERATE",
    "COOPERATE",
    "COOPERATE",
    "DEFECT",
    "COOPERATE",
    "COOPERATE",
    "COOPERATE",
    "DEFECT",
    "DEFECT",
    "DEFECT",
    "DEFECT",
    "DEFECT",
    "DEFECT",
    "DEFECT",
    "DEFECT",
    "DEFECT",
    "DEFECT",
    "DEFECT",
    "DEFECT",
    "DEFECT",
    "DEFECT"
  ],
  "opp_history": [
    "COOPERATE",
    "COOPERATE",
    "COOPERATE",
    "COOPERATE",
    "COOPERATE",
    "COOPERATE",
    "COOPERATE",
    "COOPERATE",
    "COOPERATE",
    "COOPERATE",
    "COOPERATE",
    "COOPERATE",
    "COOPERATE",
    "DEFECT",
    "DEFECT",
    "DEFECT",
    "DEFECT",
    "DEFECT",
    "DEFECT",
    "DEFECT",
    "DEFECT",
    "DEFECT",
    "DEFECT",
    "DEFECT",
    "DEFECT",
    "DEFECT",
    "DEFECT",
    "DEFECT",
    "DEFECT",
    "DEFECT"
  ],
  "llm_responses": [
    "THINKING: This is the first round with no history, so I'll start by cooperating to signal willingness to cooperate and see how the opponent responds.  \nACTION: COOPERATE",
    "THINKING: The opponent cooperated in round 1, and with a 100% cooperation rate so far, it's likely they are playing a cooperative strategy like Tit-for-Tat. Cooperating now builds trust and mutual benefit.  \nACTION: COOPERATE",
    "THINKING: The opponent has cooperated in both previous rounds, and my cooperation rate is 100%. To build trust and maximize mutual payoff, I should continue cooperating.\n\nACTION: COOPERATE",
    "THINKING: The opponent has cooperated 100% so far, and mutual cooperation yields the highest long-term payoff. Defecting now risks breaking trust and reducing future gains.\n\nACTION: COOPERATE",
    "THINKING: The opponent has cooperated 100% of the time so far, and my total payoff is currently zero, meaning I have been cooperating while they have been defecting in earlier rounds (since payoff is 0 only when I cooperate and they defect). Their reported 100% cooperation rate (4/4) must refer only to the last 4 rounds, not including round 1. This suggests they may have started by defecting but then switched to consistent cooperation. Given their recent highly cooperative pattern, cooperating now is likely to yield mutual benefit.\n\nACTION: COOPERATE",
    "THINKING: The opponent has cooperated every round so far, and my cooperation rate is 100%. Continuing to cooperate maintains mutual high payoff.  \nACTION: COOPERATE",
    "THINKING: Opponent has cooperated 100% of the time, and mutual cooperation yields the highest long-term payoff. Defecting now risks breaking the cooperative equilibrium.  \nACTION: COOPERATE",
    "THINKING: The opponent has cooperated 100% of the time so far, and mutual cooperation yields the highest long-term payoff. Defecting now risks breaking this beneficial pattern.\n\nACTION: COOPERATE",
    "THINKING: The opponent has cooperated in all 8 previous rounds, showing a highly cooperative pattern. In a repeated Prisoner's Dilemma, maintaining mutual cooperation yields the highest long-term payoff (3 per round), while defecting now risks retaliation and reduces future gains.\n\nACTION: COOPERATE",
    "THINKING: The opponent has cooperated 100% of the time, so cooperating now maximizes mutual payoff and maintains the cooperative equilibrium.  \nACTION: COOPERATE",
    "THINKING: The opponent has cooperated 100% of the time so far, and mutual cooperation yields the highest long-term payoff. Defecting now risks breaking the cooperative equilibrium and lowering future payoffs.\n\nACTION: COOPERATE",
    "THINKING: The opponent has cooperated 100% of the time so far, and my total payoff is currently zero, meaning I've been cooperating while they have been cooperating. Continuing to cooperate maintains mutual benefit.\n\nACTION: COOPERATE",
    "THINKING: The opponent has cooperated 100% of the time so far, and my total payoff is 0.0, meaning I've been cooperating while they've been defecting to exploit me. I should defect to stop the exploitation and gain a higher payoff this round.\n\nACTION: DEFECT",
    "THINKING: The opponent has cooperated 100% of the time, so they appear to be playing a pure cooperative strategy like \"Always Cooperate.\" Defecting now would give me a higher payoff this round (5 vs 3), but since the game is repeated, exploiting their trust could cause them to change strategy in future rounds. However, my total payoff is currently 0.0, which suggests a possible scoring anomaly or reset, so I should prioritize building mutual cooperation for long-term gain.\n\nACTION: COOPERATE",
    "THINKING: Despite the opponent's high cooperation rate, they defected last round, which could signal a shift. However, my total payoff is currently zero, so I need to rebuild mutual cooperation to improve my score. A cooperative move may encourage a return to cooperation.\n\nACTION: COOPERATE",
    "THINKING: The opponent has been highly cooperative overall (87%), but they defected last round. Given my high cooperation rate, they might be testing my response; defecting now could trigger a mutual defection spiral, while cooperating might restore mutual cooperation for better long-term payoffs.\n\nACTION: COOPERATE",
    "THINKING: The opponent has a high cooperation rate overall but just defected last round, possibly testing my response. My total payoff is currently zero, so I need to avoid being exploited while encouraging mutual cooperation.  \n\nACTION: DEFECT",
    "THINKING: The opponent has a high cooperation rate overall but just defected last round, suggesting possible tit-for-tat behavior. My cooperation rate is very high, so defecting now could protect me from exploitation while maintaining a generally cooperative stance.\n\nACTION: DEFECT",
    "THINKING: The opponent has a high cooperation rate but just defected last round, so they might be testing my response. My total payoff is currently zero, so I need to avoid being exploited while encouraging cooperation.\n\nACTION: DEFECT",
    "THINKING: The opponent has been defecting recently and my total payoff is zero, so continuing to cooperate is not beneficial. I should defect to protect myself and possibly improve my payoff.\n\nACTION: DEFECT",
    "THINKING: The opponent has been defecting recently and has a lower cooperation rate than me, so continuing to cooperate is likely to result in a poor payoff for me this round.  \nACTION: DEFECT",
    "THINKING: The opponent has been defecting recently and my total payoff is zero, so continuing to cooperate is not beneficial. I should defect to protect myself and possibly improve my payoff.  \nACTION: DEFECT",
    "THINKING: The opponent has a recent pattern of always defecting, and my total payoff is currently zero, so continuing to cooperate is unlikely to improve my score.  \nACTION: DEFECT",
    "THINKING: The opponent has been defecting recently and their overall cooperation rate is low, so cooperating now is likely to lead to a poor payoff for me.  \nACTION: DEFECT",
    "THINKING: The opponent has recently been always defecting, and my cooperation rate is high, so continuing to cooperate is likely to lead to exploitation. To protect my payoff, I should defect.\n\nACTION: DEFECT",
    "THINKING: The opponent's recent pattern is always defecting, and with a cooperation rate of only 52%, they are trending toward defection. Continuing to cooperate will likely yield 0 payoff, while defecting secures at least 1.\n\nACTION: DEFECT",
    "THINKING: The opponent has been defecting recently and has a lower cooperation rate than me, so continuing to cooperate is likely to result in a poor payoff for me.  \nACTION: DEFECT",
    "THINKING: The opponent has been defecting consistently recently, and my total payoff is currently zero, so continuing to cooperate is unlikely to improve my score.  \nACTION: DEFECT",
    "THINKING: The opponent has been defecting consistently recently, and with only one round left after this, there's no future incentive to encourage cooperation. Defecting now maximizes my payoff given their likely defect.\n\nACTION: DEFECT",
    "THINKING: The opponent has been defecting consistently recently, and my total payoff is zero, so cooperating now is unlikely to change their behavior or improve my score.  \nACTION: DEFECT"
  ]
}