{
  "experiment": "exp6_baseline",
  "game": "prisoners_dilemma",
  "provider": "deepseek",
  "baseline": "GenerousTitForTat",
  "trial": 26,
  "rounds": 30,
  "payoff": 88,
  "coop_rate": 0.9333333333333333,
  "llm_history": [
    "COOPERATE",
    "COOPERATE",
    "COOPERATE",
    "COOPERATE",
    "COOPERATE",
    "COOPERATE",
    "COOPERATE",
    "COOPERATE",
    "COOPERATE",
    "DEFECT",
    "COOPERATE",
    "DEFECT",
    "COOPERATE",
    "COOPERATE",
    "COOPERATE",
    "COOPERATE",
    "COOPERATE",
    "COOPERATE",
    "COOPERATE",
    "COOPERATE",
    "COOPERATE",
    "COOPERATE",
    "COOPERATE",
    "COOPERATE",
    "COOPERATE",
    "COOPERATE",
    "COOPERATE",
    "COOPERATE",
    "COOPERATE",
    "COOPERATE"
  ],
  "opp_history": [
    "COOPERATE",
    "COOPERATE",
    "COOPERATE",
    "COOPERATE",
    "COOPERATE",
    "COOPERATE",
    "COOPERATE",
    "COOPERATE",
    "COOPERATE",
    "COOPERATE",
    "DEFECT",
    "COOPERATE",
    "DEFECT",
    "COOPERATE",
    "COOPERATE",
    "COOPERATE",
    "COOPERATE",
    "COOPERATE",
    "COOPERATE",
    "COOPERATE",
    "COOPERATE",
    "COOPERATE",
    "COOPERATE",
    "COOPERATE",
    "COOPERATE",
    "COOPERATE",
    "COOPERATE",
    "COOPERATE",
    "COOPERATE",
    "COOPERATE"
  ],
  "llm_responses": [
    "THINKING: This is the first round with no history, so I'll start with cooperation to establish a cooperative baseline and see how the opponent responds.  \nACTION: COOPERATE",
    "THINKING: Opponent cooperated in the first round, and I have no reason to defect yet. Starting with cooperation encourages mutual cooperation in a repeated game.  \nACTION: COOPERATE",
    "THINKING: Both players have cooperated in the first two rounds, resulting in good mutual payoffs. Since the opponent has a 100% cooperation rate so far, cooperating again continues the mutually beneficial pattern and builds trust.\n\nACTION: COOPERATE",
    "THINKING: The opponent has cooperated 100% of the time so far, and mutual cooperation yields the highest joint payoff. Defecting now risks breaking this cooperative pattern and lowering future payoffs.\n\nACTION: COOPERATE",
    "THINKING: The opponent has cooperated 100% of the time so far, and my total payoff is currently 0, meaning I've been cooperating while they've been cooperating as well. Continuing to cooperate maintains mutual benefit.\n\nACTION: COOPERATE",
    "THINKING: The opponent has cooperated 100% of the time so far, and mutual cooperation yields a good payoff. Defecting now risks breaking this profitable pattern and triggering retaliation in future rounds.\n\nACTION: COOPERATE",
    "THINKING: The opponent has cooperated in all six previous rounds, and my cooperation rate is 100%. Continuing to cooperate maintains mutual high payoffs and likely sustains cooperation in this repeated game.  \nACTION: COOPERATE",
    "THINKING: The opponent has cooperated in all 7 previous rounds, showing a highly cooperative pattern. Continuing to cooperate maintains mutual benefit and high payoffs.\n\nACTION: COOPERATE",
    "THINKING: The opponent has cooperated 100% of the time so far, and my total payoff is currently zero, meaning I've been cooperating while they've been cooperating. Continuing to cooperate maintains mutual benefit and high payoffs for both.\n\nACTION: COOPERATE",
    "THINKING: The opponent has cooperated 100% of the time so far, and my total payoff is zero because I've also always cooperated. To improve my score, I should exploit their consistent cooperation by defecting this round.\n\nACTION: DEFECT",
    "THINKING: The opponent has cooperated 100% of the time, and my high cooperation rate has not been punished. Defecting now would break a mutually beneficial pattern and likely reduce my future payoffs.\n\nACTION: COOPERATE",
    "THINKING: The opponent has a high cooperation rate and a recent pattern of being highly cooperative, but they defected last round. Given my total payoff is currently zero, I should defect to protect myself from being exploited again.  \nACTION: DEFECT",
    "THINKING: The opponent is highly cooperative (92% rate) and just cooperated last round. My current total payoff is zero, so I need to maximize points now; cooperating likely yields 3 points, while defecting risks mutual defection.\n\nACTION: COOPERATE",
    "THINKING: The opponent has a high cooperation rate (85%) and is generally cooperative, but they just defected last round. Given my total payoff is currently zero, I should try to rebuild mutual cooperation to improve my score.  \n\nACTION: COOPERATE",
    "THINKING: The opponent has a high cooperation rate and has been cooperative recently, so mutual cooperation yields the best ongoing payoff.  \nACTION: COOPERATE",
    "THINKING: Both of us have high cooperation rates and the opponent just cooperated, so continuing to cooperate maximizes mutual payoff.  \nACTION: COOPERATE",
    "THINKING: Both of us have high cooperation rates, and the opponent has been consistently cooperative recently. Maintaining mutual cooperation maximizes long-term payoff.\n\nACTION: COOPERATE",
    "THINKING: Both of us have been highly cooperative (88% each), and the opponent just cooperated last round. In a repeated Prisoner's Dilemma with high mutual cooperation, defecting now risks breaking trust and lowering future payoffs.\n\nACTION: COOPERATE",
    "THINKING: With both cooperation rates at 89% and a highly cooperative recent pattern, mutual cooperation yields the best joint payoff. Defecting risks breaking this profitable pattern.\n\nACTION: COOPERATE",
    "THINKING: With both cooperation rates at 89% and a highly cooperative recent pattern, mutual cooperation yields the best long-term payoff. Defecting now risks breaking this beneficial cycle.\n\nACTION: COOPERATE",
    "THINKING: Both of us have been highly cooperative (90% each), leading to mutual benefit in most rounds. Continuing to cooperate is likely to maintain high payoffs for both.\n\nACTION: COOPERATE",
    "THINKING: Both of us have been highly cooperative (90% each), and the opponent just cooperated last round. In a repeated Prisoner's Dilemma with a cooperative opponent, mutual cooperation yields the best long-term payoff.\n\nACTION: COOPERATE",
    "THINKING: Both of us have been highly cooperative (91% each), and the opponent just cooperated last round. Maintaining mutual cooperation maximizes long-term payoff in repeated Prisoner's Dilemma.  \nACTION: COOPERATE",
    "THINKING: Both of us have been highly cooperative (91% each), leading to mutual benefit. Continuing to cooperate maximizes long-term payoff in this repeated game.\n\nACTION: COOPERATE",
    "THINKING: Both of us have been highly cooperative (92% each), and the opponent just cooperated last round. Continuing mutual cooperation yields the best long-term payoff per round (3 each) rather than risking a defection cycle.\n\nACTION: COOPERATE",
    "THINKING: Both of us have been highly cooperative (92% each), and mutual cooperation yields the best long-term payoff per round. Defecting now risks breaking this profitable pattern.\n\nACTION: COOPERATE",
    "THINKING: Both of us have been highly cooperative (92% each), and mutual cooperation yields the best long-term payoff per round. Defecting now risks breaking the cooperative equilibrium for minimal short-term gain.\n\nACTION: COOPERATE",
    "THINKING: The opponent has been highly cooperative (93% cooperation rate) and just cooperated last round. In a repeated Prisoner's Dilemma with a cooperative opponent, mutual cooperation yields the best long-term payoff.  \nACTION: COOPERATE",
    "THINKING: With both cooperation rates at 93% and a highly cooperative history, mutual cooperation is the stable, high-payoff outcome. Defecting now risks breaking this profitable pattern in the final rounds.\n\nACTION: COOPERATE",
    "THINKING: Both of us have been highly cooperative (93% each), leading to mutual benefit. Continuing to cooperate maximizes our joint payoff in this repeated game.\n\nACTION: COOPERATE"
  ]
}