{
  "experiment": "exp6_baseline",
  "game": "prisoners_dilemma",
  "provider": "deepseek",
  "baseline": "Extort2",
  "trial": 6,
  "rounds": 30,
  "payoff": 43,
  "coop_rate": 0.26666666666666666,
  "llm_history": [
    "COOPERATE",
    "COOPERATE",
    "COOPERATE",
    "COOPERATE",
    "COOPERATE",
    "COOPERATE",
    "COOPERATE",
    "COOPERATE",
    "DEFECT",
    "DEFECT",
    "DEFECT",
    "DEFECT",
    "DEFECT",
    "DEFECT",
    "DEFECT",
    "DEFECT",
    "DEFECT",
    "DEFECT",
    "DEFECT",
    "DEFECT",
    "DEFECT",
    "DEFECT",
    "DEFECT",
    "DEFECT",
    "DEFECT",
    "DEFECT",
    "DEFECT",
    "DEFECT",
    "DEFECT",
    "DEFECT"
  ],
  "opp_history": [
    "COOPERATE",
    "COOPERATE",
    "COOPERATE",
    "COOPERATE",
    "COOPERATE",
    "COOPERATE",
    "COOPERATE",
    "DEFECT",
    "DEFECT",
    "DEFECT",
    "DEFECT",
    "DEFECT",
    "DEFECT",
    "DEFECT",
    "DEFECT",
    "DEFECT",
    "DEFECT",
    "DEFECT",
    "DEFECT",
    "DEFECT",
    "DEFECT",
    "DEFECT",
    "DEFECT",
    "DEFECT",
    "DEFECT",
    "DEFECT",
    "DEFECT",
    "DEFECT",
    "DEFECT",
    "DEFECT"
  ],
  "llm_responses": [
    "THINKING: This is the first round with no history, so I'll start by cooperating to signal willingness to cooperate and see how the opponent responds.  \nACTION: COOPERATE",
    "THINKING: Since the opponent cooperated in the first round and has a 100% cooperation rate so far, cooperating now encourages mutual cooperation for higher long-term payoffs.  \nACTION: COOPERATE",
    "THINKING: Both players have cooperated in the first two rounds, leading to a high payoff outcome. Since the opponent has a 100% cooperation rate so far, cooperating again continues mutual benefit and builds trust.\n\nACTION: COOPERATE",
    "THINKING: Opponent has cooperated 100% so far, and my total payoff is currently zero because I've cooperated each time while they've also cooperated. Since both cooperating gives me 3 points per round, sticking with cooperation seems beneficial to maintain mutual cooperation.\n\nACTION: COOPERATE",
    "THINKING: Opponent has cooperated 100% so far, and my total payoff is currently zero because I've cooperated every time while they have also cooperated. Since they are highly cooperative, continuing to cooperate maintains mutual benefit.\n\nACTION: COOPERATE",
    "THINKING: Opponent has cooperated 100% of the time, and mutual cooperation yields the best long-term payoff. Defecting now risks breaking this beneficial pattern.\n\nACTION: COOPERATE",
    "THINKING: Opponent has cooperated 100% of the time, and mutual cooperation yields the highest long-term payoff. Defecting now risks breaking this beneficial pattern.  \nACTION: COOPERATE",
    "THINKING: The opponent has cooperated 100% of the time so far, and mutual cooperation yields the highest long-term payoff. Defecting now risks breaking this beneficial pattern.\n\nACTION: COOPERATE",
    "THINKING: The opponent has a high cooperation rate overall, but they defected last round. Given my total payoff is currently zero, I need to avoid being exploited further, so I'll defect to protect myself and possibly gain a higher payoff this round.\n\nACTION: DEFECT",
    "THINKING: The opponent has a high cooperation rate overall but just defected last round, and their pattern suggests they may be conditionally cooperating. To encourage future cooperation, I should respond with a forgiving but not naive move—defect this round to signal that defection has consequences, then return to cooperation if they do.\n\nACTION: DEFECT",
    "THINKING: Opponent has a 70% cooperation rate but just defected last round, suggesting they may be responsive to my actions. My high cooperation rate (80%) might encourage reciprocity if I continue cooperating, but given the recent defect, a cautious defect could protect against exploitation while maintaining potential for future cooperation.\n\nACTION: DEFECT",
    "THINKING: The opponent has a high cooperation rate (64%) but just defected last round, so I should defect to avoid being exploited while signaling I won't tolerate defection.  \nACTION: DEFECT",
    "THINKING: The opponent has a moderate cooperation rate but just defected last round, and my total payoff is currently zero, so I need to be cautious and avoid exploitation.  \nACTION: DEFECT",
    "THINKING: The opponent has been defecting recently and has a lower cooperation rate than me, so continuing to cooperate is likely to lead to more losses.  \nACTION: DEFECT",
    "THINKING: The opponent has been defecting recently and has a 50% cooperation rate overall, but my total payoff is currently zero, so I need to try to improve my score. Given their recent pattern, cooperating is risky; defecting might protect me and possibly gain more if they happen to cooperate.\n\nACTION: DEFECT",
    "THINKING: The opponent has mostly been defecting recently, and my total payoff is currently zero, so continuing to cooperate is not beneficial.  \nACTION: DEFECT",
    "THINKING: The opponent has been defecting recently and has a lower cooperation rate than me, so continuing to cooperate will likely lead to a poor payoff.  \nACTION: DEFECT",
    "THINKING: The opponent has been defecting consistently recently, and my total payoff is currently zero, so cooperating again is unlikely to change their behavior or improve my score.  \nACTION: DEFECT",
    "THINKING: The opponent has been defecting consistently recently, and my cooperation hasn't led to mutual gains. Given the repeated defections, the rational choice is to defect to avoid being exploited.\n\nACTION: DEFECT",
    "THINKING: The opponent has been defecting consistently recently and has a low overall cooperation rate, so cooperating now would likely lead to a poor payoff for me.  \nACTION: DEFECT",
    "THINKING: The opponent has a low cooperation rate and is currently in a pattern of always defecting, so defecting is the safer choice to avoid being exploited.  \nACTION: DEFECT",
    "THINKING: The opponent has a low cooperation rate and is currently in a pattern of always defecting, so cooperating now would likely lead to a poor payoff for me.  \nACTION: DEFECT",
    "THINKING: The opponent has a low cooperation rate and is currently in a pattern of always defecting. Given that they are likely to defect again, cooperating would yield me 0 points while defecting ensures at least 1 point.\n\nACTION: DEFECT",
    "THINKING: The opponent has a low cooperation rate and is currently in a pattern of always defecting, so cooperating now would likely lead to a poor payoff for me.  \nACTION: DEFECT",
    "THINKING: The opponent has been defecting consistently recently, and my cooperation rate is already low, so cooperating now is unlikely to change their behavior or improve my payoff.  \nACTION: DEFECT",
    "THINKING: The opponent has been defecting consistently and has a low cooperation rate, so cooperating now would likely result in a poor payoff for me.  \nACTION: DEFECT",
    "THINKING: Opponent has been consistently defecting recently, and my cooperation rate is low, so continuing to defect is the rational choice to avoid exploitation.  \nACTION: DEFECT",
    "THINKING: The opponent has a low cooperation rate and is currently in a pattern of always defecting, so defecting is the safer choice to avoid exploitation.  \nACTION: DEFECT",
    "THINKING: The opponent has been defecting consistently, and my cooperation has yielded zero payoff so far. Continuing to cooperate is unlikely to change their behavior at this stage.  \nACTION: DEFECT",
    "THINKING: The opponent has a very low cooperation rate and recently always defects, so cooperating would likely yield 0 payoff while defecting yields at least 1.  \nACTION: DEFECT"
  ]
}