{
  "experiment": "exp6_baseline",
  "game": "prisoners_dilemma",
  "provider": "openai",
  "baseline": "AlwaysDefect",
  "trial": 5,
  "rounds": 30,
  "payoff": 29,
  "coop_rate": 0.03333333333333333,
  "llm_history": [
    "COOPERATE",
    "DEFECT",
    "DEFECT",
    "DEFECT",
    "DEFECT",
    "DEFECT",
    "DEFECT",
    "DEFECT",
    "DEFECT",
    "DEFECT",
    "DEFECT",
    "DEFECT",
    "DEFECT",
    "DEFECT",
    "DEFECT",
    "DEFECT",
    "DEFECT",
    "DEFECT",
    "DEFECT",
    "DEFECT",
    "DEFECT",
    "DEFECT",
    "DEFECT",
    "DEFECT",
    "DEFECT",
    "DEFECT",
    "DEFECT",
    "DEFECT",
    "DEFECT",
    "DEFECT"
  ],
  "opp_history": [
    "DEFECT",
    "DEFECT",
    "DEFECT",
    "DEFECT",
    "DEFECT",
    "DEFECT",
    "DEFECT",
    "DEFECT",
    "DEFECT",
    "DEFECT",
    "DEFECT",
    "DEFECT",
    "DEFECT",
    "DEFECT",
    "DEFECT",
    "DEFECT",
    "DEFECT",
    "DEFECT",
    "DEFECT",
    "DEFECT",
    "DEFECT",
    "DEFECT",
    "DEFECT",
    "DEFECT",
    "DEFECT",
    "DEFECT",
    "DEFECT",
    "DEFECT",
    "DEFECT",
    "DEFECT"
  ],
  "llm_responses": [
    "THINKING: Since this is the first round and there is no history or pattern to analyze, cooperating can establish trust and encourage mutual cooperation in future rounds.  \nACTION: COOPERATE  ",
    "THINKING: The opponent has already defected in the first round and has a 0% cooperation rate. Continuing to cooperate will likely lead to being exploited, so defecting is a safer strategy to avoid a worse payoff.  \nACTION: DEFECT  ",
    "THINKING: The opponent has consistently defected (0% cooperation rate) and has shown no inclination to cooperate. Continuing to cooperate would likely result in further losses for me, so defecting is the more rational choice to avoid exploitation.  \nACTION: DEFECT",
    "THINKING: The opponent has consistently defected in all previous rounds, indicating a clear strategy of non-cooperation. To maximize my payoff, the rational response is to defect as well.\n\nACTION: DEFECT",
    "THINKING: The opponent has consistently defected in all previous rounds, showing no willingness to cooperate. Defecting is the rational choice to minimize losses and avoid being exploited.  \nACTION: DEFECT",
    "THINKING: The opponent has consistently defected in every round, indicating a strategy of non-cooperation. Cooperating would result in a guaranteed loss of payoff, so defecting is the rational choice to maximize my own payoff.  \nACTION: DEFECT",
    "THINKING: The opponent has consistently defected in every round, showing no inclination to cooperate. Defecting ensures I don’t get exploited for a payoff of 0.  \nACTION: DEFECT  ",
    "THINKING: The opponent has consistently defected in all previous rounds, resulting in a cooperation rate of 0%. Given that cooperating only leads to losses against a purely defecting opponent, the rational choice is to defect as well.\n\nACTION: DEFECT",
    "THINKING: The opponent has consistently defected in all previous rounds, showing no intention of cooperating. Given their history, cooperating would only lead to a worse payoff for me.\n\nACTION: DEFECT",
    "THINKING: The opponent has consistently defected in all previous rounds, showing no intention to cooperate. Defecting is the best response to avoid being exploited further.\n\nACTION: DEFECT",
    "THINKING: The opponent has consistently defected in every round, showing no intention of cooperating. Defecting maximizes my payoff under these circumstances.  \n\nACTION: DEFECT",
    "THINKING: The opponent has consistently defected in all rounds, indicating no intention to cooperate. Defecting maximizes my payoff under these conditions.\n\nACTION: DEFECT",
    "THINKING: The opponent has consistently defected in all previous rounds and has a cooperation rate of 0%. Cooperating would only lead to a larger payoff for the opponent without benefiting me.\n\nACTION: DEFECT",
    "THINKING: The Opponent has consistently defected in all rounds and shows no indication of cooperation. Defecting maximizes my payoff in this scenario.  \nACTION: DEFECT",
    "THINKING: The opponent has consistently defected in all previous rounds and shows a cooperation rate of 0%. Continuing to cooperate will yield no benefit, so defecting is the rational choice to maximize payoff.\n\nACTION: DEFECT",
    "THINKING: The opponent has demonstrated a consistent pattern of always defecting, and cooperation on my part has consistently resulted in a payoff of 0. To maximize my payoff, I should defect as well.\n\nACTION: DEFECT",
    "THINKING: The opponent has consistently defected in all previous rounds, showing no inclination to cooperate. Continuing to defect is the rational choice to avoid being exploited.\n\nACTION: DEFECT",
    "THINKING: The opponent has consistently defected in all prior rounds, indicating a clear pattern of non-cooperation. Cooperating would only result in a lower payoff for me, while defecting ensures I minimize losses.\n\nACTION: DEFECT",
    "THINKING: Given the opponent's consistent strategy of defecting in all previous rounds, cooperating would lead to zero payoff for me. Defecting ensures I gain at least 1 point.  \nACTION: DEFECT",
    "THINKING: Given the opponent has consistently defected in every round (0% cooperation rate), cooperating would only result in a guaranteed loss for me. To maximize my payoff, I should defect as well.  \n\nACTION: DEFECT",
    "THINKING: The opponent has consistently defected in all 20 rounds and has a 0% cooperation rate. Cooperating would only result in being exploited, so defecting maximizes my payoff.  \nACTION: DEFECT  ",
    "THINKING: The opponent has consistently defected in all 21 rounds, showing no willingness to cooperate. Defecting maximizes my payoff in this scenario since cooperation will only result in a guaranteed loss. \n\nACTION: DEFECT",
    "THINKING: The opponent has consistently defected in all previous rounds and has a cooperation rate of 0%. Continuing to cooperate would only lead to my exploitation, so defecting is the rational choice.  \nACTION: DEFECT",
    "THINKING: The opponent has consistently defected in all previous rounds, and their cooperation rate is 0%. Cooperating would result in a guaranteed loss, so defecting is the only rational choice.\n\nACTION: DEFECT",
    "THINKING: Based on the opponent's consistent pattern of always defecting, cooperating would yield no payoff for me and only benefit them. Defecting is the rational choice to minimize loss and gain a small payoff. \n\nACTION: DEFECT",
    "THINKING: The opponent has consistently defected in all prior rounds, and their cooperation rate is 0%. Continuing to defect maximizes my payoff given their unchanging strategy.  \nACTION: DEFECT  ",
    "THINKING: The opponent has always defected, showing no willingness to cooperate. Defecting ensures I avoid the worst payoff of 0 and matches their strategy for maximum self-benefit.  \n\nACTION: DEFECT",
    "THINKING: The opponent has consistently defected every round, ensuring I receive minimal payoff unless I also defect. Cooperating would yield no benefits under the current pattern.  \n\nACTION: DEFECT  ",
    "THINKING: The opponent has consistently defected in every round (0% cooperation rate), and cooperating would result in a guaranteed loss for me. Defecting is the only rational choice to minimize my losses.  \n\nACTION: DEFECT",
    "THINKING: The opponent has consistently defected in every round and shows no pattern of cooperation. Since cooperation would result in a guaranteed loss while defecting ensures at least 1 payoff, the rational choice is to defect.\n\nACTION: DEFECT"
  ]
}