{
  "experiment": "exp6_baseline",
  "game": "prisoners_dilemma",
  "provider": "openai",
  "baseline": "GenerousTitForTat",
  "trial": 9,
  "rounds": 30,
  "payoff": 90,
  "coop_rate": 1.0,
  "llm_history": [
    "COOPERATE",
    "COOPERATE",
    "COOPERATE",
    "COOPERATE",
    "COOPERATE",
    "COOPERATE",
    "COOPERATE",
    "COOPERATE",
    "COOPERATE",
    "COOPERATE",
    "COOPERATE",
    "COOPERATE",
    "COOPERATE",
    "COOPERATE",
    "COOPERATE",
    "COOPERATE",
    "COOPERATE",
    "COOPERATE",
    "COOPERATE",
    "COOPERATE",
    "COOPERATE",
    "COOPERATE",
    "COOPERATE",
    "COOPERATE",
    "COOPERATE",
    "COOPERATE",
    "COOPERATE",
    "COOPERATE",
    "COOPERATE",
    "COOPERATE"
  ],
  "opp_history": [
    "COOPERATE",
    "COOPERATE",
    "COOPERATE",
    "COOPERATE",
    "COOPERATE",
    "COOPERATE",
    "COOPERATE",
    "COOPERATE",
    "COOPERATE",
    "COOPERATE",
    "COOPERATE",
    "COOPERATE",
    "COOPERATE",
    "COOPERATE",
    "COOPERATE",
    "COOPERATE",
    "COOPERATE",
    "COOPERATE",
    "COOPERATE",
    "COOPERATE",
    "COOPERATE",
    "COOPERATE",
    "COOPERATE",
    "COOPERATE",
    "COOPERATE",
    "COOPERATE",
    "COOPERATE",
    "COOPERATE",
    "COOPERATE",
    "COOPERATE"
  ],
  "llm_responses": [
    "THINKING: Since this is the first round, there is no prior data on the opponent's behavior. Cooperation in the first round can establish trust and potentially lead to mutual cooperation in subsequent rounds, maximizing long-term payoffs.\n\nACTION: COOPERATE",
    "THINKING: Based on the opponent's cooperation rate of 100% and the history of mutual cooperation in the first round, maintaining cooperation increases the chances of maximizing long-term payoffs for both players. Defecting might risk breaking trust early in the game.  \nACTION: COOPERATE  ",
    "THINKING: Opponent has cooperated consistently so far, and mutual cooperation yields the best long-term payoff. Maintaining trust and cooperation increases the likelihood of sustained positive outcomes.  \nACTION: COOPERATE",
    "THINKING: The opponent has demonstrated consistent cooperation, and mutual cooperation yields a higher payoff than mutual defection. To maintain trust and maximize long-term payoff, I should continue cooperating.  \nACTION: COOPERATE",
    "THINKING: The opponent has consistently cooperated in every round, and their cooperation rate is 100%. To maintain mutual trust and maximize long-term payoffs, continuing to cooperate is the best strategy.  \nACTION: COOPERATE  ",
    "THINKING: Both I and the Opponent have cooperated consistently, fostering mutual trust and maximizing payoffs for both. It would be unwise to defect now, as breaking the cooperative streak risks damaging trust and reducing future payoffs.\n\nACTION: COOPERATE",
    "THINKING: The opponent has consistently cooperated in all previous rounds, and both of us have achieved maximum mutual payoff by cooperating. Breaking the trust now by defecting could lead to long-term losses if it triggers retaliation. Continuing to cooperate aligns with maintaining mutual high payoffs.\n\nACTION: COOPERATE",
    "THINKING: The opponent has consistently cooperated in all prior rounds, indicating a highly cooperative strategy. To maximize long-term payoffs and maintain mutual trust, I should continue cooperating.\n\nACTION: COOPERATE",
    "THINKING: The opponent has consistently cooperated in all 8 rounds, suggesting a highly cooperative strategy. Defecting now risks breaking mutual trust and reducing long-term payoffs.\n\nACTION: COOPERATE",
    "THINKING: Both I and the opponent have consistently cooperated in all previous rounds, maintaining mutual trust and maximizing payoffs. Defecting now would break that trust and likely lead to mutual defection in future rounds, resulting in lower payoffs overall.\n\nACTION: COOPERATE",
    "THINKING: The opponent has consistently cooperated in all past rounds, and mutual cooperation yields the highest joint payoff. Defecting would break the trust and likely lead to a breakdown in cooperation in future rounds.  \n\nACTION: COOPERATE",
    "THINKING: Both my opponent and I have maintained a perfect cooperation rate so far, leading to mutual trust and optimal payoffs. Defecting now would break that trust and likely lead to a worse outcome in future rounds. Continuing cooperation maximizes long-term gains.\n\nACTION: COOPERATE",
    "THINKING: Both I and my opponent have cooperated consistently, indicating a strong mutual trust. Breaking this pattern by defecting would damage the trust and likely lead to worse long-term payoffs.\n\nACTION: COOPERATE",
    "THINKING: Both I and the opponent have maintained a perfect cooperation rate so far, indicating mutual trust. Defecting now risks breaking the trust and reducing future payoffs, while cooperating sustains the higher long-term reward.  \nACTION: COOPERATE",
    "THINKING: Both I and the Opponent have cooperated consistently, leading to mutual benefit. Breaking this pattern now would risk destroying the trust and the high payoffs achieved so far.  \nACTION: COOPERATE  ",
    "THINKING: The opponent has cooperated 100% of the time and appears highly trustworthy. Continuing to cooperate maximizes long-term payoffs and maintains mutual trust. Defecting now would harm the relationship and reduce future gains.  \nACTION: COOPERATE",
    "THINKING: Both you and the opponent have maintained a perfect cooperation rate so far, maximizing mutual payoffs. Defecting now would undermine trust and likely lead to lower payoffs in subsequent rounds.\n\nACTION: COOPERATE",
    "THINKING: Both I and the Opponent have shown perfect cooperation so far, leading to mutual high payoffs. Defecting would break the trust and likely lead to a worse outcome in future rounds. Maintaining cooperation maximizes long-term gains.  \nACTION: COOPERATE",
    "THINKING: The opponent has been consistently cooperative for all 18 rounds, and mutual cooperation maximizes long-term payoffs. Defecting now risks breaking trust and reducing overall gains.\n\nACTION: COOPERATE",
    "THINKING: Both I and my opponent have cooperated in every round, fostering mutual trust and maximizing our payoffs. Breaking this pattern by defecting would undermine our cooperation and likely lead to worse outcomes in future rounds.\n\nACTION: COOPERATE",
    "THINKING: The opponent has been consistently cooperative for all 20 rounds, and mutual cooperation has the highest long-term payoff. Defecting now could break the established trust and jeopardize future cooperation.\n\nACTION: COOPERATE",
    "THINKING: The opponent has been consistently cooperative for all 21 rounds, and mutual cooperation yields the highest long-term payoff. Defecting now risks breaking the trust and reducing future payoffs.  \nACTION: COOPERATE",
    "THINKING: Both my opponent and I have cooperated 100% of the time so far, leading to the maximum mutual payoff. Breaking this trust by defecting would damage the cooperative dynamic and could lead to lower long-term payoffs in future rounds.\n\nACTION: COOPERATE",
    "THINKING: Both I and the opponent have been fully cooperative throughout the game, and there is no indication that the opponent will deviate from this strategy. Continuing to cooperate maximizes mutual payoff and maintains trust.  \nACTION: COOPERATE",
    "THINKING: The opponent has been consistently cooperative for all 24 rounds. Maintaining mutual cooperation maximizes long-term payoffs for both of us and aligns with their predictable behavior. Defecting risks breaking this beneficial dynamic.\n\nACTION: COOPERATE",
    "THINKING: The opponent has demonstrated consistent cooperation over 25 rounds, and mutual cooperation maximizes long-term payoffs. Defecting now would break trust and could lead to both of us defecting in the future, reducing overall payoffs.\n\nACTION: COOPERATE",
    "THINKING: Both myself and the Opponent have been consistently cooperative, leading to mutual high payoffs. Maintaining cooperation ensures that we continue maximizing our benefits without introducing distrust.\n\nACTION: COOPERATE",
    "THINKING: Both I and the Opponent have been fully cooperative so far, with a 100% cooperation rate. Maintaining mutual cooperation ensures the highest long-term payoff for both of us.\n\nACTION: COOPERATE",
    "THINKING: The Opponent has consistently cooperated in all previous rounds, demonstrating a highly cooperative strategy. Defecting would betray the trust built so far and could lead to a breakdown in mutual cooperation, which is not optimal for long-term payoffs.\n\nACTION: COOPERATE",
    "THINKING: Both you and the opponent have demonstrated consistent cooperation over all rounds, yielding the maximum payoff for both. Defecting now would disrupt the mutual trust and risk future retaliation, reducing overall payoffs.  \nACTION: COOPERATE  "
  ]
}