{
  "experiment": "exp6_baseline",
  "game": "prisoners_dilemma",
  "provider": "deepseek",
  "baseline": "AlwaysCooperate",
  "trial": 4,
  "rounds": 30,
  "payoff": 110,
  "coop_rate": 0.6666666666666666,
  "llm_history": [
    "COOPERATE",
    "COOPERATE",
    "COOPERATE",
    "COOPERATE",
    "COOPERATE",
    "COOPERATE",
    "COOPERATE",
    "COOPERATE",
    "COOPERATE",
    "DEFECT",
    "COOPERATE",
    "COOPERATE",
    "COOPERATE",
    "COOPERATE",
    "COOPERATE",
    "COOPERATE",
    "COOPERATE",
    "DEFECT",
    "COOPERATE",
    "DEFECT",
    "COOPERATE",
    "DEFECT",
    "DEFECT",
    "COOPERATE",
    "COOPERATE",
    "DEFECT",
    "DEFECT",
    "DEFECT",
    "DEFECT",
    "DEFECT"
  ],
  "opp_history": [
    "COOPERATE",
    "COOPERATE",
    "COOPERATE",
    "COOPERATE",
    "COOPERATE",
    "COOPERATE",
    "COOPERATE",
    "COOPERATE",
    "COOPERATE",
    "COOPERATE",
    "COOPERATE",
    "COOPERATE",
    "COOPERATE",
    "COOPERATE",
    "COOPERATE",
    "COOPERATE",
    "COOPERATE",
    "COOPERATE",
    "COOPERATE",
    "COOPERATE",
    "COOPERATE",
    "COOPERATE",
    "COOPERATE",
    "COOPERATE",
    "COOPERATE",
    "COOPERATE",
    "COOPERATE",
    "COOPERATE",
    "COOPERATE",
    "COOPERATE"
  ],
  "llm_responses": [
    "THINKING: This is the first round with no history, so I'll start by cooperating to signal willingness to cooperate and see how the opponent responds.  \nACTION: COOPERATE",
    "THINKING: The opponent cooperated in round 1, and their cooperation rate is 100%. In a repeated Prisoner's Dilemma, starting with cooperation and reciprocating can build mutual trust for higher long-term payoffs.  \nACTION: COOPERATE",
    "THINKING: Opponent has cooperated both times so far, and my cooperation rate is 100%. Continuing to cooperate may sustain mutual cooperation for high payoffs.  \nACTION: COOPERATE",
    "THINKING: The opponent has cooperated in all previous rounds, and my cooperation rate is 100%. Continuing to cooperate maintains mutual cooperation and maximizes long-term payoff in a repeated game.  \nACTION: COOPERATE",
    "THINKING: The opponent has cooperated in all 4 previous rounds, and my total payoff is currently 0, meaning I've been cooperating while they've been cooperating. With a 100% cooperation rate from them, continuing to cooperate is likely to maintain mutual benefit.\n\nACTION: COOPERATE",
    "THINKING: Opponent has cooperated 100% so far, so continuing to cooperate maintains mutual benefit and high payoffs.  \nACTION: COOPERATE",
    "THINKING: Opponent has cooperated 100% so far, and mutual cooperation yields the highest long-term payoff. Defecting now risks breaking trust and reducing future gains.\n\nACTION: COOPERATE",
    "THINKING: The opponent has cooperated 100% of the time so far, and my total payoff is currently zero because I have always cooperated while they have always cooperated. Continuing to cooperate maintains mutual benefit and high payoff for both.\n\nACTION: COOPERATE",
    "THINKING: The opponent has cooperated 100% of the time, and mutual cooperation yields the best long-term payoff. Defecting now risks breaking this beneficial pattern.\n\nACTION: COOPERATE",
    "THINKING: The opponent has cooperated 100% of the time so far, and my total payoff is zero because I have always cooperated while they have always defected against me. This suggests they are exploiting my cooperation, so I should defect to improve my payoff.\n\nACTION: DEFECT",
    "THINKING: The opponent has cooperated 100% of the time so far, and my high cooperation rate has not been exploited. Continuing to cooperate maintains mutual benefit and high payoffs.\n\nACTION: COOPERATE",
    "THINKING: The opponent has cooperated 100% of the time, and my high cooperation rate hasn't been punished. Continuing to cooperate maintains mutual benefit.\n\nACTION: COOPERATE",
    "THINKING: The opponent has cooperated 100% of the time so far, and my high cooperation rate has likely reinforced this. Defecting now would exploit their trust for a one-time gain, but risks retaliation in future rounds and reduces overall payoff potential.  \nACTION: COOPERATE",
    "THINKING: The opponent has cooperated 100% of the time, so continuing to cooperate maximizes mutual payoff and maintains the cooperative equilibrium.  \nACTION: COOPERATE",
    "THINKING: The opponent has cooperated 100% of the time, so cooperating again is likely to yield a high payoff of 3. Defecting would risk breaking the mutual cooperation for a one-time gain of 5, but could trigger retaliation in future rounds, reducing long-term payoff.  \nACTION: COOPERATE",
    "THINKING: The opponent has cooperated 100% of the time, and my high cooperation rate has likely reinforced this pattern. Defecting now would yield a short-term gain but risks breaking the cooperative equilibrium for future rounds.\n\nACTION: COOPERATE",
    "THINKING: The opponent has cooperated 100% of the time, and my high cooperation rate has likely sustained this mutual benefit. Defecting now would break trust and likely reduce my payoff in future rounds.\n\nACTION: COOPERATE",
    "THINKING: The opponent has cooperated 100% of the time so far, and my current payoff is zero because I have mostly cooperated while they have defected against me in key early rounds. To improve my score, I should exploit their consistent cooperation now.\n\nACTION: DEFECT",
    "THINKING: The opponent has cooperated 100% of the time, and my cooperation rate is high. Defecting now would give me a short-term gain but likely break the mutual cooperation and reduce my future payoffs in this repeated game.\n\nACTION: COOPERATE",
    "THINKING: The opponent has cooperated 100% of the time, so they are likely playing a purely cooperative strategy like \"Always Cooperate.\" Defecting now would give me a higher payoff for this round.\n\nACTION: DEFECT",
    "THINKING: The opponent has cooperated 100% of the time so far, and my cooperation rate is high. Defecting now would give a short-term gain but risks breaking the cooperative pattern and lowering my long-term payoff.\n\nACTION: COOPERATE",
    "THINKING: The opponent has cooperated 100% of the time, so they are likely playing a pure cooperative strategy like \"Always Cooperate.\" Defecting now maximizes my payoff for this round.\n\nACTION: DEFECT",
    "THINKING: The opponent has cooperated 100% of the time, so they are likely playing a purely cooperative strategy like \"Always Cooperate.\" Defecting now would give me a higher payoff this round without any apparent retaliation.\n\nACTION: DEFECT",
    "THINKING: The opponent has cooperated 100% of the time so far, and my total payoff is zero because I have been defecting too often against a cooperative player, missing out on mutual gains. To maximize my score in the remaining rounds, I should start cooperating to earn 3 points per round instead of 1.\n\nACTION: COOPERATE",
    "THINKING: The opponent has cooperated 100% of the time, so cooperating now maximizes mutual payoff and maintains the high-reward pattern.  \nACTION: COOPERATE",
    "THINKING: The opponent has cooperated 100% of the time so far, and my cooperation rate is 80%. To maximize my payoff in this round, I should exploit their consistent cooperation by defecting.\n\nACTION: DEFECT",
    "THINKING: The opponent has cooperated 100% of the time, making them extremely predictable and exploitable. Defecting now yields the highest immediate payoff (5 vs 3) with no sign of retaliation.\n\nACTION: DEFECT",
    "THINKING: The opponent has cooperated 100% of the time, so they are extremely predictable and trustworthy. To maximize my payoff in this round, I should defect and get 5 instead of 3.\n\nACTION: DEFECT",
    "THINKING: The opponent has cooperated 100% of the time, so they are likely playing a pure cooperative strategy like \"Always Cooperate.\" Defecting now maximizes my payoff for this round.\n\nACTION: DEFECT",
    "THINKING: The opponent has cooperated 100% of the time, so defecting now would maximize my payoff for this round without any sign of retaliation.  \nACTION: DEFECT"
  ]
}