{
  "experiment": "exp6_baseline",
  "game": "prisoners_dilemma",
  "provider": "deepseek",
  "baseline": "Extort2",
  "trial": 20,
  "rounds": 30,
  "payoff": 86,
  "coop_rate": 0.9666666666666667,
  "llm_history": [
    "COOPERATE",
    "COOPERATE",
    "COOPERATE",
    "COOPERATE",
    "COOPERATE",
    "COOPERATE",
    "COOPERATE",
    "COOPERATE",
    "COOPERATE",
    "COOPERATE",
    "COOPERATE",
    "DEFECT",
    "COOPERATE",
    "COOPERATE",
    "COOPERATE",
    "COOPERATE",
    "COOPERATE",
    "COOPERATE",
    "COOPERATE",
    "COOPERATE",
    "COOPERATE",
    "COOPERATE",
    "COOPERATE",
    "COOPERATE",
    "COOPERATE",
    "COOPERATE",
    "COOPERATE",
    "COOPERATE",
    "COOPERATE",
    "COOPERATE"
  ],
  "opp_history": [
    "COOPERATE",
    "COOPERATE",
    "COOPERATE",
    "COOPERATE",
    "COOPERATE",
    "COOPERATE",
    "COOPERATE",
    "COOPERATE",
    "COOPERATE",
    "COOPERATE",
    "COOPERATE",
    "COOPERATE",
    "DEFECT",
    "DEFECT",
    "COOPERATE",
    "COOPERATE",
    "COOPERATE",
    "COOPERATE",
    "COOPERATE",
    "COOPERATE",
    "COOPERATE",
    "COOPERATE",
    "COOPERATE",
    "COOPERATE",
    "COOPERATE",
    "COOPERATE",
    "COOPERATE",
    "COOPERATE",
    "COOPERATE",
    "COOPERATE"
  ],
  "llm_responses": [
    "THINKING: This is the first round with no history, so I'll start with cooperation to signal willingness to cooperate and see how the opponent responds.  \nACTION: COOPERATE",
    "THINKING: The opponent cooperated in round 1, and with no reason to defect yet, cooperating continues the mutual benefit.  \nACTION: COOPERATE",
    "THINKING: The opponent has cooperated in both previous rounds, and my cooperation rate is 100%. Since we are both cooperating, I'm currently getting a payoff of 3 per round, which is better than the mutual defect payoff of 1. I should continue cooperating to maintain this mutually beneficial outcome.\n\nACTION: COOPERATE",
    "THINKING: Opponent has cooperated 100% so far, and mutual cooperation yields the highest long-term payoff. Defecting now risks breaking trust and reducing future gains.  \nACTION: COOPERATE",
    "THINKING: Opponent has cooperated 100% of the time so far, and my total payoff is 0.0, meaning I've been cooperating while they've been cooperating too. In a repeated Prisoner's Dilemma with a highly cooperative opponent, maintaining cooperation is mutually beneficial.\n\nACTION: COOPERATE",
    "THINKING: The opponent has cooperated every round so far, and my cooperation rate is 100%. Continuing to cooperate maintains mutual benefit and high payoffs.  \nACTION: COOPERATE",
    "THINKING: The opponent has cooperated 100% of the time so far, and mutual cooperation yields a good payoff. Defecting now risks breaking this cooperative pattern and lowering future payoffs.  \nACTION: COOPERATE",
    "THINKING: The opponent has cooperated in all 7 previous rounds, showing a highly cooperative pattern. In a repeated Prisoner's Dilemma, mutual cooperation yields the best long-term payoff, and defecting now could trigger retaliation.\n\nACTION: COOPERATE",
    "THINKING: The opponent has cooperated 100% of the time so far, and mutual cooperation yields the highest long-term payoff. Defecting now risks breaking this beneficial pattern.\n\nACTION: COOPERATE",
    "THINKING: The opponent has cooperated in all 9 previous rounds, and my total payoff is currently 0, meaning I have been cooperating while they have been cooperating as well. Continuing to cooperate maintains mutual high payoffs.\n\nACTION: COOPERATE",
    "THINKING: The opponent has cooperated 100% of the time, and mutual cooperation yields the best long-term payoff. Defecting now risks breaking this beneficial pattern.\n\nACTION: COOPERATE",
    "THINKING: Opponent has cooperated 100% of the time so far, and my total payoff is 0, meaning I've been cooperating while they've been defecting. This suggests they are exploiting my cooperation.  \nACTION: DEFECT",
    "THINKING: The opponent has cooperated 100% of the time so far, and my high cooperation rate has not been punished. Defecting now would give a short-term gain but risks breaking a mutually beneficial pattern in a repeated game.\n\nACTION: COOPERATE",
    "THINKING: The opponent has a high cooperation rate (92%) and has been highly cooperative overall, but they just defected last round. Given the repeated nature and my current low payoff, I should respond with a forgiving but cautious approach to encourage mutual cooperation again.\n\nACTION: COOPERATE",
    "THINKING: The opponent has a high cooperation rate and a recent pattern of being highly cooperative, but they defected last round. Given my total payoff is currently zero, I should try to rebuild mutual cooperation to improve my score, so I'll cooperate to encourage that.  \nACTION: COOPERATE",
    "THINKING: The opponent is highly cooperative (87% rate) and just cooperated last round, so mutual cooperation is likely and yields the best payoff for both.  \nACTION: COOPERATE",
    "THINKING: Opponent has been highly cooperative (88% overall, recent pattern cooperative), and mutual cooperation yields the highest long-term payoff. Defecting now risks retaliation and losing future gains.\n\nACTION: COOPERATE",
    "THINKING: The opponent has been highly cooperative (88% overall, last action cooperate), and mutual cooperation yields the highest long-term payoff. Defecting now risks retaliation and losing future gains.\n\nACTION: COOPERATE",
    "THINKING: Both of us have been highly cooperative, and mutual cooperation yields the best long-term payoff per round (3 each). Defecting now risks breaking this beneficial pattern for minimal short-term gain.\n\nACTION: COOPERATE",
    "THINKING: The opponent has been highly cooperative (89% rate) and just cooperated last round. In a repeated Prisoner's Dilemma with a cooperative opponent, mutual cooperation yields the best long-term payoff.  \nACTION: COOPERATE",
    "THINKING: Both of us have been highly cooperative, leading to mutual benefit. Continuing to cooperate is likely to maintain high payoffs for both.\n\nACTION: COOPERATE",
    "THINKING: The opponent is highly cooperative (90% cooperation rate) and just cooperated last round. My total payoff is currently zero, so maintaining mutual cooperation maximizes future payoffs.\n\nACTION: COOPERATE",
    "THINKING: Both of us have been highly cooperative, leading to mutual benefit. Defecting now risks breaking this pattern and lowering future payoffs.  \nACTION: COOPERATE",
    "THINKING: The opponent has been highly cooperative (91% cooperation rate) and just cooperated last round. Mutual cooperation yields the best long-term payoff per round, and defecting now risks damaging future cooperation.\n\nACTION: COOPERATE",
    "THINKING: Both of us have been highly cooperative, and mutual cooperation yields the best long-term payoff per round. Defecting now risks breaking trust and lowering future payoffs.  \n\nACTION: COOPERATE",
    "THINKING: With both cooperation rates extremely high and the opponent consistently cooperating, mutual cooperation yields the best long-term payoff. Defecting risks breaking trust and lowering future gains.  \nACTION: COOPERATE",
    "THINKING: Both of us have been highly cooperative, leading to mutual benefit. Given the opponent's consistent cooperation and high cooperation rate, continuing to cooperate maximizes our joint payoff and maintains trust.\n\nACTION: COOPERATE",
    "THINKING: Both of us have been highly cooperative, and mutual cooperation yields the best long-term payoff per round. Given the opponent's consistent cooperation, defecting now risks damaging future cooperation for a small one-time gain.\n\nACTION: COOPERATE",
    "THINKING: With both cooperation rates extremely high and the opponent consistently cooperating, mutual cooperation maximizes my payoff this round and maintains the cooperative equilibrium.  \nACTION: COOPERATE",
    "THINKING: With both cooperation rates extremely high and the opponent consistently cooperating, mutual cooperation maximizes my payoff in this round.  \nACTION: COOPERATE"
  ]
}