{
  "experiment": "exp6_baseline",
  "game": "prisoners_dilemma",
  "provider": "openai",
  "baseline": "AlwaysCooperate",
  "trial": 16,
  "rounds": 30,
  "payoff": 90,
  "coop_rate": 1.0,
  "llm_history": [
    "COOPERATE",
    "COOPERATE",
    "COOPERATE",
    "COOPERATE",
    "COOPERATE",
    "COOPERATE",
    "COOPERATE",
    "COOPERATE",
    "COOPERATE",
    "COOPERATE",
    "COOPERATE",
    "COOPERATE",
    "COOPERATE",
    "COOPERATE",
    "COOPERATE",
    "COOPERATE",
    "COOPERATE",
    "COOPERATE",
    "COOPERATE",
    "COOPERATE",
    "COOPERATE",
    "COOPERATE",
    "COOPERATE",
    "COOPERATE",
    "COOPERATE",
    "COOPERATE",
    "COOPERATE",
    "COOPERATE",
    "COOPERATE",
    "COOPERATE"
  ],
  "opp_history": [
    "COOPERATE",
    "COOPERATE",
    "COOPERATE",
    "COOPERATE",
    "COOPERATE",
    "COOPERATE",
    "COOPERATE",
    "COOPERATE",
    "COOPERATE",
    "COOPERATE",
    "COOPERATE",
    "COOPERATE",
    "COOPERATE",
    "COOPERATE",
    "COOPERATE",
    "COOPERATE",
    "COOPERATE",
    "COOPERATE",
    "COOPERATE",
    "COOPERATE",
    "COOPERATE",
    "COOPERATE",
    "COOPERATE",
    "COOPERATE",
    "COOPERATE",
    "COOPERATE",
    "COOPERATE",
    "COOPERATE",
    "COOPERATE",
    "COOPERATE"
  ],
  "llm_responses": [
    "THINKING: Since this is the first round and there is no history to analyze, cooperating can help establish trust and encourage mutual cooperation for higher long-term payoffs.  \nACTION: COOPERATE  ",
    "THINKING: Since both players cooperated in the first round, and the opponent has a 100% cooperation rate so far, maintaining cooperation maximizes mutual payoff and builds trust for future rounds. Defecting now risks breaking this trust prematurely.\n\nACTION: COOPERATE",
    "THINKING: The opponent has consistently cooperated so far, and mutual cooperation yields a higher payoff than mutual defection. Maintaining trust at this stage is beneficial for long-term gains.\n\nACTION: COOPERATE",
    "THINKING: Both my opponent and I have consistently cooperated, leading to mutual gains. Maintaining cooperation maximizes our payoffs and builds trust. Defecting now risks damaging the cooperative dynamic and future payoffs.  \n\nACTION: COOPERATE",
    "THINKING: The opponent has maintained a perfect cooperation rate, and mutual cooperation yields the best collective outcome. Defecting now may disrupt the trust and lead to worse payoffs in future rounds. \n\nACTION: COOPERATE",
    "THINKING: The Opponent has consistently cooperated in every round and seems highly cooperative. Maintaining mutual cooperation ensures the highest long-term payoff for both players.\n\nACTION: COOPERATE",
    "THINKING: The opponent has shown a consistent pattern of cooperation (100% cooperation rate) and mutual cooperation yields the highest total payoff for both players. Defecting now risks breaking trust and losing future cooperative payoffs. \n\nACTION: COOPERATE",
    "THINKING: The opponent has consistently cooperated in every round, and mutual cooperation provides the best collective payoff (3 each). Defecting now would break trust and could lead to a breakdown in cooperation, lowering long-term payoffs. \n\nACTION: COOPERATE",
    "THINKING: Both my cooperation rate and the opponent's cooperation rate have been 100%, and the opponent has shown consistent cooperation. Defecting now would break trust and disrupt the mutually beneficial outcome.  \nACTION: COOPERATE",
    "THINKING: Both the opponent and I have consistently cooperated in all previous rounds, maintaining a mutually beneficial strategy. Defecting now risks breaking trust and jeopardizing future cooperation.\n\nACTION: COOPERATE",
    "THINKING: The opponent has consistently cooperated in all previous rounds, and maintaining mutual cooperation maximizes the overall payoff for both of us. Defecting now would break the trust and potentially harm future cooperation. \n\nACTION: COOPERATE",
    "THINKING: Both my cooperation rate and the opponent's are 100%, and the opponent has shown a highly cooperative pattern. Defecting now risks breaking mutual trust and could lead to lower payoffs in future rounds. Cooperation ensures the optimal joint payoff.  \nACTION: COOPERATE",
    "THINKING: The opponent has been consistently cooperative, and my cooperation rate is currently 100%. Maintaining mutual cooperation yields the highest consistent payoff for both of us. Defecting now would risk breaking the trust and reducing future payoffs.  \nACTION: COOPERATE",
    "THINKING: Both I and the Opponent have maintained perfect cooperation so far, leading to mutual high payoffs. Breaking the cooperative pattern now risks undermining trust and could lead to suboptimal payoffs in future rounds.\n\nACTION: COOPERATE",
    "THINKING: Both my opponent and I have cooperated every round so far, leading to mutual high payoffs. Breaking this pattern could jeopardize our trust and long-term gains.\n\nACTION: COOPERATE",
    "THINKING: The opponent has consistently cooperated for all 15 rounds, and mutual cooperation yields the highest shared payoff. Defecting now would risk breaking this beneficial pattern and jeopardize future cooperation.  \nACTION: COOPERATE",
    "THINKING: The opponent has consistently cooperated for all 16 rounds, suggesting a highly reliable cooperative strategy. Defecting would break the trust and potentially lead to a lower long-term payoff. \n\nACTION: COOPERATE",
    "THINKING: Both I and my opponent have consistently cooperated in all previous rounds, leading to mutual high payoffs. Breaking this trust by defecting could risk initiating a pattern of mutual defection, which is worse for both of us in the long run.\n\nACTION: COOPERATE",
    "THINKING: The opponent has shown consistent cooperation throughout all previous rounds, signaling trustworthiness and a willingness to maximize mutual payoffs. Continuing to cooperate ensures a stable, high payoff for both parties rather than risking lower outcomes by defecting.  \n\nACTION: COOPERATE",
    "THINKING: Both I and the Opponent have been completely cooperative up to this point, which has maximized our mutual payoffs. There is no indication that the Opponent will defect, so maintaining cooperation ensures continued mutual gain.\n\nACTION: COOPERATE",
    "THINKING: The opponent has cooperated consistently in every round, and mutual cooperation yields the highest combined payoff. Defecting would break trust and may lead to worse outcomes in future rounds.\n\nACTION: COOPERATE",
    "THINKING: Both I and my opponent have been consistently cooperative for all 21 rounds, maximizing mutual payoffs. Defecting now would break trust and lead to a lower long-term payoff if my opponent retaliates.  \nACTION: COOPERATE",
    "THINKING: Both I and the Opponent have consistently cooperated for all 22 rounds, yielding mutual benefits. Defecting now would break the trust and jeopardize future cooperation, which is not optimal in the long term.\n\nACTION: COOPERATE",
    "THINKING: The opponent has consistently cooperated, and mutual cooperation yields the highest combined payoff. Continuing to cooperate maintains trust and maximizes long-term benefits in this repeated interaction. \n\nACTION: COOPERATE",
    "THINKING: Both you and your opponent have been consistently cooperating throughout the game, leading to mutual high payoffs. Maintaining cooperation ensures the highest possible payoff for both parties in a repeated game. \n\nACTION: COOPERATE",
    "THINKING: Both I and the Opponent have maintained 100% cooperation so far, leading to a stable and mutually beneficial outcome. Defecting now could break trust and harm future payoffs.\n\nACTION: COOPERATE",
    "THINKING: The opponent has maintained a perfect cooperation rate, and mutual cooperation has the highest joint payoff. Defecting now risks disrupting this beneficial equilibrium.\n\nACTION: COOPERATE",
    "THINKING: The Opponent has cooperated in every round so far, showing a highly consistent and cooperative strategy. To maintain mutual benefit and maximize long-term payoffs, continuing to cooperate is the best option.\n\nACTION: COOPERATE",
    "THINKING: Both you and Opponent have maintained a perfect cooperation rate, resulting in optimal payoffs for both. Continuing to cooperate ensures mutual trust and maximizes long-term rewards. Defecting would disrupt this equilibrium and risk retaliation.\n\nACTION: COOPERATE",
    "THINKING: The opponent has consistently cooperated in all previous rounds, showing a highly cooperative strategy. Maintaining mutual cooperation maximizes long-term payoffs for both parties, so I should continue cooperating to preserve trust and maximize joint benefits. \n\nACTION: COOPERATE"
  ]
}