{
  "experiment": "exp6_baseline",
  "game": "prisoners_dilemma",
  "provider": "openai",
  "baseline": "GenerousTitForTat",
  "trial": 15,
  "rounds": 30,
  "payoff": 90,
  "coop_rate": 1.0,
  "llm_history": [
    "COOPERATE",
    "COOPERATE",
    "COOPERATE",
    "COOPERATE",
    "COOPERATE",
    "COOPERATE",
    "COOPERATE",
    "COOPERATE",
    "COOPERATE",
    "COOPERATE",
    "COOPERATE",
    "COOPERATE",
    "COOPERATE",
    "COOPERATE",
    "COOPERATE",
    "COOPERATE",
    "COOPERATE",
    "COOPERATE",
    "COOPERATE",
    "COOPERATE",
    "COOPERATE",
    "COOPERATE",
    "COOPERATE",
    "COOPERATE",
    "COOPERATE",
    "COOPERATE",
    "COOPERATE",
    "COOPERATE",
    "COOPERATE",
    "COOPERATE"
  ],
  "opp_history": [
    "COOPERATE",
    "COOPERATE",
    "COOPERATE",
    "COOPERATE",
    "COOPERATE",
    "COOPERATE",
    "COOPERATE",
    "COOPERATE",
    "COOPERATE",
    "COOPERATE",
    "COOPERATE",
    "COOPERATE",
    "COOPERATE",
    "COOPERATE",
    "COOPERATE",
    "COOPERATE",
    "COOPERATE",
    "COOPERATE",
    "COOPERATE",
    "COOPERATE",
    "COOPERATE",
    "COOPERATE",
    "COOPERATE",
    "COOPERATE",
    "COOPERATE",
    "COOPERATE",
    "COOPERATE",
    "COOPERATE",
    "COOPERATE",
    "COOPERATE"
  ],
  "llm_responses": [
    "THINKING: Since this is the first round and there is no history to analyze, cooperating can establish trust and encourage mutual cooperation in future rounds, which leads to higher long-term payoffs.  \nACTION: COOPERATE",
    "THINKING: Given the opponent's perfect cooperation rate so far and the mutual benefits of cooperation, maintaining trust and cooperation is likely to yield higher payoffs over repeated rounds. Defecting now could damage trust and reduce long-term rewards.  \n\nACTION: COOPERATE",
    "THINKING: The opponent has cooperated in all previous rounds, and their cooperation rate is 100%, suggesting a strategy of mutual cooperation. Defecting now risks breaking the trust and reducing future payoffs.  \nACTION: COOPERATE",
    "THINKING: The opponent has shown consistent cooperation so far, and maintaining mutual cooperation maximizes payoffs for both parties. Defecting now would break trust and potentially lead to lower long-term payoffs.\n\nACTION: COOPERATE",
    "THINKING: Both I and my opponent have maintained a 100% cooperation rate, which has led to mutually beneficial outcomes. Maintaining cooperation ensures trust and maximizes the long-term payoff in this repeated game.\n\nACTION: COOPERATE",
    "THINKING: Both the opponent and I have been fully cooperative so far, and the opponent has shown no signs of defecting. Defecting now could harm the trust and ruin the potential for mutual high payoffs in future rounds.  \nACTION: COOPERATE",
    "THINKING: Both I and the opponent have cooperated 100% of the time, leading to mutual benefit. There’s no indication the opponent will defect, so maintaining cooperation maximizes long-term payoff.  \nACTION: COOPERATE",
    "THINKING: The opponent has consistently cooperated, maintaining a 100% cooperation rate. Defecting could yield a short-term gain but risks breaking mutual trust and reducing long-term payoffs. \n\nACTION: COOPERATE",
    "THINKING: Both I and the Opponent have been fully cooperative, suggesting a mutually beneficial relationship. Defecting now would break trust and likely result in a lower long-term payoff.  \nACTION: COOPERATE",
    "THINKING: Both I and the Opponent have been consistently cooperative, and there is no indication that the Opponent will defect. Continuing to cooperate maximizes mutual long-term payoffs and maintains trust.  \nACTION: COOPERATE  ",
    "THINKING: Both the opponent and I have consistently cooperated in all previous rounds, resulting in mutual benefit. Maintaining cooperation maximizes our payoffs and sustains trust.\n\nACTION: COOPERATE",
    "THINKING: The opponent has consistently cooperated in all 11 rounds, demonstrating a highly cooperative strategy. Maintaining cooperation ensures mutual benefit and avoids risking the opponent shifting to defection in retaliation.\n\nACTION: COOPERATE",
    "THINKING: Both my cooperation rate and my opponent's cooperation rate are 100%, suggesting mutual trust and a highly cooperative relationship. Defecting now would break this trust and result in a worse outcome in future rounds of the game.\n\nACTION: COOPERATE",
    "THINKING: Both I and my opponent have consistently cooperated, and the opponent has shown a reliable cooperative pattern. Continuing to cooperate maximizes mutual long-term payoffs.  \nACTION: COOPERATE",
    "THINKING: The opponent has shown consistent cooperation with a 100% cooperation rate, and mutual cooperation yields the highest joint payoff. Defecting now would break trust and risk future cooperation. \n\nACTION: COOPERATE",
    "THINKING: The opponent has shown consistent cooperation (100% cooperation rate), and mutual cooperation yields a high payoff for both parties. Defecting risks breaking the trust and may lead to a breakdown of cooperation in future rounds. Maintaining cooperation preserves the long-term benefits.\n\nACTION: COOPERATE",
    "THINKING: The opponent has consistently cooperated in all rounds, and maintaining mutual cooperation provides the highest payoff for both parties. Defecting would harm the trust and long-term benefits of continued cooperation.  \n\nACTION: COOPERATE  ",
    "THINKING: The opponent has consistently cooperated in all previous rounds, showing a strong pattern of trustworthiness. To maximize long-term payoffs and maintain mutual trust, it is optimal to continue cooperating.  \n\nACTION: COOPERATE",
    "THINKING: The opponent has consistently cooperated in all prior rounds, showing a highly cooperative pattern. Maintaining mutual cooperation maximizes long-term payoffs for both players, so cooperation is the rational choice to sustain trust and payoff equality.\n\nACTION: COOPERATE",
    "THINKING: The opponent has cooperated in every round so far, and mutual cooperation maximizes long-term payoffs. Defecting now would betray trust and likely lead to worse outcomes in future rounds.\n\nACTION: COOPERATE",
    "THINKING: The opponent has shown a consistent pattern of cooperation, and mutual cooperation has the highest payoff for both players (3 each). Breaking this pattern might jeopardize future cooperation and reduce long-term payoffs.  \nACTION: COOPERATE",
    "THINKING: Given the opponent's perfect cooperation rate and the mutually beneficial payoff for sustained cooperation, it is rational to maintain my cooperation to maximize long-term gains. Defecting now would break trust and jeopardize future rounds.  \nACTION: COOPERATE",
    "THINKING: So far, both I and the Opponent have consistently cooperated, leading to mutual high payoffs. Defecting now would break the trust and risk losing future cooperation from the Opponent.\n\nACTION: COOPERATE",
    "THINKING: The Opponent has been highly cooperative with a 100% cooperation rate, and mutual cooperation yields the highest joint payoff. Defecting would break the trust and likely lead to worse outcomes in future rounds.  \nACTION: COOPERATE",
    "THINKING: The opponent has been highly cooperative with a 100% cooperation rate, and mutual cooperation has the best long-term payoff in this repeated game. Defecting now risks breaking this beneficial dynamic.  \nACTION: COOPERATE",
    "THINKING: The opponent has consistently cooperated in all 25 rounds, creating a highly cooperative dynamic. Defecting now may break the trust and lead to a less beneficial outcome in future rounds, so cooperation is the optimal choice for maintaining mutual benefit.\n\nACTION: COOPERATE",
    "THINKING: Both I and the opponent have cooperated consistently, resulting in mutual trust and maximum payoff so far. Defecting would break this trust and likely lead to worse outcomes in future rounds. \n\nACTION: COOPERATE",
    "THINKING: The opponent has consistently cooperated in all 27 rounds, and mutual cooperation maximizes the total payoff. Defecting now would break the trust and jeopardize future mutual cooperation.  \n\nACTION: COOPERATE",
    "THINKING: Both I and the Opponent have been fully cooperative so far, leading to optimal payoffs for both. Breaking this pattern without cause risks losing mutual trust and reducing long-term payoffs.  \nACTION: COOPERATE  ",
    "THINKING: Given both players have cooperated consistently for 29 rounds, maintaining mutual cooperation ensures a steady payoff of 3 for each round. Defecting would disrupt trust and likely lead to lower long-term payoffs.  \n\nACTION: COOPERATE"
  ]
}