{
  "experiment": "exp6_baseline",
  "game": "prisoners_dilemma",
  "provider": "openai",
  "baseline": "GenerousTitForTat",
  "trial": 24,
  "rounds": 30,
  "payoff": 90,
  "coop_rate": 1.0,
  "llm_history": [
    "COOPERATE",
    "COOPERATE",
    "COOPERATE",
    "COOPERATE",
    "COOPERATE",
    "COOPERATE",
    "COOPERATE",
    "COOPERATE",
    "COOPERATE",
    "COOPERATE",
    "COOPERATE",
    "COOPERATE",
    "COOPERATE",
    "COOPERATE",
    "COOPERATE",
    "COOPERATE",
    "COOPERATE",
    "COOPERATE",
    "COOPERATE",
    "COOPERATE",
    "COOPERATE",
    "COOPERATE",
    "COOPERATE",
    "COOPERATE",
    "COOPERATE",
    "COOPERATE",
    "COOPERATE",
    "COOPERATE",
    "COOPERATE",
    "COOPERATE"
  ],
  "opp_history": [
    "COOPERATE",
    "COOPERATE",
    "COOPERATE",
    "COOPERATE",
    "COOPERATE",
    "COOPERATE",
    "COOPERATE",
    "COOPERATE",
    "COOPERATE",
    "COOPERATE",
    "COOPERATE",
    "COOPERATE",
    "COOPERATE",
    "COOPERATE",
    "COOPERATE",
    "COOPERATE",
    "COOPERATE",
    "COOPERATE",
    "COOPERATE",
    "COOPERATE",
    "COOPERATE",
    "COOPERATE",
    "COOPERATE",
    "COOPERATE",
    "COOPERATE",
    "COOPERATE",
    "COOPERATE",
    "COOPERATE",
    "COOPERATE",
    "COOPERATE"
  ],
  "llm_responses": [
    "THINKING: Since this is the first round and there is no history to analyze, cooperating establishes trust and may encourage reciprocal cooperation in future rounds. Starting with cooperation is often beneficial in repeated games.  \nACTION: COOPERATE  ",
    "THINKING: In the first round, the opponent cooperated, and their cooperation rate is 100%. To build trust and maximize long-term payoffs, it is rational to cooperate again and observe their behavior over more rounds.  \nACTION: COOPERATE",
    "THINKING: Both my cooperation rate and the opponent's cooperation rate are 100%. In a repeated game, maintaining mutual cooperation maximizes long-term payoffs. There is no indication that the opponent will defect yet. \n\nACTION: COOPERATE",
    "THINKING: My opponent has consistently cooperated, which suggests a trustworthy and mutually beneficial strategy. By continuing to cooperate, we maximize long-term payoffs. Defecting now would only harm the established trust and payoff potential.\n\nACTION: COOPERATE",
    "THINKING: The opponent has been highly cooperative with a 100% cooperation rate, and mutual cooperation yields the highest joint payoff. Maintaining trust and cooperation is beneficial to maximize long-term payoffs.\n\nACTION: COOPERATE",
    "THINKING: The opponent has been consistently cooperative, and mutual cooperation yields the best long-term payoff for both players. Defecting now would break trust and likely lead to worse outcomes in future rounds.  \nACTION: COOPERATE  ",
    "THINKING: The opponent has been highly cooperative (100% cooperation rate) and has shown no signs of defection. Continuing to cooperate maximizes long-term payoffs for both of us in this repeated game scenario.\n\nACTION: COOPERATE",
    "THINKING: Both myself and the opponent have shown consistent cooperation so far, which has maximized mutual payoffs. Breaking this pattern by defecting could risk losing trust and lead to lower long-term payoffs for both parties.  \nACTION: COOPERATE",
    "THINKING: The opponent has consistently cooperated in all rounds, and maintaining mutual cooperation maximizes long-term payoffs. Defecting now could break trust and lead to lower payoffs in future rounds.  \nACTION: COOPERATE",
    "THINKING: The opponent has been consistently cooperative, and both of us have achieved mutual cooperation in all rounds so far, resulting in maximized payoffs. Defecting now would disrupt trust and harm future outcomes. \n\nACTION: COOPERATE",
    "THINKING: Both I and my opponent have consistently cooperated, leading to mutual benefits. Defecting now risks breaking the trust and reducing long-term payoffs. Maintaining cooperation maximizes the mutual benefit.  \nACTION: COOPERATE  ",
    "THINKING: Both I and the Opponent have been fully cooperative so far, which has fostered mutual trust and maximized payoffs for both. Breaking this pattern with defection could jeopardize the cooperative dynamic and lead to lower payoffs in future rounds.\n\nACTION: COOPERATE",
    "THINKING: Both players have consistently cooperated, leading to mutual high payoffs. Maintaining cooperation ensures continued optimal outcomes and preserves trust in the repeated game.  \n\nACTION: COOPERATE",
    "THINKING: Both you and your opponent have been fully cooperative throughout the game, establishing mutual trust and maximizing payoffs. Defecting now would break this trust and likely lead to reduced payoffs in future rounds.  \n\nACTION: COOPERATE",
    "THINKING: The opponent has consistently cooperated in all 14 rounds, and mutual cooperation has the highest long-term payoff in the Prisoner's Dilemma. Defecting now risks breaking the trust and ruining a beneficial pattern.  \nACTION: COOPERATE",
    "THINKING: Both I and my opponent have cooperated in every round so far, leading to mutual gains. Maintaining cooperation ensures continued maximum payoff for both parties, and there’s no indication that my opponent intends to defect.\n\nACTION: COOPERATE",
    "THINKING: Since both I and the opponent have cooperated consistently for 16 rounds, maintaining mutual cooperation maximizes payoffs for both sides. Breaking this pattern would risk trust and lead to lower payoffs in future rounds.  \nACTION: COOPERATE",
    "THINKING: Both I and the Opponent have demonstrated perfect cooperation so far, leading to mutually beneficial payoffs. Breaking the pattern now risks losing trust and reducing future payoffs if the Opponent retaliates.  \n\nACTION: COOPERATE",
    "THINKING: Both you and the opponent have maintained 100% cooperation throughout the game, ensuring mutual high payoffs. Defecting now would break trust and likely lead to mutual defection in future rounds, lowering overall payoffs for both players. \n\nACTION: COOPERATE",
    "THINKING: The opponent has consistently cooperated in every round, and mutual cooperation yields a higher long-term payoff than defecting. Maintaining trust ensures continued cooperation and maximizes both players' outcomes.\n\nACTION: COOPERATE",
    "THINKING: The opponent has consistently cooperated in all 20 rounds, demonstrating a highly cooperative strategy. Maintaining mutual cooperation maximizes long-term payoffs, so I should continue cooperating to preserve trust and ensure mutual benefit.\n\nACTION: COOPERATE",
    "THINKING: Both I and the Opponent have cooperated consistently, maintaining a 100% cooperation rate. Defecting now would break the trust and likely lead to worse payoffs in the future. \n\nACTION: COOPERATE",
    "THINKING: Given the opponent's perfect cooperation rate and consistent cooperative behavior, maintaining cooperation ensures mutual benefit and sustains trust. Defecting would break this trust and lower the overall payoff. \n\nACTION: COOPERATE",
    "THINKING: My opponent has been consistently cooperative (100% cooperation rate), and mutual cooperation yields the highest combined payoff in this game. Defecting now would break the trust and risk losing long-term benefits.  \n\nACTION: COOPERATE",
    "THINKING: The opponent has cooperated in every round so far, and mutual cooperation maximizes long-term payoffs. Breaking the trust now could jeopardize future cooperation.\n\nACTION: COOPERATE",
    "THINKING: The opponent has consistently cooperated in all previous rounds, fostering mutual trust and maximizing shared payoffs. Defecting now could jeopardize this cooperative relationship and reduce long-term earnings.  \nACTION: COOPERATE",
    "THINKING: The opponent has demonstrated consistent cooperation throughout all previous rounds. Maintaining cooperation will maximize mutual payoff and preserve trust for future rounds. \n\nACTION: COOPERATE",
    "THINKING: The opponent has consistently cooperated across all rounds, and mutual cooperation maximizes long-term payoffs. Defecting would break the trust and reduce overall rewards.  \nACTION: COOPERATE  ",
    "THINKING: The opponent has demonstrated consistent cooperation across all rounds, and mutual cooperation yields the highest long-term payoff for both parties. Defecting would jeopardize this trust and likely reduce future payoffs. \n\nACTION: COOPERATE",
    "THINKING: The opponent has consistently cooperated in every round so far, and mutual cooperation yields a higher payoff in the long run compared to defecting. Maintaining trust and cooperation ensures a stable and beneficial outcome for both parties. \n\nACTION: COOPERATE"
  ]
}