{
  "experiment": "exp6_baseline",
  "game": "prisoners_dilemma",
  "provider": "deepseek",
  "baseline": "Extort2",
  "trial": 1,
  "rounds": 30,
  "payoff": 34,
  "coop_rate": 0.16666666666666666,
  "llm_history": [
    "COOPERATE",
    "COOPERATE",
    "COOPERATE",
    "COOPERATE",
    "COOPERATE",
    "DEFECT",
    "DEFECT",
    "DEFECT",
    "DEFECT",
    "DEFECT",
    "DEFECT",
    "DEFECT",
    "DEFECT",
    "DEFECT",
    "DEFECT",
    "DEFECT",
    "DEFECT",
    "DEFECT",
    "DEFECT",
    "DEFECT",
    "DEFECT",
    "DEFECT",
    "DEFECT",
    "DEFECT",
    "DEFECT",
    "DEFECT",
    "DEFECT",
    "DEFECT",
    "DEFECT",
    "DEFECT"
  ],
  "opp_history": [
    "COOPERATE",
    "COOPERATE",
    "COOPERATE",
    "DEFECT",
    "DEFECT",
    "DEFECT",
    "DEFECT",
    "DEFECT",
    "DEFECT",
    "DEFECT",
    "DEFECT",
    "DEFECT",
    "DEFECT",
    "DEFECT",
    "DEFECT",
    "DEFECT",
    "DEFECT",
    "DEFECT",
    "DEFECT",
    "DEFECT",
    "DEFECT",
    "DEFECT",
    "DEFECT",
    "DEFECT",
    "DEFECT",
    "DEFECT",
    "DEFECT",
    "DEFECT",
    "DEFECT",
    "DEFECT"
  ],
  "llm_responses": [
    "THINKING: This is the first round with no history, so I'll start by cooperating to signal willingness for mutual cooperation.  \nACTION: COOPERATE",
    "THINKING: Since the opponent cooperated in the first round and has a 100% cooperation rate so far, cooperating again maintains mutual cooperation for high payoffs.  \nACTION: COOPERATE",
    "THINKING: The opponent has cooperated in both previous rounds, and my cooperation rate is 100%. Since we are both cooperating, I'm currently getting 3 points per round, which is the cooperative payoff. Defecting now could give me 5 this round, but might trigger retaliation and lower future payoffs. Given the early stage and the opponent's consistent cooperation, continuing to cooperate is likely best for building mutual cooperation.\n\nACTION: COOPERATE",
    "THINKING: Opponent has cooperated 100% so far, and mutual cooperation yields the highest long-term payoff.  \nACTION: COOPERATE",
    "THINKING: My cooperation rate is 100% and the opponent has defected recently, but their overall cooperation rate is still high (75%). A conditional cooperator might be testing me, so defecting now could trigger a spiral of mutual defection. I'll cooperate to signal willingness to return to mutual cooperation.\n\nACTION: COOPERATE",
    "THINKING: My cooperation rate is 100%, but the opponent has defected 40% of the time, including last round. They are a conditional cooperator, so my consistent cooperation may be encouraging them to exploit me. I should defect to signal I won't be taken advantage of.\n\nACTION: DEFECT",
    "THINKING: The opponent has a 50% cooperation rate and just defected last round, suggesting they may be retaliatory. My high cooperation rate (83%) might be exploited, so defecting now could protect against further defections and signal I won't be taken advantage of.\n\nACTION: DEFECT",
    "THINKING: The opponent has a low cooperation rate and recently defected, so they are likely to defect again. Defecting now protects me from exploitation and gives a higher payoff if they cooperate.\n\nACTION: DEFECT",
    "THINKING: The opponent has been defecting most of the time (38% cooperation rate) and just defected last round. My total payoff is currently zero, so continuing to cooperate while they defect is hurting me. To protect myself and try to improve my score, I should defect this round.\n\nACTION: DEFECT",
    "THINKING: The opponent has a low cooperation rate (33%) and mostly defects, so cooperating now likely leads to a poor payoff for me. Given the repeated nature, defecting protects my immediate payoff and matches their likely move.\n\nACTION: DEFECT",
    "THINKING: The opponent has a low cooperation rate (30%) and mostly defects recently, so defecting is the safer choice to avoid being exploited.  \nACTION: DEFECT",
    "THINKING: The opponent has a low cooperation rate and mostly defects, so cooperating now likely leads to a poor payoff for me. Defecting protects my immediate payoff and matches their likely move.\n\nACTION: DEFECT",
    "THINKING: The opponent has consistently defected recently and has a low overall cooperation rate, so cooperating now is unlikely to be reciprocated.  \nACTION: DEFECT",
    "THINKING: The opponent has a very low cooperation rate and has been consistently defecting recently, so cooperating now would likely lead to a poor payoff for me.  \nACTION: DEFECT",
    "THINKING: The opponent has been defecting consistently, and my cooperation rate is low, so cooperating now would likely just give them another chance to exploit me.  \nACTION: DEFECT",
    "THINKING: The opponent has been defecting consistently, and with a low cooperation rate, cooperating now would likely lead to a poor payoff for me.  \nACTION: DEFECT",
    "THINKING: The opponent has a very low cooperation rate and is currently always defecting, so cooperating now would likely result in a poor payoff for me.  \nACTION: DEFECT",
    "THINKING: The opponent has a very low cooperation rate and is currently always defecting, so cooperating now would likely just lose me points.  \nACTION: DEFECT",
    "THINKING: The opponent has been defecting consistently, and my cooperation rate is low, so cooperating now would likely just give them another chance to exploit me without building future trust.  \nACTION: DEFECT",
    "THINKING: The opponent has a very low cooperation rate and has been consistently defecting recently, so cooperating now would likely lead to a poor payoff for me.  \nACTION: DEFECT",
    "THINKING: The opponent has a very low cooperation rate and is currently always defecting, so cooperating now would likely result in a poor payoff for me.  \nACTION: DEFECT",
    "THINKING: The opponent has a very low cooperation rate and has been consistently defecting recently, so cooperating now would likely result in a loss for me.  \n\nACTION: DEFECT",
    "THINKING: The opponent has a very low cooperation rate and is currently always defecting, so cooperating now would likely result in a poor payoff for me.  \nACTION: DEFECT",
    "THINKING: The opponent has a very low cooperation rate and is currently always defecting, so cooperating now would likely result in a loss of payoff with no benefit.  \nACTION: DEFECT",
    "THINKING: The opponent has defected almost every round and shows no sign of cooperating, so cooperating now would only lower my score.  \nACTION: DEFECT",
    "THINKING: The opponent has a very low cooperation rate and has been consistently defecting recently, so cooperating now would likely lead to a poor payoff for me.  \nACTION: DEFECT",
    "THINKING: The opponent has a very low cooperation rate and is currently always defecting, so cooperating would likely result in a loss for me.  \nACTION: DEFECT",
    "THINKING: The opponent has defected almost every round and shows no sign of cooperating, so cooperating now would only give them a higher payoff at my expense.  \nACTION: DEFECT",
    "THINKING: The opponent has been defecting consistently, and my cooperation has only led to losses. To avoid further losses, I should defect as well.  \nACTION: DEFECT",
    "THINKING: The opponent has defected almost always (10% cooperation rate) and recently always defects, so cooperating now would likely lead to a poor payoff for me.  \nACTION: DEFECT"
  ]
}