{
  "experiment": "exp6_baseline",
  "game": "prisoners_dilemma",
  "provider": "deepseek",
  "baseline": "AlwaysCooperate",
  "trial": 5,
  "rounds": 30,
  "payoff": 108,
  "coop_rate": 0.7,
  "llm_history": [
    "COOPERATE",
    "COOPERATE",
    "COOPERATE",
    "COOPERATE",
    "COOPERATE",
    "COOPERATE",
    "COOPERATE",
    "COOPERATE",
    "COOPERATE",
    "COOPERATE",
    "DEFECT",
    "COOPERATE",
    "COOPERATE",
    "COOPERATE",
    "COOPERATE",
    "COOPERATE",
    "COOPERATE",
    "DEFECT",
    "DEFECT",
    "DEFECT",
    "DEFECT",
    "COOPERATE",
    "COOPERATE",
    "DEFECT",
    "COOPERATE",
    "DEFECT",
    "DEFECT",
    "COOPERATE",
    "COOPERATE",
    "DEFECT"
  ],
  "opp_history": [
    "COOPERATE",
    "COOPERATE",
    "COOPERATE",
    "COOPERATE",
    "COOPERATE",
    "COOPERATE",
    "COOPERATE",
    "COOPERATE",
    "COOPERATE",
    "COOPERATE",
    "COOPERATE",
    "COOPERATE",
    "COOPERATE",
    "COOPERATE",
    "COOPERATE",
    "COOPERATE",
    "COOPERATE",
    "COOPERATE",
    "COOPERATE",
    "COOPERATE",
    "COOPERATE",
    "COOPERATE",
    "COOPERATE",
    "COOPERATE",
    "COOPERATE",
    "COOPERATE",
    "COOPERATE",
    "COOPERATE",
    "COOPERATE",
    "COOPERATE"
  ],
  "llm_responses": [
    "THINKING: This is the first round with no history, so I'll start by cooperating to signal willingness to cooperate and see how the opponent responds.  \nACTION: COOPERATE",
    "THINKING: The opponent cooperated in the first round, and with a 100% cooperation rate so far, it's likely they are playing a cooperative strategy like Tit-for-Tat. Cooperating now builds trust and mutual benefit.\n\nACTION: COOPERATE",
    "THINKING: The opponent has cooperated in both previous rounds, and my cooperation rate is 100%. To build trust and maximize mutual payoff, I should continue cooperating.\n\nACTION: COOPERATE",
    "THINKING: Opponent has been fully cooperative so far, and mutual cooperation yields the highest long-term payoff.  \nACTION: COOPERATE",
    "THINKING: The opponent has cooperated 100% of the time so far, and my total payoff is currently zero because I've been cooperating while they've been defecting. This suggests I may have misread the history—if they've cooperated 4/4 times, I should have a positive payoff unless I defected earlier. Given their consistent cooperation, cooperating now is likely to yield a good payoff and maintain mutual cooperation.\n\nACTION: COOPERATE",
    "THINKING: Opponent has cooperated 100% so far, and mutual cooperation yields the highest long-term payoff. Defecting now risks breaking trust and reducing future gains.\n\nACTION: COOPERATE",
    "THINKING: Opponent has cooperated 100% of the time, and mutual cooperation yields the highest long-term payoff. Defecting now risks breaking the cooperative equilibrium for a short-term gain.\n\nACTION: COOPERATE",
    "THINKING: The opponent has cooperated in all 7 previous rounds, showing a highly cooperative pattern. Maintaining mutual cooperation yields the best long-term payoff in a repeated game.\n\nACTION: COOPERATE",
    "THINKING: The opponent has cooperated 100% of the time so far, and mutual cooperation yields the highest long-term payoff. Defecting now risks breaking this beneficial pattern.\n\nACTION: COOPERATE",
    "THINKING: The opponent has cooperated in all 9 previous rounds, showing a highly cooperative pattern. In a repeated Prisoner's Dilemma, mutual cooperation yields the best long-term payoff (3 per round), and defecting now could break this beneficial cycle.\n\nACTION: COOPERATE",
    "THINKING: The opponent has cooperated 100% of the time so far, and my total payoff is zero because I have always cooperated while they have always defected against me. To improve my score, I should defect now to get a higher payoff.\n\nACTION: DEFECT",
    "THINKING: The opponent has cooperated 100% of the time, and my high cooperation rate has likely encouraged this. Defecting now would break trust and likely reduce my future payoffs.\n\nACTION: COOPERATE",
    "THINKING: The opponent has cooperated 100% of the time so far, and my high cooperation rate has likely reinforced this. Defecting now would give a short-term gain but risks damaging future cooperation and lowering my long-term payoff.  \nACTION: COOPERATE",
    "THINKING: The opponent has cooperated 100% of the time, and my high cooperation rate has likely sustained this mutual benefit. Defecting now would risk breaking this profitable pattern for a short-term gain.\n\nACTION: COOPERATE",
    "THINKING: The opponent has cooperated 100% of the time, and my high cooperation rate has likely reinforced this pattern. Defecting now would yield a short-term gain but risks breaking the cooperative equilibrium for future rounds.\n\nACTION: COOPERATE",
    "THINKING: The opponent has cooperated 100% of the time, and my high cooperation rate has not been punished. Continuing to cooperate maintains mutual high payoffs.\n\nACTION: COOPERATE",
    "THINKING: The opponent has cooperated 100% of the time, so cooperating now maximizes mutual payoff and maintains the cooperative equilibrium.  \nACTION: COOPERATE",
    "THINKING: The opponent has cooperated 100% of the time, so defecting now would yield a higher payoff (5 vs 3) with little immediate risk of retaliation, as they seem to be playing a purely cooperative strategy.  \n\nACTION: DEFECT",
    "THINKING: The opponent has cooperated 100% of the time, so defecting now would give me a high payoff of 5, but it risks retaliation in the final round. Since this is likely near the end of the game, exploiting their trust maximizes my final score.  \nACTION: DEFECT",
    "THINKING: The opponent has cooperated 100% of the time, making them highly predictable and exploitable. Defecting now yields the highest immediate payoff (5 vs 3) with no sign of retaliation.\n\nACTION: DEFECT",
    "THINKING: The opponent has cooperated 100% of the time, making them extremely predictable and exploitable. Defecting now yields the highest immediate payoff (5 vs 3) with no sign of retaliation.\n\nACTION: DEFECT",
    "THINKING: The opponent has cooperated 100% of the time so far, and my cooperation rate is high. Continuing to cooperate maximizes mutual payoff and maintains the cooperative equilibrium.\n\nACTION: COOPERATE",
    "THINKING: The opponent has cooperated 100% of the time so far, and my cooperation rate is high. Continuing to cooperate maximizes mutual payoff and maintains the cooperative equilibrium.\n\nACTION: COOPERATE",
    "THINKING: The opponent has cooperated 100% of the time, so defecting now would give me a higher payoff for this round. However, since the game is repeated and my total payoff is currently zero, I should maximize my score by exploiting their consistent cooperation.  \nACTION: DEFECT",
    "THINKING: The opponent has cooperated 100% of the time, and my cooperation rate is 75%. Since this is a repeated game and the opponent is highly cooperative, mutual cooperation yields the best long-term payoff.  \nACTION: COOPERATE",
    "THINKING: The opponent has cooperated 100% of the time, so they are likely playing a purely cooperative strategy like \"Always Cooperate.\" Defecting now yields a higher payoff for this round.\n\nACTION: DEFECT",
    "THINKING: The opponent has cooperated 100% of the time, so they are likely playing a pure cooperative strategy like \"Always Cooperate.\" Defecting now yields a higher payoff for this round, and since it's a repeated game, exploiting their cooperation maximizes my score.\n\nACTION: DEFECT",
    "THINKING: The opponent has cooperated in all 27 previous rounds, so cooperating now is likely to maintain mutual cooperation and maximize my payoff this round.  \nACTION: COOPERATE",
    "THINKING: The opponent has cooperated 100% of the time so far, and my total payoff is zero, meaning I have been punished for defecting in the past. To maximize my payoff in this and the final round, I should cooperate now to get 3 points instead of risking mutual defection.\n\nACTION: COOPERATE",
    "THINKING: The opponent has cooperated 100% of the time so far, and my current total payoff is zero despite a high cooperation rate, suggesting a scoring anomaly. To maximize payoff in this round, I should exploit their consistent cooperation.\n\nACTION: DEFECT"
  ]
}