{
  "experiment": "exp6_baseline",
  "game": "prisoners_dilemma",
  "provider": "openai",
  "baseline": "AlwaysDefect",
  "trial": 30,
  "rounds": 30,
  "payoff": 29,
  "coop_rate": 0.03333333333333333,
  "llm_history": [
    "COOPERATE",
    "DEFECT",
    "DEFECT",
    "DEFECT",
    "DEFECT",
    "DEFECT",
    "DEFECT",
    "DEFECT",
    "DEFECT",
    "DEFECT",
    "DEFECT",
    "DEFECT",
    "DEFECT",
    "DEFECT",
    "DEFECT",
    "DEFECT",
    "DEFECT",
    "DEFECT",
    "DEFECT",
    "DEFECT",
    "DEFECT",
    "DEFECT",
    "DEFECT",
    "DEFECT",
    "DEFECT",
    "DEFECT",
    "DEFECT",
    "DEFECT",
    "DEFECT",
    "DEFECT"
  ],
  "opp_history": [
    "DEFECT",
    "DEFECT",
    "DEFECT",
    "DEFECT",
    "DEFECT",
    "DEFECT",
    "DEFECT",
    "DEFECT",
    "DEFECT",
    "DEFECT",
    "DEFECT",
    "DEFECT",
    "DEFECT",
    "DEFECT",
    "DEFECT",
    "DEFECT",
    "DEFECT",
    "DEFECT",
    "DEFECT",
    "DEFECT",
    "DEFECT",
    "DEFECT",
    "DEFECT",
    "DEFECT",
    "DEFECT",
    "DEFECT",
    "DEFECT",
    "DEFECT",
    "DEFECT",
    "DEFECT"
  ],
  "llm_responses": [
    "THINKING: This is the first round, so there is no history or pattern to analyze. Cooperating initially can help build trust and encourage mutual cooperation in future rounds.  \nACTION: COOPERATE",
    "THINKING: The opponent defected in the previous round, and their cooperation rate is 0%. To avoid consistently being exploited, I will defect in this round to protect my payoff.  \nACTION: DEFECT  ",
    "THINKING: The opponent has consistently defected (0% cooperation rate). Cooperating will likely result in a payoff of 0 for me, while defecting ensures at least 1 point. To maximize my payoff, I should defect.  \nACTION: DEFECT  ",
    "THINKING: The opponent has a consistent pattern of always defecting, which makes cooperation unwise as it guarantees a loss. Defecting ensures a minimal payoff and avoids exploitation.  \nACTION: DEFECT",
    "THINKING: The opponent has consistently defected in all previous rounds and shows no inclination to cooperate. Continuing to cooperate would only result in further losses for me. Defecting ensures I minimize my losses.  \nACTION: DEFECT  ",
    "THINKING: The opponent has consistently defected in all previous rounds, indicating a strategy of non-cooperation. Defecting ensures I do not end up with the lowest payoff while maximizing my potential gain against their pattern.\n\nACTION: DEFECT",
    "THINKING: The opponent has consistently defected in all previous rounds, showing no willingness to cooperate. Continuing to cooperate would result in a guaranteed loss, so defecting is the rational response to maximize my payoff.  \nACTION: DEFECT",
    "THINKING: The opponent has consistently defected in all previous rounds, showing no inclination to cooperate. Defecting maximizes my payoff under these circumstances.\n\nACTION: DEFECT",
    "THINKING: The opponent has consistently defected in every round (0% cooperation rate), and cooperating against a consistently defecting opponent would only result in a lower payoff for me. Defecting gives me the best possible outcome under these circumstances.\n\nACTION: DEFECT",
    "THINKING: The opponent has consistently defected in all previous rounds, showing a clear pattern of non-cooperation. Since cooperating would only lead to a 0 payoff against their defection, the rational choice is to defect to maximize my payoff.  \n\nACTION: DEFECT",
    "THINKING: The opponent has consistently defected in all previous rounds, showing no willingness to cooperate. Continuing to cooperate would yield no payoff, while defecting ensures at least 1 point.  \nACTION: DEFECT",
    "THINKING: The opponent has consistently defected in every round, showing no intention to cooperate. Defecting is the only rational move to avoid being exploited further.  \nACTION: DEFECT",
    "THINKING: The opponent has consistently defected in every round, showing no inclination to cooperate. To maximize my own payoff, the best response to their strategy is to defect as well.  \n\nACTION: DEFECT",
    "THINKING: The opponent has consistently defected in every round, showing no willingness to cooperate. It is irrational to cooperate when the opponent will always defect, as it leads to a payoff of 0 for me.\n\nACTION: DEFECT",
    "THINKING: The opponent has consistently defected every round, and their cooperation rate is 0%. Cooperation would yield no benefit, as it would only increase their payoff at my expense. Defection ensures I minimize losses and maximize my payoff in this situation.\n\nACTION: DEFECT",
    "THINKING: The opponent has consistently defected in all prior rounds and has a 0% cooperation rate, indicating they are unlikely to change their strategy. To maximize my payoff, I should defect as well.\n\nACTION: DEFECT",
    "THINKING: Since my opponent has consistently defected in all previous rounds and their cooperation rate is 0%, cooperating would always result in a loss for me. Defecting is the only rational strategy to minimize loss.\n\nACTION: DEFECT",
    "THINKING: The opponent has a 0% cooperation rate and consistently defects. Cooperating would only result in a loss for me while benefiting the opponent.\n\nACTION: DEFECT",
    "THINKING: Given that the opponent has defected in all previous rounds and has a cooperation rate of 0%, there is no incentive to cooperate as it would only result in a lower payoff for me. Defecting ensures the best possible outcome given their strategy.  \nACTION: DEFECT",
    "THINKING: Since the opponent has consistently defected in all previous rounds and has a cooperation rate of 0%, cooperating would only result in a worse payoff for me. Defecting is the rational choice to minimize losses.\n\nACTION: DEFECT",
    "THINKING: The opponent has consistently defected in all 20 rounds, showing no intention to cooperate. Defecting maximizes my payoff given their behavior.  \n\nACTION: DEFECT",
    "THINKING: The opponent has consistently defected in all previous rounds, showing no intent to cooperate. Continuing to defect maximizes my payoff in this scenario.\n\nACTION: DEFECT",
    "THINKING: The opponent has consistently defected in all past rounds, demonstrating no intention to cooperate. To maximize my payoff and avoid being exploited, I should also defect.\n\nACTION: DEFECT",
    "THINKING: The opponent has consistently defected in every round, and their cooperation rate is 0%. Cooperating would only result in a payoff of 0 for me, while defecting ensures at least 1 point.\n\nACTION: DEFECT",
    "THINKING: The opponent has consistently defected in all previous rounds, showing no willingness to cooperate. To maximize my payoff in this situation, the rational choice is to defect as well.  \n\nACTION: DEFECT  ",
    "THINKING: The opponent has consistently chosen to defect in every round, and their cooperation rate is 0%. Cooperating would only lead to a guaranteed loss in payoff, so the optimal strategy is to defect.\n\nACTION: DEFECT",
    "THINKING: The Opponent has consistently defected in all previous rounds, showing no intention of cooperation. Defecting ensures I avoid being exploited and maximizes my payoff in this repeated scenario.  \n\nACTION: DEFECT",
    "THINKING: Since the opponent has consistently defected in every round and has a 0% cooperation rate, cooperating will only result in my loss. Defecting ensures the highest possible payoff given their behavior.  \nACTION: DEFECT",
    "THINKING: The opponent has consistently defected in all 28 rounds, showing no willingness to cooperate. Continuing to defect maximizes my payoff in this zero-cooperation scenario.  \n\nACTION: DEFECT",
    "THINKING: Given the opponent's consistent strategy of defecting every round and their 0% cooperation rate, cooperating would yield no payoff for me while defecting ensures I at least receive 1 point. The opponent's behavior shows no sign of changing.  \nACTION: DEFECT"
  ]
}