{
  "experiment": "exp6_baseline",
  "game": "prisoners_dilemma",
  "provider": "openai",
  "baseline": "GrimTrigger",
  "trial": 5,
  "rounds": 30,
  "payoff": 90,
  "coop_rate": 1.0,
  "llm_history": [
    "COOPERATE",
    "COOPERATE",
    "COOPERATE",
    "COOPERATE",
    "COOPERATE",
    "COOPERATE",
    "COOPERATE",
    "COOPERATE",
    "COOPERATE",
    "COOPERATE",
    "COOPERATE",
    "COOPERATE",
    "COOPERATE",
    "COOPERATE",
    "COOPERATE",
    "COOPERATE",
    "COOPERATE",
    "COOPERATE",
    "COOPERATE",
    "COOPERATE",
    "COOPERATE",
    "COOPERATE",
    "COOPERATE",
    "COOPERATE",
    "COOPERATE",
    "COOPERATE",
    "COOPERATE",
    "COOPERATE",
    "COOPERATE",
    "COOPERATE"
  ],
  "opp_history": [
    "COOPERATE",
    "COOPERATE",
    "COOPERATE",
    "COOPERATE",
    "COOPERATE",
    "COOPERATE",
    "COOPERATE",
    "COOPERATE",
    "COOPERATE",
    "COOPERATE",
    "COOPERATE",
    "COOPERATE",
    "COOPERATE",
    "COOPERATE",
    "COOPERATE",
    "COOPERATE",
    "COOPERATE",
    "COOPERATE",
    "COOPERATE",
    "COOPERATE",
    "COOPERATE",
    "COOPERATE",
    "COOPERATE",
    "COOPERATE",
    "COOPERATE",
    "COOPERATE",
    "COOPERATE",
    "COOPERATE",
    "COOPERATE",
    "COOPERATE"
  ],
  "llm_responses": [
    "THINKING: Since this is the first round and there is no history to analyze, cooperating can establish trust and potentially encourage mutual cooperation in future rounds, maximizing long-term payoffs.  \nACTION: COOPERATE",
    "THINKING: So far, the opponent has cooperated 100% of the time, and mutual cooperation yields the highest combined payoff. Based on the limited data, continuing to cooperate builds trust and maximizes long-term payoffs.  \nACTION: COOPERATE  ",
    "THINKING: The opponent has cooperated 100% of the time so far, and mutual cooperation yields a consistent, higher payoff. Defecting now risks breaking trust and lowering long-term payoffs.  \nACTION: COOPERATE  ",
    "THINKING: The opponent has consistently cooperated in every round, and maintaining cooperation maximizes mutual payoffs in the long run. Defecting risks breaking the trust and could lead to lower payoffs in future rounds.  \n\nACTION: COOPERATE",
    "THINKING: Both I and the Opponent have consistently cooperated so far, leading to mutual gains. Defecting now would break trust and risk damaging a beneficial cooperative relationship. Maintaining cooperation is the optimal strategy to maximize long-term payoffs.\n\nACTION: COOPERATE",
    "THINKING: Both my opponent and I have consistently cooperated, leading to mutual benefit. Defecting now would break the trust and likely reduce long-term payoffs.\n\nACTION: COOPERATE",
    "THINKING: The opponent has demonstrated consistent cooperation (100% so far), and mutual cooperation maximizes our joint payoffs. Defecting now risks breaking trust and diminishing future payoffs. \n\nACTION: COOPERATE",
    "THINKING: The opponent has been consistently cooperative, and mutual cooperation has the best long-term payoff in repeated games. Breaking cooperation now would jeopardize the trust and lead to lower payoffs for both in future rounds.  \nACTION: COOPERATE  ",
    "THINKING: Both I and the Opponent have cooperated in every round so far, maintaining mutual trust and maximizing collective payoffs. Defecting now might break this trust and lead to worse outcomes in the remaining rounds.\n\nACTION: COOPERATE",
    "THINKING: Both you and your opponent have consistently cooperated in all previous rounds, building trust and maximizing mutual payoffs. Defecting now would break that trust and likely harm future cooperation.  \n\nACTION: COOPERATE",
    "THINKING: The opponent has consistently cooperated in all previous rounds, demonstrating a highly cooperative strategy. To maintain mutual trust and maximize long-term payoffs, it is optimal to continue cooperating.  \n\nACTION: COOPERATE",
    "THINKING: The opponent has consistently cooperated in all previous rounds, demonstrating trustworthiness. Defecting now would break mutual cooperation and reduce both players' potential payoffs, so it’s beneficial to maintain cooperation.  \nACTION: COOPERATE",
    "THINKING: Both I and my opponent have maintained 100% cooperation so far, and the opponent seems highly cooperative. Defecting now could break the trust and lead to mutually lower payoffs in future rounds.  \n\nACTION: COOPERATE",
    "THINKING: The opponent has consistently cooperated in all previous rounds, indicating a highly cooperative strategy. To maximize long-term payoffs and maintain mutual trust, it is beneficial to continue cooperating.\n\nACTION: COOPERATE",
    "THINKING: The Opponent has consistently cooperated in all previous rounds, and mutual cooperation yields the best long-term payoff. Breaking trust now could lead to retaliation and lower payoffs in future rounds. \n\nACTION: COOPERATE",
    "THINKING: The opponent has been highly cooperative with a 100% cooperation rate, and mutual cooperation yields the highest possible payoff for both players. Defecting now would break the trust and potentially lead to mutual defection in future rounds, reducing overall payoffs. \n\nACTION: COOPERATE",
    "THINKING: Both you and the opponent have consistently cooperated in all rounds, resulting in mutual trust and maximum payoffs. Breaking this pattern now would harm long-term outcomes and trust.  \nACTION: COOPERATE  ",
    "THINKING: The opponent has consistently cooperated in all previous rounds, indicating a highly cooperative strategy. Maintaining mutual cooperation maximizes long-term payoffs for both of us.  \n\nACTION: COOPERATE",
    "THINKING: My opponent has consistently cooperated in all previous rounds, and maintaining mutual cooperation ensures the highest joint payoff. Defecting would betray the established trust and likely lead to lower payoffs in future rounds. \n\nACTION: COOPERATE",
    "THINKING: The opponent has demonstrated consistent cooperation, and mutual cooperation yields the highest combined payoff. Defecting now would break trust and likely lead to worse outcomes in future rounds.  \n\nACTION: COOPERATE",
    "THINKING: The opponent has been consistently cooperative throughout all rounds, with a 100% cooperation rate. Defecting now would break mutual trust and potentially ruin the long-term cooperation, which maximizes payoff for both players.  \n\nACTION: COOPERATE",
    "THINKING: The opponent has consistently cooperated in all prior rounds, and mutual cooperation provides the highest joint payoff. Defecting now would break trust and harm potential gains in future rounds. \n\nACTION: COOPERATE",
    "THINKING: The opponent has been consistently cooperative with a 100% cooperation rate over 22 rounds, indicating a stable and trustworthy strategy. Defecting now would break the mutual trust and lower long-term payoffs compared to continuing cooperation.\n\nACTION: COOPERATE",
    "THINKING: The opponent has consistently cooperated in all previous rounds, and mutual cooperation has the highest combined payoff. Defecting would break trust and likely lead to lower payoffs in future rounds. \n\nACTION: COOPERATE",
    "THINKING: Both my cooperation rate and my opponent's cooperation rate are at 100%, indicating trust and mutual benefit over 24 rounds. Defecting now risks breaking this trust and reducing long-term payoffs. \n\nACTION: COOPERATE",
    "THINKING: Both I and the opponent have consistently cooperated for 25 rounds, resulting in mutual trust and maximum payoffs. Defecting now would risk breaking this trust and decrease long-term gains.  \n\nACTION: COOPERATE",
    "THINKING: The opponent has shown consistent cooperation over 26 rounds, and I have also cooperated every time. Mutual cooperation maximizes joint payoffs, and breaking this trust could lead to worse outcomes in future rounds.\n\nACTION: COOPERATE",
    "THINKING: The opponent has consistently cooperated in every round, and both of us have maintained perfect cooperation. Defecting now would risk breaking this mutually beneficial trend. It's optimal to continue cooperating for maximum shared payoff.\n\nACTION: COOPERATE",
    "THINKING: Both you and the opponent have maintained a perfect cooperation rate, resulting in mutual high payoffs. Defecting now would break the trust and likely harm long-term outcomes. \n\nACTION: COOPERATE",
    "THINKING: The Opponent has demonstrated consistent cooperation (100% cooperation rate) over 29 rounds, fostering mutual trust and maximizing shared payoffs. Continuing to cooperate will sustain the optimal outcome of mutual benefit.\n\nACTION: COOPERATE"
  ]
}