{
  "experiment": "exp6_baseline",
  "game": "prisoners_dilemma",
  "provider": "openai",
  "baseline": "AlwaysCooperate",
  "trial": 24,
  "rounds": 30,
  "payoff": 90,
  "coop_rate": 1.0,
  "llm_history": [
    "COOPERATE",
    "COOPERATE",
    "COOPERATE",
    "COOPERATE",
    "COOPERATE",
    "COOPERATE",
    "COOPERATE",
    "COOPERATE",
    "COOPERATE",
    "COOPERATE",
    "COOPERATE",
    "COOPERATE",
    "COOPERATE",
    "COOPERATE",
    "COOPERATE",
    "COOPERATE",
    "COOPERATE",
    "COOPERATE",
    "COOPERATE",
    "COOPERATE",
    "COOPERATE",
    "COOPERATE",
    "COOPERATE",
    "COOPERATE",
    "COOPERATE",
    "COOPERATE",
    "COOPERATE",
    "COOPERATE",
    "COOPERATE",
    "COOPERATE"
  ],
  "opp_history": [
    "COOPERATE",
    "COOPERATE",
    "COOPERATE",
    "COOPERATE",
    "COOPERATE",
    "COOPERATE",
    "COOPERATE",
    "COOPERATE",
    "COOPERATE",
    "COOPERATE",
    "COOPERATE",
    "COOPERATE",
    "COOPERATE",
    "COOPERATE",
    "COOPERATE",
    "COOPERATE",
    "COOPERATE",
    "COOPERATE",
    "COOPERATE",
    "COOPERATE",
    "COOPERATE",
    "COOPERATE",
    "COOPERATE",
    "COOPERATE",
    "COOPERATE",
    "COOPERATE",
    "COOPERATE",
    "COOPERATE",
    "COOPERATE",
    "COOPERATE"
  ],
  "llm_responses": [
    "THINKING: Since this is the first round and there is no prior history, cooperating can establish trust and potentially foster a mutually beneficial dynamic for future rounds. Defecting immediately might provoke retaliation.  \nACTION: COOPERATE",
    "THINKING: Given the opponent has cooperated in the first round and has a 100% cooperation rate so far, it seems beneficial to continue cooperating to build mutual trust and maximize long-term payoffs. Defecting now could disrupt this cooperation dynamic.\n\nACTION: COOPERATE",
    "THINKING: Both the Opponent and I have cooperated 100% so far, which maximizes mutual payoffs. There's no evidence of betrayal, so continuing to cooperate builds trust for future rounds.  \nACTION: COOPERATE ",
    "THINKING: Both I and my opponent have cooperated consistently, leading to mutual high payoffs. Since the opponent has shown a highly cooperative pattern, continuing to cooperate maximizes long-term gains. \n\nACTION: COOPERATE",
    "THINKING: Both I and the Opponent have been consistently cooperative, which has maximized mutual payoffs so far. Breaking this cooperative trend could harm future trust and reduce overall payoffs.\n\nACTION: COOPERATE",
    "THINKING: The opponent has been consistently cooperative, and mutual cooperation yields a higher payoff (3) than mutual defection (1). Maintaining cooperation helps build trust and achieve better long-term outcomes.  \nACTION: COOPERATE",
    "THINKING: The opponent has demonstrated consistent cooperation, and mutual cooperation yields higher long-term payoffs than defecting. Maintaining trust is crucial for maximizing payoffs in this repeated game.  \n\nACTION: COOPERATE",
    "THINKING: Both I and the Opponent have consistently cooperated, leading to mutual high payoffs. Maintaining cooperation ensures mutual trust and long-term benefits, as defecting now could disrupt this pattern and harm both of us.  \nACTION: COOPERATE",
    "THINKING: The opponent has consistently cooperated in all prior rounds, and mutual cooperation yields the best long-term payoff for both players. Defecting would break the trust and likely lead to mutual defection in future rounds, reducing overall payoffs. \n\nACTION: COOPERATE",
    "THINKING: Both you and your opponent have exhibited a perfect cooperation rate, and the payoff matrix rewards mutual cooperation significantly more than defection. Continuing to cooperate maximizes long-term payoffs and maintains trust.  \n\nACTION: COOPERATE",
    "THINKING: The opponent has shown consistent cooperation throughout the game, and mutual cooperation yields the highest joint payoff. Defecting now would break trust and may lead to a worse outcome in future rounds.\n\nACTION: COOPERATE",
    "THINKING: Both I and the opponent have cooperated 100% so far, resulting in mutual trust and maximizing payoffs for both. Breaking this pattern could harm the stable cooperation dynamic.\n\nACTION: COOPERATE",
    "THINKING: Both I and the Opponent have shown consistent cooperation, and maintaining mutual cooperation maximizes the payoff for both players. Defecting now would break trust and risk losing the established cooperative dynamic.\n\nACTION: COOPERATE",
    "THINKING: Both my opponent and I have maintained a perfect cooperation rate so far, fostering mutual trust and maximizing payoffs. Defecting now would break this trust and reduce long-term payoffs.  \nACTION: COOPERATE  ",
    "THINKING: Both I and the Opponent have cooperated in every round so far, leading to mutual trust and maximizing joint payoffs. Breaking this pattern now would harm that trust and reduce future payoffs if retaliation occurs.  \n\nACTION: COOPERATE",
    "THINKING: Both I and the opponent have cooperated consistently for 15 rounds, resulting in mutual benefits. Defecting now would risk breaking the trust and long-term gains established so far.  \nACTION: COOPERATE  ",
    "THINKING: Both you and your opponent have consistently cooperated in all previous rounds, leading to a mutually beneficial outcome. Maintaining cooperation will likely sustain the high payoff for both players.\n\nACTION: COOPERATE",
    "THINKING: Both my opponent and I have maintained a perfect cooperation rate so far, which has maximized mutual payoffs. Defecting now would break this trust and likely lead to worse outcomes in future rounds. \n\nACTION: COOPERATE",
    "THINKING: The opponent has demonstrated consistent cooperation over 18 rounds, and defecting now could disrupt the mutually beneficial dynamic. Cooperating ensures continued high payoffs for both parties.  \nACTION: COOPERATE",
    "THINKING: Both you and the opponent have been consistently cooperating, resulting in mutual benefit. Defecting now would break the trust and could lead to a less optimal outcome in future rounds. Maintaining cooperation maximizes long-term payoffs.  \nACTION: COOPERATE  ",
    "THINKING: Both I and the Opponent have consistently cooperated throughout the game, leading to mutual high payoffs. Defecting now risks breaking the trust and reducing future payoffs in this repeated game.  \n\nACTION: COOPERATE",
    "THINKING: Both my opponent and I have a perfect cooperation rate so far, leading to mutual benefit. Defecting would risk breaking this trust and lead to lower long-term payoffs if the opponent retaliates. Maintaining cooperation maximizes stability and consistent gains.\n\nACTION: COOPERATE",
    "THINKING: Both I and my opponent have been perfectly cooperative so far. Given the opponent's consistent cooperation, continuing to cooperate maximizes mutual payoffs and maintains trust. Defecting now risks breaking this beneficial dynamic.\n\nACTION: COOPERATE",
    "THINKING: Both you and your opponent have cooperated in every round so far, resulting in mutual trust and optimal payoffs. Defecting now risks breaking this trust and reducing long-term payoffs.  \n\nACTION: COOPERATE  ",
    "THINKING: Both I and the opponent have consistently cooperated, leading to mutual benefits. Maintaining cooperation maximizes long-term payoffs and strengthens trust.  \nACTION: COOPERATE  ",
    "THINKING: Both I and the Opponent have maintained 100% cooperation, leading to the highest mutual payoff so far. Breaking this trust by defecting would jeopardize the established pattern and risk lower payoffs in subsequent rounds. \n\nACTION: COOPERATE",
    "THINKING: The opponent has been consistently cooperative, showing no signs of defection. Maintaining cooperation maximizes collective payoffs and strengthens mutual trust for future rounds.  \n\nACTION: COOPERATE",
    "THINKING: Both I and the Opponent have maintained a perfect cooperation record so far, leading to mutual benefits. Breaking this trust now would harm the long-term payoff potential, given the high cooperation rate of the Opponent. \n\nACTION: COOPERATE",
    "THINKING: The opponent has consistently cooperated in all previous rounds, and maintaining mutual cooperation maximizes the payoff for both players. Defecting now would break trust and result in lower long-term rewards.  \n\nACTION: COOPERATE",
    "THINKING: The opponent has consistently cooperated in all 29 rounds, and mutual cooperation maximizes the long-term payoff for both players. Defecting would betray the trust and risk breaking the cooperative dynamic.  \nACTION: COOPERATE  "
  ]
}