{
  "experiment": "exp6_baseline",
  "game": "prisoners_dilemma",
  "provider": "openai",
  "baseline": "Extort2",
  "trial": 18,
  "rounds": 30,
  "payoff": 78,
  "coop_rate": 1.0,
  "llm_history": [
    "COOPERATE",
    "COOPERATE",
    "COOPERATE",
    "COOPERATE",
    "COOPERATE",
    "COOPERATE",
    "COOPERATE",
    "COOPERATE",
    "COOPERATE",
    "COOPERATE",
    "COOPERATE",
    "COOPERATE",
    "COOPERATE",
    "COOPERATE",
    "COOPERATE",
    "COOPERATE",
    "COOPERATE",
    "COOPERATE",
    "COOPERATE",
    "COOPERATE",
    "COOPERATE",
    "COOPERATE",
    "COOPERATE",
    "COOPERATE",
    "COOPERATE",
    "COOPERATE",
    "COOPERATE",
    "COOPERATE",
    "COOPERATE",
    "COOPERATE"
  ],
  "opp_history": [
    "COOPERATE",
    "COOPERATE",
    "COOPERATE",
    "COOPERATE",
    "COOPERATE",
    "COOPERATE",
    "COOPERATE",
    "COOPERATE",
    "COOPERATE",
    "COOPERATE",
    "COOPERATE",
    "COOPERATE",
    "COOPERATE",
    "COOPERATE",
    "COOPERATE",
    "COOPERATE",
    "COOPERATE",
    "COOPERATE",
    "COOPERATE",
    "COOPERATE",
    "COOPERATE",
    "DEFECT",
    "DEFECT",
    "DEFECT",
    "DEFECT",
    "COOPERATE",
    "COOPERATE",
    "COOPERATE",
    "COOPERATE",
    "COOPERATE"
  ],
  "llm_responses": [
    "THINKING: Since this is the first round and there’s no history to analyze, cooperating can establish trust and encourage mutual cooperation in future rounds, which maximizes long-term payoffs.  \nACTION: COOPERATE  ",
    "THINKING: Since both the opponent and I cooperated in the previous round, maintaining mutual cooperation maximizes long-term payoffs. There’s no indication yet that the opponent intends to defect.  \nACTION: COOPERATE",
    "THINKING: So far, the opponent has cooperated 100% of the time, which has resulted in mutual cooperation and equal payoffs. Maintaining cooperation could build trust and maximize long-term payoffs. Defecting now would break this trust and potentially lead to mutual defections in future rounds.\n\nACTION: COOPERATE",
    "THINKING: The opponent has shown consistent cooperation throughout the game, and defecting now could risk damaging the mutual trust and potential for higher payoffs in future rounds. Maintaining cooperation maximizes long-term rewards in a repeated game.  \n\nACTION: COOPERATE",
    "THINKING: Both the opponent and I have consistently cooperated so far, resulting in mutual benefits. Maintaining cooperation continues to maximize long-term payoffs in this highly cooperative environment.  \n\nACTION: COOPERATE",
    "THINKING: The opponent has consistently cooperated in all previous rounds, and mutual cooperation maximizes long-term payoffs. Defecting now would break the trust and could lead to mutual defection in future rounds.  \nACTION: COOPERATE  ",
    "THINKING: The opponent has been consistently cooperative in all past rounds, and maintaining cooperation maximizes mutual payoff in the long run. Defecting now would damage trust and lead to worse outcomes in future rounds.\n\nACTION: COOPERATE",
    "THINKING: Both I and the Opponent have maintained full cooperation so far, leading to mutual benefit. Defecting now would break the trust and likely ruin the cooperative dynamic, which has consistently yielded higher payoffs.  \nACTION: COOPERATE",
    "THINKING: Both I and my opponent have cooperated in every round, leading to a highly cooperative and mutually beneficial dynamic. Continuing to cooperate maximizes joint payoffs and maintains trust.\n\nACTION: COOPERATE",
    "THINKING: The opponent has been consistently cooperative, and both of us have maintained a 100% cooperation rate. Defecting now would disrupt the mutual trust and reduce long-term payoffs. Cooperation maximizes joint benefits.\n\nACTION: COOPERATE",
    "THINKING: Both I and the Opponent have cooperated in every round so far, maintaining mutual trust and maximizing our payoffs. Defecting now would risk breaking the trust and reducing long-term payoffs.\n\nACTION: COOPERATE",
    "THINKING: The opponent has been consistently cooperative (100% cooperation rate) over 11 rounds. Defecting now would risk breaking mutual trust and damaging potential long-term payoffs from continued cooperation. \n\nACTION: COOPERATE",
    "THINKING: The opponent has consistently cooperated, maintaining a 100% cooperation rate. Continuing to cooperate maximizes mutual payoff and sustains trust in the repeated game.  \n\nACTION: COOPERATE",
    "THINKING: Both you and your opponent have demonstrated consistent cooperation so far, leading to optimal payoffs for both. Defecting now risks breaking the trust and reducing overall payoffs in future rounds.  \n\nACTION: COOPERATE",
    "THINKING: Both I and the Opponent have been fully cooperative so far, and defecting now would break the established trust, potentially leading to worse outcomes in future rounds. Maintaining cooperation maximizes mutual payoffs in the long run.\n\nACTION: COOPERATE",
    "THINKING: Both my opponent and I have cooperated consistently, and mutual cooperation yields the highest combined payoff. There is no indication of betrayal from the opponent, so continuing to cooperate builds trust and maximizes long-term payoffs.  \nACTION: COOPERATE",
    "THINKING: Both players have been consistently cooperating, resulting in the maximum mutual payoff. Breaking the cooperative streak by defecting could harm trust and lead to worse outcomes in future rounds.  \nACTION: COOPERATE",
    "THINKING: Both you and your opponent have cooperated in every round so far, maintaining mutual trust and maximizing payoffs. Defecting now would break this trust and could lead to mutual defection in future rounds, reducing overall payoffs.\n\nACTION: COOPERATE",
    "THINKING: Both I and the opponent have consistently cooperated for all previous rounds, resulting in mutual high payoffs. Maintaining cooperation sustains trust and maximizes long-term rewards in repeated games.  \n\nACTION: COOPERATE",
    "THINKING: The opponent has been highly cooperative throughout the game, maintaining a 100% cooperation rate like me. Mutual cooperation has consistently maximized payoffs for both parties, and breaking this trust could jeopardize future rounds.\n\nACTION: COOPERATE",
    "THINKING: Both my opponent and I have cooperated consistently, leading to mutually beneficial outcomes. Maintaining cooperation sustains trust and maximum payoff over time.\n\nACTION: COOPERATE",
    "THINKING: Both I and the Opponent have cooperated 100% of the time, leading to a mutually beneficial outcome. Breaking this pattern risks destroying the trust and reducing future payoffs.\n\nACTION: COOPERATE",
    "THINKING: The opponent has shown a high level of cooperation (95%), but their last action was a defect. This could be a test to see if I remain cooperative or a momentary deviation. To maintain trust and encourage cooperation, I should continue cooperating.  \nACTION: COOPERATE",
    "THINKING: The opponent has been highly cooperative overall but defected in the last round. This could either be a test or a strategic move. To maintain the possibility of mutual cooperation and maximize long-term payoffs, I will give them the benefit of the doubt and cooperate this round.\n\nACTION: COOPERATE",
    "THINKING: The opponent has a high cooperation rate (88%), but their recent action was to defect. This could signal a test of trust or a shift in strategy. To encourage mutual cooperation and rebuild trust, I will cooperate this round. \n\nACTION: COOPERATE",
    "THINKING: The opponent has shown a high cooperation rate overall (84%) but defected in the last round, suggesting conditional behavior. To encourage future cooperation, I should reciprocate cooperation, despite the recent defect. \n\nACTION: COOPERATE",
    "THINKING: The opponent has a high cooperation rate of 85% and cooperated in the previous round, suggesting a tendency toward mutual cooperation. Maintaining cooperation could encourage continued trust and maximize long-term payoffs.\n\nACTION: COOPERATE",
    "THINKING: The opponent has shown a high cooperation rate (85%) and cooperated in the last round, suggesting they are likely to continue cooperating if I do as well. Maintaining cooperation can maximize long-term payoffs in this repeated game.  \n\nACTION: COOPERATE",
    "THINKING: The opponent has a high cooperation rate (86%) and cooperated in the last round, suggesting they are likely to cooperate again. Maintaining mutual cooperation maximizes overall payoffs in the long run.  \n\nACTION: COOPERATE",
    "THINKING: The opponent has a high cooperation rate (86%) and recently cooperated in the last round, indicating a tendency to cooperate conditionally. To maximize long-term payoffs and maintain mutual trust, cooperation is the best choice.\n\nACTION: COOPERATE"
  ]
}