{
  "experiment": "exp6_baseline",
  "game": "prisoners_dilemma",
  "provider": "deepseek",
  "baseline": "GenerousTitForTat",
  "trial": 23,
  "rounds": 30,
  "payoff": 87,
  "coop_rate": 0.9333333333333333,
  "llm_history": [
    "COOPERATE",
    "COOPERATE",
    "COOPERATE",
    "COOPERATE",
    "COOPERATE",
    "COOPERATE",
    "COOPERATE",
    "COOPERATE",
    "COOPERATE",
    "COOPERATE",
    "COOPERATE",
    "DEFECT",
    "DEFECT",
    "COOPERATE",
    "COOPERATE",
    "COOPERATE",
    "COOPERATE",
    "COOPERATE",
    "COOPERATE",
    "COOPERATE",
    "COOPERATE",
    "COOPERATE",
    "COOPERATE",
    "COOPERATE",
    "COOPERATE",
    "COOPERATE",
    "COOPERATE",
    "COOPERATE",
    "COOPERATE",
    "COOPERATE"
  ],
  "opp_history": [
    "COOPERATE",
    "COOPERATE",
    "COOPERATE",
    "COOPERATE",
    "COOPERATE",
    "COOPERATE",
    "COOPERATE",
    "COOPERATE",
    "COOPERATE",
    "COOPERATE",
    "COOPERATE",
    "COOPERATE",
    "DEFECT",
    "DEFECT",
    "COOPERATE",
    "COOPERATE",
    "COOPERATE",
    "COOPERATE",
    "COOPERATE",
    "COOPERATE",
    "COOPERATE",
    "COOPERATE",
    "COOPERATE",
    "COOPERATE",
    "COOPERATE",
    "COOPERATE",
    "COOPERATE",
    "COOPERATE",
    "COOPERATE",
    "COOPERATE"
  ],
  "llm_responses": [
    "THINKING: This is the first round with no history, so I'll start with cooperation to signal willingness to cooperate and see how the opponent responds.  \nACTION: COOPERATE",
    "THINKING: Since the opponent cooperated in the first round and has a 100% cooperation rate so far, cooperating again encourages mutual cooperation for higher long-term payoffs.  \nACTION: COOPERATE",
    "THINKING: Both players have cooperated in the first two rounds, and the opponent has a 100% cooperation rate. Starting with mutual cooperation is promising, so I'll continue cooperating to build trust and maintain the high payoff outcome.\n\nACTION: COOPERATE",
    "THINKING: The opponent has cooperated 100% so far, and mutual cooperation yields the highest long-term payoff. Defecting now risks breaking trust and reducing future gains.\n\nACTION: COOPERATE",
    "THINKING: The opponent has cooperated 100% so far, and my cooperation rate is also 100%. Since this is a repeated game, mutual cooperation yields the best long-term payoff (3 each round), and defecting now could trigger retaliation.\n\nACTION: COOPERATE",
    "THINKING: The opponent has cooperated every round so far, and my cooperation rate is 100%. Continuing to cooperate maintains mutual cooperation and the highest joint payoff.\n\nACTION: COOPERATE",
    "THINKING: The opponent has cooperated 100% of the time, and mutual cooperation yields the highest long-term payoff. Defecting now risks breaking this beneficial pattern.  \nACTION: COOPERATE",
    "THINKING: The opponent has cooperated 100% of the time so far, and mutual cooperation yields the highest long-term payoff. Defecting now risks breaking the cooperative pattern and lowering future payoffs.  \nACTION: COOPERATE",
    "THINKING: The opponent has cooperated in all 8 rounds, and my cooperation rate is 100%. Continuing to cooperate maintains mutual cooperation and the high payoff of 3 each round.\n\nACTION: COOPERATE",
    "THINKING: The opponent has cooperated 100% of the time so far, and mutual cooperation yields a good payoff. Defecting now risks breaking the cooperative pattern and lowering future payoffs.  \nACTION: COOPERATE",
    "THINKING: The opponent has cooperated 100% of the time, and mutual cooperation yields a good payoff. Defecting now risks breaking this beneficial pattern for a short-term gain.\n\nACTION: COOPERATE",
    "THINKING: The opponent has cooperated 100% of the time so far, and my total payoff is currently zero, meaning I've been cooperating while they've been defecting. This suggests the opponent is actually a defector, not a cooperator as the analysis states.\n\nACTION: DEFECT",
    "THINKING: The opponent has cooperated 100% of the time so far, making them extremely predictable and exploitable. Defecting now maximizes my payoff for this round without immediate risk of retaliation.\n\nACTION: DEFECT",
    "THINKING: The opponent is highly cooperative overall (92%), but they just defected last round. Given my total payoff is currently zero, I should try to rebuild mutual cooperation to improve my score, so I'll respond with cooperation to encourage future cooperation.\n\nACTION: COOPERATE",
    "THINKING: Despite the opponent's high cooperation rate, they defected last round, which could signal a shift. However, with a long-term cooperative pattern, a single defection might be a test or mistake. Defecting now risks triggering mutual defection and losing the high mutual payoff.\n\nACTION: COOPERATE",
    "THINKING: Opponent has been highly cooperative (87% rate) and just cooperated last round. Cooperating now likely continues mutual cooperation, maximizing long-term payoff.\n\nACTION: COOPERATE",
    "THINKING: Both of us have high cooperation rates and the opponent just cooperated, so mutual cooperation is likely to continue, maximizing my payoff.  \nACTION: COOPERATE",
    "THINKING: The opponent has been highly cooperative (88% rate) and just cooperated last round. In a repeated Prisoner's Dilemma with a cooperative opponent, mutual cooperation yields the best long-term payoff.  \nACTION: COOPERATE",
    "THINKING: With both cooperation rates high and the opponent recently cooperating, mutual cooperation maximizes my payoff this round.  \nACTION: COOPERATE",
    "THINKING: Both of us have been highly cooperative (89% each), and the opponent just cooperated last round. Continuing to cooperate maximizes mutual payoff in this repeated game.\n\nACTION: COOPERATE",
    "THINKING: With both of us cooperating at 90% and the opponent highly cooperative, mutual cooperation yields the best long-term payoff.  \nACTION: COOPERATE",
    "THINKING: With both cooperation rates at 90% and a highly cooperative recent pattern, mutual cooperation yields the best long-term payoff. Defecting risks breaking the cooperative equilibrium.  \nACTION: COOPERATE",
    "THINKING: With both cooperation rates above 90% and a history of mutual cooperation, maintaining cooperation maximizes long-term payoff in this repeated game.  \nACTION: COOPERATE",
    "THINKING: With both cooperation rates at 91% and the opponent consistently cooperating recently, mutual cooperation yields the best joint payoff. Defecting now risks breaking a highly profitable pattern for minimal short-term gain.  \nACTION: COOPERATE",
    "THINKING: Both of us have high cooperation rates, and mutual cooperation yields the best long-term payoff. Defecting now risks breaking the cooperative pattern and reducing future gains.  \nACTION: COOPERATE",
    "THINKING: Both of us have been highly cooperative (92% each), leading to mutual benefit historically. Continuing to cooperate maximizes long-term payoff in a repeated game with a cooperative opponent.  \nACTION: COOPERATE",
    "THINKING: Both of us have been cooperating almost all the time, leading to high mutual payoffs. Defecting now would break the trust and likely reduce my future payoff.\n\nACTION: COOPERATE",
    "THINKING: Both of us have been highly cooperative (93% each), and defecting now would risk breaking the trust we've built, likely reducing future payoffs.  \nACTION: COOPERATE",
    "THINKING: With both cooperation rates at 93% and a highly cooperative recent pattern, mutual cooperation yields the best ongoing payoff. Defecting now risks breaking trust and losing future gains.\n\nACTION: COOPERATE",
    "THINKING: Both of us have been highly cooperative (93% each), leading to mutual benefit. Continuing to cooperate maximizes long-term payoff in this repeated game.\n\nACTION: COOPERATE"
  ]
}