{
  "experiment": "exp6_baseline",
  "game": "prisoners_dilemma",
  "provider": "openai",
  "baseline": "GenerousTitForTat",
  "trial": 11,
  "rounds": 30,
  "payoff": 90,
  "coop_rate": 1.0,
  "llm_history": [
    "COOPERATE",
    "COOPERATE",
    "COOPERATE",
    "COOPERATE",
    "COOPERATE",
    "COOPERATE",
    "COOPERATE",
    "COOPERATE",
    "COOPERATE",
    "COOPERATE",
    "COOPERATE",
    "COOPERATE",
    "COOPERATE",
    "COOPERATE",
    "COOPERATE",
    "COOPERATE",
    "COOPERATE",
    "COOPERATE",
    "COOPERATE",
    "COOPERATE",
    "COOPERATE",
    "COOPERATE",
    "COOPERATE",
    "COOPERATE",
    "COOPERATE",
    "COOPERATE",
    "COOPERATE",
    "COOPERATE",
    "COOPERATE",
    "COOPERATE"
  ],
  "opp_history": [
    "COOPERATE",
    "COOPERATE",
    "COOPERATE",
    "COOPERATE",
    "COOPERATE",
    "COOPERATE",
    "COOPERATE",
    "COOPERATE",
    "COOPERATE",
    "COOPERATE",
    "COOPERATE",
    "COOPERATE",
    "COOPERATE",
    "COOPERATE",
    "COOPERATE",
    "COOPERATE",
    "COOPERATE",
    "COOPERATE",
    "COOPERATE",
    "COOPERATE",
    "COOPERATE",
    "COOPERATE",
    "COOPERATE",
    "COOPERATE",
    "COOPERATE",
    "COOPERATE",
    "COOPERATE",
    "COOPERATE",
    "COOPERATE",
    "COOPERATE"
  ],
  "llm_responses": [
    "THINKING: Since this is the first round and there is no history or pattern to analyze, it is often strategic to begin with cooperation to establish goodwill and explore the opponent's tendencies. This approach aligns with a Tit-for-Tat strategy.  \nACTION: COOPERATE  ",
    "THINKING: In the first round, the opponent cooperated, and their cooperation rate is 100%. Maintaining mutual cooperation leads to the highest collective payoff over repeated rounds. Defecting now risks breaking trust and reducing future payoffs. \n\nACTION: COOPERATE",
    "THINKING: Both you and your opponent have consistently cooperated so far, and this mutual cooperation maximizes payoffs for both parties. Maintaining cooperation builds trust and stability in repeated games.  \n\nACTION: COOPERATE",
    "THINKING: The opponent has been highly cooperative so far, with a 100% cooperation rate. Continuing to cooperate can maintain mutual high payoffs and foster trust, which is beneficial in the long term.\n\nACTION: COOPERATE",
    "THINKING: The opponent has been consistently cooperative with a 100% cooperation rate, and mutual cooperation yields a higher payoff (3) than mutual defection (1). Defecting now risks breaking trust and reducing future payoffs.  \nACTION: COOPERATE",
    "THINKING: Both myself and Opponent have consistently cooperated, indicating a trusting and mutually beneficial dynamic. Defecting now would likely harm this relationship and lead to lower payoffs in the long run.\n\nACTION: COOPERATE",
    "THINKING: So far, both I and the Opponent have cooperated 100% of the time, leading to a highly mutual and beneficial outcome. Breaking this trust could risk disrupting the cooperative dynamic and lead to lower payoffs in future rounds.\n\nACTION: COOPERATE",
    "THINKING: Both you and your opponent have demonstrated complete cooperation so far, resulting in mutual high payoffs. Breaking this pattern could risk losing the trust and future cooperation of your opponent. Maintaining cooperation maximizes long-term payoff in this scenario.  \n\nACTION: COOPERATE",
    "THINKING: The opponent has been highly cooperative so far, with a 100% cooperation rate, and I have also cooperated every round. Mutual cooperation provides the highest consistent payoff (3 each), so maintaining trust is optimal.  \nACTION: COOPERATE",
    "THINKING: The opponent has demonstrated consistent cooperation throughout the game, and mutual cooperation maximizes long-term payoffs. Defecting now would break trust and could lead to lower payoffs in future rounds.  \nACTION: COOPERATE",
    "THINKING: The opponent has been perfectly cooperative for all 10 rounds, and mutual cooperation maximizes long-term payoffs in this scenario. Defecting now risks breaking the trust and reducing both of our payoffs.  \nACTION: COOPERATE",
    "THINKING: The opponent has consistently cooperated in every round, and mutual cooperation yields the best long-term payoffs (3 points each per round). Defection would break the trust and potentially lead to mutual defection in future rounds, reducing overall payoffs.\n\nACTION: COOPERATE",
    "THINKING: The opponent has consistently cooperated in all previous rounds, demonstrating a highly cooperative strategy. Maintaining mutual cooperation ensures both parties continue to maximize payoffs.\n\nACTION: COOPERATE",
    "THINKING: Both I and the Opponent have shown consistent cooperation, resulting in mutual benefit. Breaking this pattern could harm long-term payoffs if trust is lost.\n\nACTION: COOPERATE",
    "THINKING: The opponent has consistently cooperated in all 14 previous rounds, demonstrating a highly cooperative strategy. Maintaining mutual cooperation will maximize long-term payoffs for both of us.\n\nACTION: COOPERATE",
    "THINKING: Both players have maintained a 100% cooperation rate for 15 rounds, maximizing mutual payoffs. Defecting now would break trust and potentially lead to lower payoffs in future rounds if the opponent retaliates.\n\nACTION: COOPERATE",
    "THINKING: The opponent has consistently cooperated in all previous rounds, creating a highly cooperative dynamic. Maintaining cooperation is likely to maximize long-term payoffs in this repeated game scenario. \n\nACTION: COOPERATE",
    "THINKING: The opponent has been fully cooperative so far, and mutual cooperation yields the highest joint payoff. Defecting now could break the trust and harm future outcomes in this repeated game.  \n\nACTION: COOPERATE",
    "THINKING: The opponent has been fully cooperative, and mutual cooperation maximizes the payoff for both players. Defecting would break the established trust and likely lead to worse outcomes in future rounds.\n\nACTION: COOPERATE",
    "THINKING: Both I and the Opponent have demonstrated 100% cooperation so far, ensuring mutual high payoffs. Defecting now would break the trust and potentially lead to worse outcomes in future rounds. \n\nACTION: COOPERATE",
    "THINKING: The opponent has consistently cooperated in all 20 rounds, demonstrating a highly cooperative strategy. To maximize long-term payoff and maintain mutual trust, I should continue cooperating.\n\nACTION: COOPERATE",
    "THINKING: Both the opponent and I have consistently cooperated for 21 rounds, maximizing mutual payoffs. Defecting now risks breaking trust and reducing long-term gains.  \n\nACTION: COOPERATE",
    "THINKING: Both the opponent and I have cooperated in every round, leading to mutual benefit. Defecting now would break the trust and likely harm long-term payoffs.  \nACTION: COOPERATE  ",
    "THINKING: The opponent has been consistently cooperative over 23 rounds, maintaining a 100% cooperation rate. Mutual cooperation maximizes both players' payoffs, and defecting now would break the established trust and likely lead to worse outcomes in future rounds.\n\nACTION: COOPERATE",
    "THINKING: Both I and the Opponent have consistently cooperated for all 24 rounds, building trust and maximizing mutual payoffs. Defecting now would break this trust and yield no long-term benefit given the Opponent's highly cooperative pattern.\n\nACTION: COOPERATE",
    "THINKING: The opponent has consistently cooperated in all previous rounds, showing a highly cooperative strategy. Maintaining cooperation ensures mutual benefit and avoids breaking trust, which could lead to a less favorable outcome in future rounds.\n\nACTION: COOPERATE",
    "THINKING: Both players have been fully cooperative so far, leading to mutual gains. Maintaining cooperation continues to maximize the overall payoffs and preserves trust. Defecting now risks undermining the established cooperative dynamic.  \nACTION: COOPERATE",
    "THINKING: Both I and the opponent have cooperated 100% of the time, leading to optimal mutual payoffs. Breaking this pattern would risk damaging trust and reducing future payoffs. Cooperation has proven to be a successful strategy in maintaining mutual benefit so far.\n\nACTION: COOPERATE",
    "THINKING: Both I and the Opponent have cooperated 100% of the time, leading to mutual trust and maximum shared payoffs. Breaking that trust by defecting now would damage the relationship and reduce long-term benefits.\n\nACTION: COOPERATE",
    "THINKING: Both players have consistently cooperated, leading to mutual high payoffs. Defecting now risks breaking the trust and reducing future payoffs in this repeated game. Maintaining cooperation is optimal for long-term gains.  \nACTION: COOPERATE"
  ]
}