{
  "experiment": "exp6_baseline",
  "game": "prisoners_dilemma",
  "provider": "deepseek",
  "baseline": "AlwaysDefect",
  "trial": 21,
  "rounds": 30,
  "payoff": 29,
  "coop_rate": 0.03333333333333333,
  "llm_history": [
    "COOPERATE",
    "DEFECT",
    "DEFECT",
    "DEFECT",
    "DEFECT",
    "DEFECT",
    "DEFECT",
    "DEFECT",
    "DEFECT",
    "DEFECT",
    "DEFECT",
    "DEFECT",
    "DEFECT",
    "DEFECT",
    "DEFECT",
    "DEFECT",
    "DEFECT",
    "DEFECT",
    "DEFECT",
    "DEFECT",
    "DEFECT",
    "DEFECT",
    "DEFECT",
    "DEFECT",
    "DEFECT",
    "DEFECT",
    "DEFECT",
    "DEFECT",
    "DEFECT",
    "DEFECT"
  ],
  "opp_history": [
    "DEFECT",
    "DEFECT",
    "DEFECT",
    "DEFECT",
    "DEFECT",
    "DEFECT",
    "DEFECT",
    "DEFECT",
    "DEFECT",
    "DEFECT",
    "DEFECT",
    "DEFECT",
    "DEFECT",
    "DEFECT",
    "DEFECT",
    "DEFECT",
    "DEFECT",
    "DEFECT",
    "DEFECT",
    "DEFECT",
    "DEFECT",
    "DEFECT",
    "DEFECT",
    "DEFECT",
    "DEFECT",
    "DEFECT",
    "DEFECT",
    "DEFECT",
    "DEFECT",
    "DEFECT"
  ],
  "llm_responses": [
    "THINKING: This is the first round with no history, so I'll start by cooperating to signal willingness to cooperate and see how the opponent responds.  \nACTION: COOPERATE",
    "THINKING: The opponent defected in the first round, and my cooperation rate is 100%, so I should retaliate to avoid being exploited.  \nACTION: DEFECT",
    "THINKING: The opponent has defected in both previous rounds, so they are likely playing a strategy that defects often. My best response to a defector is to defect as well to avoid being exploited.\n\nACTION: DEFECT",
    "THINKING: The opponent has defected every round so far and has a 0% cooperation rate, so continuing to cooperate is unlikely to change their behavior and will keep costing me points.  \nACTION: DEFECT",
    "THINKING: The opponent has defected every round so far, and my cooperation rate is low because I've mostly defected too. Continuing to defect is the rational choice to avoid being exploited.\n\nACTION: DEFECT",
    "THINKING: The opponent has always defected so far, and my cooperation rate is low. Continuing to cooperate will likely lead to a poor payoff, so I should defect to minimize losses.\n\nACTION: DEFECT",
    "THINKING: The opponent has defected every round so far, and my cooperation has only led to losses. Continuing to cooperate is not rational against an always-defect strategy.  \nACTION: DEFECT",
    "THINKING: The opponent has defected every round so far and has a 0% cooperation rate, so cooperating again is unlikely to change their behavior and will just cost me more points.  \nACTION: DEFECT",
    "THINKING: The opponent has defected every round so far, and my cooperation has only led to zero payoff. Continuing to cooperate is not rational.  \nACTION: DEFECT",
    "THINKING: The opponent has defected every round so far, and my cooperation has only led to losses. Continuing to cooperate is not rational against an always-defect strategy.\n\nACTION: DEFECT",
    "THINKING: The opponent has defected in every previous round, and my cooperation has only led to losses. Continuing to cooperate is not rational.  \nACTION: DEFECT",
    "THINKING: The opponent has always defected so far, and my cooperation has only led to losses. Continuing to cooperate is not rational.  \nACTION: DEFECT",
    "THINKING: The opponent has consistently defected in all previous rounds, and my cooperation has led to zero payoff. Continuing to cooperate is not rational in this scenario.\n\nACTION: DEFECT",
    "THINKING: The opponent has defected in every previous round, and my cooperation has only led to losses. Continuing to cooperate is not rational.  \nACTION: DEFECT",
    "THINKING: The opponent has always defected so far, and my cooperation has only hurt my score. To maximize my payoff in this round, I should defect.\n\nACTION: DEFECT",
    "THINKING: The opponent has always defected so far, and my cooperation has only led to losses. Continuing to cooperate is not rational.\n\nACTION: DEFECT",
    "THINKING: The opponent has always defected, so cooperating again would just lose more points. Defecting ensures at least 1 point instead of 0.  \nACTION: DEFECT",
    "THINKING: The opponent has defected every single round so far, and my cooperation has only led to losses. Continuing to cooperate is not rational.  \nACTION: DEFECT",
    "THINKING: The opponent has consistently defected every round, and my cooperation has only led to losses. To maximize my payoff in this round, I should defect as well.  \nACTION: DEFECT",
    "THINKING: The opponent has defected 100% of the time, and cooperating against a constant defector only gives me 0 points while defecting gives me 1 point. There's no incentive to cooperate.\n\nACTION: DEFECT",
    "THINKING: The opponent has always defected so far, and my cooperation rate is low because cooperating has only led to getting 0 payoff. Continuing to cooperate is not rational; I should defect to minimize losses and get at least 1 instead of 0.  \nACTION: DEFECT",
    "THINKING: The opponent has defected in every previous round and has a 0% cooperation rate, so cooperating now would likely lead to a loss with no sign of change.  \nACTION: DEFECT",
    "THINKING: The opponent has defected in all 22 previous rounds, showing no sign of cooperation, so cooperating now would only reward their defection and lower my score.  \nACTION: DEFECT",
    "THINKING: The opponent has defected in every previous round, and my cooperation has only led to losses. Continuing to cooperate is not rational here.\n\nACTION: DEFECT",
    "THINKING: The opponent has consistently defected for 24 rounds, and my cooperation has only led to losses. Continuing to cooperate is irrational.  \nACTION: DEFECT",
    "THINKING: The opponent has defected 100% of the time, and my cooperation has only led to losses. Continuing to cooperate is irrational.  \nACTION: DEFECT",
    "THINKING: The opponent has consistently defected in all previous rounds, and my cooperation attempts have only lowered my payoff. Continuing to cooperate is not rational in this scenario.\n\nACTION: DEFECT",
    "THINKING: The opponent has defected in every previous round and has a 0% cooperation rate, so cooperating now would likely just give them another high payoff at my expense.  \nACTION: DEFECT",
    "THINKING: The opponent has defected in all 28 rounds, showing no willingness to cooperate, so cooperating now would only give them a higher payoff at my expense.  \nACTION: DEFECT",
    "THINKING: The opponent has defected in every round so far, and my cooperation has only led to losses. Continuing to cooperate is not rational.  \nACTION: DEFECT"
  ]
}