{
  "experiment": "exp6_baseline",
  "game": "prisoners_dilemma",
  "provider": "deepseek",
  "baseline": "GrimTrigger",
  "trial": 5,
  "rounds": 30,
  "payoff": 50,
  "coop_rate": 0.4666666666666667,
  "llm_history": [
    "COOPERATE",
    "COOPERATE",
    "COOPERATE",
    "COOPERATE",
    "COOPERATE",
    "COOPERATE",
    "COOPERATE",
    "COOPERATE",
    "COOPERATE",
    "COOPERATE",
    "DEFECT",
    "COOPERATE",
    "COOPERATE",
    "COOPERATE",
    "DEFECT",
    "DEFECT",
    "COOPERATE",
    "DEFECT",
    "DEFECT",
    "DEFECT",
    "DEFECT",
    "DEFECT",
    "DEFECT",
    "DEFECT",
    "DEFECT",
    "DEFECT",
    "DEFECT",
    "DEFECT",
    "DEFECT",
    "DEFECT"
  ],
  "opp_history": [
    "COOPERATE",
    "COOPERATE",
    "COOPERATE",
    "COOPERATE",
    "COOPERATE",
    "COOPERATE",
    "COOPERATE",
    "COOPERATE",
    "COOPERATE",
    "COOPERATE",
    "COOPERATE",
    "DEFECT",
    "DEFECT",
    "DEFECT",
    "DEFECT",
    "DEFECT",
    "DEFECT",
    "DEFECT",
    "DEFECT",
    "DEFECT",
    "DEFECT",
    "DEFECT",
    "DEFECT",
    "DEFECT",
    "DEFECT",
    "DEFECT",
    "DEFECT",
    "DEFECT",
    "DEFECT",
    "DEFECT"
  ],
  "llm_responses": [
    "THINKING: Since this is the first round and there's no history, I'll start by cooperating to signal willingness to cooperate and see how the opponent responds.  \nACTION: COOPERATE",
    "THINKING: The opponent cooperated in round 1, and with no reason to defect yet, cooperating continues the mutual benefit.  \nACTION: COOPERATE",
    "THINKING: Both players have cooperated in the first two rounds, leading to mutual benefit. Since the opponent has a 100% cooperation rate so far, cooperating again continues building trust for higher long-term payoffs.\n\nACTION: COOPERATE",
    "THINKING: Opponent has cooperated 100% so far, and my total payoff is currently zero because I've been cooperating while they likely defected earlier. Given their recent pattern of cooperation, cooperating again may build mutual trust for higher future payoffs.\n\nACTION: COOPERATE",
    "THINKING: The opponent has cooperated 100% of the time so far, and my total payoff is currently zero, meaning I've been cooperating while they've been cooperating. Continuing to cooperate maintains mutual benefit.\n\nACTION: COOPERATE",
    "THINKING: Opponent has cooperated 100% so far, and mutual cooperation yields the best long-term payoff. Defecting now risks breaking trust and reducing future gains.\n\nACTION: COOPERATE",
    "THINKING: Opponent has cooperated 100% of the time, and mutual cooperation yields the best long-term payoff. Defecting now risks breaking the cooperative equilibrium.  \nACTION: COOPERATE",
    "THINKING: The opponent has cooperated in all 7 previous rounds, showing a highly cooperative pattern. In a repeated Prisoner's Dilemma, maintaining mutual cooperation yields the best long-term payoff (3 per round), while defecting now risks breaking that trust for a one-time gain of 5.\n\nACTION: COOPERATE",
    "THINKING: The opponent has cooperated 100% of the time so far, and mutual cooperation yields the highest long-term payoff. Defecting now risks breaking the cooperative equilibrium.\n\nACTION: COOPERATE",
    "THINKING: The opponent has cooperated in all 9 previous rounds, and my total payoff is currently 0, meaning I have been cooperating while they have been cooperating. Defecting now would yield a higher immediate payoff (5 vs 3), but could break the mutual cooperation and trigger retaliation in future rounds. Since the opponent is highly cooperative, maintaining cooperation is likely more profitable in the long run.\n\nACTION: COOPERATE",
    "THINKING: The opponent has cooperated 100% of the time so far, and my total payoff is zero because I've always cooperated while they have always defected against me. This suggests they are exploiting my cooperation, so I should defect to improve my score.\n\nACTION: DEFECT",
    "THINKING: The opponent has cooperated 100% of the time so far, and my high cooperation rate (91%) has not been exploited. Continuing to cooperate maintains mutual high payoffs.\n\nACTION: COOPERATE",
    "THINKING: The opponent has a high cooperation rate (92%) and a recent pattern of being highly cooperative, but they defected last round. Given my total payoff is currently zero, I should try to restore mutual cooperation to improve my score, so I'll cooperate to signal willingness to return to cooperation.  \nACTION: COOPERATE",
    "THINKING: The opponent has a high cooperation rate (85%) and a recent defect could be a one-off; cooperating now may encourage mutual cooperation and maximize long-term payoff.  \nACTION: COOPERATE",
    "THINKING: Opponent has a high cooperation rate overall but defected last round, and my total payoff is currently zero, indicating I've been exploited. I should defect to protect myself and signal I won't be taken advantage of.\n\nACTION: DEFECT",
    "THINKING: The opponent has a high cooperation rate overall (73%) but defected last round. Given my high cooperation rate (87%), they might be testing my response to defection. To encourage future cooperation, I should reciprocate the defect to show I won't be exploited, then return to cooperation next round.\n\nACTION: DEFECT",
    "THINKING: Opponent has a high cooperation rate overall but just defected last round; given my high cooperation rate, they may be testing my response. Defecting now could trigger a downward spiral, but cooperating might restore mutual cooperation.\n\nACTION: COOPERATE",
    "THINKING: Opponent has been defecting recently and has a lower cooperation rate than me, so continuing to cooperate is likely to result in a poor payoff for me this round.  \nACTION: DEFECT",
    "THINKING: The opponent has been defecting recently and has a lower cooperation rate than me, so continuing to cooperate is likely to lead to another loss.  \nACTION: DEFECT",
    "THINKING: The opponent has been defecting recently and has a lower cooperation rate than me, so continuing to cooperate is likely to lead to a poor payoff.  \nACTION: DEFECT",
    "THINKING: The opponent has recently been always defecting, and my cooperation rate is high, so continuing to cooperate will likely lead to exploitation.  \nACTION: DEFECT",
    "THINKING: The opponent's recent pattern is always defecting, and they just defected last round. Cooperating now would likely result in a payoff of 0, while defecting guarantees at least 1.\n\nACTION: DEFECT",
    "THINKING: The opponent has been defecting consistently recently, and my cooperation rate is high while my total payoff is zero, indicating I've been exploited. Continuing to cooperate is unlikely to change their behavior.\n\nACTION: DEFECT",
    "THINKING: The opponent has recently been always defecting, and my cooperation rate is high while theirs is low. Continuing to cooperate will likely lead to a poor payoff for me in this round.\n\nACTION: DEFECT",
    "THINKING: The opponent has a recent pattern of always defecting, and their overall cooperation rate is low, so they are likely to defect again. Defecting is the best response to maximize my payoff this round.\n\nACTION: DEFECT",
    "THINKING: The opponent has been defecting recently and their overall cooperation rate is low, so cooperating now would likely lead to a poor payoff for me.  \nACTION: DEFECT",
    "THINKING: The opponent has been defecting consistently recently, and my cooperation hasn't improved the outcome. Continuing to cooperate will likely result in another loss.\n\nACTION: DEFECT",
    "THINKING: The opponent has been defecting consistently recently, and my total payoff is currently zero, so cooperating again is unlikely to change their behavior.  \nACTION: DEFECT",
    "THINKING: The opponent has been defecting consistently recently, and my total payoff is currently zero, so cooperating again is unlikely to change their behavior.  \nACTION: DEFECT",
    "THINKING: The opponent has been defecting consistently recently, and with a low overall cooperation rate, cooperating now is likely to lead to a poor payoff for me.  \nACTION: DEFECT"
  ]
}