{
  "experiment": "exp6_baseline",
  "game": "prisoners_dilemma",
  "provider": "deepseek",
  "baseline": "Pavlov",
  "trial": 6,
  "rounds": 30,
  "payoff": 87,
  "coop_rate": 0.9,
  "llm_history": [
    "COOPERATE",
    "COOPERATE",
    "COOPERATE",
    "COOPERATE",
    "COOPERATE",
    "COOPERATE",
    "COOPERATE",
    "COOPERATE",
    "COOPERATE",
    "COOPERATE",
    "COOPERATE",
    "DEFECT",
    "COOPERATE",
    "DEFECT",
    "COOPERATE",
    "DEFECT",
    "COOPERATE",
    "COOPERATE",
    "COOPERATE",
    "COOPERATE",
    "COOPERATE",
    "COOPERATE",
    "COOPERATE",
    "COOPERATE",
    "COOPERATE",
    "COOPERATE",
    "COOPERATE",
    "COOPERATE",
    "COOPERATE",
    "COOPERATE"
  ],
  "opp_history": [
    "COOPERATE",
    "COOPERATE",
    "COOPERATE",
    "COOPERATE",
    "COOPERATE",
    "COOPERATE",
    "COOPERATE",
    "COOPERATE",
    "COOPERATE",
    "COOPERATE",
    "COOPERATE",
    "COOPERATE",
    "DEFECT",
    "COOPERATE",
    "DEFECT",
    "COOPERATE",
    "DEFECT",
    "COOPERATE",
    "COOPERATE",
    "COOPERATE",
    "COOPERATE",
    "COOPERATE",
    "COOPERATE",
    "COOPERATE",
    "COOPERATE",
    "COOPERATE",
    "COOPERATE",
    "COOPERATE",
    "COOPERATE",
    "COOPERATE"
  ],
  "llm_responses": [
    "THINKING: This is the first round with no history, so I'll start by cooperating to signal willingness to cooperate and see how the opponent responds.  \nACTION: COOPERATE",
    "THINKING: Since the opponent cooperated in the first round and has a 100% cooperation rate so far, cooperating now encourages mutual cooperation and builds trust for higher long-term payoffs.  \nACTION: COOPERATE",
    "THINKING: The opponent has cooperated in both previous rounds, and my cooperation rate is 100%. Since we are both cooperating, I'm currently getting a payoff of 3 per round, which is the mutual cooperation reward. Defecting now could risk breaking this cooperative pattern for a short-term gain of 5, but likely at the cost of future cooperation. Given the early stage and the opponent's consistent cooperation, it's best to continue cooperating to build trust.\n\nACTION: COOPERATE",
    "THINKING: The opponent has cooperated 100% of the time so far, and mutual cooperation yields a good payoff. Defecting now risks breaking this cooperative pattern and lowering future payoffs.\n\nACTION: COOPERATE",
    "THINKING: Opponent has cooperated 100% so far, and mutual cooperation yields the highest long-term payoff. Defecting now risks breaking trust and reducing future gains.\n\nACTION: COOPERATE",
    "THINKING: The opponent has cooperated every round so far, and my cooperation rate is 100%. Continuing to cooperate maintains mutual benefit and high payoffs.\n\nACTION: COOPERATE",
    "THINKING: The opponent has cooperated 100% of the time, and mutual cooperation yields the best long-term payoff. Defecting now risks breaking this beneficial pattern.\n\nACTION: COOPERATE",
    "THINKING: The opponent has cooperated 100% of the time so far, and mutual cooperation yields a good payoff. Defecting now risks breaking this cooperative pattern and lowering future payoffs.  \nACTION: COOPERATE",
    "THINKING: The opponent has cooperated 100% of the time so far, and mutual cooperation yields a good payoff. Defecting now risks breaking this profitable pattern and triggering retaliation in future rounds.\n\nACTION: COOPERATE",
    "THINKING: The opponent has cooperated in all 9 previous rounds, and my total payoff is 0, meaning I've cooperated every time and they've never exploited me. This suggests a cooperative tit-for-tat or similar strategy, so mutual cooperation is the best outcome.\n\nACTION: COOPERATE",
    "THINKING: Opponent has cooperated 100% of the time, and mutual cooperation yields the best long-term payoff. Defecting now risks breaking the cooperative equilibrium.  \nACTION: COOPERATE",
    "THINKING: The opponent has cooperated 100% of the time so far, and my total payoff is currently zero, meaning I have been cooperating while they have been defecting. To improve my score, I should defect now to claim a higher payoff.\n\nACTION: DEFECT",
    "THINKING: The opponent has cooperated 100% of the time, so defecting now would give me a high payoff of 5, but it risks ending their cooperation in future rounds. Since my total payoff is currently 0.0, I need to build mutual cooperation to improve it.\n\nACTION: COOPERATE",
    "THINKING: The opponent has a high cooperation rate overall, but they just defected last round. Given the repeated nature, I should respond to their defection to avoid being exploited, but also signal willingness to return to cooperation.  \n\nACTION: DEFECT",
    "THINKING: The opponent has been highly cooperative (93% rate) and just cooperated last round. In a repeated Prisoner's Dilemma with a cooperative opponent, mutual cooperation yields the best long-term payoff, and defecting now risks damaging future cooperation.\n\nACTION: COOPERATE",
    "THINKING: The opponent has been highly cooperative overall (87%), but they just defected last round. Given my total payoff is currently zero, I should avoid being exploited and respond to their recent defection to encourage cooperation again.  \n\nACTION: DEFECT",
    "THINKING: The opponent is highly cooperative (88% rate) and just cooperated last round, so cooperating now is likely to yield a high mutual payoff.  \nACTION: COOPERATE",
    "THINKING: The opponent has a high cooperation rate but just defected last round, suggesting possible retaliation or testing. Given my high cooperation rate, defecting now risks mutual punishment, but cooperating might restore cooperation.\n\nACTION: COOPERATE",
    "THINKING: The opponent has a high cooperation rate (83%) and just cooperated last round, so cooperating now is likely to lead to mutual cooperation and a payoff of 3. Defecting risks breaking the pattern and lowering future payoffs.\n\nACTION: COOPERATE",
    "THINKING: The opponent has a high cooperation rate and just cooperated last round, suggesting they are conditionally cooperative. My current payoff is zero, so I need to maximize points now, but defecting risks retaliation in future rounds. Given the high mutual cooperation rate, cooperating is likely to sustain the beneficial pattern.\n\nACTION: COOPERATE",
    "THINKING: With both cooperation rates at 85% and the opponent just cooperating, mutual cooperation is likely, yielding the best long-term payoff.  \nACTION: COOPERATE",
    "THINKING: Opponent has matched my high cooperation rate and just cooperated last round, so continuing to cooperate likely maintains mutual benefit.  \nACTION: COOPERATE",
    "THINKING: Opponent has a high cooperation rate and just cooperated last round, so cooperating now is likely to lead to mutual cooperation and a payoff of 3.  \nACTION: COOPERATE",
    "THINKING: Opponent has been highly cooperative (87% rate) and just cooperated last round. Mutual cooperation yields the best long-term payoff, and defecting now risks breaking trust.\n\nACTION: COOPERATE",
    "THINKING: Both of us have been highly cooperative (88% each), leading to mutual benefit. Continuing to cooperate maximizes long-term payoff in this repeated game.\n\nACTION: COOPERATE",
    "THINKING: With both cooperation rates at 88% and a highly cooperative recent pattern, mutual cooperation yields the best long-term payoff. Defecting risks breaking this beneficial cycle.\n\nACTION: COOPERATE",
    "THINKING: Both of us have high cooperation rates, and the opponent just cooperated. Continuing to cooperate maximizes mutual payoff in this repeated game.\n\nACTION: COOPERATE",
    "THINKING: Both of us have high cooperation rates, and the opponent has been consistently cooperative recently. Maintaining mutual cooperation maximizes long-term payoff.\n\nACTION: COOPERATE",
    "THINKING: The opponent has been highly cooperative (89% cooperation rate) and just cooperated last round. In a repeated Prisoner's Dilemma with a cooperative opponent, mutual cooperation yields the best long-term payoff, and defecting now could trigger retaliation in future rounds.\n\nACTION: COOPERATE",
    "THINKING: With both cooperation rates at 90% and a highly cooperative recent pattern, mutual cooperation yields the best long-term payoff. Defecting now risks breaking the cooperative equilibrium for minimal short-term gain.\n\nACTION: COOPERATE"
  ]
}