{
  "experiment": "exp6_baseline",
  "game": "prisoners_dilemma",
  "provider": "openai",
  "baseline": "AlwaysCooperate",
  "trial": 15,
  "rounds": 30,
  "payoff": 90,
  "coop_rate": 1.0,
  "llm_history": [
    "COOPERATE",
    "COOPERATE",
    "COOPERATE",
    "COOPERATE",
    "COOPERATE",
    "COOPERATE",
    "COOPERATE",
    "COOPERATE",
    "COOPERATE",
    "COOPERATE",
    "COOPERATE",
    "COOPERATE",
    "COOPERATE",
    "COOPERATE",
    "COOPERATE",
    "COOPERATE",
    "COOPERATE",
    "COOPERATE",
    "COOPERATE",
    "COOPERATE",
    "COOPERATE",
    "COOPERATE",
    "COOPERATE",
    "COOPERATE",
    "COOPERATE",
    "COOPERATE",
    "COOPERATE",
    "COOPERATE",
    "COOPERATE",
    "COOPERATE"
  ],
  "opp_history": [
    "COOPERATE",
    "COOPERATE",
    "COOPERATE",
    "COOPERATE",
    "COOPERATE",
    "COOPERATE",
    "COOPERATE",
    "COOPERATE",
    "COOPERATE",
    "COOPERATE",
    "COOPERATE",
    "COOPERATE",
    "COOPERATE",
    "COOPERATE",
    "COOPERATE",
    "COOPERATE",
    "COOPERATE",
    "COOPERATE",
    "COOPERATE",
    "COOPERATE",
    "COOPERATE",
    "COOPERATE",
    "COOPERATE",
    "COOPERATE",
    "COOPERATE",
    "COOPERATE",
    "COOPERATE",
    "COOPERATE",
    "COOPERATE",
    "COOPERATE"
  ],
  "llm_responses": [
    "THINKING: Since this is the first round and there is no history to analyze, cooperating can establish trust and potentially lead to mutually beneficial outcomes in future rounds. Starting with cooperation is often a good strategy in repeated games.  \nACTION: COOPERATE",
    "THINKING: Since the opponent has cooperated in the first round and has a 100% cooperation rate so far, it is likely they are inclined to cooperate. Cooperating would build trust and maximize long-term payoffs in this repeated game. \n\nACTION: COOPERATE",
    "THINKING: Since both I and the Opponent have cooperated in all previous rounds, it seems likely that the Opponent is playing a cooperative strategy. Defecting now could break trust and lead to mutual defection in future rounds, which is suboptimal for long-term payoffs.\n\nACTION: COOPERATE",
    "THINKING: Opponent has consistently cooperated in every round and appears highly cooperative, which has resulted in mutual benefits. Defecting now would break trust and potentially lead to worse outcomes in future rounds.\n\nACTION: COOPERATE",
    "THINKING: Both players have been fully cooperative so far, leading to mutual high payoffs. Maintaining cooperation maximizes long-term benefits and preserves trust between us. Defecting now would break that trust and lower future payoffs.  \nACTION: COOPERATE  ",
    "THINKING: The opponent has been consistently cooperative, with a 100% cooperation rate, which aligns with the optimal strategy for maximizing mutual payoffs in the long run. Maintaining cooperation will preserve mutual trust and maximize my payoff over time.\n\nACTION: COOPERATE",
    "THINKING: Both I and the opponent have consistently cooperated, leading to mutual benefits. Continuing cooperation will maximize long-term payoffs in this highly cooperative relationship.  \n\nACTION: COOPERATE",
    "THINKING: Both I and the Opponent have cooperated 100% so far, leading to mutual trust and high payoffs. Breaking this pattern by defecting could harm this trust and lead to lower payoffs in future rounds. \n\nACTION: COOPERATE",
    "THINKING: The opponent has consistently cooperated in all previous rounds, and mutual cooperation yields a higher long-term payoff than defecting. Breaking the trust now would risk losing the cooperative dynamic.  \nACTION: COOPERATE",
    "THINKING: The opponent has been consistently cooperative, and mutual cooperation yields the highest payoff for both players. Defecting would break trust and likely lead to retaliation in future rounds, reducing long-term payoffs. \n\nACTION: COOPERATE",
    "THINKING: Both I and my opponent have cooperated 100% of the time, leading to mutually beneficial outcomes. Breaking this pattern with defection would likely harm trust and reduce long-term payoffs.  \n\nACTION: COOPERATE",
    "THINKING: The opponent has consistently cooperated in every round, showing a highly cooperative strategy. To maintain mutual trust and maximize long-term payoffs, cooperation is the best choice.\n\nACTION: COOPERATE",
    "THINKING: The opponent has demonstrated consistent cooperation (100% so far), and mutual cooperation maximizes long-term payoffs in a repeated game. Defecting could break trust and lead to lower future payoffs.  \nACTION: COOPERATE",
    "THINKING: The opponent has demonstrated perfect cooperation so far, with a 100% cooperation rate over 13 rounds. To maximize long-term payoffs and maintain mutual trust, it is logical to continue cooperating.\n\nACTION: COOPERATE",
    "THINKING: The opponent has demonstrated consistent cooperation in all previous rounds, and defecting would break trust and likely lead to lower payoffs in future rounds. Maintaining cooperation maximizes mutual benefit.\n\nACTION: COOPERATE",
    "THINKING: The opponent has consistently cooperated in all previous rounds, indicating a highly cooperative strategy. Maintaining mutual cooperation will maximize long-term payoffs for both parties, so I should continue cooperating to sustain trust and avoid jeopardizing the established pattern.  \nACTION: COOPERATE",
    "THINKING: The opponent has consistently cooperated in all rounds, and mutual cooperation leads to the highest combined payoff. Defecting would break the trust and likely harm long-term payoffs.  \nACTION: COOPERATE",
    "THINKING: The Opponent has been consistently cooperative (100% cooperation rate) for 17 rounds. Defecting now would betray the trust built over the game and could disrupt the mutually beneficial dynamic. Cooperation ensures sustained maximum payoffs for both.\n\nACTION: COOPERATE",
    "THINKING: The opponent has been consistently cooperative, and mutual cooperation yields the highest payoff for both players. Defecting now would break the trust and potentially disrupt the beneficial dynamic.\n\nACTION: COOPERATE",
    "THINKING: The opponent has been highly cooperative throughout all 19 rounds, and mutual cooperation maximizes long-term payoffs. Defecting now could break the trust and lead to lower payoffs going forward.\n\nACTION: COOPERATE",
    "THINKING: The opponent has consistently cooperated in all 20 rounds, which suggests a highly cooperative strategy. Mutual cooperation continues to maximize long-term payoffs in this scenario. \n\nACTION: COOPERATE",
    "THINKING: The Opponent has shown consistent cooperation (100% cooperation rate). Defecting would break the mutual trust established, and cooperating ensures a steady positive payoff for both of us.\n\nACTION: COOPERATE",
    "THINKING: Both I and the opponent have maintained a perfect cooperation rate, resulting in mutual benefit thus far. Defecting now would break trust and harm the payoff structure for future rounds in this repeated game. \n\nACTION: COOPERATE",
    "THINKING: The opponent has been fully cooperative throughout the game, and mutual cooperation yields the highest combined payoff. Maintaining cooperation preserves trust and maximizes long-term benefits.  \nACTION: COOPERATE  ",
    "THINKING: The opponent has shown consistent cooperation throughout all rounds, and mutual cooperation maximizes long-term payoffs for both players in this game. Breaking the trust now could jeopardize future cooperation.\n\nACTION: COOPERATE",
    "THINKING: Both you and your opponent have cooperated consistently, leading to mutual gains. Breaking this pattern by defecting risks damaging trust and reducing overall payoff in future rounds. Maintaining cooperation maximizes long-term benefits.  \nACTION: COOPERATE",
    "THINKING: The opponent has demonstrated perfect cooperation throughout all previous rounds, and mutual cooperation yields the most beneficial payoff for both. Maintaining cooperation ensures trust and maximizes long-term gains.\n\nACTION: COOPERATE",
    "THINKING: The opponent has been consistently cooperative (100% cooperation rate), and mutual cooperation yields the best long-term payoff. Defecting now would harm trust and reduce overall gains in future rounds.\n\nACTION: COOPERATE",
    "THINKING: Both you and your opponent have cooperated consistently, leading to mutual high payoffs. Defecting now risks breaking the trust and reducing future payoffs in a repeated game scenario.  \nACTION: COOPERATE",
    "THINKING: Both I and the opponent have demonstrated consistent cooperation (100% cooperation rate). Maintaining mutual cooperation continues to maximize payoffs for both parties and builds trust. Defecting would harm the established trust and result in lower long-term payoffs.  \n\nACTION: COOPERATE"
  ]
}