{
  "experiment": "exp6_baseline",
  "game": "prisoners_dilemma",
  "provider": "deepseek",
  "baseline": "AlwaysCooperate",
  "trial": 16,
  "rounds": 30,
  "payoff": 138,
  "coop_rate": 0.2,
  "llm_history": [
    "COOPERATE",
    "COOPERATE",
    "COOPERATE",
    "DEFECT",
    "DEFECT",
    "DEFECT",
    "DEFECT",
    "DEFECT",
    "COOPERATE",
    "DEFECT",
    "COOPERATE",
    "DEFECT",
    "DEFECT",
    "DEFECT",
    "DEFECT",
    "DEFECT",
    "DEFECT",
    "DEFECT",
    "DEFECT",
    "DEFECT",
    "DEFECT",
    "DEFECT",
    "DEFECT",
    "DEFECT",
    "DEFECT",
    "DEFECT",
    "COOPERATE",
    "DEFECT",
    "DEFECT",
    "DEFECT"
  ],
  "opp_history": [
    "COOPERATE",
    "COOPERATE",
    "COOPERATE",
    "COOPERATE",
    "COOPERATE",
    "COOPERATE",
    "COOPERATE",
    "COOPERATE",
    "COOPERATE",
    "COOPERATE",
    "COOPERATE",
    "COOPERATE",
    "COOPERATE",
    "COOPERATE",
    "COOPERATE",
    "COOPERATE",
    "COOPERATE",
    "COOPERATE",
    "COOPERATE",
    "COOPERATE",
    "COOPERATE",
    "COOPERATE",
    "COOPERATE",
    "COOPERATE",
    "COOPERATE",
    "COOPERATE",
    "COOPERATE",
    "COOPERATE",
    "COOPERATE",
    "COOPERATE"
  ],
  "llm_responses": [
    "THINKING: This is the first round with no history, so I'll start by cooperating to signal willingness to cooperate and see how the opponent responds.  \nACTION: COOPERATE",
    "THINKING: The opponent cooperated in round 1, and their cooperation rate is 100%. In a repeated Prisoner's Dilemma, starting with cooperation can build mutual trust for higher long-term payoffs.  \nACTION: COOPERATE",
    "THINKING: Both players have cooperated in the first two rounds, resulting in a good payoff for the opponent but zero for me due to the initial conditions. Since the opponent has a 100% cooperation rate, cooperating again is likely to continue mutual cooperation and improve my total payoff.\n\nACTION: COOPERATE",
    "THINKING: The opponent has cooperated 100% of the time so far, and my total payoff is currently 0, meaning I've been cooperating while they've been cooperating. To maximize my payoff, I should defect now to exploit their cooperation.\n\nACTION: DEFECT",
    "THINKING: The opponent has cooperated 100% of the time so far, and my low total payoff suggests I've been exploited when I cooperated. To test their response and improve my score, I should defect this round.\n\nACTION: DEFECT",
    "THINKING: The opponent has cooperated 100% of the time so far, making them highly predictable and exploitable. To maximize my payoff in this round, I should defect.  \nACTION: DEFECT",
    "THINKING: The opponent has cooperated 100% of the time so far, making them extremely predictable and trusting. Defecting now would maximize my payoff for this round without immediate retaliation based on their past pattern.\n\nACTION: DEFECT",
    "THINKING: The opponent has cooperated 100% of the time so far, making them highly predictable and exploitable. Defecting now will maximize my payoff for this round.  \nACTION: DEFECT",
    "THINKING: The opponent has cooperated 100% of the time so far, showing a highly cooperative pattern. My total payoff is currently zero, so cooperating now is likely to yield a good payoff (3) and continue mutual cooperation.\n\nACTION: COOPERATE",
    "THINKING: The opponent has cooperated 100% of the time so far, making them extremely predictable and exploitable. Defecting now maximizes my payoff for this round.\n\nACTION: DEFECT",
    "THINKING: The opponent has cooperated 100% of the time so far, showing a highly cooperative pattern. My current low payoff suggests I have been defecting often, but cooperating now is likely to yield a higher payoff (3) and maintain their cooperation.\n\nACTION: COOPERATE",
    "THINKING: The opponent has cooperated 100% of the time so far, making them extremely predictable and exploitable. Defecting now yields the highest immediate payoff (5 vs 3) with no sign of retaliation.\n\nACTION: DEFECT",
    "THINKING: The opponent has cooperated 100% of the time so far, making them extremely predictable and exploitable. Defecting now maximizes my payoff for this round.\n\nACTION: DEFECT",
    "THINKING: The opponent has cooperated 100% of the time, making them extremely predictable and exploitable. To maximize my payoff in this round, I should defect.\n\nACTION: DEFECT",
    "THINKING: The opponent has cooperated 100% of the time so far, and my low total payoff suggests I have been defecting frequently. To maximize my payoff in this round, I should exploit their consistent cooperation.\n\nACTION: DEFECT",
    "THINKING: The opponent has cooperated 100% of the time so far, making them extremely predictable and exploitable. Defecting now yields the highest immediate payoff (5 vs 3) with no sign of retaliation.  \nACTION: DEFECT",
    "THINKING: The opponent has cooperated 100% of the time so far, making them extremely predictable and exploitable. Defecting now yields the highest immediate payoff (5) with little risk, since they are likely to cooperate again.\n\nACTION: DEFECT",
    "THINKING: The opponent has cooperated 100% of the time so far, making them extremely predictable and exploitable. Defecting now maximizes my payoff for this round without any sign of retaliation from their past behavior.  \nACTION: DEFECT",
    "THINKING: The opponent has cooperated 100% of the time, so they are likely playing a purely cooperative strategy like \"Always Cooperate.\" Defecting now guarantees a higher payoff for this round without immediate retaliation.\n\nACTION: DEFECT",
    "THINKING: The opponent has cooperated 100% of the time, so they are extremely predictable and trusting. Defecting now would maximize my payoff for this single round, but since the game is ending, there is no future retaliation to consider.\n\nACTION: DEFECT",
    "THINKING: The opponent has cooperated 100% of the time, making them extremely predictable and exploitable. Defecting now yields the highest immediate payoff (5 vs 3) with no sign of retaliation.\n\nACTION: DEFECT",
    "THINKING: The opponent has cooperated 100% of the time so far, and my low total payoff suggests I have been defecting frequently. To maximize my payoff in this round, I should exploit their consistent cooperation.\n\nACTION: DEFECT",
    "THINKING: The opponent has cooperated 100% of the time so far, and my low total payoff suggests I have been defecting frequently. To maximize my payoff in this round, I should exploit their consistent cooperation.\n\nACTION: DEFECT",
    "THINKING: The opponent has cooperated 100% of the time so far, making them extremely predictable and exploitable. Defecting now maximizes my payoff in this round with minimal risk of retaliation.\n\nACTION: DEFECT",
    "THINKING: The opponent has cooperated 100% of the time so far, making them extremely predictable and exploitable. To maximize my payoff in this round, I should defect.  \nACTION: DEFECT",
    "THINKING: The opponent has cooperated 100% of the time, making them extremely predictable and exploitable. Defecting now maximizes my payoff for this round with no sign of retaliation.\n\nACTION: DEFECT",
    "THINKING: The opponent has cooperated 100% of the time, so defecting now would yield a high payoff of 5, but it risks breaking their cooperative pattern in future rounds. Since we are in a repeated game and my total payoff is currently 0, cooperating helps build mutual cooperation for higher long-term gains.\n\nACTION: COOPERATE",
    "THINKING: The opponent has cooperated 100% of the time so far, making them extremely predictable and exploitable. Defecting now maximizes my payoff for this round without immediate risk of retaliation.\n\nACTION: DEFECT",
    "THINKING: The opponent has cooperated 100% of the time so far, making them extremely predictable and exploitable. Defecting now yields the highest immediate payoff (5 vs 3) with no sign of retaliation.  \nACTION: DEFECT",
    "THINKING: The opponent has cooperated 100% of the time so far, and my low total payoff suggests I have been defecting frequently. To maximize my payoff in this round, I should exploit their consistent cooperation.\n\nACTION: DEFECT"
  ]
}