{
  "experiment": "exp6_baseline",
  "game": "prisoners_dilemma",
  "provider": "openai",
  "baseline": "GenerousTitForTat",
  "trial": 23,
  "rounds": 30,
  "payoff": 90,
  "coop_rate": 1.0,
  "llm_history": [
    "COOPERATE",
    "COOPERATE",
    "COOPERATE",
    "COOPERATE",
    "COOPERATE",
    "COOPERATE",
    "COOPERATE",
    "COOPERATE",
    "COOPERATE",
    "COOPERATE",
    "COOPERATE",
    "COOPERATE",
    "COOPERATE",
    "COOPERATE",
    "COOPERATE",
    "COOPERATE",
    "COOPERATE",
    "COOPERATE",
    "COOPERATE",
    "COOPERATE",
    "COOPERATE",
    "COOPERATE",
    "COOPERATE",
    "COOPERATE",
    "COOPERATE",
    "COOPERATE",
    "COOPERATE",
    "COOPERATE",
    "COOPERATE",
    "COOPERATE"
  ],
  "opp_history": [
    "COOPERATE",
    "COOPERATE",
    "COOPERATE",
    "COOPERATE",
    "COOPERATE",
    "COOPERATE",
    "COOPERATE",
    "COOPERATE",
    "COOPERATE",
    "COOPERATE",
    "COOPERATE",
    "COOPERATE",
    "COOPERATE",
    "COOPERATE",
    "COOPERATE",
    "COOPERATE",
    "COOPERATE",
    "COOPERATE",
    "COOPERATE",
    "COOPERATE",
    "COOPERATE",
    "COOPERATE",
    "COOPERATE",
    "COOPERATE",
    "COOPERATE",
    "COOPERATE",
    "COOPERATE",
    "COOPERATE",
    "COOPERATE",
    "COOPERATE"
  ],
  "llm_responses": [
    "THINKING: Since this is the first round and there is no prior history, cooperating is a good way to establish trust and gauge the opponent's behavior. Starting with cooperation can help maximize long-term payoffs if the opponent is inclined to cooperate.  \nACTION: COOPERATE",
    "THINKING: The opponent has cooperated in the first round, showing a willingness to collaborate. To build trust and maximize long-term payoffs, I should also cooperate in this round.  \nACTION: COOPERATE",
    "THINKING: The opponent has consistently cooperated so far, with a 100% cooperation rate. To maximize long-term payoffs and maintain mutual trust, continuing to cooperate is the best strategy in this early stage.  \n\nACTION: COOPERATE",
    "THINKING: The opponent has shown consistent cooperation in all rounds, and defecting now would harm the mutual trust and reduce long-term payoffs. Maintaining cooperation fosters a stable and beneficial relationship.\n\nACTION: COOPERATE",
    "THINKING: Both my opponent and I have cooperated consistently, leading to mutual benefit. Breaking this pattern now risks losing the trust and the higher payoff from mutual cooperation in future rounds.\n\nACTION: COOPERATE",
    "THINKING: The opponent has consistently cooperated in all rounds, and mutual cooperation yields the highest collective payoff. Defecting risks breaking the trust and may lead to lower payoffs in future rounds.\n\nACTION: COOPERATE",
    "THINKING: Both my cooperation rate and the opponent's cooperation rate are at 100%, and the opponent has shown a highly cooperative pattern. Maintaining mutual cooperation maximizes payoffs for both players (3 each), so I will continue to cooperate.  \nACTION: COOPERATE  ",
    "THINKING: The opponent has been consistently cooperative with a 100% cooperation rate. Continuing to cooperate maximizes mutual payoffs and maintains trust for future rounds.\n\nACTION: COOPERATE",
    "THINKING: Both I and my opponent have cooperated in every round so far, and the opponent demonstrates a highly cooperative pattern. Maintaining cooperation maximizes mutual payoffs and trust. \n\nACTION: COOPERATE",
    "THINKING: The opponent has consistently cooperated in every round, and both of us have achieved mutual cooperation so far. Maintaining cooperation maximizes long-term payoffs and preserves trust in the repeated game setting. \n\nACTION: COOPERATE",
    "THINKING: The opponent has shown consistent cooperation throughout the game, and mutual cooperation yields the maximum long-term payoff. Defecting now risks breaking the cooperative trust and reducing future payoffs.\n\nACTION: COOPERATE",
    "THINKING: Both I and the opponent have cooperated consistently, leading to mutual gains. Defecting now would break trust and likely lead to retaliation, reducing future payoffs. Continuing to cooperate maximizes long-term rewards.  \n\nACTION: COOPERATE",
    "THINKING: The opponent has consistently cooperated across all rounds, showing a highly cooperative strategy. Maintaining cooperation maximizes mutual payoffs and aligns with the established pattern of trust.\n\nACTION: COOPERATE",
    "THINKING: The opponent has been consistently cooperative, and maintaining mutual cooperation maximizes the payoff for both players. Defecting would break trust and likely lead to lower overall payoffs in future rounds.  \n\nACTION: COOPERATE",
    "THINKING: Both I and my opponent have consistently cooperated, leading to a mutually beneficial outcome. Defecting now would betray the established trust and likely lead to worse payoffs in future rounds.  \nACTION: COOPERATE",
    "THINKING: Both you and your opponent have maintained a perfect cooperation rate, maximizing mutual payoffs. Breaking this pattern by defecting would harm trust and reduce long-term benefits. \n\nACTION: COOPERATE",
    "THINKING: The opponent has been consistently cooperative for all 16 rounds, maintaining a 100% cooperation rate. Defecting now could break trust and risk losing long-term mutual benefits.  \n\nACTION: COOPERATE  ",
    "THINKING: The opponent has consistently cooperated in all previous rounds, and mutual cooperation has the highest payoff in the Prisoner's Dilemma. Continuing to cooperate maintains trust and maximizes long-term benefits.  \n\nACTION: COOPERATE  ",
    "THINKING: Both you and your opponent have consistently cooperated throughout the game, building mutual trust and maximizing payoffs. Defecting now risks breaking this trust and reducing future payoffs.  \n\nACTION: COOPERATE",
    "THINKING: Both players have consistently cooperated for 19 rounds, leading to maximized mutual payoffs. Defecting now would break trust and risk future cooperation from the opponent.  \nACTION: COOPERATE",
    "THINKING: The Opponent has been consistently cooperative for all 20 rounds, and mutual cooperation has the highest long-term payoff. Defecting would betray the trust established and likely lead to worse outcomes in future rounds.  \nACTION: COOPERATE",
    "THINKING: So far, both I and the Opponent have cooperated in every round, creating a mutually beneficial outcome. Defecting now would break the trust and jeopardize future payoffs if the Opponent retaliates.\n\nACTION: COOPERATE",
    "THINKING: Both you and your opponent have been fully cooperative across all previous rounds, suggesting mutual trust and maximizing payoffs for both. Continuing to cooperate maintains the optimal strategy in repeated Prisoner's Dilemma scenarios.  \n\nACTION: COOPERATE",
    "THINKING: The opponent has consistently cooperated in all previous rounds, indicating a highly cooperative strategy. Defecting now would break our mutual trust and likely reduce future payoffs, so continuing to cooperate seems optimal.\n\nACTION: COOPERATE",
    "THINKING: Both I and the Opponent have consistently cooperated for 24 rounds, yielding maximum mutual payoffs. Breaking this streak by defecting would betray trust and likely lead to a breakdown of cooperation in future rounds, which is suboptimal in a repeated game.\n\nACTION: COOPERATE",
    "THINKING: The opponent has been consistently cooperative for all 25 rounds, and mutual cooperation yields a higher long-term payoff compared to defecting once and risking breaking the trust. Maintaining cooperation preserves mutual benefit.  \nACTION: COOPERATE",
    "THINKING: Both players have been consistently cooperating, leading to maximum mutual payoffs. Maintaining cooperation ensures continued high payoffs and preserves trust.  \n\nACTION: COOPERATE  ",
    "THINKING: Given that both I and my opponent have been fully cooperative throughout the game, continuing to cooperate ensures mutual high payoffs and maintains trust. Defecting now would risk breaking this beneficial dynamic. \n\nACTION: COOPERATE",
    "THINKING: The opponent has demonstrated consistent cooperation (100% cooperation rate), and mutual cooperation yields the highest joint payoff. Defecting would break the trust and potentially lead to mutual defection in future rounds, reducing payoffs for both.\n\nACTION: COOPERATE",
    "THINKING: The opponent has been entirely cooperative for all 29 rounds, and I have also cooperated every time. Defecting would break the trust and likely lead to mutual defection in future rounds, reducing long-term payoffs.\n\nACTION: COOPERATE"
  ]
}