{
  "experiment": "exp6_baseline",
  "game": "prisoners_dilemma",
  "provider": "openai",
  "baseline": "AlwaysDefect",
  "trial": 7,
  "rounds": 30,
  "payoff": 29,
  "coop_rate": 0.03333333333333333,
  "llm_history": [
    "COOPERATE",
    "DEFECT",
    "DEFECT",
    "DEFECT",
    "DEFECT",
    "DEFECT",
    "DEFECT",
    "DEFECT",
    "DEFECT",
    "DEFECT",
    "DEFECT",
    "DEFECT",
    "DEFECT",
    "DEFECT",
    "DEFECT",
    "DEFECT",
    "DEFECT",
    "DEFECT",
    "DEFECT",
    "DEFECT",
    "DEFECT",
    "DEFECT",
    "DEFECT",
    "DEFECT",
    "DEFECT",
    "DEFECT",
    "DEFECT",
    "DEFECT",
    "DEFECT",
    "DEFECT"
  ],
  "opp_history": [
    "DEFECT",
    "DEFECT",
    "DEFECT",
    "DEFECT",
    "DEFECT",
    "DEFECT",
    "DEFECT",
    "DEFECT",
    "DEFECT",
    "DEFECT",
    "DEFECT",
    "DEFECT",
    "DEFECT",
    "DEFECT",
    "DEFECT",
    "DEFECT",
    "DEFECT",
    "DEFECT",
    "DEFECT",
    "DEFECT",
    "DEFECT",
    "DEFECT",
    "DEFECT",
    "DEFECT",
    "DEFECT",
    "DEFECT",
    "DEFECT",
    "DEFECT",
    "DEFECT",
    "DEFECT"
  ],
  "llm_responses": [
    "THINKING: Since this is the first round and there is no history to analyze, it might be strategic to start with cooperation to encourage mutual trust and maximize long-term payoffs. If the opponent defects, I can adjust my strategy in future rounds.  \n\nACTION: COOPERATE",
    "THINKING: In the first round, I cooperated while my opponent defected, resulting in a loss for me. Since my opponent has shown no willingness to cooperate so far, I will defect this round to avoid being exploited further.\n\nACTION: DEFECT",
    "THINKING: The opponent has a 0% cooperation rate so far, consistently defecting in both previous rounds. Continuing to cooperate would likely result in a lower payoff for me, so defecting is the more rational choice to maximize my own payoff.  \n\nACTION: DEFECT",
    "THINKING: The opponent has consistently defected in all previous rounds, showing no willingness to cooperate. To maximize my payoff in this situation, it is rational to defect as well.\n\nACTION: DEFECT",
    "THINKING: The opponent has consistently defected in every round, showing no intention to cooperate. Continuing to cooperate would only result in a worse payoff for me, so the optimal strategy is to defect as well.  \n\nACTION: DEFECT",
    "THINKING: The opponent has consistently defected in every round, showing no intention of cooperating. Cooperating would yield the worst payoff for me, while defecting ensures I at least get 1 payoff.  \n\nACTION: DEFECT",
    "THINKING: The opponent has consistently defected in all prior rounds, showing no indication of willingness to cooperate. Defecting maximizes my payoff under these circumstances.  \nACTION: DEFECT",
    "THINKING: The opponent has consistently defected every round, indicating no intent to cooperate. Defecting maximizes my payoff given the opponent's predictable strategy.  \nACTION: DEFECT",
    "THINKING: The opponent has consistently defected in all rounds, showing no incentive to cooperate. Continuing to defect maximizes my payoff given their behavior.\n\nACTION: DEFECT",
    "THINKING: The opponent has consistently defected in every round, showing no inclination to cooperate. Continuing to cooperate would only result in a lower payoff for me, so defecting is the rational choice to maximize my own payoff.  \n\nACTION: DEFECT",
    "THINKING: The opponent has consistently defected in all previous rounds, demonstrating a clear pattern of non-cooperation. Continuing to cooperate would only result in a lower payoff for me, so defecting is the best response.\n\nACTION: DEFECT",
    "THINKING: The opponent has consistently defected in all previous rounds, and their cooperation rate is 0%. Continuing to cooperate would only result in me getting a lower payoff, so defecting is the rational choice to maximize my outcome.  \nACTION: DEFECT",
    "THINKING: The opponent has consistently defected in every round, and their cooperation rate is 0%. Cooperating will only result in a worse payoff for me, so defecting is the best strategy to minimize losses.\n\nACTION: DEFECT",
    "THINKING: The opponent has consistently defected in every round, showing no willingness to cooperate. To maximize my payoff in this scenario, the rational strategy is to defect as well.  \nACTION: DEFECT",
    "THINKING: The opponent has always defected in every round, and their cooperation rate is 0%. Continuing to cooperate will only result in being exploited, so defecting is the rational choice to maximize my payoff.  \nACTION: DEFECT",
    "THINKING: The opponent has consistently defected in all previous rounds and shows no willingness to cooperate. Defecting maximizes my payoff given their strategy.  \n\nACTION: DEFECT",
    "THINKING: Opponent has consistently defected in every round, and their cooperation rate is 0%. Cooperating would only result in a worse payoff for me, given their pattern of always defecting.  \nACTION: DEFECT",
    "THINKING: The opponent has consistently defected in all previous rounds, showing no inclination to cooperate. Given the payoff matrix and the opponent's strategy, defecting is the only rational choice to avoid being exploited.\n\nACTION: DEFECT",
    "THINKING: Since the opponent has consistently defected in every round and has a cooperation rate of 0%, there is no incentive to cooperate, as it would result in the lowest payoff for me (0). Defecting ensures I at least get 1 point.  \n\nACTION: DEFECT",
    "THINKING: The opponent has consistently defected in all previous rounds, showing no willingness to cooperate. Continuing to defect maximizes my payoff under these conditions.\n\nACTION: DEFECT",
    "THINKING: The opponent has consistently defected in every round, and cooperating would only result in a payoff of 0 for me while benefiting them. Defecting ensures I at least get a small payoff of 1.  \nACTION: DEFECT  ",
    "THINKING: The opponent has consistently defected in all 21 previous rounds, demonstrating a clear pattern of non-cooperation. To maximize my payoff, I should also defect, as cooperating would only result in a loss.  \n\nACTION: DEFECT",
    "THINKING: The opponent has consistently defected in all 22 rounds, showing no intention to cooperate. Defecting is the rational choice to minimize loss since cooperation would yield no benefit against a consistently defecting opponent.\n\nACTION: DEFECT",
    "THINKING: The opponent has consistently defected in all previous rounds, showing no intention of cooperating. Defecting is the optimal strategy to avoid being exploited and to maximize my payoff.  \nACTION: DEFECT  ",
    "THINKING: The opponent has consistently defected in every round, showing no intention to cooperate. Cooperating would only result in a lower payoff for me, given their history of defecting.  \nACTION: DEFECT  ",
    "THINKING: The opponent has consistently defected in all 25 rounds, and their cooperation rate is 0%. Cooperating would result in a guaranteed loss, so defecting is the only rational choice to maximize my payoff.  \n\nACTION: DEFECT",
    "THINKING: Given the opponent's consistent pattern of always defecting, cooperating will only result in a payoff of 0 for me, whereas defecting guarantees at least a payoff of 1. There is no incentive to cooperate since the opponent has shown no intention of changing their strategy.  \nACTION: DEFECT  ",
    "THINKING: The opponent has consistently defected in all previous rounds, showing no intention to cooperate. Continuing to cooperate would only result in repeated losses for me. Defection maximizes my payoff given the opponent's behavior.  \nACTION: DEFECT",
    "THINKING: The opponent has consistently defected in all 28 previous rounds, indicating they are highly unlikely to cooperate. Defecting maximizes my payoff in this scenario.  \n\nACTION: DEFECT",
    "THINKING: The opponent has consistently defected in every round, and their cooperation rate is 0%. Cooperating would yield no payoff against an opponent who always defects, so defecting maximizes my payoff.  \nACTION: DEFECT"
  ]
}