{
  "experiment": "exp6_baseline",
  "game": "prisoners_dilemma",
  "provider": "deepseek",
  "baseline": "Pavlov",
  "trial": 16,
  "rounds": 30,
  "payoff": 89,
  "coop_rate": 0.9666666666666667,
  "llm_history": [
    "COOPERATE",
    "COOPERATE",
    "COOPERATE",
    "COOPERATE",
    "COOPERATE",
    "COOPERATE",
    "COOPERATE",
    "COOPERATE",
    "COOPERATE",
    "COOPERATE",
    "COOPERATE",
    "COOPERATE",
    "COOPERATE",
    "COOPERATE",
    "DEFECT",
    "COOPERATE",
    "COOPERATE",
    "COOPERATE",
    "COOPERATE",
    "COOPERATE",
    "COOPERATE",
    "COOPERATE",
    "COOPERATE",
    "COOPERATE",
    "COOPERATE",
    "COOPERATE",
    "COOPERATE",
    "COOPERATE",
    "COOPERATE",
    "COOPERATE"
  ],
  "opp_history": [
    "COOPERATE",
    "COOPERATE",
    "COOPERATE",
    "COOPERATE",
    "COOPERATE",
    "COOPERATE",
    "COOPERATE",
    "COOPERATE",
    "COOPERATE",
    "COOPERATE",
    "COOPERATE",
    "COOPERATE",
    "COOPERATE",
    "COOPERATE",
    "COOPERATE",
    "DEFECT",
    "COOPERATE",
    "COOPERATE",
    "COOPERATE",
    "COOPERATE",
    "COOPERATE",
    "COOPERATE",
    "COOPERATE",
    "COOPERATE",
    "COOPERATE",
    "COOPERATE",
    "COOPERATE",
    "COOPERATE",
    "COOPERATE",
    "COOPERATE"
  ],
  "llm_responses": [
    "THINKING: Since this is the first round and there's no history, I'll start with cooperation to signal willingness to cooperate and see how the opponent responds.  \nACTION: COOPERATE",
    "THINKING: Since the opponent cooperated in the first round and has a 100% cooperation rate so far, cooperating again encourages mutual cooperation and higher long-term payoffs.  \nACTION: COOPERATE",
    "THINKING: Both players have cooperated in the first two rounds, and the opponent has a 100% cooperation rate so far. Starting with mutual cooperation is promising, so I'll continue cooperating to build trust and maintain the high payoff outcome.\n\nACTION: COOPERATE",
    "THINKING: Opponent has cooperated 100% so far, and mutual cooperation yields the highest long-term payoff.  \nACTION: COOPERATE",
    "THINKING: The opponent has cooperated in all 4 previous rounds, and my total payoff is currently 0, meaning I must have been cooperating while they defected earlier. However, the history says their last action was cooperate, and their cooperation rate is 100% (4/4). This suggests they are playing a cooperative strategy like Tit-for-Tat. To build mutual cooperation and maximize long-term payoff, I should cooperate.\n\nACTION: COOPERATE",
    "THINKING: The opponent has cooperated 100% of the time so far, and mutual cooperation yields a good payoff. Defecting now could break the trust and trigger retaliation in future rounds.\n\nACTION: COOPERATE",
    "THINKING: The opponent has cooperated 100% of the time so far, and mutual cooperation yields the highest collective payoff. Since this is a repeated game, maintaining cooperation is likely beneficial for future rounds.  \nACTION: COOPERATE",
    "THINKING: The opponent has cooperated 100% of the time so far, and mutual cooperation yields the highest long-term payoff. Defecting now risks breaking this beneficial pattern.\n\nACTION: COOPERATE",
    "THINKING: The opponent has cooperated 100% of the time, and mutual cooperation yields a good payoff. Defecting now risks breaking the cooperative equilibrium and lowering future payoffs.\n\nACTION: COOPERATE",
    "THINKING: The opponent has cooperated 100% of the time so far, and my total payoff is currently zero because I have always cooperated. Continuing to cooperate maintains mutual benefit, and defecting now could trigger retaliation in future rounds.\n\nACTION: COOPERATE",
    "THINKING: The opponent has cooperated 100% of the time, and mutual cooperation yields the highest long-term payoff. Defecting now risks breaking this beneficial pattern.\n\nACTION: COOPERATE",
    "THINKING: The opponent has cooperated in all 11 previous rounds, and my total payoff is currently zero, meaning I have been cooperating while they have been cooperating as well. Defecting now would break the mutual cooperation for a one-time gain, but given their 100% cooperation rate, they are likely to continue cooperating if I do the same.\n\nACTION: COOPERATE",
    "THINKING: The opponent has cooperated in all 12 rounds, and my 100% cooperation rate suggests I've been cooperating as well. In a repeated Prisoner's Dilemma with a highly cooperative opponent, mutual cooperation yields the best long-term payoff.\n\nACTION: COOPERATE",
    "THINKING: Opponent has cooperated 100% of the time, and mutual cooperation yields a good payoff. Defecting now risks breaking the cooperative pattern and lowering future payoffs.\n\nACTION: COOPERATE",
    "THINKING: The opponent has cooperated 100% of the time so far, and my total payoff is 0.0, meaning I've been cooperating while they've been defecting to exploit me.  \nACTION: DEFECT",
    "THINKING: The opponent has cooperated 100% of the time, and my high cooperation rate hasn't been punished. Defecting now would break the mutual cooperation and likely reduce future payoffs.\n\nACTION: COOPERATE",
    "THINKING: The opponent has a 94% cooperation rate and a recent pattern of being highly cooperative, but they just defected last round. Given the high overall cooperation, this might be a rare slip, so cooperating is likely to restore mutual cooperation and maximize long-term payoff.\n\nACTION: COOPERATE",
    "THINKING: Both of us have been highly cooperative (94% each), and the opponent just cooperated last round. Continuing to cooperate maximizes mutual payoff in this repeated game.  \nACTION: COOPERATE",
    "THINKING: Both of us have been highly cooperative (94% each), and mutual cooperation yields the best long-term payoff per round. Defecting now risks breaking this profitable pattern.  \nACTION: COOPERATE",
    "THINKING: With both cooperation rates at 95% and a highly cooperative history, mutual cooperation yields the best joint payoff. Defecting risks breaking this profitable pattern.\n\nACTION: COOPERATE",
    "THINKING: Both of us have been highly cooperative, leading to mutual benefit. Given the opponent's consistent cooperation and high cooperation rate, continuing to cooperate is likely to maximize our joint payoff.  \nACTION: COOPERATE",
    "THINKING: Both of us have been highly cooperative (95% each), leading to mutual benefit in most rounds. Continuing to cooperate is likely to maintain this high payoff pattern.\n\nACTION: COOPERATE",
    "THINKING: Both of us have been highly cooperative (95% each), and mutual cooperation yields the best long-term payoff per round. Given the opponent's consistent cooperation, defecting now risks breaking the beneficial pattern for minimal short-term gain.\n\nACTION: COOPERATE",
    "THINKING: With both cooperation rates extremely high and the opponent consistently cooperating, mutual cooperation yields the best long-term payoff. Defecting now risks breaking the cooperative equilibrium for minimal short-term gain.  \nACTION: COOPERATE",
    "THINKING: Both of us have been cooperating almost all the time, leading to high mutual payoffs. Defecting now would break the trust and likely reduce my future payoffs, since the opponent is highly cooperative.\n\nACTION: COOPERATE",
    "THINKING: Both of us have been cooperating almost all the time, leading to high mutual payoffs. Given the opponent's 96% cooperation rate and recent cooperative behavior, continuing to cooperate is likely to maintain this beneficial outcome.\n\nACTION: COOPERATE",
    "THINKING: Both of us have been highly cooperative (96% each), leading to mutual benefit. Continuing to cooperate maximizes long-term payoff in this repeated game.\n\nACTION: COOPERATE",
    "THINKING: Both of us have been cooperating almost all the time, leading to high mutual payoffs. Since the opponent is highly cooperative, continuing to cooperate maximizes long-term mutual benefit.\n\nACTION: COOPERATE",
    "THINKING: Both of us have been cooperating almost all the time, leading to high mutual payoffs. Defecting now could break this trust and reduce my payoff in the final round.\n\nACTION: COOPERATE",
    "THINKING: Both of us have been cooperating almost all the time, leading to high mutual payoffs. With such a cooperative opponent, continuing to cooperate is the best way to maximize my total payoff.\n\nACTION: COOPERATE"
  ]
}