{
  "experiment": "exp6_baseline",
  "game": "prisoners_dilemma",
  "provider": "openai",
  "baseline": "GrimTrigger",
  "trial": 28,
  "rounds": 30,
  "payoff": 90,
  "coop_rate": 1.0,
  "llm_history": [
    "COOPERATE",
    "COOPERATE",
    "COOPERATE",
    "COOPERATE",
    "COOPERATE",
    "COOPERATE",
    "COOPERATE",
    "COOPERATE",
    "COOPERATE",
    "COOPERATE",
    "COOPERATE",
    "COOPERATE",
    "COOPERATE",
    "COOPERATE",
    "COOPERATE",
    "COOPERATE",
    "COOPERATE",
    "COOPERATE",
    "COOPERATE",
    "COOPERATE",
    "COOPERATE",
    "COOPERATE",
    "COOPERATE",
    "COOPERATE",
    "COOPERATE",
    "COOPERATE",
    "COOPERATE",
    "COOPERATE",
    "COOPERATE",
    "COOPERATE"
  ],
  "opp_history": [
    "COOPERATE",
    "COOPERATE",
    "COOPERATE",
    "COOPERATE",
    "COOPERATE",
    "COOPERATE",
    "COOPERATE",
    "COOPERATE",
    "COOPERATE",
    "COOPERATE",
    "COOPERATE",
    "COOPERATE",
    "COOPERATE",
    "COOPERATE",
    "COOPERATE",
    "COOPERATE",
    "COOPERATE",
    "COOPERATE",
    "COOPERATE",
    "COOPERATE",
    "COOPERATE",
    "COOPERATE",
    "COOPERATE",
    "COOPERATE",
    "COOPERATE",
    "COOPERATE",
    "COOPERATE",
    "COOPERATE",
    "COOPERATE",
    "COOPERATE"
  ],
  "llm_responses": [
    "THINKING: Since this is the first round and there is no prior history, cooperating can build trust and encourage mutual cooperation in future rounds, maximizing long-term payoffs. Starting with cooperation is often a good strategy in iterated Prisoner's Dilemma.  \nACTION: COOPERATE",
    "THINKING: The opponent has cooperated so far, showing a willingness to build mutual trust. Continuing to cooperate maximizes long-term payoffs if the opponent maintains this pattern.  \n\nACTION: COOPERATE",
    "THINKING: So far, the opponent has cooperated 100% of the time, and mutual cooperation yields the highest sustained payoff for both players in the long run. Defecting now might break trust and reduce future cooperation.\n\nACTION: COOPERATE",
    "THINKING: Both you and your opponent have maintained a 100% cooperation rate, suggesting mutual trust and a strategy to maximize shared payoffs. Continuing to cooperate will sustain positive outcomes for both parties.  \n\nACTION: COOPERATE",
    "THINKING: Both you and your opponent have been highly cooperative, which has maximized mutual payoffs so far. Maintaining cooperation is the best strategy to continue gaining optimal rewards in this repeated game.  \nACTION: COOPERATE",
    "THINKING: The opponent has consistently cooperated in all rounds, and mutual cooperation provides the best long-term payoff for both players. Breaking trust now could disrupt this beneficial pattern.\n\nACTION: COOPERATE",
    "THINKING: Both my opponent and I have cooperated in every round so far, establishing mutual trust and maximizing collective payoffs. Continuing to cooperate maintains this trust and ensures long-term benefits.\n\nACTION: COOPERATE",
    "THINKING: Both I and the Opponent have consistently cooperated, resulting in mutual benefits. Breaking this pattern by defecting could harm the trust and reduce long-term payoffs. Maintaining cooperation maximizes mutual gains.\n\nACTION: COOPERATE",
    "THINKING: The opponent has been consistently cooperative throughout all previous rounds, and I have also cooperated every time. Defecting now would break the trust and risk losing long-term mutual gains. Cooperation maximizes the overall payoff in the repeated game.\n\nACTION: COOPERATE",
    "THINKING: The opponent has demonstrated consistent cooperation, and defecting now would risk breaking the mutual benefit of the current strategy. Continuing to cooperate maximizes long-term payoffs and maintains trust. \n\nACTION: COOPERATE",
    "THINKING: Both my opponent and I have maintained perfect cooperation so far, resulting in a mutually beneficial outcome. Breaking this cooperative streak could harm long-term trust and lead to lower payoffs for both of us in future rounds.  \n\nACTION: COOPERATE",
    "THINKING: Both my opponent and I have cooperated in every round so far, leading to a highly cooperative dynamic. Continuing to cooperate maximizes long-term payoffs and maintains mutual trust.\n\nACTION: COOPERATE",
    "THINKING: The Opponent has consistently cooperated throughout the game with a perfect cooperation rate. Maintaining mutual cooperation ensures the maximum payoff for both of us, and defecting could risk breaking this beneficial dynamic.  \nACTION: COOPERATE  ",
    "THINKING: Both my opponent and I have been fully cooperative so far, resulting in the highest mutual payoff. Maintaining cooperation ensures continued mutual benefit, while defecting risks breaking trust and reducing future payoffs.  \nACTION: COOPERATE  ",
    "THINKING: Both I and the Opponent have maintained perfect cooperation so far, leading to maximum mutual payoffs. Breaking this pattern by defecting would harm mutual trust and reduce long-term gains.  \nACTION: COOPERATE  ",
    "THINKING: Both my opponent and I have maintained perfect cooperation throughout the game, leading to consistent mutual payoffs. Breaking this trust now would risk jeopardizing the cooperative dynamic and could lead to lower long-term payoffs.\n\nACTION: COOPERATE",
    "THINKING: Both I and my opponent have cooperated in every round so far, maintaining mutual trust and maximizing our payoffs. Defecting now risks breaking this trust and could lead to lower payoffs in future rounds.  \nACTION: COOPERATE",
    "THINKING: Both I and my opponent have cooperated in every round so far, and the opponent has shown a consistent pattern of cooperation. Defecting now would break mutual trust and risk losing the benefits of continued cooperation.  \n\nACTION: COOPERATE",
    "THINKING: Opponent has consistently cooperated in all previous rounds, and maintaining mutual cooperation maximizes long-term payoffs for both players. Defecting would break trust and likely lead to mutual defection in future rounds, reducing overall payoffs.  \n\nACTION: COOPERATE",
    "THINKING: The Opponent has shown consistent cooperation throughout all rounds, and my own cooperation rate has been 100%. Continuing to cooperate maximizes mutual payoff and maintains trust in this ongoing interaction.\n\nACTION: COOPERATE",
    "THINKING: The opponent has been highly cooperative (100% cooperation rate), and mutual cooperation maximizes our collective payoffs. Breaking this trust by defecting could lead to a breakdown in cooperation in future rounds.\n\nACTION: COOPERATE",
    "THINKING: Both my cooperation rate and the opponent's cooperation rate are 100%, indicating a mutually beneficial and highly cooperative dynamic. Defecting now would disrupt trust and likely lead to lower payoffs in subsequent rounds.  \n\nACTION: COOPERATE",
    "THINKING: Both my opponent and I have cooperated 100% so far, leading to mutual high payoffs. Breaking this trust now would jeopardize our strong cooperative dynamic and risk lower payoffs in future rounds.  \nACTION: COOPERATE",
    "THINKING: The opponent has consistently cooperated in all 23 rounds, resulting in mutual cooperation and maximum payoffs each time. Defecting now would risk damaging this trust and result in a lower payoff for both in future rounds.  \n\nACTION: COOPERATE",
    "THINKING: The opponent has consistently cooperated, and mutual cooperation maximizes long-term payoffs. Defecting now risks breaking the trust and reducing future gains.  \nACTION: COOPERATE  ",
    "THINKING: Both players have been highly cooperative throughout all rounds, which has resulted in mutual trust and a maximized payoff for both. Maintaining cooperation ensures continued high payoffs for both parties.\n\nACTION: COOPERATE",
    "THINKING: The opponent has been perfectly cooperative throughout the game, and mutual cooperation yields the best long-term payoff. Breaking the pattern would harm the trust and likely lead to worse outcomes in the future.  \n\nACTION: COOPERATE",
    "THINKING: Both players have consistently cooperated throughout the game, resulting in mutual high payoffs. Defecting now would disrupt the trust and risk future retaliation, leading to worse outcomes in subsequent rounds.  \nACTION: COOPERATE",
    "THINKING: The opponent has been consistently cooperative, and both of us have achieved the optimal payoff by cooperating every round. Breaking this pattern by defecting now would reduce trust and could damage long-term payoffs.  \nACTION: COOPERATE  ",
    "THINKING: The opponent has demonstrated consistent cooperation (100% cooperation rate), and defecting now would break mutual trust built over 29 rounds. Continuing to cooperate maximizes long-term payoffs in this highly cooperative dynamic.\n\nACTION: COOPERATE"
  ]
}