{
  "experiment": "exp6_baseline",
  "game": "prisoners_dilemma",
  "provider": "deepseek",
  "baseline": "Pavlov",
  "trial": 17,
  "rounds": 30,
  "payoff": 87,
  "coop_rate": 0.9333333333333333,
  "llm_history": [
    "COOPERATE",
    "COOPERATE",
    "COOPERATE",
    "COOPERATE",
    "DEFECT",
    "DEFECT",
    "COOPERATE",
    "COOPERATE",
    "COOPERATE",
    "COOPERATE",
    "COOPERATE",
    "COOPERATE",
    "COOPERATE",
    "COOPERATE",
    "COOPERATE",
    "COOPERATE",
    "COOPERATE",
    "COOPERATE",
    "COOPERATE",
    "COOPERATE",
    "COOPERATE",
    "COOPERATE",
    "COOPERATE",
    "COOPERATE",
    "COOPERATE",
    "COOPERATE",
    "COOPERATE",
    "COOPERATE",
    "COOPERATE",
    "COOPERATE"
  ],
  "opp_history": [
    "COOPERATE",
    "COOPERATE",
    "COOPERATE",
    "COOPERATE",
    "COOPERATE",
    "DEFECT",
    "DEFECT",
    "COOPERATE",
    "COOPERATE",
    "COOPERATE",
    "COOPERATE",
    "COOPERATE",
    "COOPERATE",
    "COOPERATE",
    "COOPERATE",
    "COOPERATE",
    "COOPERATE",
    "COOPERATE",
    "COOPERATE",
    "COOPERATE",
    "COOPERATE",
    "COOPERATE",
    "COOPERATE",
    "COOPERATE",
    "COOPERATE",
    "COOPERATE",
    "COOPERATE",
    "COOPERATE",
    "COOPERATE",
    "COOPERATE"
  ],
  "llm_responses": [
    "THINKING: This is the first round with no history, so I'll start with cooperation to establish a positive baseline and see how the opponent responds.  \nACTION: COOPERATE",
    "THINKING: The opponent has cooperated in the first round, and both cooperation rates are 100%. Starting with cooperation builds trust and can lead to mutual benefit in a repeated Prisoner's Dilemma.  \nACTION: COOPERATE",
    "THINKING: Both players have cooperated in the first two rounds, leading to mutual benefit. Since the opponent has a 100% cooperation rate, continuing to cooperate builds trust and maximizes joint payoff in this repeated game.\n\nACTION: COOPERATE",
    "THINKING: The opponent has cooperated 100% so far, and mutual cooperation yields the highest long-term payoff.  \nACTION: COOPERATE",
    "THINKING: The opponent has cooperated 100% of the time so far, and my total payoff is currently zero because I have always cooperated while they have defected in at least one round (likely the first, given the payoff total). To maximize my payoff, I should exploit their consistent cooperation by defecting now.\n\nACTION: DEFECT",
    "THINKING: The opponent has cooperated 100% of the time, so they appear to be playing a purely cooperative strategy like \"Always Cooperate.\" My best response is to defect to maximize my payoff this round.\n\nACTION: DEFECT",
    "THINKING: The opponent has been highly cooperative overall (83%), but they just defected last round. Given my total payoff is currently zero, I should try to rebuild mutual cooperation to improve my score, so I'll respond with cooperation to signal willingness to return to cooperation.  \nACTION: COOPERATE",
    "THINKING: Opponent has a high cooperation rate but just defected last round, suggesting possible retaliation or testing. Given my total payoff is currently zero, I need to be cautious but also aim to rebuild mutual cooperation for future rounds.\n\nACTION: COOPERATE",
    "THINKING: Opponent has cooperated 75% of the time and just cooperated last round, so they are likely to cooperate again. Mutual cooperation gives the highest joint payoff, and defecting now could trigger retaliation in future rounds.\n\nACTION: COOPERATE",
    "THINKING: With both cooperation rates at 78% and the opponent having just cooperated, continuing to cooperate seems likely to maintain mutual cooperation and improve my total payoff from the current 0.  \nACTION: COOPERATE",
    "THINKING: Both of us have been cooperating most of the time, leading to high mutual payoffs. Since the opponent is highly cooperative and just cooperated last round, continuing to cooperate is likely to maintain mutual benefit.\n\nACTION: COOPERATE",
    "THINKING: The opponent has been highly cooperative (82% cooperation rate) and just cooperated last round. Mutual cooperation yields the best long-term payoff, and defecting now could break trust and reduce future gains.\n\nACTION: COOPERATE",
    "THINKING: Opponent has been highly cooperative (83% rate) and just cooperated last round. Mutual cooperation yields good payoff (3 each), and defecting now risks breaking trust and reducing future gains.\n\nACTION: COOPERATE",
    "THINKING: The opponent has been highly cooperative (85% rate) and just cooperated last round. Mutual cooperation yields good payoffs, and defecting now could break trust and reduce future gains.\n\nACTION: COOPERATE",
    "THINKING: With both cooperation rates high and the opponent recently cooperating, mutual cooperation yields the best payoff for both in the long run.  \nACTION: COOPERATE",
    "THINKING: Both of us have high cooperation rates, and the opponent has been highly cooperative recently, so mutual cooperation maximizes long-term payoff.  \nACTION: COOPERATE",
    "THINKING: Both of us have high cooperation rates and the opponent just cooperated, so mutual cooperation is likely and yields the best payoff for both in the long run.  \nACTION: COOPERATE",
    "THINKING: Both of us have been highly cooperative (88% each), and the opponent just cooperated last round. Continuing to cooperate maximizes mutual payoff in this repeated game.\n\nACTION: COOPERATE",
    "THINKING: Both of us have high cooperation rates and the opponent just cooperated last round, so continuing to cooperate is likely to maximize mutual payoff.\n\nACTION: COOPERATE",
    "THINKING: Both of us have been highly cooperative (89% each), and the opponent just cooperated last round. In a repeated Prisoner's Dilemma with a cooperative partner, mutual cooperation yields the best long-term payoff.\n\nACTION: COOPERATE",
    "THINKING: With both cooperation rates at 90% and a highly cooperative recent pattern, mutual cooperation yields the best long-term payoff. Defecting risks breaking this beneficial cycle.  \nACTION: COOPERATE",
    "THINKING: With both cooperation rates at 90% and a highly cooperative recent pattern, mutual cooperation yields the best joint payoff. Defecting risks breaking the cooperative equilibrium and lowering future payoffs.  \nACTION: COOPERATE",
    "THINKING: Both players have been highly cooperative (91% each), and the opponent just cooperated last round. Continuing to cooperate maximizes mutual payoff in this repeated game.\n\nACTION: COOPERATE",
    "THINKING: Both of us have been highly cooperative (91% each), and the opponent just cooperated last round. Continuing mutual cooperation maximizes long-term payoff.  \nACTION: COOPERATE",
    "THINKING: With both cooperation rates at 92% and a highly cooperative recent pattern, mutual cooperation yields the best long-term payoff. Defecting now risks breaking the profitable cooperative equilibrium.\n\nACTION: COOPERATE",
    "THINKING: Both of us have high cooperation rates, and the opponent has been consistently cooperative, so mutual cooperation yields the best long-term payoff.  \nACTION: COOPERATE",
    "THINKING: Both of us have been highly cooperative (92% each), and the opponent just cooperated last round. Continuing mutual cooperation yields the best long-term payoff.\n\nACTION: COOPERATE",
    "THINKING: Both of us have been highly cooperative (93% each), and mutual cooperation yields the best long-term payoff per round. Defecting now risks breaking this beneficial pattern.\n\nACTION: COOPERATE",
    "THINKING: With both cooperation rates at 93% and a highly cooperative recent pattern, mutual cooperation yields the best ongoing payoff. Defecting now risks retaliation in the final rounds and lowers my total payoff.\n\nACTION: COOPERATE",
    "THINKING: Both of us have been highly cooperative (93% each), leading to mutual benefit. Continuing to cooperate maximizes long-term payoff in this repeated game.\n\nACTION: COOPERATE"
  ]
}