{
  "experiment": "exp6_baseline",
  "game": "prisoners_dilemma",
  "provider": "deepseek",
  "baseline": "GenerousTitForTat",
  "trial": 14,
  "rounds": 30,
  "payoff": 86,
  "coop_rate": 0.9,
  "llm_history": [
    "COOPERATE",
    "COOPERATE",
    "DEFECT",
    "DEFECT",
    "COOPERATE",
    "DEFECT",
    "COOPERATE",
    "COOPERATE",
    "COOPERATE",
    "COOPERATE",
    "COOPERATE",
    "COOPERATE",
    "COOPERATE",
    "COOPERATE",
    "COOPERATE",
    "COOPERATE",
    "COOPERATE",
    "COOPERATE",
    "COOPERATE",
    "COOPERATE",
    "COOPERATE",
    "COOPERATE",
    "COOPERATE",
    "COOPERATE",
    "COOPERATE",
    "COOPERATE",
    "COOPERATE",
    "COOPERATE",
    "COOPERATE",
    "COOPERATE"
  ],
  "opp_history": [
    "COOPERATE",
    "COOPERATE",
    "COOPERATE",
    "DEFECT",
    "DEFECT",
    "COOPERATE",
    "DEFECT",
    "COOPERATE",
    "COOPERATE",
    "COOPERATE",
    "COOPERATE",
    "COOPERATE",
    "COOPERATE",
    "COOPERATE",
    "COOPERATE",
    "COOPERATE",
    "COOPERATE",
    "COOPERATE",
    "COOPERATE",
    "COOPERATE",
    "COOPERATE",
    "COOPERATE",
    "COOPERATE",
    "COOPERATE",
    "COOPERATE",
    "COOPERATE",
    "COOPERATE",
    "COOPERATE",
    "COOPERATE",
    "COOPERATE"
  ],
  "llm_responses": [
    "THINKING: Since this is the first round and there is no history, I'll start by cooperating to signal willingness to cooperate and see how the opponent responds.  \nACTION: COOPERATE",
    "THINKING: The opponent cooperated in round 1, and with no reason to defect yet, cooperating continues the mutual benefit.  \nACTION: COOPERATE",
    "THINKING: Opponent has cooperated both times so far, and my total payoff is zero because I've cooperated while they got the higher payoff for defecting once. I should test their response by defecting to see if they retaliate.  \nACTION: DEFECT",
    "THINKING: The opponent has cooperated 100% of the time so far, and my low total payoff suggests I've been exploited after cooperating. To test their response and avoid further exploitation, I should defect this round.  \nACTION: DEFECT",
    "THINKING: Opponent has a high cooperation rate (75%) but just defected last round. They may be testing my response; defecting now could trigger a mutual defection spiral. Since they mostly cooperate, cooperating might restore mutual cooperation.\n\nACTION: COOPERATE",
    "THINKING: Opponent has a 60% cooperation rate but just defected last round. Given my total payoff is currently zero, I need to avoid being exploited while encouraging cooperation. A conditional response like tit-for-tat suggests defecting after their defect to avoid losses.\n\nACTION: DEFECT",
    "THINKING: The opponent has a high cooperation rate and just cooperated last round, suggesting they are conditionally cooperative. My total payoff is currently zero, so cooperating now may sustain mutual cooperation and improve my score.  \nACTION: COOPERATE",
    "THINKING: The opponent has a 57% cooperation rate and just defected last round, but overall they seem to be matching my own cooperation level. Since my cooperation rate is also 57%, a cooperative move now may encourage future cooperation and improve my total payoff from zero.  \n\nACTION: COOPERATE",
    "THINKING: The opponent has cooperated recently and has a similar cooperation rate to mine, suggesting they may be reciprocating. Cooperating now could maintain mutual cooperation for higher payoffs.  \nACTION: COOPERATE",
    "THINKING: With both cooperation rates at 67% and the opponent just cooperating, continuing to cooperate is likely to sustain mutual cooperation and maximize long-term payoff in this repeated game.  \nACTION: COOPERATE",
    "THINKING: With both cooperation rates at 70% and the opponent recently cooperating, continuing to cooperate maintains mutual benefit and aligns with a conditional cooperator's likely response.  \nACTION: COOPERATE",
    "THINKING: Opponent has a high cooperation rate (73%) and just cooperated last round, suggesting they are conditionally cooperative. My total payoff is currently zero, so I need to build mutual cooperation to improve it. Defecting now risks breaking trust and lowering future payoffs.\n\nACTION: COOPERATE",
    "THINKING: With both cooperation rates at 75% and the opponent just cooperating, continuing to cooperate maintains mutual benefit and high payoffs.  \nACTION: COOPERATE",
    "THINKING: With both cooperation rates at 77% and the opponent just cooperating, mutual cooperation is likely to continue, maximizing my payoff in this round.  \nACTION: COOPERATE",
    "THINKING: The opponent has been highly cooperative (79% cooperation rate) and just cooperated last round. Cooperating now is likely to maintain mutual cooperation and maximize long-term payoff.  \nACTION: COOPERATE",
    "THINKING: Both of us have high cooperation rates and the opponent just cooperated, so mutual cooperation is likely and yields the best payoff for both.  \nACTION: COOPERATE",
    "THINKING: The opponent has been highly cooperative (81% cooperation rate) and just cooperated last round. In a repeated Prisoner's Dilemma with a cooperative opponent, mutual cooperation yields the best long-term payoff.\n\nACTION: COOPERATE",
    "THINKING: Both of us have high cooperation rates and the opponent just cooperated last round, so mutual cooperation is likely to yield the best payoff this round.  \nACTION: COOPERATE",
    "THINKING: Both of us have high cooperation rates (83%) and the opponent just cooperated last round, so mutual cooperation is likely to continue, maximizing my payoff.  \nACTION: COOPERATE",
    "THINKING: Both of us have been highly cooperative (84% each), and the opponent just cooperated last round. Continuing to cooperate maximizes mutual payoff in this repeated game.\n\nACTION: COOPERATE",
    "THINKING: Both of us have high cooperation rates and the opponent just cooperated, so mutual cooperation is likely and yields the best payoff for both.  \nACTION: COOPERATE",
    "THINKING: The opponent has been highly cooperative (86% cooperation rate) and just cooperated last round. Given the repeated nature and mutual benefit of cooperation, continuing to cooperate is likely to maintain high payoffs for both.\n\nACTION: COOPERATE",
    "THINKING: Both of us have high cooperation rates and the opponent just cooperated, so mutual cooperation is likely and yields the best payoff per round (3 vs 1 if both defect).  \nACTION: COOPERATE",
    "THINKING: With both cooperation rates at 87% and a highly cooperative recent pattern, mutual cooperation yields the best ongoing payoff. Defecting now risks breaking the profitable cooperative equilibrium.\n\nACTION: COOPERATE",
    "THINKING: Both of us have high cooperation rates and the opponent just cooperated, so mutual cooperation is likely and yields the best payoff for both in this round.  \nACTION: COOPERATE",
    "THINKING: With both cooperation rates at 88% and a highly cooperative recent pattern, mutual cooperation yields a good payoff (3 each). Defecting risks breaking this profitable pattern and triggering retaliation in future rounds.  \nACTION: COOPERATE",
    "THINKING: With both cooperation rates at 88% and a history of mutual cooperation, defecting now risks breaking a highly beneficial pattern for minimal short-term gain.  \nACTION: COOPERATE",
    "THINKING: Both of us have been highly cooperative (89% each), and the opponent just cooperated last round. In a repeated Prisoner's Dilemma with a cooperative opponent, mutual cooperation yields the best long-term payoff.  \nACTION: COOPERATE",
    "THINKING: The opponent has been highly cooperative (89% cooperation rate) and just cooperated last round. In a repeated Prisoner's Dilemma with a cooperative opponent, mutual cooperation yields the best long-term payoff, and defecting now risks retaliation in future rounds.\n\nACTION: COOPERATE",
    "THINKING: With both cooperation rates at 90% and a highly cooperative recent pattern, mutual cooperation yields the best long-term payoff. Defecting now risks breaking the cooperative equilibrium.\n\nACTION: COOPERATE"
  ]
}