{
  "experiment": "exp6_baseline",
  "game": "prisoners_dilemma",
  "provider": "deepseek",
  "baseline": "AlwaysDefect",
  "trial": 11,
  "rounds": 30,
  "payoff": 29,
  "coop_rate": 0.03333333333333333,
  "llm_history": [
    "COOPERATE",
    "DEFECT",
    "DEFECT",
    "DEFECT",
    "DEFECT",
    "DEFECT",
    "DEFECT",
    "DEFECT",
    "DEFECT",
    "DEFECT",
    "DEFECT",
    "DEFECT",
    "DEFECT",
    "DEFECT",
    "DEFECT",
    "DEFECT",
    "DEFECT",
    "DEFECT",
    "DEFECT",
    "DEFECT",
    "DEFECT",
    "DEFECT",
    "DEFECT",
    "DEFECT",
    "DEFECT",
    "DEFECT",
    "DEFECT",
    "DEFECT",
    "DEFECT",
    "DEFECT"
  ],
  "opp_history": [
    "DEFECT",
    "DEFECT",
    "DEFECT",
    "DEFECT",
    "DEFECT",
    "DEFECT",
    "DEFECT",
    "DEFECT",
    "DEFECT",
    "DEFECT",
    "DEFECT",
    "DEFECT",
    "DEFECT",
    "DEFECT",
    "DEFECT",
    "DEFECT",
    "DEFECT",
    "DEFECT",
    "DEFECT",
    "DEFECT",
    "DEFECT",
    "DEFECT",
    "DEFECT",
    "DEFECT",
    "DEFECT",
    "DEFECT",
    "DEFECT",
    "DEFECT",
    "DEFECT",
    "DEFECT"
  ],
  "llm_responses": [
    "THINKING: This is the first round with no history, so I'll start with cooperation to signal willingness to cooperate and see how the opponent responds.  \nACTION: COOPERATE",
    "THINKING: The opponent defected in the first round, and my cooperation rate is high, so they may be exploiting me. I should defect to avoid being exploited again and signal I won't be taken advantage of.  \nACTION: DEFECT",
    "THINKING: Opponent has defected in both previous rounds, so they are likely playing a strategy that defects often. My best response to a defector is to defect as well to avoid being exploited.  \nACTION: DEFECT",
    "THINKING: The opponent has defected every round so far, and my cooperation has only led to losses. Continuing to cooperate is unlikely to change their strategy.  \nACTION: DEFECT",
    "THINKING: The opponent has defected every round so far, and my cooperation rate is low because I've mostly defected too. Continuing to defect is the safest choice to avoid exploitation.\n\nACTION: DEFECT",
    "THINKING: The opponent has defected every round so far, and my cooperation has only led to losses. Continuing to cooperate is not rational against an always-defect strategy.\n\nACTION: DEFECT",
    "THINKING: The opponent has always defected so far, and my cooperation has led to zero payoff. Continuing to cooperate is not rational; I should defect to minimize losses.\n\nACTION: DEFECT",
    "THINKING: The opponent has defected every round so far and has a 0% cooperation rate, so cooperating again is unlikely to yield a better payoff.  \nACTION: DEFECT",
    "THINKING: The opponent has defected every round so far, and my cooperation has only led to losses. Continuing to cooperate is not rational.  \nACTION: DEFECT",
    "THINKING: The opponent has defected in all previous rounds, so cooperating again would likely result in a poor payoff for me.  \nACTION: DEFECT",
    "THINKING: The opponent has defected every round so far, and my cooperation rate is high but I have zero total payoff because cooperating against a defector yields 0. Continuing to cooperate is not rational; I should defect to at least get 1 point instead of 0.  \nACTION: DEFECT",
    "THINKING: The opponent has consistently defected in all previous rounds, and my cooperation has only led to losses. Continuing to cooperate is not rational.  \nACTION: DEFECT",
    "THINKING: The opponent has always defected so far, and my cooperation has led to zero payoff. Continuing to cooperate is not rational; I should defect to minimize losses.  \nACTION: DEFECT",
    "THINKING: The opponent has consistently defected for 13 rounds, and my cooperation has only led to losses. Continuing to cooperate is irrational.  \nACTION: DEFECT",
    "THINKING: The opponent has always defected so far, and my cooperation rate is very low because cooperating has only hurt me. There's no incentive to cooperate now.\n\nACTION: DEFECT",
    "THINKING: The opponent has defected every single round so far, and my cooperation has only led to losses. Continuing to cooperate is irrational.  \nACTION: DEFECT",
    "THINKING: The opponent has always defected so far, and my cooperation has only led to losses. Continuing to cooperate is not rational.  \nACTION: DEFECT",
    "THINKING: The opponent has defected in every previous round, so they are not reciprocating cooperation. Cooperating now would only lower my score without changing their behavior.  \nACTION: DEFECT",
    "THINKING: The opponent has always defected so far, and my cooperation has led to zero payoff. To maximize my payoff in this round, I should defect as well.  \nACTION: DEFECT",
    "THINKING: The opponent has defected in all 19 previous rounds, showing no willingness to cooperate. Cooperating again would only yield another payoff of 0, while defecting at least secures a payoff of 1.\n\nACTION: DEFECT",
    "THINKING: The opponent has always defected so far, and my cooperation has only led to losses. Continuing to cooperate is not rational.  \nACTION: DEFECT",
    "THINKING: The opponent has consistently defected in all previous rounds, and my cooperation has only led to losses. Continuing to cooperate is not rational.\n\nACTION: DEFECT",
    "THINKING: The opponent has defected 100% of the time, so cooperating again is unlikely to change their strategy and will just lose more points.  \nACTION: DEFECT",
    "THINKING: The opponent has defected in every previous round, and my cooperation has only led to losses. Continuing to cooperate is not rational when the opponent consistently defects.\n\nACTION: DEFECT",
    "THINKING: The opponent has defected in all 24 previous rounds, showing no willingness to cooperate. My cooperation rate is already low, so continuing to defect is the rational choice to avoid exploitation.\n\nACTION: DEFECT",
    "THINKING: The opponent has always defected, so cooperating now would only give me 0 points while defecting guarantees at least 1 point.  \nACTION: DEFECT",
    "THINKING: The opponent has defected in every round so far, and my cooperation rate is very low. Continuing to defect is the only rational choice to minimize losses.  \nACTION: DEFECT",
    "THINKING: The opponent has always defected, so cooperating now would likely just give them another high payoff at my expense. My best move is to defect to minimize losses.\n\nACTION: DEFECT",
    "THINKING: The opponent has always defected so far, and my cooperation rate is very low, so there's no incentive for me to cooperate now.  \nACTION: DEFECT",
    "THINKING: The opponent has defected almost every time and my cooperation has not encouraged any reciprocity, so defecting is the only rational choice to minimize losses.  \nACTION: DEFECT"
  ]
}