{
  "experiment": "exp6_baseline",
  "game": "prisoners_dilemma",
  "provider": "openai",
  "baseline": "GenerousTitForTat",
  "trial": 26,
  "rounds": 30,
  "payoff": 90,
  "coop_rate": 1.0,
  "llm_history": [
    "COOPERATE",
    "COOPERATE",
    "COOPERATE",
    "COOPERATE",
    "COOPERATE",
    "COOPERATE",
    "COOPERATE",
    "COOPERATE",
    "COOPERATE",
    "COOPERATE",
    "COOPERATE",
    "COOPERATE",
    "COOPERATE",
    "COOPERATE",
    "COOPERATE",
    "COOPERATE",
    "COOPERATE",
    "COOPERATE",
    "COOPERATE",
    "COOPERATE",
    "COOPERATE",
    "COOPERATE",
    "COOPERATE",
    "COOPERATE",
    "COOPERATE",
    "COOPERATE",
    "COOPERATE",
    "COOPERATE",
    "COOPERATE",
    "COOPERATE"
  ],
  "opp_history": [
    "COOPERATE",
    "COOPERATE",
    "COOPERATE",
    "COOPERATE",
    "COOPERATE",
    "COOPERATE",
    "COOPERATE",
    "COOPERATE",
    "COOPERATE",
    "COOPERATE",
    "COOPERATE",
    "COOPERATE",
    "COOPERATE",
    "COOPERATE",
    "COOPERATE",
    "COOPERATE",
    "COOPERATE",
    "COOPERATE",
    "COOPERATE",
    "COOPERATE",
    "COOPERATE",
    "COOPERATE",
    "COOPERATE",
    "COOPERATE",
    "COOPERATE",
    "COOPERATE",
    "COOPERATE",
    "COOPERATE",
    "COOPERATE",
    "COOPERATE"
  ],
  "llm_responses": [
    "THINKING: Since this is the first round and there is no history or pattern to analyze, cooperation is a reasonable starting move to establish trust and possibly promote mutual cooperation in future rounds. Defecting prematurely could lead to a breakdown of trust.\n\nACTION: COOPERATE",
    "THINKING: The opponent has cooperated in the first round, and their cooperation rate is 100%. To build trust and maximize mutual payoffs, it is beneficial to cooperate again.  \nACTION: COOPERATE",
    "THINKING: The Opponent has cooperated 100% of the time so far, and mutual cooperation yields a higher long-term payoff than defecting. Maintaining trust is crucial for maximizing outcomes in repeated games.  \n\nACTION: COOPERATE",
    "THINKING: The opponent has consistently cooperated in all previous rounds, and maintaining mutual cooperation maximizes both players' payoffs. Defecting would risk breaking the trust and reducing future payoffs. \n\nACTION: COOPERATE",
    "THINKING: Both the opponent and I have been consistently cooperative so far, which maximizes mutual payoffs. Breaking this pattern by defecting could damage trust and lead to lower payoffs in future rounds. Maintaining cooperation benefits both of us.  \nACTION: COOPERATE",
    "THINKING: The opponent has consistently cooperated in all previous rounds, showing a highly cooperative pattern. To maximize long-term payoffs and maintain trust, it is beneficial to also cooperate.  \n\nACTION: COOPERATE",
    "THINKING: Both I and the opponent have consistently cooperated in all rounds, building mutual trust and maximizing payoffs. Defecting now could break this trust and lead to lower payoffs in future rounds.\n\nACTION: COOPERATE",
    "THINKING: The opponent has consistently cooperated in all previous rounds, and mutual cooperation yields the best long-term payoff in the Prisoner's Dilemma. Breaking cooperation now risks damaging trust and leading to mutual defection in future rounds.\n\nACTION: COOPERATE",
    "THINKING: The opponent has been consistently cooperative (100% cooperation rate), creating a foundation of mutual trust. Defecting now would risk breaking this trust and reducing future payoffs in this repeated game.\n\nACTION: COOPERATE",
    "THINKING: The opponent has been highly cooperative with a 100% cooperation rate, and mutual cooperation maximizes the payoff for both players. Maintaining trust ensures continued high payoffs. \n\nACTION: COOPERATE",
    "THINKING: The opponent has been consistently cooperative, with a 100% cooperation rate over 10 rounds. Maintaining mutual cooperation maximizes long-term payoffs for both players in a repeated game.  \nACTION: COOPERATE",
    "THINKING: The opponent has been consistently cooperative with a 100% cooperation rate over 11 rounds. Defecting now could damage the trust built and lead to worse long-term outcomes in a repeated game. Mutual cooperation has the best long-term payoff. \n\nACTION: COOPERATE",
    "THINKING: Both you and your opponent have consistently cooperated, which maximizes mutual payoff. Breaking this pattern by defecting would harm trust and reduce long-term gains for both players.  \n\nACTION: COOPERATE",
    "THINKING: The opponent has consistently cooperated, demonstrating trustworthiness and a cooperative strategy. Maintaining mutual cooperation maximizes long-term payoffs for both players.  \n\nACTION: COOPERATE",
    "THINKING: The opponent has demonstrated consistent cooperation throughout all 14 rounds, and mutual cooperation yields the best long-term payoff. Breaking the trust now could jeopardize future cooperation.\n\nACTION: COOPERATE",
    "THINKING: The opponent has consistently cooperated in all 15 rounds, signaling high trustworthiness and a strong inclination toward mutual cooperation. To maximize long-term payoffs and maintain the beneficial dynamic, continuing to cooperate is the best strategy.  \n\nACTION: COOPERATE",
    "THINKING: Both I and the Opponent have cooperated in every round so far, leading to high mutual payoffs. Continuing to cooperate maintains trust and ensures long-term gains.\n\nACTION: COOPERATE",
    "THINKING: Both my opponent and I have consistently cooperated, resulting in mutual benefit. Breaking this pattern without reason risks losing trust and long-term payoffs.  \n\nACTION: COOPERATE",
    "THINKING: The opponent has consistently cooperated in all prior rounds, and a mutual cooperative strategy yields the highest payoff for both players (3 each). Defecting would break trust and risk future cooperation.  \n\nACTION: COOPERATE",
    "THINKING: Both I and the Opponent have consistently cooperated throughout all rounds, and mutual cooperation has maximized shared payoffs. There is no indication that the Opponent will defect now, so maintaining cooperation is the optimal choice for long-term gains.  \n\nACTION: COOPERATE",
    "THINKING: The opponent has been consistently cooperative in all 20 previous rounds, and mutual cooperation yields the best long-term payoff. Maintaining cooperation aligns with maximizing both players' outcomes and encourages continued trust.\n\nACTION: COOPERATE",
    "THINKING: Both I and my opponent have consistently cooperated for all 21 rounds, leading to mutual high payoffs and trust. Breaking this pattern by defecting could jeopardize the high payoff equilibrium and risk retaliation in future rounds.\n\nACTION: COOPERATE",
    "THINKING: Both players have consistently cooperated for 22 rounds, resulting in mutual high payoffs. Defecting now would break the trust and risk losing the established cooperation pattern. \n\nACTION: COOPERATE",
    "THINKING: The opponent has consistently cooperated in all rounds, showing strong cooperative behavior. To maximize long-term payoffs and maintain mutual trust, continuing to cooperate is the optimal strategy. \n\nACTION: COOPERATE",
    "THINKING: Both the opponent and I have cooperated consistently throughout the game, leading to mutual benefits. Breaking this trust now could disrupt the established cooperation and risk worse outcomes in future rounds if the opponent retaliates.\n\nACTION: COOPERATE",
    "THINKING: The opponent has consistently cooperated in all 25 rounds, and mutual cooperation maximizes long-term payoffs. Defecting now risks breaking trust and reducing future payoffs.  \n\nACTION: COOPERATE",
    "THINKING: Both players have consistently cooperated in all previous rounds, resulting in mutual benefits. Continuing cooperation sustains trust and maximizes payoff for both players.  \nACTION: COOPERATE  ",
    "THINKING: The opponent has consistently cooperated in all previous rounds, showing a highly cooperative strategy. Maintaining mutual cooperation maximizes long-term payoffs for both players.  \n\nACTION: COOPERATE",
    "THINKING: Both my opponent and I have maintained a 100% cooperation rate, which has maximized mutual payoffs so far. Defecting now would break the trust and potentially trigger retaliatory defection in future rounds, lowering long-term payoffs.\n\nACTION: COOPERATE",
    "THINKING: Both my opponent and I have consistently cooperated, maximizing mutual payoffs in the long term. Breaking this trust by defecting would risk losing the benefits of cooperation in future rounds.  \nACTION: COOPERATE  "
  ]
}