{
  "experiment": "exp6_baseline",
  "game": "prisoners_dilemma",
  "provider": "deepseek",
  "baseline": "AlwaysCooperate",
  "trial": 30,
  "rounds": 30,
  "payoff": 112,
  "coop_rate": 0.6333333333333333,
  "llm_history": [
    "COOPERATE",
    "COOPERATE",
    "COOPERATE",
    "COOPERATE",
    "COOPERATE",
    "COOPERATE",
    "COOPERATE",
    "COOPERATE",
    "COOPERATE",
    "DEFECT",
    "DEFECT",
    "COOPERATE",
    "COOPERATE",
    "DEFECT",
    "COOPERATE",
    "COOPERATE",
    "COOPERATE",
    "DEFECT",
    "COOPERATE",
    "DEFECT",
    "COOPERATE",
    "DEFECT",
    "DEFECT",
    "COOPERATE",
    "COOPERATE",
    "DEFECT",
    "DEFECT",
    "DEFECT",
    "DEFECT",
    "COOPERATE"
  ],
  "opp_history": [
    "COOPERATE",
    "COOPERATE",
    "COOPERATE",
    "COOPERATE",
    "COOPERATE",
    "COOPERATE",
    "COOPERATE",
    "COOPERATE",
    "COOPERATE",
    "COOPERATE",
    "COOPERATE",
    "COOPERATE",
    "COOPERATE",
    "COOPERATE",
    "COOPERATE",
    "COOPERATE",
    "COOPERATE",
    "COOPERATE",
    "COOPERATE",
    "COOPERATE",
    "COOPERATE",
    "COOPERATE",
    "COOPERATE",
    "COOPERATE",
    "COOPERATE",
    "COOPERATE",
    "COOPERATE",
    "COOPERATE",
    "COOPERATE",
    "COOPERATE"
  ],
  "llm_responses": [
    "THINKING: This is the first round with no history, so I'll start with cooperation to signal willingness to cooperate and see how the opponent responds.  \nACTION: COOPERATE",
    "THINKING: The opponent has cooperated in the first round, and I have a 100% cooperation rate. Starting with cooperation builds trust and may encourage mutual cooperation for higher long-term payoffs.\n\nACTION: COOPERATE",
    "THINKING: Both players have cooperated in the first two rounds, and the opponent has a 100% cooperation rate so far. Starting with mutual cooperation is promising, so I'll continue cooperating to build trust and maintain the high payoff outcome.\n\nACTION: COOPERATE",
    "THINKING: The opponent has cooperated 100% of the time so far, and mutual cooperation yields the highest joint payoff. Since this is a repeated game, cooperating now encourages continued mutual cooperation in future rounds.\n\nACTION: COOPERATE",
    "THINKING: The opponent has cooperated 100% of the time so far, and my total payoff is currently zero, meaning I've been cooperating while they have been cooperating as well. Continuing to cooperate maintains mutual benefit.\n\nACTION: COOPERATE",
    "THINKING: Opponent has cooperated 100% so far, and mutual cooperation yields the highest long-term payoff. Defecting now risks breaking trust and reducing future gains.  \nACTION: COOPERATE",
    "THINKING: The opponent has cooperated 100% of the time, and mutual cooperation yields a good payoff of 3 each round. Defecting now risks breaking the cooperative equilibrium for short-term gain.  \nACTION: COOPERATE",
    "THINKING: The opponent has cooperated 100% of the time so far, and my total payoff is currently zero, meaning I have been cooperating while they have been cooperating. Continuing to cooperate maintains mutual benefit.\n\nACTION: COOPERATE",
    "THINKING: The opponent has cooperated 100% of the time so far, and mutual cooperation yields the highest long-term payoff. Defecting now risks breaking this beneficial pattern.\n\nACTION: COOPERATE",
    "THINKING: The opponent has cooperated in all 9 previous rounds, and my total payoff is 0 because I've always cooperated. This suggests the opponent is likely playing a \"Tit for Tat\" or similar cooperative strategy, punishing my defection only after it happens. To test this and potentially gain a higher payoff, I should defect now to see their response.\n\nACTION: DEFECT",
    "THINKING: The opponent has cooperated 100% of the time so far, and my high cooperation rate (90%) has yielded me zero total payoff, meaning they have been exploiting my cooperation. To gain a positive payoff, I should defect now while they are likely to still cooperate.\n\nACTION: DEFECT",
    "THINKING: The opponent has cooperated 100% of the time so far, and my high cooperation rate has not been punished. Continuing to cooperate maximizes mutual payoff in this highly cooperative pattern.  \nACTION: COOPERATE",
    "THINKING: The opponent has cooperated 100% of the time so far, and my cooperation rate is high. Continuing to cooperate maintains mutual benefit and high payoffs.  \nACTION: COOPERATE",
    "THINKING: The opponent has cooperated 100% of the time, so they are likely playing a pure cooperative strategy like \"Always Cooperate.\" Defecting now yields a higher payoff for this round.\n\nACTION: DEFECT",
    "THINKING: The opponent has cooperated 100% of the time so far, and my cooperation rate is high, so continuing to cooperate likely maintains mutual cooperation for maximum payoff.\n\nACTION: COOPERATE",
    "THINKING: The opponent has cooperated 100% of the time so far, and my total payoff is currently zero, meaning my past defections have likely been punished or misaligned. With a highly cooperative opponent, cooperating now maximizes mutual payoff and builds trust for future rounds.\n\nACTION: COOPERATE",
    "THINKING: The opponent has cooperated 100% of the time, so they are extremely predictable and trusting. Defecting now would give me a higher payoff for this round, but it risks ending their cooperation in future rounds and lowering my long-term total.\n\nACTION: COOPERATE",
    "THINKING: The opponent has cooperated 100% of the time, making them extremely predictable and exploitable. Defecting now yields a higher payoff (5 vs 3) with little risk of retaliation based on their past behavior.\n\nACTION: DEFECT",
    "THINKING: The opponent has cooperated 100% of the time, so cooperating again maximizes mutual payoff and maintains my high cooperation rate.  \nACTION: COOPERATE",
    "THINKING: The opponent has cooperated 100% of the time, so defecting now would maximize my payoff for this single round without any sign of retaliation.  \nACTION: DEFECT",
    "THINKING: The opponent has cooperated 100% of the time, so they are likely a pure cooperator or using a very forgiving strategy. Defecting now would give me a higher payoff this round, but could trigger retaliation in future rounds, reducing my long-term gains. Since we are in a repeated game and my total payoff is currently 0, maintaining cooperation seems optimal for mutual benefit.\n\nACTION: COOPERATE",
    "THINKING: The opponent has cooperated 100% of the time, so they are likely playing a purely cooperative strategy like \"Always Cooperate.\" Defecting now would give me a higher payoff this round (5 vs 3) with little risk of immediate retaliation.\n\nACTION: DEFECT",
    "THINKING: The opponent has cooperated 100% of the time so far, making them extremely predictable and exploitable. Defecting now yields a higher payoff (5 vs 3) with no sign of retaliation.\n\nACTION: DEFECT",
    "THINKING: The opponent has cooperated 100% of the time so far, and my cooperation rate is high. Continuing to cooperate maximizes mutual payoff and maintains trust in this repeated game.\n\nACTION: COOPERATE",
    "THINKING: The opponent has cooperated 100% of the time, so cooperating now maximizes my payoff (3) and maintains mutual cooperation. Defecting risks ending their cooperation and lowering future payoffs.\n\nACTION: COOPERATE",
    "THINKING: The opponent has cooperated 100% of the time, so they are likely playing a pure cooperative strategy like \"Always Cooperate.\" Defecting now yields a higher payoff for this round and doesn't risk retaliation.\n\nACTION: DEFECT",
    "THINKING: The opponent has cooperated 100% of the time, making them extremely predictable and exploitable. Defecting now yields the highest immediate payoff with minimal risk of retaliation.\n\nACTION: DEFECT",
    "THINKING: The opponent has cooperated 100% of the time so far, making them extremely predictable and exploitable. My total payoff is currently zero, so I need to maximize my score now.  \nACTION: DEFECT",
    "THINKING: The opponent has cooperated 100% of the time, so they are likely playing a purely cooperative strategy like \"Always Cooperate.\" Defecting now would give me a higher payoff this round, but since we are near the end of the game (Round 29 of an unknown total), exploiting their trust maximizes my final score.\n\nACTION: DEFECT",
    "THINKING: The opponent has cooperated in all 29 previous rounds, showing a highly cooperative pattern. My total payoff is currently 0, so cooperating now is the best way to build mutual cooperation and maximize future payoffs.\n\nACTION: COOPERATE"
  ]
}