{
  "experiment": "exp6_baseline",
  "game": "prisoners_dilemma",
  "provider": "deepseek",
  "baseline": "AlwaysCooperate",
  "trial": 25,
  "rounds": 30,
  "payoff": 104,
  "coop_rate": 0.7666666666666667,
  "llm_history": [
    "COOPERATE",
    "COOPERATE",
    "COOPERATE",
    "COOPERATE",
    "COOPERATE",
    "COOPERATE",
    "COOPERATE",
    "COOPERATE",
    "COOPERATE",
    "COOPERATE",
    "COOPERATE",
    "DEFECT",
    "COOPERATE",
    "COOPERATE",
    "COOPERATE",
    "COOPERATE",
    "COOPERATE",
    "COOPERATE",
    "COOPERATE",
    "COOPERATE",
    "COOPERATE",
    "DEFECT",
    "COOPERATE",
    "COOPERATE",
    "DEFECT",
    "COOPERATE",
    "DEFECT",
    "DEFECT",
    "DEFECT",
    "DEFECT"
  ],
  "opp_history": [
    "COOPERATE",
    "COOPERATE",
    "COOPERATE",
    "COOPERATE",
    "COOPERATE",
    "COOPERATE",
    "COOPERATE",
    "COOPERATE",
    "COOPERATE",
    "COOPERATE",
    "COOPERATE",
    "COOPERATE",
    "COOPERATE",
    "COOPERATE",
    "COOPERATE",
    "COOPERATE",
    "COOPERATE",
    "COOPERATE",
    "COOPERATE",
    "COOPERATE",
    "COOPERATE",
    "COOPERATE",
    "COOPERATE",
    "COOPERATE",
    "COOPERATE",
    "COOPERATE",
    "COOPERATE",
    "COOPERATE",
    "COOPERATE",
    "COOPERATE"
  ],
  "llm_responses": [
    "THINKING: This is the first round with no history, so I'll start by cooperating to signal willingness to cooperate and see how the opponent responds.  \nACTION: COOPERATE",
    "THINKING: The opponent cooperated in the first round, and with no reason to defect yet, cooperating again encourages mutual cooperation for higher long-term payoffs.  \nACTION: COOPERATE",
    "THINKING: Both players have cooperated in the first two rounds, so mutual cooperation is currently stable. Defecting now could break trust and trigger retaliation in future rounds, reducing long-term payoff.\n\nACTION: COOPERATE",
    "THINKING: The opponent has cooperated 100% so far, and mutual cooperation yields the highest long-term payoff.  \nACTION: COOPERATE",
    "THINKING: The opponent has cooperated 100% of the time so far, and my total payoff is currently zero, meaning I have been cooperating while they have been cooperating. Continuing to cooperate maintains mutual benefit.\n\nACTION: COOPERATE",
    "THINKING: The opponent has cooperated every round so far, and mutual cooperation yields the highest long-term payoff. Defecting now could break trust and reduce future gains.\n\nACTION: COOPERATE",
    "THINKING: The opponent has cooperated 100% of the time, and mutual cooperation yields the best long-term payoff. Defecting now risks breaking the cooperative pattern and reducing future gains.  \nACTION: COOPERATE",
    "THINKING: The opponent has cooperated 100% of the time so far, and mutual cooperation yields the highest long-term payoff. Defecting now risks breaking this beneficial pattern.\n\nACTION: COOPERATE",
    "THINKING: The opponent has cooperated in all 8 previous rounds, showing a highly cooperative pattern. Continuing to cooperate maximizes mutual long-term payoff in this repeated game.  \nACTION: COOPERATE",
    "THINKING: The opponent has cooperated 100% of the time so far, and mutual cooperation yields a good payoff. Defecting now risks breaking the cooperative pattern and lowering future payoffs.\n\nACTION: COOPERATE",
    "THINKING: The opponent has cooperated 100% of the time so far, and mutual cooperation yields the highest long-term payoff. Defecting now risks breaking this beneficial pattern.\n\nACTION: COOPERATE",
    "THINKING: The opponent has cooperated 100% of the time so far, and my total payoff is currently zero, meaning I've been cooperating while they've been defecting. This suggests the opponent is actually playing \"Always Defect\" and the reported 100% cooperation rate is misleading or a trick.\n\nACTION: DEFECT",
    "THINKING: The opponent has cooperated 100% of the time so far, and my high cooperation rate has likely encouraged this. Continuing to cooperate maximizes mutual payoff and sustains cooperation.\n\nACTION: COOPERATE",
    "THINKING: The opponent has cooperated 100% of the time, so they are likely playing a \"tit-for-tat\" or \"always cooperate\" strategy. Defecting now would give me a higher payoff this round, but could trigger retaliation and lower my total payoff in future rounds. Since we are in a repeated game and the opponent is highly cooperative, mutual cooperation yields the best long-term outcome.\n\nACTION: COOPERATE",
    "THINKING: The opponent has cooperated 100% of the time, and my high cooperation rate has likely reinforced this. Defecting now would give a short-term gain but risks breaking the cooperative equilibrium and lowering my long-term payoff.\n\nACTION: COOPERATE",
    "THINKING: The opponent has cooperated 100% of the time, and my cooperation rate is 93%. Since this is a repeated game, mutual cooperation yields the best long-term payoff, and defecting now risks retaliation in future rounds.\n\nACTION: COOPERATE",
    "THINKING: The opponent has cooperated 100% of the time, and my high cooperation rate has likely sustained this. Defecting now would give a one-time gain but risks breaking their cooperative pattern in future rounds.\n\nACTION: COOPERATE",
    "THINKING: The opponent has cooperated 100% of the time, making them extremely predictable and trustworthy. Defecting now would yield a higher immediate payoff (5 vs 3), but it risks ending the cooperation and future payoffs for the remaining rounds.\n\nACTION: COOPERATE",
    "THINKING: The opponent has cooperated 100% of the time, and my cooperation rate is very high, so mutual cooperation is likely to continue, maximizing my payoff for this round.  \nACTION: COOPERATE",
    "THINKING: The opponent has cooperated 100% of the time, and my high cooperation rate has not been exploited. Continuing to cooperate maintains mutual benefit.\n\nACTION: COOPERATE",
    "THINKING: The opponent has cooperated 100% of the time, and my cooperation rate is 95%. Since this is a repeated game, maintaining mutual cooperation yields the highest long-term payoff (3 per round). Defecting now risks breaking this beneficial pattern.\n\nACTION: COOPERATE",
    "THINKING: The opponent has cooperated 100% of the time, and my current payoff is zero, meaning I've been cooperating while they've been defecting in a way that gives me zero points. In a standard Prisoner's Dilemma, if I always cooperate and they always defect, my payoff would be 0 each round, which matches my total. To improve my score, I should defect to get a higher payoff this round.\n\nACTION: DEFECT",
    "THINKING: The opponent has cooperated 100% of the time, and my total payoff is currently 0.0, meaning I have been cooperating while they have been defecting in some rounds. Given their high cooperation rate, it's likely they are playing a cooperative strategy like Tit-for-Tat, so cooperating now is best for mutual gain.\n\nACTION: COOPERATE",
    "THINKING: The opponent has cooperated 100% of the time, and my cooperation rate is 91%. Defecting now would give me a higher payoff this round, but risks retaliation in future rounds, which could lower my total payoff. Since the game is ongoing, maintaining mutual cooperation is likely more profitable long-term.\n\nACTION: COOPERATE",
    "THINKING: The opponent has cooperated 100% of the time, and my high cooperation rate has yielded a total payoff of 0.0, meaning I've been exploited. To improve my score, I should defect now to claim a higher payoff.\n\nACTION: DEFECT",
    "THINKING: The opponent has cooperated 100% of the time so far, and my total payoff is currently zero, meaning I've been exploited for cooperating while they defected in at least some rounds. Given their perfect cooperation rate, they are likely playing a \"Tit-for-Tat\" or \"Always Cooperate\" strategy, so cooperating now is safe and mutually beneficial.\n\nACTION: COOPERATE",
    "THINKING: The opponent has cooperated 100% of the time, making them extremely predictable and exploitable. Defecting now yields a higher payoff (5 vs 3) with no sign of retaliation.\n\nACTION: DEFECT",
    "THINKING: The opponent has cooperated 100% of the time, so they are likely playing a purely cooperative strategy like \"Always Cooperate.\" Defecting now would give me a higher payoff this round, but since this is a repeated game, exploiting their trust could cause them to change strategy in future rounds. However, with my total payoff currently at 0.0, I need to start gaining points, and a safe defect against a predictable cooperative opponent maximizes my immediate gain without risk.\n\nACTION: DEFECT",
    "THINKING: The opponent has cooperated 100% of the time, so they are likely playing a pure cooperative strategy like \"Always Cooperate.\" Defecting now maximizes my payoff for this round.\n\nACTION: DEFECT",
    "THINKING: The opponent has cooperated 100% of the time so far, and my current total payoff is zero, meaning I've been cooperating while they've been exploiting me. To improve my score, I should defect now.  \nACTION: DEFECT"
  ]
}