{
  "experiment": "exp6_baseline",
  "game": "prisoners_dilemma",
  "provider": "openai",
  "baseline": "AlwaysDefect",
  "trial": 9,
  "rounds": 30,
  "payoff": 29,
  "coop_rate": 0.03333333333333333,
  "llm_history": [
    "COOPERATE",
    "DEFECT",
    "DEFECT",
    "DEFECT",
    "DEFECT",
    "DEFECT",
    "DEFECT",
    "DEFECT",
    "DEFECT",
    "DEFECT",
    "DEFECT",
    "DEFECT",
    "DEFECT",
    "DEFECT",
    "DEFECT",
    "DEFECT",
    "DEFECT",
    "DEFECT",
    "DEFECT",
    "DEFECT",
    "DEFECT",
    "DEFECT",
    "DEFECT",
    "DEFECT",
    "DEFECT",
    "DEFECT",
    "DEFECT",
    "DEFECT",
    "DEFECT",
    "DEFECT"
  ],
  "opp_history": [
    "DEFECT",
    "DEFECT",
    "DEFECT",
    "DEFECT",
    "DEFECT",
    "DEFECT",
    "DEFECT",
    "DEFECT",
    "DEFECT",
    "DEFECT",
    "DEFECT",
    "DEFECT",
    "DEFECT",
    "DEFECT",
    "DEFECT",
    "DEFECT",
    "DEFECT",
    "DEFECT",
    "DEFECT",
    "DEFECT",
    "DEFECT",
    "DEFECT",
    "DEFECT",
    "DEFECT",
    "DEFECT",
    "DEFECT",
    "DEFECT",
    "DEFECT",
    "DEFECT",
    "DEFECT"
  ],
  "llm_responses": [
    "THINKING: Since this is the first round, there is no history to predict the opponent's behavior. Cooperating initially can establish trust and encourage mutual cooperation in subsequent rounds.  \nACTION: COOPERATE  ",
    "THINKING: In the first round, the opponent defected while I cooperated, resulting in a poor payoff for me. Given the opponent's 0% cooperation rate so far, it seems they are pursuing a non-cooperative strategy. To avoid being exploited, I will defect in this round.\n\nACTION: DEFECT",
    "THINKING: The opponent has consistently defected in both previous rounds, indicating a strategy of non-cooperation. To maximize my payoff and avoid being exploited, it is rational to defect as well.  \n\nACTION: DEFECT",
    "THINKING: The opponent has consistently defected in all previous rounds, showing no inclination to cooperate. Given the opponent's behavior, defecting maximizes my payoff in this situation.\n\nACTION: DEFECT",
    "THINKING: The opponent has consistently defected in every round, indicating a strategy of never cooperating. To maximize my payoff, I should defect as well, since cooperation would only result in a zero payoff against their defection.\n\nACTION: DEFECT",
    "THINKING: The opponent has consistently defected in all rounds, and their cooperation rate is 0%. Cooperating would only result in being exploited, while defecting ensures a minimal payoff for both.  \nACTION: DEFECT",
    "THINKING: The opponent has consistently defected every round, showing no willingness to cooperate. Defecting is the rational choice to maximize my payoff under these circumstances.\n\nACTION: DEFECT",
    "THINKING: The opponent has consistently defected in all previous rounds, showing no willingness to cooperate. Continuing to defect maximizes my payoff given their unchanging strategy.\n\nACTION: DEFECT",
    "THINKING: The opponent has consistently defected in every round, showing a clear unwillingness to cooperate. Continuing to cooperate would only result in a lower payoff for me with no strategic advantage.\n\nACTION: DEFECT",
    "THINKING: The opponent has consistently defected in all prior rounds, showing no intention of cooperating. To maximize my own payoff in this situation, the optimal strategy is to defect as well.  \n\nACTION: DEFECT",
    "THINKING: Opponent has consistently defected in all previous rounds, showing no signs of cooperation. To maximize my payoff against an uncooperative opponent, defecting is the rational choice.  \nACTION: DEFECT",
    "THINKING: The opponent has consistently defected in all previous rounds, indicating that they are not willing to cooperate. Continuing to cooperate would only lead to zero payoff for me, so defecting is the best strategy to minimize losses.\n\nACTION: DEFECT",
    "THINKING: The opponent has consistently defected in every round, showing no signs of cooperation. Continuing to cooperate would result in a worse payoff for me, so defecting is the optimal strategy in this situation.  \n\nACTION: DEFECT",
    "THINKING: My opponent has consistently defected in every round, demonstrating no willingness to cooperate. Defecting maximizes my payoff given their behavior.  \nACTION: DEFECT  ",
    "THINKING: The opponent has defected in every round, demonstrating a clear pattern of non-cooperation. Continuing to cooperate would only result in a worse payoff for me, so defecting is the rational choice to maximize my own payoff.\n\nACTION: DEFECT",
    "THINKING: The opponent has consistently defected in all previous rounds, showing no inclination to cooperate. Defecting maximizes my payoff under these circumstances.\n\nACTION: DEFECT",
    "THINKING: The opponent has consistently defected in every round, showing no inclination to cooperate. Cooperating would only lead to a worse payoff for me, so the best response is to defect.\n\nACTION: DEFECT",
    "THINKING: The opponent has consistently defected in all 17 previous rounds, and cooperating would only lead to a lower payoff for me while benefiting them. Defecting is the only rational choice to avoid being exploited.  \nACTION: DEFECT",
    "THINKING: The opponent has consistently defected in all previous rounds, showing no intention of cooperating. Defecting is the best response to minimize losses and maximize potential payoff against their strategy.  \n\nACTION: DEFECT",
    "THINKING: The opponent has consistently defected in all previous rounds, and their cooperation rate is 0%. Continuing to cooperate in this situation will only result in a lower payoff for me.\n\nACTION: DEFECT",
    "THINKING: The opponent has consistently defected in all previous rounds, and their cooperation rate is 0%. To maximize my payoff under these circumstances, defecting is the rational choice.\n\nACTION: DEFECT",
    "THINKING: The opponent has consistently defected in all previous rounds, and there is no indication they will change their strategy. Defecting maximizes my payoff under these conditions.  \nACTION: DEFECT  ",
    "THINKING: My opponent has consistently defected in every round, showing no intention of cooperating. Cooperating in this situation would only result in a worse payoff for me.\n\nACTION: DEFECT",
    "THINKING: The opponent has consistently defected in every round, and their cooperation rate is 0%. Cooperating would only result in a worse payoff for me, so the optimal strategy is to defect as well.  \nACTION: DEFECT",
    "THINKING: The opponent has consistently defected in every round, showing no intention to cooperate. Cooperating would result in a guaranteed loss, while defecting ensures at least a minimal payoff.  \nACTION: DEFECT  ",
    "THINKING: The opponent has consistently defected in all previous rounds, showing no willingness to cooperate. To maximize my payoff, the rational choice is to defect as well.  \n\nACTION: DEFECT",
    "THINKING: The opponent has consistently defected in all previous rounds, demonstrating a clear pattern of non-cooperation. Cooperating would result in a guaranteed loss, while defecting minimizes the damage.\n\nACTION: DEFECT",
    "THINKING: The opponent has consistently defected in all previous rounds, showing a clear strategy of never cooperating. To maximize my payoff, defecting is the only rational choice given the opponent's behavior.  \n\nACTION: DEFECT",
    "THINKING: The opponent has consistently defected in all 28 rounds, showing no inclination to cooperate. To maximize my payoff, the best response is to also defect, as cooperating would only result in a zero payoff.\n\nACTION: DEFECT",
    "THINKING: Opponent has consistently defected in all previous rounds, showing no intention to cooperate. Continuing to defect maximizes my payoff in this scenario. \n\nACTION: DEFECT"
  ]
}