{
  "experiment": "exp6_baseline",
  "game": "prisoners_dilemma",
  "provider": "openai",
  "baseline": "GenerousTitForTat",
  "trial": 7,
  "rounds": 30,
  "payoff": 90,
  "coop_rate": 1.0,
  "llm_history": [
    "COOPERATE",
    "COOPERATE",
    "COOPERATE",
    "COOPERATE",
    "COOPERATE",
    "COOPERATE",
    "COOPERATE",
    "COOPERATE",
    "COOPERATE",
    "COOPERATE",
    "COOPERATE",
    "COOPERATE",
    "COOPERATE",
    "COOPERATE",
    "COOPERATE",
    "COOPERATE",
    "COOPERATE",
    "COOPERATE",
    "COOPERATE",
    "COOPERATE",
    "COOPERATE",
    "COOPERATE",
    "COOPERATE",
    "COOPERATE",
    "COOPERATE",
    "COOPERATE",
    "COOPERATE",
    "COOPERATE",
    "COOPERATE",
    "COOPERATE"
  ],
  "opp_history": [
    "COOPERATE",
    "COOPERATE",
    "COOPERATE",
    "COOPERATE",
    "COOPERATE",
    "COOPERATE",
    "COOPERATE",
    "COOPERATE",
    "COOPERATE",
    "COOPERATE",
    "COOPERATE",
    "COOPERATE",
    "COOPERATE",
    "COOPERATE",
    "COOPERATE",
    "COOPERATE",
    "COOPERATE",
    "COOPERATE",
    "COOPERATE",
    "COOPERATE",
    "COOPERATE",
    "COOPERATE",
    "COOPERATE",
    "COOPERATE",
    "COOPERATE",
    "COOPERATE",
    "COOPERATE",
    "COOPERATE",
    "COOPERATE",
    "COOPERATE"
  ],
  "llm_responses": [
    "THINKING: Since this is the first round and there is no data on the opponent's behavior, it is reasonable to start with cooperation to test if the opponent is inclined to cooperate as well. This could set the stage for mutual gains in future rounds.\n\nACTION: COOPERATE",
    "THINKING: Given the opponent's 100% cooperation rate so far, continuing to cooperate can help build mutual trust and maximize long-term payoffs. Defecting now might risk breaking this trust and lead to lower overall payoffs in future rounds.  \n\nACTION: COOPERATE",
    "THINKING: The opponent has cooperated in both previous rounds, maintaining a 100% cooperation rate. To maximize long-term payoffs and sustain mutual trust, I should continue cooperating.  \n\nACTION: COOPERATE",
    "THINKING: Since both my opponent and I have been fully cooperative so far, and the opponent demonstrates a highly cooperative pattern, maintaining cooperation maximizes mutual payoff and builds trust for future rounds. Defecting now could jeopardize this pattern and result in lower long-term payoffs.\n\nACTION: COOPERATE",
    "THINKING: The opponent has shown consistent cooperation so far with a 100% cooperation rate. Maintaining cooperation will maximize mutual payoffs and sustain trust in this repeated game.  \nACTION: COOPERATE  ",
    "THINKING: The opponent has consistently cooperated, and their cooperation rate is 100%. Maintaining mutual cooperation maximizes long-term payoffs for both of us, and defecting now would break the trust and likely lead to retaliation.  \n\nACTION: COOPERATE",
    "THINKING: Both I and the Opponent have cooperated 100% of the time so far, leading to mutual trust and optimal payoffs. Defecting now would break the trust and likely lead to worse outcomes in future rounds.  \nACTION: COOPERATE  ",
    "THINKING: Both my and my opponent's cooperation rates are 100%, indicating mutual trust and a highly cooperative dynamic. Maintaining cooperation will maximize long-term payoffs for both parties.  \n\nACTION: COOPERATE",
    "THINKING: The opponent has been consistently cooperative throughout all previous rounds, and mutual cooperation yields the best long-term payoff. Breaking the trust now could lead to a shift in their strategy, reducing overall gains.\n\nACTION: COOPERATE",
    "THINKING: Both my opponent and I have been cooperating consistently, leading to mutual benefits. Maintaining cooperation ensures continued trust and maximizes our collective payoff.  \n\nACTION: COOPERATE",
    "THINKING: Both my opponent and I have maintained a perfect cooperation rate so far, resulting in mutual high payoffs. Breaking this pattern by defecting could jeopardize future cooperation and destroy trust.  \n\nACTION: COOPERATE",
    "THINKING: Both my cooperation rate and the opponent’s cooperation rate are at 100%, indicating mutual trust. Defecting now would break that trust and likely lead to a lower payoff in future rounds. Maintaining cooperation maximizes long-term benefits.  \nACTION: COOPERATE",
    "THINKING: Both my cooperation rate and the opponent's cooperation rate are 100%, and the opponent has been consistently cooperative. Defecting now risks breaking mutual trust and could lead to lower long-term payoffs. Maintaining cooperation ensures mutual benefit.\n\nACTION: COOPERATE",
    "THINKING: The Opponent has been consistently cooperative (13/13), demonstrating a highly trustworthy pattern. Maintaining mutual cooperation maximizes long-term payoffs for both parties.\n\nACTION: COOPERATE",
    "THINKING: Both my opponent and I have consistently cooperated throughout the game, leading to mutual high payoffs. Maintaining cooperation ensures consistent rewards and avoids jeopardizing the trust that has been established.\n\nACTION: COOPERATE",
    "THINKING: The opponent has been consistently cooperative, and mutual cooperation yields the highest joint payoff. Breaking the trust now could lead to retaliation and reduce long-term payoffs. \n\nACTION: COOPERATE",
    "THINKING: The Opponent has consistently cooperated, and mutual cooperation maximizes the payoff for both players. Defecting now would break the trust and likely lead to worse outcomes in future rounds. \n\nACTION: COOPERATE",
    "THINKING: Both I and Opponent have been fully cooperative so far, and defecting now could break the trust and lead to worse long-term outcomes. Staying cooperative maximizes mutual benefits in this highly cooperative dynamic.  \n\nACTION: COOPERATE",
    "THINKING: Since both I and the opponent have maintained 100% cooperation so far, continuing to cooperate maximizes mutual payoff and sustains trust in this highly cooperative dynamic. Defecting now could jeopardize this beneficial pattern.  \nACTION: COOPERATE",
    "THINKING: The opponent has consistently cooperated in all previous rounds, fostering mutual trust and maximizing payoffs for both players. Defecting now would betray that trust, likely resulting in lower payoffs for both in future rounds.\n\nACTION: COOPERATE",
    "THINKING: The opponent has been highly cooperative with a 100% cooperation rate, and mutual cooperation maximizes long-term payoffs. Defecting now could break the trust and reduce future payouts.  \n\nACTION: COOPERATE",
    "THINKING: Both I and the opponent have cooperated consistently, which has maximized mutual payoffs. Defecting now risks breaking the trust and jeopardizing future cooperation.\n\nACTION: COOPERATE",
    "THINKING: The opponent has shown consistent cooperation throughout all rounds, and mutual cooperation yields the best long-term payoff for both players. Defecting now risks breaking the trust and reducing the overall payoff for future rounds.\n\nACTION: COOPERATE",
    "THINKING: The opponent has been highly cooperative with a 100% cooperation rate, indicating a strong mutual trust. Defecting now would break this trust and likely lead to worse outcomes in future rounds.\n\nACTION: COOPERATE",
    "THINKING: The opponent has been consistently cooperative throughout all rounds, and mutual cooperation yields the highest collective payoff. Defecting now would risk breaking the trust and could lead to both of us defecting in future rounds, reducing long-term payoffs.\n\nACTION: COOPERATE",
    "THINKING: Both the Opponent and I have consistently cooperated throughout all 25 rounds. Defecting now would break the mutual trust and likely lead to lower payoffs in future rounds.\n\nACTION: COOPERATE",
    "THINKING: The opponent has consistently cooperated in all 26 rounds, and mutual cooperation yields the highest joint payoff, fostering trust and long-term benefits. Defecting now would disrupt the cooperative relationship and risk retaliation in future rounds.\n\nACTION: COOPERATE",
    "THINKING: The opponent has shown consistent cooperation with a 100% rate, suggesting a highly cooperative strategy. Mutual cooperation yields the best long-term payoff, so it is in my interest to maintain trust and continue cooperating.\n\nACTION: COOPERATE",
    "THINKING: Both my opponent and I have maintained a perfect cooperation rate, leading to mutual trust and optimal payoffs. Continuing to cooperate maximizes long-term gains for both of us. \n\nACTION: COOPERATE",
    "THINKING: Both you and your opponent have cooperated consistently, maintaining a positive and mutually beneficial outcome. Defecting now would jeopardize the trust and the long-term benefits of cooperation.\n\nACTION: COOPERATE"
  ]
}