{
  "experiment": "exp6_baseline",
  "game": "prisoners_dilemma",
  "provider": "deepseek",
  "baseline": "GrimTrigger",
  "trial": 17,
  "rounds": 30,
  "payoff": 43,
  "coop_rate": 0.3,
  "llm_history": [
    "COOPERATE",
    "COOPERATE",
    "COOPERATE",
    "COOPERATE",
    "COOPERATE",
    "COOPERATE",
    "DEFECT",
    "DEFECT",
    "COOPERATE",
    "DEFECT",
    "COOPERATE",
    "COOPERATE",
    "DEFECT",
    "DEFECT",
    "DEFECT",
    "DEFECT",
    "DEFECT",
    "DEFECT",
    "DEFECT",
    "DEFECT",
    "DEFECT",
    "DEFECT",
    "DEFECT",
    "DEFECT",
    "DEFECT",
    "DEFECT",
    "DEFECT",
    "DEFECT",
    "DEFECT",
    "DEFECT"
  ],
  "opp_history": [
    "COOPERATE",
    "COOPERATE",
    "COOPERATE",
    "COOPERATE",
    "COOPERATE",
    "COOPERATE",
    "COOPERATE",
    "DEFECT",
    "DEFECT",
    "DEFECT",
    "DEFECT",
    "DEFECT",
    "DEFECT",
    "DEFECT",
    "DEFECT",
    "DEFECT",
    "DEFECT",
    "DEFECT",
    "DEFECT",
    "DEFECT",
    "DEFECT",
    "DEFECT",
    "DEFECT",
    "DEFECT",
    "DEFECT",
    "DEFECT",
    "DEFECT",
    "DEFECT",
    "DEFECT",
    "DEFECT"
  ],
  "llm_responses": [
    "THINKING: This is the first round with no history, so I'll start by cooperating to signal willingness for mutual cooperation.  \nACTION: COOPERATE",
    "THINKING: The opponent cooperated in round 1, and we have no reason to suspect defection yet. Starting with cooperation builds trust in a repeated game.\n\nACTION: COOPERATE",
    "THINKING: The opponent has cooperated in both previous rounds, and my cooperation rate is 100%. Continuing to cooperate builds trust and maximizes mutual payoff in the long run.  \nACTION: COOPERATE",
    "THINKING: The opponent has cooperated in all previous rounds, and my cooperation rate is 100%. Continuing to cooperate maintains mutual cooperation and the highest joint payoff.  \nACTION: COOPERATE",
    "THINKING: Opponent has cooperated 100% so far, and my total payoff is currently zero because I've only cooperated while they have too. Continuing to cooperate maintains mutual benefit.\n\nACTION: COOPERATE",
    "THINKING: Opponent has cooperated every round so far, and my cooperation rate is 100%. Continuing to cooperate maintains mutual benefit and high payoffs.  \nACTION: COOPERATE",
    "THINKING: The opponent has cooperated 100% of the time so far, and my total payoff is currently zero, meaning I have been cooperating while they have been defecting in earlier rounds. Given their recent pattern of cooperation, I should defect now to gain a higher payoff and test their response.\n\nACTION: DEFECT",
    "THINKING: The opponent has cooperated 100% of the time so far, and my low total payoff suggests I've been cooperating while they occasionally defected earlier. To maximize my payoff in this round, I should exploit their consistent cooperation.\n\nACTION: DEFECT",
    "THINKING: The opponent is highly cooperative overall (88%), but they just defected last round. Given my total payoff is currently zero, I should try to rebuild mutual cooperation to improve my score, so I'll cooperate to signal willingness to return to cooperation.\n\nACTION: COOPERATE",
    "THINKING: Opponent has a high cooperation rate but just defected last round, suggesting they may be testing my response. I should defect to avoid exploitation and signal I won't tolerate defection.  \nACTION: DEFECT",
    "THINKING: The opponent has a 70% cooperation rate but defected last round, suggesting possible tit-for-tat or testing behavior. My total payoff is currently zero, so I need to be cautious but not overly punitive to encourage future cooperation.\n\nACTION: COOPERATE",
    "THINKING: The opponent has a high cooperation rate (64%) and seems conditionally cooperative, but they just defected last round. Given my total payoff is currently zero, I should try to rebuild cooperation to improve my score.\n\nACTION: COOPERATE",
    "THINKING: The opponent has a moderate cooperation rate but just defected last round; given my high cooperation rate, a conditional cooperator might exploit me if I keep cooperating. I should defect to avoid being exploited and signal I won't be taken advantage of.\n\nACTION: DEFECT",
    "THINKING: The opponent has been defecting recently and has a lower cooperation rate than me, so continuing to cooperate is likely to result in a poor payoff for me this round.  \nACTION: DEFECT",
    "THINKING: The opponent has been defecting recently and has a 50% cooperation rate overall, but my cooperation rate is high (64%) and I currently have zero total payoff, so I need to protect myself from further exploitation.  \nACTION: DEFECT",
    "THINKING: The opponent has been defecting more often recently and their overall cooperation rate is below 50%, so cooperating now is likely to be exploited.  \nACTION: DEFECT",
    "THINKING: The opponent has a recent pattern of always defecting, and my total payoff is currently zero, so cooperating again is unlikely to be rewarded.  \nACTION: DEFECT",
    "THINKING: The opponent has been defecting consistently recently, and my cooperation rate is already higher than theirs, so cooperating again likely just loses me points.  \nACTION: DEFECT",
    "THINKING: The opponent has been defecting consistently recently, and my cooperation rate is already 50%, so cooperating now would likely just give them another high payoff at my expense.  \nACTION: DEFECT",
    "THINKING: The opponent has been defecting consistently recently and has a low overall cooperation rate, so cooperating now would likely result in a poor payoff for me.  \nACTION: DEFECT",
    "THINKING: The opponent has a low cooperation rate and recently always defects, so cooperating now would likely lead to a poor payoff for me.  \nACTION: DEFECT",
    "THINKING: The opponent has been defecting consistently recently, and their overall cooperation rate is low. Cooperating now would likely result in a payoff of 0, while defecting guarantees at least 1.\n\nACTION: DEFECT",
    "THINKING: The opponent has been consistently defecting recently and has a low overall cooperation rate, so cooperating now would likely lead to a poor payoff for me.  \nACTION: DEFECT",
    "THINKING: The opponent has a low cooperation rate and is currently in a pattern of always defecting, so cooperating now would likely result in a poor payoff for me.  \nACTION: DEFECT",
    "THINKING: The opponent has been defecting consistently, and my cooperation rate is higher than theirs, so cooperating again would likely just lose me more points.  \nACTION: DEFECT",
    "THINKING: The opponent has a low cooperation rate and recently always defects, so cooperating now would likely yield zero payoff. Defecting ensures at least 1 point and matches their likely move.  \nACTION: DEFECT",
    "THINKING: The opponent has a low cooperation rate and is currently in a pattern of always defecting, so defecting is the rational choice to avoid exploitation.  \nACTION: DEFECT",
    "THINKING: The opponent has been defecting consistently, and my cooperation rate is already low, so cooperating now is unlikely to change their behavior or improve my payoff.  \nACTION: DEFECT",
    "THINKING: The opponent has a low cooperation rate and is currently always defecting, so cooperating now would likely yield zero payoff. Defecting ensures at least a payoff of 1 and matches their current strategy.  \nACTION: DEFECT",
    "THINKING: The opponent has a low cooperation rate and is currently in a pattern of always defecting, so cooperating would likely lead to a poor payoff for me.  \nACTION: DEFECT"
  ]
}