{
  "experiment": "exp6_baseline",
  "game": "prisoners_dilemma",
  "provider": "openai",
  "baseline": "AlwaysDefect",
  "trial": 16,
  "rounds": 30,
  "payoff": 29,
  "coop_rate": 0.03333333333333333,
  "llm_history": [
    "COOPERATE",
    "DEFECT",
    "DEFECT",
    "DEFECT",
    "DEFECT",
    "DEFECT",
    "DEFECT",
    "DEFECT",
    "DEFECT",
    "DEFECT",
    "DEFECT",
    "DEFECT",
    "DEFECT",
    "DEFECT",
    "DEFECT",
    "DEFECT",
    "DEFECT",
    "DEFECT",
    "DEFECT",
    "DEFECT",
    "DEFECT",
    "DEFECT",
    "DEFECT",
    "DEFECT",
    "DEFECT",
    "DEFECT",
    "DEFECT",
    "DEFECT",
    "DEFECT",
    "DEFECT"
  ],
  "opp_history": [
    "DEFECT",
    "DEFECT",
    "DEFECT",
    "DEFECT",
    "DEFECT",
    "DEFECT",
    "DEFECT",
    "DEFECT",
    "DEFECT",
    "DEFECT",
    "DEFECT",
    "DEFECT",
    "DEFECT",
    "DEFECT",
    "DEFECT",
    "DEFECT",
    "DEFECT",
    "DEFECT",
    "DEFECT",
    "DEFECT",
    "DEFECT",
    "DEFECT",
    "DEFECT",
    "DEFECT",
    "DEFECT",
    "DEFECT",
    "DEFECT",
    "DEFECT",
    "DEFECT",
    "DEFECT"
  ],
  "llm_responses": [
    "THINKING: Since this is the first round and there's no history to evaluate the opponent's strategy, cooperating initially may set a cooperative tone for the game. It also reduces the risk of triggering a cycle of mutual defection early on.  \nACTION: COOPERATE",
    "THINKING: In the first round, the opponent defected, and their cooperation rate is 0%. To avoid being taken advantage of and to potentially encourage mutual cooperation, I will defect this round to signal I won't unconditionally cooperate.  \nACTION: DEFECT",
    "THINKING: The opponent has consistently defected in all rounds so far, showing no willingness to cooperate. Continuing to cooperate would likely result in a payoff of 0 for me, so defecting is the rational choice to avoid being exploited.\n\nACTION: DEFECT",
    "THINKING: The opponent has consistently defected in all previous rounds, indicating no intention to cooperate. To maximize my payoff, the rational choice is to defect as well.\n\nACTION: DEFECT",
    "THINKING: The opponent has consistently defected in every round, showing no inclination to cooperate. Continuing to cooperate will only lead to consistently poor payoffs for me, so defecting is the best response to maximize my payoff.  \n\nACTION: DEFECT",
    "THINKING: The opponent has consistently defected in all rounds and shows no sign of cooperation. Cooperating would consistently leave me at a disadvantage, so defecting maximizes my payoff under these conditions.  \n\nACTION: DEFECT",
    "THINKING: The opponent has consistently defected in all six rounds, showing no inclination to cooperate. To maximize my payoff in this scenario, defecting is the only rational choice.\n\nACTION: DEFECT",
    "THINKING: The opponent has consistently defected in every round, showing no intention to cooperate. Since cooperation would result in a guaranteed loss for me, the rational strategy is to defect to minimize harm.  \nACTION: DEFECT",
    "THINKING: The opponent has consistently defected in every round and shows no signs of cooperation. Continuing to cooperate would only result in a lower payoff for me. Defecting maximizes my outcome given their strategy.\n\nACTION: DEFECT",
    "THINKING: The opponent has consistently defected in all previous rounds, showing no inclination to cooperate. To maximize my payoff in this scenario, the rational choice is to defect as well.\n\nACTION: DEFECT",
    "THINKING: The opponent has consistently defected in all previous rounds, suggesting they are unlikely to cooperate. Defecting ensures I avoid being exploited and maximizes my payoff in this situation.  \n\nACTION: DEFECT",
    "THINKING: The opponent has consistently defected in every round, indicating a clear strategy of non-cooperation. Since cooperating would only result in a worse payoff for me, the rational response is to defect as well.  \n\nACTION: DEFECT",
    "THINKING: The opponent has consistently defected in all previous rounds, showing no intention to cooperate. To maximize my payoff in this situation, the optimal strategy is to defect as well.\n\nACTION: DEFECT",
    "THINKING: Since the opponent has consistently defected in all previous rounds and shows no signs of cooperation, cooperating would only result in a lower payoff for me. Defecting ensures I avoid being exploited.\n\nACTION: DEFECT",
    "THINKING: The opponent has consistently defected in all previous rounds, demonstrating no willingness to cooperate. Defecting maximizes my payoff under these circumstances.\n\nACTION: DEFECT",
    "THINKING: The opponent has consistently defected in every round with a 0% cooperation rate, and cooperating would result in a guaranteed loss for me. Defecting is the only rational choice to maximize my payoff under these circumstances.  \n\nACTION: DEFECT",
    "THINKING: Given the opponent's consistent pattern of always defecting and a cooperation rate of 0%, cooperating would result in a guaranteed loss for me. Defecting is the rational choice to avoid being exploited further.  \n\nACTION: DEFECT",
    "THINKING: The opponent has consistently defected in all previous rounds, showing no inclination to cooperate. To maximize my payoff, I should defect as well, since cooperation in this scenario would always result in a loss for me.\n\nACTION: DEFECT",
    "THINKING: The opponent has consistently defected in all rounds, showing no intention to cooperate. Cooperating would result in zero payoff for me, while defecting ensures at least some payoff.  \nACTION: DEFECT  ",
    "THINKING: Opponent has consistently defected in every round, and there is no indication they will change their strategy. Defecting maximizes my payoff under these conditions.  \n\nACTION: DEFECT",
    "THINKING: The opponent has consistently defected in all previous rounds (0% cooperation rate), and cooperating would only result in a loss for me. Defecting minimizes further losses.  \nACTION: DEFECT  ",
    "THINKING: Given the opponent's consistent strategy of always defecting (0% cooperation rate), cooperating provides no benefit and only results in a lower payoff for me. Defecting is the only rational choice to maximize my own payoff.  \n\nACTION: DEFECT",
    "THINKING: The opponent has consistently defected in all previous rounds, showing no inclination to cooperate. To maximize my payoff in this scenario, the rational choice is to defect as well.\n\nACTION: DEFECT",
    "THINKING: The opponent has consistently defected in every round and has a cooperation rate of 0%. Continuing to cooperate would yield no benefit, as it would only result in a worse payoff for me. Therefore, defecting maximizes my payoff under these circumstances.  \nACTION: DEFECT",
    "THINKING: The opponent has consistently defected in every round and has a cooperation rate of 0%. Cooperating would result in a guaranteed loss, so defecting is the optimal strategy to minimize losses.  \nACTION: DEFECT",
    "THINKING: Opponent has consistently defected in all rounds, and cooperating against a defector will only result in a lower payoff for me. Defecting is the rational choice to maximize my payoff.\n\nACTION: DEFECT",
    "THINKING: The opponent has consistently defected in every round, showing no intention to cooperate. Defecting will maximize my payoff under these circumstances.  \n\nACTION: DEFECT",
    "THINKING: The opponent has defected consistently in every round, showing no intention to cooperate, and my cooperation rate is very low. Defecting maximizes my payoff under these circumstances.  \n\nACTION: DEFECT",
    "THINKING: The opponent has consistently defected in all 28 rounds and has a 0% cooperation rate. Cooperating would result in a guaranteed loss, while defecting ensures at least a minimal payoff.\n\nACTION: DEFECT",
    "THINKING: Given the opponent's consistent strategy of always defecting and a 0% cooperation rate, cooperating would result in a guaranteed loss. Defecting minimizes losses and ensures I don't get exploited.\n\nACTION: DEFECT"
  ]
}