{
  "experiment": "exp6_baseline",
  "game": "prisoners_dilemma",
  "provider": "deepseek",
  "baseline": "GenerousTitForTat",
  "trial": 4,
  "rounds": 30,
  "payoff": 89,
  "coop_rate": 0.9,
  "llm_history": [
    "COOPERATE",
    "COOPERATE",
    "COOPERATE",
    "COOPERATE",
    "COOPERATE",
    "COOPERATE",
    "COOPERATE",
    "COOPERATE",
    "COOPERATE",
    "COOPERATE",
    "COOPERATE",
    "COOPERATE",
    "COOPERATE",
    "COOPERATE",
    "DEFECT",
    "COOPERATE",
    "DEFECT",
    "DEFECT",
    "COOPERATE",
    "COOPERATE",
    "COOPERATE",
    "COOPERATE",
    "COOPERATE",
    "COOPERATE",
    "COOPERATE",
    "COOPERATE",
    "COOPERATE",
    "COOPERATE",
    "COOPERATE",
    "COOPERATE"
  ],
  "opp_history": [
    "COOPERATE",
    "COOPERATE",
    "COOPERATE",
    "COOPERATE",
    "COOPERATE",
    "COOPERATE",
    "COOPERATE",
    "COOPERATE",
    "COOPERATE",
    "COOPERATE",
    "COOPERATE",
    "COOPERATE",
    "COOPERATE",
    "COOPERATE",
    "COOPERATE",
    "COOPERATE",
    "COOPERATE",
    "DEFECT",
    "DEFECT",
    "COOPERATE",
    "COOPERATE",
    "COOPERATE",
    "COOPERATE",
    "COOPERATE",
    "COOPERATE",
    "COOPERATE",
    "COOPERATE",
    "COOPERATE",
    "COOPERATE",
    "COOPERATE"
  ],
  "llm_responses": [
    "THINKING: This is the first round with no history, so I'll start with cooperation to signal willingness to cooperate and see how the opponent responds.  \nACTION: COOPERATE",
    "THINKING: The opponent cooperated in round 1, and with no reason to defect yet, cooperating continues the mutual benefit.  \nACTION: COOPERATE",
    "THINKING: Opponent has cooperated both previous rounds, and my cooperation rate is 100%. Continuing to cooperate builds trust and mutual payoff in this repeated game.  \nACTION: COOPERATE",
    "THINKING: The opponent has cooperated 100% of the time so far, and mutual cooperation yields a good payoff. Defecting now risks breaking the cooperative pattern and lowering future payoffs.\n\nACTION: COOPERATE",
    "THINKING: Opponent has cooperated 100% of the time so far, and my total payoff is 0, meaning I've been exploited when I cooperated and they defected in at least one round. Given their recent pattern is \"highly cooperative,\" they may be playing Tit-for-Tat or a forgiving strategy, so cooperating now could restore mutual cooperation.  \nACTION: COOPERATE",
    "THINKING: The opponent has cooperated every round so far, and my cooperation rate is 100%. Continuing to cooperate maintains mutual benefit and high payoffs.\n\nACTION: COOPERATE",
    "THINKING: The opponent has cooperated 100% of the time so far, and mutual cooperation yields the highest long-term payoff. Defecting now risks breaking this beneficial pattern.\n\nACTION: COOPERATE",
    "THINKING: The opponent has cooperated 100% of the time so far, and mutual cooperation yields the highest long-term payoff. Defecting now risks breaking this beneficial pattern.  \nACTION: COOPERATE",
    "THINKING: The opponent has cooperated in all 8 previous rounds, showing a highly cooperative pattern. Continuing to cooperate maximizes mutual payoff and maintains the beneficial cycle.\n\nACTION: COOPERATE",
    "THINKING: The opponent has cooperated 100% of the time so far, and mutual cooperation yields the best long-term payoff. Defecting now risks breaking this beneficial pattern.\n\nACTION: COOPERATE",
    "THINKING: The opponent has cooperated 100% of the time so far, and mutual cooperation yields the highest joint payoff. Since my total payoff is currently 0, I need to build trust and secure future high payoffs by cooperating now.\n\nACTION: COOPERATE",
    "THINKING: The opponent has cooperated in all 11 previous rounds, showing a highly cooperative pattern. Continuing to cooperate maximizes mutual payoff and maintains trust in this repeated game.\n\nACTION: COOPERATE",
    "THINKING: The opponent has cooperated in all 12 previous rounds, showing a highly cooperative pattern. In a repeated Prisoner's Dilemma, mutual cooperation yields the best long-term payoff, and defecting now could trigger retaliation.\n\nACTION: COOPERATE",
    "THINKING: Opponent has cooperated 100% of the time, and mutual cooperation yields the highest long-term payoff. Defecting now risks breaking the cooperative equilibrium.  \nACTION: COOPERATE",
    "THINKING: The opponent has cooperated 100% of the time so far, and my total payoff is currently zero, meaning I've been cooperating while they've been defecting to exploit me.  \nACTION: DEFECT",
    "THINKING: The opponent has cooperated 100% of the time, and my high cooperation rate has not been exploited. Continuing to cooperate maximizes mutual payoff in this round.\n\nACTION: COOPERATE",
    "THINKING: The opponent has cooperated 100% of the time, making them extremely predictable and exploitable. Defecting now yields the highest immediate payoff (5 vs 3) with no sign of retaliation.\n\nACTION: DEFECT",
    "THINKING: The opponent has cooperated 100% of the time, so they are likely playing a purely cooperative strategy like \"Always Cooperate.\" Defecting now would give me a higher payoff this round with no apparent risk of retaliation.\n\nACTION: DEFECT",
    "THINKING: The opponent has been highly cooperative (94% rate) and only defected last round, possibly by mistake or testing. My total payoff is currently zero, so I need to maximize future gains; cooperating now encourages mutual cooperation.\n\nACTION: COOPERATE",
    "THINKING: The opponent has been highly cooperative overall (89%), but they just defected last round. Given the repeated nature and my high cooperation rate, defecting now could trigger a retaliation spiral. I'll try to restore cooperation by cooperating.\n\nACTION: COOPERATE",
    "THINKING: The opponent has a high cooperation rate (90%) and just cooperated last round, so cooperating is likely to yield a mutual payoff of 3. Defecting risks breaking the cooperative pattern and lowering future payoffs.  \nACTION: COOPERATE",
    "THINKING: The opponent is highly cooperative (90% rate) and just cooperated last round. My total payoff is currently zero, so cooperating now is likely to yield a positive payoff and maintain mutual cooperation.  \nACTION: COOPERATE",
    "THINKING: The opponent is highly cooperative (91% rate) and just cooperated last round. Mutual cooperation yields the best long-term payoff here.  \nACTION: COOPERATE",
    "THINKING: The opponent has been highly cooperative (91% rate), and mutual cooperation yields the best long-term payoff. Defecting now risks breaking trust and lowering future payoffs.\n\nACTION: COOPERATE",
    "THINKING: The opponent has been highly cooperative (92% rate) and just cooperated last round, so cooperating now is likely to lead to mutual cooperation and a payoff of 3. Defecting risks breaking trust and lowering future payoffs.\n\nACTION: COOPERATE",
    "THINKING: Opponent has been highly cooperative (92% rate) and just cooperated last round. Mutual cooperation yields the best long-term payoff, and defecting now risks damaging future cooperation.\n\nACTION: COOPERATE",
    "THINKING: The opponent has been highly cooperative (92% rate) and just cooperated last round. Mutual cooperation yields a good payoff, and defecting now could risk retaliation in future rounds.  \nACTION: COOPERATE",
    "THINKING: The opponent has been highly cooperative (93% rate) and just cooperated last round. My total payoff is currently zero, so I need to maximize points now. Given their consistent cooperation, cooperating again is likely to yield a good payoff.\n\nACTION: COOPERATE",
    "THINKING: The opponent has been highly cooperative (93% rate), and mutual cooperation yields the best long-term payoff. Defecting now risks retaliation in the final rounds, reducing my total payoff.\n\nACTION: COOPERATE",
    "THINKING: The opponent has been highly cooperative (93% rate), and mutual cooperation yields the best long-term payoff. Defecting risks breaking trust and reducing future gains.  \nACTION: COOPERATE"
  ]
}