{
  "experiment": "exp6_baseline",
  "game": "prisoners_dilemma",
  "provider": "openai",
  "baseline": "GenerousTitForTat",
  "trial": 18,
  "rounds": 30,
  "payoff": 90,
  "coop_rate": 1.0,
  "llm_history": [
    "COOPERATE",
    "COOPERATE",
    "COOPERATE",
    "COOPERATE",
    "COOPERATE",
    "COOPERATE",
    "COOPERATE",
    "COOPERATE",
    "COOPERATE",
    "COOPERATE",
    "COOPERATE",
    "COOPERATE",
    "COOPERATE",
    "COOPERATE",
    "COOPERATE",
    "COOPERATE",
    "COOPERATE",
    "COOPERATE",
    "COOPERATE",
    "COOPERATE",
    "COOPERATE",
    "COOPERATE",
    "COOPERATE",
    "COOPERATE",
    "COOPERATE",
    "COOPERATE",
    "COOPERATE",
    "COOPERATE",
    "COOPERATE",
    "COOPERATE"
  ],
  "opp_history": [
    "COOPERATE",
    "COOPERATE",
    "COOPERATE",
    "COOPERATE",
    "COOPERATE",
    "COOPERATE",
    "COOPERATE",
    "COOPERATE",
    "COOPERATE",
    "COOPERATE",
    "COOPERATE",
    "COOPERATE",
    "COOPERATE",
    "COOPERATE",
    "COOPERATE",
    "COOPERATE",
    "COOPERATE",
    "COOPERATE",
    "COOPERATE",
    "COOPERATE",
    "COOPERATE",
    "COOPERATE",
    "COOPERATE",
    "COOPERATE",
    "COOPERATE",
    "COOPERATE",
    "COOPERATE",
    "COOPERATE",
    "COOPERATE",
    "COOPERATE"
  ],
  "llm_responses": [
    "THINKING: Since this is the first round and there is no prior data on the opponent's behavior, cooperating can establish a foundation of trust and encourage mutual cooperation in future rounds. However, I will remain cautious and adjust based on the opponent's actions.\n\nACTION: COOPERATE",
    "THINKING: In the first round, the opponent cooperated, and their cooperation rate is 100%. To build trust and encourage mutual cooperation for higher long-term payoffs, I will cooperate again.  \nACTION: COOPERATE  ",
    "THINKING: Given the opponent's perfect cooperation rate and the mutual benefit of cooperation (3 points each), maintaining trust and maximizing long-term payoffs are advantageous. Defecting risks breaking this trust and leading to lower payoffs in future rounds.\n\nACTION: COOPERATE",
    "THINKING: The opponent has consistently cooperated, showing high trustworthiness and a cooperative strategy. Defecting now could risk breaking this mutually beneficial dynamic and lead to lower long-term payoffs. \n\nACTION: COOPERATE",
    "THINKING: The opponent has been consistently cooperative, and mutual cooperation yields the best long-term payoff. Defecting now would break trust and likely lead to worse outcomes in future rounds.  \nACTION: COOPERATE",
    "THINKING: The opponent has shown consistent cooperation (100% rate) and a highly cooperative pattern. Defecting now risks breaking mutual trust and reducing long-term payoffs. Cooperation maximizes joint gains and sustains trust.  \nACTION: COOPERATE  ",
    "THINKING: The opponent has consistently cooperated, and mutual cooperation yields the highest collective payoff in the long run. Defecting now would break trust and possibly lead to less favorable outcomes in future rounds.\n\nACTION: COOPERATE",
    "THINKING: The opponent has been highly cooperative with a 100% cooperation rate so far. Maintaining cooperation maximizes the long-term payoff for both players, and defecting now would risk breaking mutual trust.\n\nACTION: COOPERATE",
    "THINKING: Both I and the Opponent have demonstrated perfect cooperation so far, resulting in optimal payoffs for both. Continuing to cooperate maintains mutual trust and maximizes long-term gains.  \n\nACTION: COOPERATE",
    "THINKING: Both I and my opponent have been fully cooperative so far, which has maximized mutual payoffs. Deviating now may break the trust and lead to worse outcomes in future rounds, especially given the opponent's highly cooperative behavior. \n\nACTION: COOPERATE",
    "THINKING: Both I and the opponent have maintained a 100% cooperation rate, leading to mutual benefits. Breaking this pattern risks damaging trust and reducing future payoffs in this repeated game.  \nACTION: COOPERATE",
    "THINKING: Both you and Opponent have consistently cooperated, leading to mutual high payoffs. Breaking this pattern with a defection would harm trust and likely reduce future payoffs. Cooperation maximizes long-term outcomes in repeated games.  \n\nACTION: COOPERATE  ",
    "THINKING: The opponent has consistently cooperated in all previous rounds, demonstrating a highly cooperative strategy. Maintaining mutual cooperation maximizes overall payoffs and builds trust in this repeated game.  \n\nACTION: COOPERATE",
    "THINKING: Both my cooperation rate and my opponent's cooperation rate are 100%, which indicates mutual trust and a high payoff for both of us. Defecting now would break this trust and reduce our long-term potential rewards.  \n\nACTION: COOPERATE",
    "THINKING: Both my opponent and I have cooperated in every round, leading to consistent mutual gains. Maintaining cooperation maximizes long-term payoffs and builds trust.\n\nACTION: COOPERATE",
    "THINKING: The opponent has consistently cooperated in all prior rounds, and mutual cooperation yields a higher payoff than defecting. Maintaining cooperation will preserve trust and maximize long-term payoffs.  \nACTION: COOPERATE",
    "THINKING: The opponent has consistently cooperated in all previous rounds, establishing a high level of trust and mutual payoff. Defecting now risks breaking this trust and damaging the long-term outcomes of the game.  \n\nACTION: COOPERATE",
    "THINKING: The opponent has consistently cooperated in every round, and mutual cooperation yields a higher payoff overall. Defecting now could jeopardize the established trust and potential long-term gains. \n\nACTION: COOPERATE",
    "THINKING: The opponent has been consistently cooperative throughout the game, indicating a high likelihood of continued cooperation. Mutual cooperation maximizes our collective payoff, and defecting now risks breaking trust and losing potential future gains.\n\nACTION: COOPERATE",
    "THINKING: Both I and the opponent have consistently cooperated, leading to mutual benefit, and there is no indication that the opponent will defect. Continuing cooperation maximizes long-term payoffs.  \nACTION: COOPERATE  ",
    "THINKING: Both players have maintained a 100% cooperation rate so far, resulting in mutual payoffs of 3 per round. Defecting now would break the trust and potentially lead to a long-term loss in payoffs if the opponent responds by defecting in future rounds.\n\nACTION: COOPERATE",
    "THINKING: Both I and the opponent have cooperated consistently for 21 rounds, resulting in mutual benefit. Defecting now would break trust and potentially lead to a breakdown in future cooperation, harming my long-term payoff.\n\nACTION: COOPERATE",
    "THINKING: Both my opponent and I have cooperated 100% of the time, resulting in mutual high payoffs. Breaking this trust now by defecting could jeopardize future cooperation and lead to lower long-term payoffs. Maintaining cooperation maximizes the reward in a repeated game scenario.\n\nACTION: COOPERATE",
    "THINKING: The opponent has consistently cooperated in all 23 rounds, indicating a highly reliable cooperative strategy. Continuing to cooperate maximizes long-term payoffs and maintains mutual trust.\n\nACTION: COOPERATE",
    "THINKING: The opponent has been completely cooperative for all 24 rounds, and maintaining mutual cooperation maximizes long-term payoffs. Defecting now would break trust and likely lead to worse outcomes in future rounds. \n\nACTION: COOPERATE",
    "THINKING: The opponent has been consistently cooperative with a 100% cooperation rate, and maintaining mutual cooperation yields the best long-term payoff in the Prisoner's Dilemma. Defecting now could disrupt this beneficial dynamic.  \nACTION: COOPERATE",
    "THINKING: The opponent has consistently cooperated for 26 rounds, and both players have maintained a 100% cooperation rate, ensuring mutual high payoffs. Breaking this trust now by defecting would jeopardize future cooperation and potentially lead to lower overall payoffs in subsequent rounds.  \n\nACTION: COOPERATE",
    "THINKING: The opponent has consistently cooperated in all rounds, and mutual cooperation yields a higher payoff over time compared to defecting. Breaking the trust by defecting could harm the long-term gains in the game. \n\nACTION: COOPERATE",
    "THINKING: The opponent has cooperated 100% of the time, and mutual cooperation yields the best long-term payoff in this game. Defecting now would risk breaking the trust and could lead to worse outcomes in future rounds.\n\nACTION: COOPERATE",
    "THINKING: Both I and my opponent have consistently cooperated for 29 rounds, maintaining mutual trust and maximizing collective payoffs. Defecting now would break this trust and likely lead to mutual defection in subsequent rounds, reducing overall payoffs.  \nACTION: COOPERATE  "
  ]
}