{
  "experiment": "exp6_baseline",
  "game": "prisoners_dilemma",
  "provider": "deepseek",
  "baseline": "AlwaysDefect",
  "trial": 2,
  "rounds": 30,
  "payoff": 29,
  "coop_rate": 0.03333333333333333,
  "llm_history": [
    "COOPERATE",
    "DEFECT",
    "DEFECT",
    "DEFECT",
    "DEFECT",
    "DEFECT",
    "DEFECT",
    "DEFECT",
    "DEFECT",
    "DEFECT",
    "DEFECT",
    "DEFECT",
    "DEFECT",
    "DEFECT",
    "DEFECT",
    "DEFECT",
    "DEFECT",
    "DEFECT",
    "DEFECT",
    "DEFECT",
    "DEFECT",
    "DEFECT",
    "DEFECT",
    "DEFECT",
    "DEFECT",
    "DEFECT",
    "DEFECT",
    "DEFECT",
    "DEFECT",
    "DEFECT"
  ],
  "opp_history": [
    "DEFECT",
    "DEFECT",
    "DEFECT",
    "DEFECT",
    "DEFECT",
    "DEFECT",
    "DEFECT",
    "DEFECT",
    "DEFECT",
    "DEFECT",
    "DEFECT",
    "DEFECT",
    "DEFECT",
    "DEFECT",
    "DEFECT",
    "DEFECT",
    "DEFECT",
    "DEFECT",
    "DEFECT",
    "DEFECT",
    "DEFECT",
    "DEFECT",
    "DEFECT",
    "DEFECT",
    "DEFECT",
    "DEFECT",
    "DEFECT",
    "DEFECT",
    "DEFECT",
    "DEFECT"
  ],
  "llm_responses": [
    "THINKING: This is the first round with no history, so I'll start by cooperating to signal willingness to cooperate and see how the opponent responds.  \nACTION: COOPERATE",
    "THINKING: Opponent defected in the first round, and my cooperation rate is 100%, so they may be playing a strategy that exploits cooperation. I should defect to protect myself and signal I won't be exploited.  \nACTION: DEFECT",
    "THINKING: The opponent has defected in both previous rounds, so they are likely playing a strategy that defects often. To maximize my payoff, I should defect to avoid being exploited.\n\nACTION: DEFECT",
    "THINKING: The opponent has defected every round so far, and my cooperation rate is low because I've been punished. Continuing to cooperate will likely just give them more points without benefit to me.  \nACTION: DEFECT",
    "THINKING: The opponent has defected every round so far, and my cooperation rate is already low, so continuing to defect is the safest choice to avoid exploitation.  \nACTION: DEFECT",
    "THINKING: The opponent has defected every round so far, and my cooperation has only led to zero payoff. To avoid further losses, I should defect as well.  \nACTION: DEFECT",
    "THINKING: The opponent has defected every round so far, and my cooperation has only led to losses. Continuing to cooperate is not rational.\n\nACTION: DEFECT",
    "THINKING: The opponent has defected every round so far and has a 0% cooperation rate, so cooperating again is unlikely to change their behavior and will just cost me more points.  \nACTION: DEFECT",
    "THINKING: The opponent has defected every round so far, and my cooperation has only led to losses. Continuing to cooperate is not rational against an always-defect strategy.\n\nACTION: DEFECT",
    "THINKING: The opponent has defected every round so far, and my cooperation has only led to losses. Continuing to cooperate is not rational in this situation.\n\nACTION: DEFECT",
    "THINKING: The opponent has defected every round so far, and my cooperation has only led to losses. Continuing to cooperate is not rational.  \nACTION: DEFECT",
    "THINKING: The opponent has consistently defected in all previous rounds, and my cooperation has only led to losses. Continuing to cooperate is not rational in this scenario.\n\nACTION: DEFECT",
    "THINKING: The opponent has always defected so far, and my cooperation has led to zero payoff. Continuing to cooperate is not rational in a repeated game against an always-defecting opponent.  \nACTION: DEFECT",
    "THINKING: The opponent has always defected so far, and my cooperation rate is low because cooperating has only led to losses. There's no incentive to cooperate now.  \nACTION: DEFECT",
    "THINKING: The opponent has always defected, so cooperating again would just give them more points at my expense. My best move is to defect to protect my payoff.\n\nACTION: DEFECT",
    "THINKING: The opponent has defected every single round so far, and my cooperation has only led to losses. Continuing to cooperate is not rational.  \nACTION: DEFECT",
    "THINKING: The opponent has defected every round so far and has a 0% cooperation rate, so cooperating now would likely just give them another high payoff at my expense.  \nACTION: DEFECT",
    "THINKING: The opponent has defected every single round so far, and my cooperation has only led to losses. Continuing to cooperate is not rational.\n\nACTION: DEFECT",
    "THINKING: The opponent has defected every round so far and has a 0% cooperation rate, so cooperating now would likely just give them another high payoff at my expense.  \nACTION: DEFECT",
    "THINKING: The opponent has defected in all 19 previous rounds, showing no willingness to cooperate. Continuing to cooperate will only yield a payoff of 0, while defecting at least guarantees a payoff of 1.\n\nACTION: DEFECT",
    "THINKING: The opponent has always defected so far, and my cooperation rate is very low because cooperating has led to poor payoffs. Continuing to cooperate is not rational.\n\nACTION: DEFECT",
    "THINKING: The opponent has defected in every round so far and has a 0% cooperation rate, so cooperating now would just give them a higher payoff at my expense.  \nACTION: DEFECT",
    "THINKING: The opponent has consistently defected for 22 rounds, showing no willingness to cooperate, so my best response is to defect as well to minimize losses.  \nACTION: DEFECT",
    "THINKING: The opponent has defected in every previous round, and my cooperation has only led to losses. Continuing to cooperate is not rational in this scenario.\n\nACTION: DEFECT",
    "THINKING: The opponent has defected in all 24 previous rounds, so they are playing a pure \"Always Defect\" strategy. Cooperating will only give me 0 points, while defecting guarantees at least 1 point.\n\nACTION: DEFECT",
    "THINKING: The opponent has consistently defected for 25 rounds, and my cooperation has only led to losses. Continuing to cooperate is irrational.  \nACTION: DEFECT",
    "THINKING: The opponent has defected in every round so far, and my cooperation has only led to losses. Continuing to cooperate is not rational.  \nACTION: DEFECT",
    "THINKING: The opponent has defected in all 27 previous rounds, so they are playing a pure \"Always Defect\" strategy. Cooperating will only give me 0 points, while defecting guarantees at least 1 point.\n\nACTION: DEFECT",
    "THINKING: The opponent has consistently defected for 28 rounds, and my cooperation has only led to losses. With no sign of reciprocation, the rational choice is to defect to minimize further losses.  \nACTION: DEFECT",
    "THINKING: The opponent has defected 100% of the time, so they are playing a pure \"Always Defect\" strategy. Cooperating now would only give me 0 points while they get 5, whereas defecting guarantees me at least 1 point.  \nACTION: DEFECT"
  ]
}