{
  "experiment": "exp6_baseline",
  "game": "prisoners_dilemma",
  "provider": "openai",
  "baseline": "GenerousTitForTat",
  "trial": 8,
  "rounds": 30,
  "payoff": 90,
  "coop_rate": 1.0,
  "llm_history": [
    "COOPERATE",
    "COOPERATE",
    "COOPERATE",
    "COOPERATE",
    "COOPERATE",
    "COOPERATE",
    "COOPERATE",
    "COOPERATE",
    "COOPERATE",
    "COOPERATE",
    "COOPERATE",
    "COOPERATE",
    "COOPERATE",
    "COOPERATE",
    "COOPERATE",
    "COOPERATE",
    "COOPERATE",
    "COOPERATE",
    "COOPERATE",
    "COOPERATE",
    "COOPERATE",
    "COOPERATE",
    "COOPERATE",
    "COOPERATE",
    "COOPERATE",
    "COOPERATE",
    "COOPERATE",
    "COOPERATE",
    "COOPERATE",
    "COOPERATE"
  ],
  "opp_history": [
    "COOPERATE",
    "COOPERATE",
    "COOPERATE",
    "COOPERATE",
    "COOPERATE",
    "COOPERATE",
    "COOPERATE",
    "COOPERATE",
    "COOPERATE",
    "COOPERATE",
    "COOPERATE",
    "COOPERATE",
    "COOPERATE",
    "COOPERATE",
    "COOPERATE",
    "COOPERATE",
    "COOPERATE",
    "COOPERATE",
    "COOPERATE",
    "COOPERATE",
    "COOPERATE",
    "COOPERATE",
    "COOPERATE",
    "COOPERATE",
    "COOPERATE",
    "COOPERATE",
    "COOPERATE",
    "COOPERATE",
    "COOPERATE",
    "COOPERATE"
  ],
  "llm_responses": [
    "THINKING: Since this is the first round and there is no history, I want to establish a cooperative relationship to encourage mutual trust and maximize long-term payoffs. Acting cooperatively initially may set a positive tone for the game.\n\nACTION: COOPERATE",
    "THINKING: The opponent has cooperated in the previous round and has a 100% cooperation rate. Maintaining mutual cooperation ensures higher payoffs over repeated rounds. Defecting could risk losing trust and lead to lower payoffs in future rounds.  \nACTION: COOPERATE  ",
    "THINKING: The opponent has cooperated consistently so far, which suggests a willingness to build mutual trust. Continuing to cooperate may maximize long-term payoffs and maintain a stable relationship.  \nACTION: COOPERATE",
    "THINKING: The opponent has shown consistent cooperation, creating mutual benefits for both players. Maintaining cooperation maximizes long-term payoff in this setup. \n\nACTION: COOPERATE",
    "THINKING: Both my opponent and I have been highly cooperative so far, and mutual cooperation yields the best long-term payoff (3 vs. 1 for mutual defection). Breaking this trust now risks derailing a beneficial pattern.  \nACTION: COOPERATE",
    "THINKING: The opponent has consistently cooperated in all previous rounds, showing a highly cooperative pattern. Maintaining cooperation could maximize mutual payoffs and preserve trust in this repeated game.  \nACTION: COOPERATE",
    "THINKING: The opponent has been fully cooperative so far, and maintaining mutual cooperation maximizes long-term payoffs for both. Defecting would break the trust and likely lead to worse payoffs in future rounds.  \nACTION: COOPERATE",
    "THINKING: The opponent has consistently cooperated for all rounds, indicating a highly cooperative strategy. Continuing to cooperate maximizes mutual payoffs and maintains trust, ensuring long-term gains.  \nACTION: COOPERATE",
    "THINKING: The opponent has demonstrated perfect cooperation so far, and mutual cooperation yields the best long-term payoff. Defecting now risks breaking trust and decreasing future payoffs.  \nACTION: COOPERATE",
    "THINKING: The opponent has shown consistent cooperation across all rounds, and I have also cooperated 100% of the time. Defecting now would disrupt mutual trust and lower long-term payoffs. Cooperation maximizes shared benefits in this scenario.  \nACTION: COOPERATE",
    "THINKING: Both my opponent and I have consistently cooperated for all 10 rounds, resulting in mutual benefit. There is no indication that my opponent will suddenly defect, and continuing cooperation maximizes long-term payoffs.  \n\nACTION: COOPERATE",
    "THINKING: Both my cooperation rate and the opponent's cooperation rate are 100%, indicating mutual trust and commitment to cooperation. Defecting now would break this trust and likely lead to worse outcomes in future rounds.\n\nACTION: COOPERATE",
    "THINKING: Both I and the Opponent have cooperated in every round, leading to mutual high payoffs. There is no indication of betrayal, and maintaining cooperation maximizes long-term gains. Defecting now risks breaking trust and reducing both of our payoffs.\n\nACTION: COOPERATE",
    "THINKING: The opponent has shown consistent cooperation (100% rate), and mutual cooperation yields the best long-term payoff. Defecting now risks breaking the trust and reducing future payoffs.  \nACTION: COOPERATE  ",
    "THINKING: The opponent has shown a consistent pattern of cooperation with a 100% cooperation rate. Defecting now would break the trust and likely lead to mutual defection in future rounds, reducing long-term payoffs. Continuing to cooperate maximizes mutual benefit.\n\nACTION: COOPERATE",
    "THINKING: Both I and the Opponent have consistently cooperated, and the Opponent shows no indication of defecting. Defecting now would likely break the trust and reduce future payoffs. Maintaining cooperation maximizes long-term benefits.  \n\nACTION: COOPERATE",
    "THINKING: Both you and the opponent have consistently cooperated, resulting in optimal payoffs for both. Maintaining mutual cooperation ensures continued positive outcomes and avoids unnecessary risk.  \nACTION: COOPERATE  ",
    "THINKING: The opponent has been consistently cooperative, with a perfect cooperation rate of 100%. Defecting now would break the trust and likely damage the future payoffs in this repeated game. Maintaining cooperation maximizes long-term gains.  \n\nACTION: COOPERATE",
    "THINKING: The opponent has consistently cooperated in all 18 rounds, indicating a highly cooperative strategy. Defecting now would break mutual trust and likely decrease long-term payoffs.\n\nACTION: COOPERATE",
    "THINKING: The opponent has been consistently cooperative for all 19 rounds. Defecting now would break the mutual trust and risk damaging a highly beneficial cooperative dynamic. Cooperation maximizes long-term payoffs in this scenario.  \nACTION: COOPERATE",
    "THINKING: The opponent has shown consistent cooperation, with a 100% cooperation rate over 20 rounds. Mutual cooperation maximizes long-term payoffs, so continuing to cooperate builds trust and ensures steady gains.\n\nACTION: COOPERATE",
    "THINKING: The opponent has shown consistent cooperation throughout all 21 rounds, with a 100% cooperation rate. Maintaining mutual cooperation maximizes payoffs for both parties, so it is in my best interest to cooperate to sustain this mutually beneficial pattern.  \n\nACTION: COOPERATE",
    "THINKING: The opponent has consistently cooperated in all previous rounds, showing a highly cooperative strategy. Maintaining mutual cooperation ensures a steady payoff of 3 for both parties, which is optimal in the long run.  \n\nACTION: COOPERATE",
    "THINKING: Both I and the Opponent have cooperated in every round so far, resulting in maximum mutual payoffs. Breaking this streak by defecting would harm the trust and reduce the overall long-term payoff. Maintaining cooperation maximizes mutual benefits.\n\nACTION: COOPERATE",
    "THINKING: The opponent has consistently cooperated in all 24 rounds, establishing a strong cooperative pattern. Defecting now would break mutual trust and likely lead to lower long-term payoffs for both parties.\n\nACTION: COOPERATE",
    "THINKING: The opponent has been consistently cooperative throughout all rounds, maintaining a 100% cooperation rate. To maximize long-term payoff and sustain mutual benefit, I should continue cooperating.  \n\nACTION: COOPERATE",
    "THINKING: Both my opponent and I have maintained 100% cooperation, resulting in mutual trust and maximum payoffs so far. Defecting now risks breaking this trust and reducing overall payoffs in future rounds.\n\nACTION: COOPERATE",
    "THINKING: The opponent has been highly cooperative, maintaining a 100% cooperation rate across 27 rounds. Defecting risks breaking mutual trust and a steady payoff of 3, so cooperating is the rational choice to sustain mutual benefit.\n\nACTION: COOPERATE",
    "THINKING: The opponent has shown consistent cooperation throughout the game, and mutual cooperation maximizes long-term payoffs. Defecting now risks breaking the trust and reducing future payoffs.\n\nACTION: COOPERATE",
    "THINKING: The opponent has consistently cooperated in every round, and both of us have maintained a 100% cooperation rate. Defecting now would break the trust and potentially lead to mutual defection in future rounds, reducing overall payoffs.\n\nACTION: COOPERATE"
  ]
}