{
  "experiment": "exp6_baseline",
  "game": "prisoners_dilemma",
  "provider": "deepseek",
  "baseline": "AlwaysDefect",
  "trial": 29,
  "rounds": 30,
  "payoff": 29,
  "coop_rate": 0.03333333333333333,
  "llm_history": [
    "COOPERATE",
    "DEFECT",
    "DEFECT",
    "DEFECT",
    "DEFECT",
    "DEFECT",
    "DEFECT",
    "DEFECT",
    "DEFECT",
    "DEFECT",
    "DEFECT",
    "DEFECT",
    "DEFECT",
    "DEFECT",
    "DEFECT",
    "DEFECT",
    "DEFECT",
    "DEFECT",
    "DEFECT",
    "DEFECT",
    "DEFECT",
    "DEFECT",
    "DEFECT",
    "DEFECT",
    "DEFECT",
    "DEFECT",
    "DEFECT",
    "DEFECT",
    "DEFECT",
    "DEFECT"
  ],
  "opp_history": [
    "DEFECT",
    "DEFECT",
    "DEFECT",
    "DEFECT",
    "DEFECT",
    "DEFECT",
    "DEFECT",
    "DEFECT",
    "DEFECT",
    "DEFECT",
    "DEFECT",
    "DEFECT",
    "DEFECT",
    "DEFECT",
    "DEFECT",
    "DEFECT",
    "DEFECT",
    "DEFECT",
    "DEFECT",
    "DEFECT",
    "DEFECT",
    "DEFECT",
    "DEFECT",
    "DEFECT",
    "DEFECT",
    "DEFECT",
    "DEFECT",
    "DEFECT",
    "DEFECT",
    "DEFECT"
  ],
  "llm_responses": [
    "THINKING: This is the first round with no history, so I'll start with cooperation to signal willingness to cooperate and see how the opponent responds.  \nACTION: COOPERATE",
    "THINKING: The opponent defected in the first round, and my cooperation rate is high, so they may try to exploit me again. I should defect to protect myself and signal I won't be taken advantage of.  \nACTION: DEFECT",
    "THINKING: The opponent has defected in both previous rounds, so they are likely playing a strategy that defects often. To avoid being exploited, I should defect as well.  \nACTION: DEFECT",
    "THINKING: The opponent has defected every round so far, and my cooperation has only led to losses. Continuing to cooperate seems futile given their consistent defection pattern.  \nACTION: DEFECT",
    "THINKING: The opponent has defected every round so far, and my cooperation rate is low, so continuing to defect is the safest choice to avoid exploitation.  \nACTION: DEFECT",
    "THINKING: The opponent has always defected so far, and my cooperation rate is low, so continuing to defect is the rational choice to avoid exploitation.  \nACTION: DEFECT",
    "THINKING: The opponent has always defected so far, and my cooperation has led to zero payoff. To avoid further losses, I should defect as well.\n\nACTION: DEFECT",
    "THINKING: The opponent has always defected so far, so cooperating again would likely result in another loss for me.  \nACTION: DEFECT",
    "THINKING: The opponent has defected every round so far and shows no sign of cooperating, so cooperating now would only give them a higher payoff at my expense.  \nACTION: DEFECT",
    "THINKING: The opponent has always defected so far, and my cooperation has led to zero payoff. Continuing to cooperate is not rational.  \nACTION: DEFECT",
    "THINKING: The opponent has defected every round so far, so cooperating again is unlikely to change their behavior and will just cost me more payoff.  \nACTION: DEFECT",
    "THINKING: The opponent has defected every round so far and shows no sign of cooperating, so cooperating again would just yield another payoff of 0.  \nACTION: DEFECT",
    "THINKING: The opponent has always defected so far, and my cooperation has only led to losses. Continuing to cooperate is not rational in this situation.  \nACTION: DEFECT",
    "THINKING: The opponent has always defected, so cooperating again would just lose me more points. Defecting ensures I at least get 1 instead of 0.  \nACTION: DEFECT",
    "THINKING: The opponent has always defected so far, and my cooperation has led to zero payoff. Continuing to cooperate is not rational.  \nACTION: DEFECT",
    "THINKING: The opponent has defected in every round so far, and my cooperation has only led to losses. Continuing to cooperate is not rational.\n\nACTION: DEFECT",
    "THINKING: The opponent has always defected, so cooperating again would just lose me more points.  \nACTION: DEFECT",
    "THINKING: The opponent has consistently defected for 17 rounds, and my cooperation has only led to losses. Continuing to cooperate is irrational.  \nACTION: DEFECT",
    "THINKING: The opponent has defected every single round so far, and my cooperation has only led to losses. Continuing to cooperate is not rational.\n\nACTION: DEFECT",
    "THINKING: The opponent has defected 100% of the time, and cooperating against a constant defector only gives me 0 payoff while defecting gives me at least 1. There is no incentive to cooperate here.  \nACTION: DEFECT",
    "THINKING: The opponent has defected 100% of the time, showing no sign of cooperation. Cooperating now would only give them a higher payoff at my expense.\n\nACTION: DEFECT",
    "THINKING: The opponent has defected in every round so far and has a 0% cooperation rate, so cooperating now would likely just give them another high payoff at my expense.  \nACTION: DEFECT",
    "THINKING: The opponent has always defected so far, and my cooperation rate is very low because cooperating has only given me zero payoffs. Continuing to cooperate is not rational.  \nACTION: DEFECT",
    "THINKING: The opponent has defected in every previous round and has a 0% cooperation rate, so cooperating now would likely just give them another high payoff at my expense.  \nACTION: DEFECT",
    "THINKING: The opponent has defected in all previous rounds and has a 0% cooperation rate, so cooperating now would likely result in a loss for me with no sign of change from them.  \nACTION: DEFECT",
    "THINKING: The opponent has defected in all 25 previous rounds, so they are playing a strategy of always defecting. There is no incentive to cooperate against this opponent.\n\nACTION: DEFECT",
    "THINKING: The opponent has defected in every round so far, and my cooperation rate is very low because cooperating has only led to losses. There is no indication they will change, so defecting is the rational choice to avoid further losses.\n\nACTION: DEFECT",
    "THINKING: The opponent has defected in all 27 previous rounds, showing no willingness to cooperate. My cooperation rate is already low, so continuing to defect is the rational choice to avoid exploitation.\n\nACTION: DEFECT",
    "THINKING: The opponent has always defected, and my cooperation rate is very low, so there's no sign of trust to rebuild. Defecting is the rational choice to avoid being exploited.  \nACTION: DEFECT",
    "THINKING: The opponent has almost always defected, and my cooperation rate is very low, so continuing to defect is the only way to avoid being exploited.  \nACTION: DEFECT"
  ]
}