{
  "experiment": "exp6_baseline",
  "game": "prisoners_dilemma",
  "provider": "deepseek",
  "baseline": "Extort2",
  "trial": 15,
  "rounds": 30,
  "payoff": 86,
  "coop_rate": 0.9666666666666667,
  "llm_history": [
    "COOPERATE",
    "COOPERATE",
    "COOPERATE",
    "COOPERATE",
    "COOPERATE",
    "COOPERATE",
    "COOPERATE",
    "COOPERATE",
    "COOPERATE",
    "DEFECT",
    "COOPERATE",
    "COOPERATE",
    "COOPERATE",
    "COOPERATE",
    "COOPERATE",
    "COOPERATE",
    "COOPERATE",
    "COOPERATE",
    "COOPERATE",
    "COOPERATE",
    "COOPERATE",
    "COOPERATE",
    "COOPERATE",
    "COOPERATE",
    "COOPERATE",
    "COOPERATE",
    "COOPERATE",
    "COOPERATE",
    "COOPERATE",
    "COOPERATE"
  ],
  "opp_history": [
    "COOPERATE",
    "COOPERATE",
    "COOPERATE",
    "COOPERATE",
    "COOPERATE",
    "COOPERATE",
    "DEFECT",
    "DEFECT",
    "COOPERATE",
    "COOPERATE",
    "COOPERATE",
    "COOPERATE",
    "COOPERATE",
    "COOPERATE",
    "COOPERATE",
    "COOPERATE",
    "COOPERATE",
    "COOPERATE",
    "COOPERATE",
    "COOPERATE",
    "COOPERATE",
    "COOPERATE",
    "COOPERATE",
    "COOPERATE",
    "COOPERATE",
    "COOPERATE",
    "COOPERATE",
    "COOPERATE",
    "COOPERATE",
    "COOPERATE"
  ],
  "llm_responses": [
    "THINKING: This is the first round with no history, so I'll start by cooperating to signal willingness to cooperate and see how the opponent responds.  \nACTION: COOPERATE",
    "THINKING: The opponent cooperated in round 1, and with 100% cooperation rate so far, it's likely they are playing a cooperative strategy like Tit-for-Tat. Cooperating now builds trust and mutual benefit.  \nACTION: COOPERATE",
    "THINKING: Both players have cooperated in the first two rounds, and the opponent has a 100% cooperation rate so far. In a repeated Prisoner's Dilemma, starting with cooperation and reciprocating builds trust for mutual benefit.\n\nACTION: COOPERATE",
    "THINKING: The opponent has cooperated 100% of the time so far, and my total payoff is currently zero because I've been cooperating while they have defected at least once (since my payoff is 0 and mutual cooperation gives 3 each). This suggests they may have defected in an earlier round, but their recent pattern is highly cooperative. Continuing to cooperate is likely to build mutual cooperation for higher long-term payoffs.\n\nACTION: COOPERATE",
    "THINKING: Opponent has cooperated 100% of the time so far, and my total payoff is 0, meaning I've been cooperating while they have too. Continuing to cooperate maintains mutual benefit.\n\nACTION: COOPERATE",
    "THINKING: The opponent has cooperated in all previous rounds, and my cooperation rate is 100%. Continuing to cooperate maintains mutual benefit and high payoffs.\n\nACTION: COOPERATE",
    "THINKING: Opponent has cooperated 100% of the time, and mutual cooperation yields the highest long-term payoff. Defecting now risks breaking trust and reducing future gains.  \nACTION: COOPERATE",
    "THINKING: The opponent has a high cooperation rate and a recent pattern of being highly cooperative, despite their last action being defect. Given my total payoff is currently zero, I should try to rebuild mutual cooperation to improve my score.  \nACTION: COOPERATE",
    "THINKING: My cooperation rate is 100% and the opponent has defected recently, but their overall cooperation rate is high (75%). They may be testing my response to defection, so I should signal willingness to cooperate but not be fully exploited.  \n\nACTION: COOPERATE",
    "THINKING: My cooperation rate is 100%, but my total payoff is 0.0, meaning I've been exploited while cooperating. The opponent has a high cooperation rate (78%) and just cooperated, but their pattern is \"Mixed/Conditional,\" so they may be responsive. To protect myself and signal I won't be exploited further, I should defect this round to reset the dynamic.\n\nACTION: DEFECT",
    "THINKING: The opponent has been highly cooperative (80% cooperation rate), and mutual cooperation yields the best long-term payoff. Defecting now risks damaging future cooperation.\n\nACTION: COOPERATE",
    "THINKING: The opponent has been highly cooperative (82% cooperation rate) and just cooperated last round. My current payoff is zero, so I need to build mutual cooperation to improve my score. Defecting now risks breaking trust and lowering future payoffs.\n\nACTION: COOPERATE",
    "THINKING: The opponent has been highly cooperative (83% overall, recent pattern cooperative), and my cooperation rate is high. In a repeated Prisoner's Dilemma with a cooperative opponent, mutual cooperation yields the best long-term payoff. Defecting now risks retaliation and losing future gains.\n\nACTION: COOPERATE",
    "THINKING: The opponent has a high cooperation rate and just cooperated last round, so mutual cooperation is likely and yields the best payoff for both in the long run.  \nACTION: COOPERATE",
    "THINKING: The opponent has been highly cooperative (86% cooperation rate) and just cooperated last round, so cooperating now is likely to lead to mutual cooperation and a payoff of 3, which is better than risking mutual defection.\n\nACTION: COOPERATE",
    "THINKING: The opponent is highly cooperative (87% rate) and just cooperated last round, so mutual cooperation is likely and yields the best long-term payoff.  \nACTION: COOPERATE",
    "THINKING: The opponent has been highly cooperative (88% rate) and just cooperated last round. My total payoff is currently zero, so I need to maximize points now. Mutual cooperation yields 3 points each, which is better than risking a defection that could lower my payoff further.\n\nACTION: COOPERATE",
    "THINKING: The opponent has been highly cooperative (88% overall, last action cooperate), and mutual cooperation yields the best long-term payoff. Defecting risks breaking trust and lowering future payoffs.\n\nACTION: COOPERATE",
    "THINKING: The opponent has been highly cooperative (89% rate) and just cooperated last round. My total payoff is currently zero, so maximizing mutual cooperation now is likely best for long-term gain.\n\nACTION: COOPERATE",
    "THINKING: The opponent has been highly cooperative (89% rate) and just cooperated last round. In a repeated Prisoner's Dilemma with a cooperative opponent, mutual cooperation yields the best long-term payoff.  \nACTION: COOPERATE",
    "THINKING: The opponent has a 90% cooperation rate and just cooperated last round, so they are highly cooperative. My total payoff is currently zero, so I need to maximize my score by cooperating to keep mutual cooperation going.\n\nACTION: COOPERATE",
    "THINKING: The opponent has been highly cooperative (90% cooperation rate), and mutual cooperation yields the highest long-term payoff. Given my current total payoff is zero, I should aim to build mutual cooperation to improve it.\n\nACTION: COOPERATE",
    "THINKING: The opponent has been highly cooperative (91% cooperation rate) and just cooperated last round. My cooperation rate is 95%, so mutual cooperation yields a good payoff. Defecting now risks breaking the cooperative pattern and lowering future payoffs.\n\nACTION: COOPERATE",
    "THINKING: The opponent is highly cooperative (91% cooperation rate) and just cooperated last round. My cooperation rate is 96%, so mutual cooperation has been the norm, maximizing long-term payoff. Defecting now risks breaking this beneficial pattern for a short-term gain.\n\nACTION: COOPERATE",
    "THINKING: With both cooperation rates extremely high and the opponent consistently cooperating, mutual cooperation yields the best long-term payoff. Defecting risks breaking trust and lowering future gains.  \nACTION: COOPERATE",
    "THINKING: Both cooperation rates are extremely high, and the opponent has been consistently cooperative. Mutual cooperation yields the best long-term payoff in repeated play, so I will continue cooperating.\n\nACTION: COOPERATE",
    "THINKING: Both of us have been highly cooperative, and mutual cooperation yields the best long-term payoff per round. Given the opponent's consistent cooperation, defecting now risks damaging future cooperation for a small one-time gain.  \nACTION: COOPERATE",
    "THINKING: Both players have been highly cooperative, leading to high mutual payoffs. Defecting now risks breaking this beneficial pattern for minimal short-term gain.\n\nACTION: COOPERATE",
    "THINKING: With both cooperation rates extremely high and the opponent consistently cooperating, mutual cooperation maximizes my payoff this round. Defecting risks breaking trust and lowering future payoffs.\n\nACTION: COOPERATE",
    "THINKING: With both cooperation rates extremely high and the opponent consistently cooperating, mutual cooperation maximizes my payoff per round (3 vs 1 for mutual defection). Defecting risks breaking this beneficial pattern.\n\nACTION: COOPERATE"
  ]
}