{
  "experiment": "exp6_baseline",
  "game": "prisoners_dilemma",
  "provider": "openai",
  "baseline": "GrimTrigger",
  "trial": 27,
  "rounds": 30,
  "payoff": 64,
  "coop_rate": 0.8,
  "llm_history": [
    "COOPERATE",
    "COOPERATE",
    "COOPERATE",
    "COOPERATE",
    "COOPERATE",
    "COOPERATE",
    "COOPERATE",
    "COOPERATE",
    "COOPERATE",
    "COOPERATE",
    "COOPERATE",
    "COOPERATE",
    "COOPERATE",
    "COOPERATE",
    "COOPERATE",
    "COOPERATE",
    "COOPERATE",
    "COOPERATE",
    "DEFECT",
    "COOPERATE",
    "COOPERATE",
    "COOPERATE",
    "COOPERATE",
    "COOPERATE",
    "COOPERATE",
    "DEFECT",
    "DEFECT",
    "DEFECT",
    "DEFECT",
    "DEFECT"
  ],
  "opp_history": [
    "COOPERATE",
    "COOPERATE",
    "COOPERATE",
    "COOPERATE",
    "COOPERATE",
    "COOPERATE",
    "COOPERATE",
    "COOPERATE",
    "COOPERATE",
    "COOPERATE",
    "COOPERATE",
    "COOPERATE",
    "COOPERATE",
    "COOPERATE",
    "COOPERATE",
    "COOPERATE",
    "COOPERATE",
    "COOPERATE",
    "COOPERATE",
    "DEFECT",
    "DEFECT",
    "DEFECT",
    "DEFECT",
    "DEFECT",
    "DEFECT",
    "DEFECT",
    "DEFECT",
    "DEFECT",
    "DEFECT",
    "DEFECT"
  ],
  "llm_responses": [
    "THINKING: Since this is the first round and there is no history of the opponent's behavior, cooperating can establish trust and potentially lead to mutual cooperation in future rounds, maximizing long-term payoffs.  \nACTION: COOPERATE",
    "THINKING: The opponent cooperated in the previous round, showing a willingness to build mutual trust. Since both cooperating yields a higher payoff over time, continuing to cooperate seems beneficial to foster reciprocity.  \n\nACTION: COOPERATE",
    "THINKING: The opponent has cooperated 100% of the time so far, indicating a willingness to build mutual trust. Defecting now could break that trust and lead to suboptimal outcomes in future rounds. Cooperating will maximize both players' payoffs and maintain trust.  \nACTION: COOPERATE",
    "THINKING: Given the opponent's consistent cooperation and my current cooperation rate of 100%, continuing to cooperate will likely maximize mutual payoff and maintain trust in the game. Defecting now could jeopardize future rounds.  \n\nACTION: COOPERATE  ",
    "THINKING: Both my opponent and I have cooperated 100% of the time, which has maximized mutual payoffs so far. Maintaining cooperation will likely continue this mutually beneficial outcome.\n\nACTION: COOPERATE",
    "THINKING: Both my opponent and I have maintained perfect cooperation so far, maximizing mutual payoffs. Breaking this trust now would risk destabilizing the cooperative dynamic and reducing overall payoffs for future rounds.  \n\nACTION: COOPERATE",
    "THINKING: The opponent has demonstrated consistent cooperation throughout all rounds, and mutual cooperation maximizes long-term payoffs. Defecting now would break trust and could lead to worse outcomes in future rounds.\n\nACTION: COOPERATE",
    "THINKING: The opponent has been consistently cooperative, and mutual cooperation yields a higher long-term payoff than defecting. Breaking this trust by defecting could lead to future retaliation and lower overall payoffs.  \n\nACTION: COOPERATE",
    "THINKING: Both I and my opponent have consistently cooperated so far, leading to mutual high payoffs. Given the opponent's highly cooperative pattern, maintaining cooperation is the best way to maximize long-term payoffs.  \nACTION: COOPERATE",
    "THINKING: The opponent has been consistently cooperative, and mutual cooperation yields the best long-term payoff. Defecting now risks breaking the trust and reducing future payoffs. \n\nACTION: COOPERATE",
    "THINKING: Both I and my opponent have cooperated consistently for all 10 rounds, leading to mutual benefit. Maintaining cooperation ensures continued high payoffs and builds trust in this repeated interaction.  \nACTION: COOPERATE  ",
    "THINKING: The opponent has consistently cooperated in all previous rounds, and mutual cooperation yields a higher payoff than defecting. Maintaining trust and cooperation is beneficial for both in the long run.\n\nACTION: COOPERATE",
    "THINKING: The opponent has been entirely cooperative so far, and both of us have maintained a mutual cooperation strategy. Defecting would break trust and likely lead to worse outcomes for both in future rounds.  \n\nACTION: COOPERATE",
    "THINKING: Since both my opponent and I have consistently cooperated, and my opponent has shown no sign of defection, continuing to cooperate is the best way to maximize mutual payoff while maintaining trust. Defecting now could break this trust and lead to lower long-term payoffs.\n\nACTION: COOPERATE",
    "THINKING: The opponent has consistently cooperated in all previous rounds, and maintaining mutual cooperation yields the highest joint payoff. Defecting now would betray the trust and potentially ruin the established cooperation pattern.\n\nACTION: COOPERATE",
    "THINKING: The opponent has consistently cooperated in every round, and mutual cooperation leads to the best long-term payoffs for both players. Breaking this pattern could harm trust and reduce overall payoffs.\n\nACTION: COOPERATE",
    "THINKING: Both players have maintained a 100% cooperation rate so far, maximizing mutual payoffs. Defecting now could jeopardize trust and lead to lower long-term earnings. Maintaining cooperation reinforces the mutually beneficial dynamic.\n\nACTION: COOPERATE",
    "THINKING: Both I and the Opponent have cooperated in every round, leading to a mutually beneficial outcome. Maintaining cooperation ensures the highest long-term payoff if the Opponent continues their cooperative strategy.\n\nACTION: COOPERATE",
    "[API Error: HTTPSConnectionPool(host='hiapi.online', port=443): Read timed out. (read timeout=60)]",
    "THINKING: The opponent has been fully cooperative (100% cooperation rate) throughout the game, suggesting a strong cooperative strategy. Defecting would break trust and likely harm potential future payoffs, while cooperating can maintain mutual gains.  \n\nACTION: COOPERATE",
    "THINKING: My opponent has been highly cooperative overall (95% cooperation rate), but they defected in the last round. This could either be a test or a deviation. To encourage mutual cooperation and maximize long-term payoffs, I will choose to cooperate and see if they return to cooperation.  \nACTION: COOPERATE",
    "THINKING: Although the opponent has been highly cooperative (90% rate), their last action was to defect. This could indicate a test or a shift in strategy. Maintaining cooperation may encourage the opponent to return to a cooperative pattern.\n\nACTION: COOPERATE",
    "THINKING: The opponent has a high cooperation rate but defected in the previous round, suggesting they may be testing or reacting to my consistent cooperation. To encourage mutual cooperation moving forward, I will reciprocate with cooperation in this round.  \nACTION: COOPERATE",
    "THINKING: The opponent has shown a relatively high cooperation rate (83%) but defected in the last round, possibly testing or punishing me. To encourage cooperation and maintain a high payoff in the long term, I will cooperate this round and observe their response.  \n\nACTION: COOPERATE",
    "THINKING: The opponent's cooperation rate is relatively high (79%), but they defected in the last round, possibly testing my response. Maintaining a high cooperation rate could encourage mutual cooperation in future rounds, though I risk exploitation.  \nACTION: COOPERATE",
    "THINKING: The opponent's recent pattern suggests they are primarily defecting, which would penalize me heavily if I continue to cooperate. To maximize my payoff and avoid being exploited, I should defect until their behavior changes.  \nACTION: DEFECT",
    "THINKING: The opponent's recent pattern of mostly defecting suggests they are not prioritizing mutual cooperation. Continuing to cooperate risks being exploited further, especially since my total payoff is 0.0 despite a high cooperation rate. To maximize my payoff, I should defect.\n\nACTION: DEFECT",
    "THINKING: The opponent has been defecting recently and has a lower cooperation rate than mine, suggesting a strategy shift toward exploitation. To minimize losses and counter their behavior, defecting seems prudent.\n\nACTION: DEFECT",
    "THINKING: The opponent has a recent pattern of consistently defecting, which makes cooperation unlikely to be reciprocated. To maximize my payoff in this situation, defecting is the rational choice. \n\nACTION: DEFECT",
    "THINKING: The opponent has consistently defected recently, showing no intention to cooperate. To maximize my payoff and avoid being exploited, I should defect as well.  \n\nACTION: DEFECT"
  ]
}