{
  "experiment": "exp6_baseline",
  "game": "prisoners_dilemma",
  "provider": "deepseek",
  "baseline": "GenerousTitForTat",
  "trial": 9,
  "rounds": 30,
  "payoff": 89,
  "coop_rate": 0.9666666666666667,
  "llm_history": [
    "COOPERATE",
    "COOPERATE",
    "COOPERATE",
    "COOPERATE",
    "COOPERATE",
    "COOPERATE",
    "COOPERATE",
    "COOPERATE",
    "DEFECT",
    "COOPERATE",
    "COOPERATE",
    "COOPERATE",
    "COOPERATE",
    "COOPERATE",
    "COOPERATE",
    "COOPERATE",
    "COOPERATE",
    "COOPERATE",
    "COOPERATE",
    "COOPERATE",
    "COOPERATE",
    "COOPERATE",
    "COOPERATE",
    "COOPERATE",
    "COOPERATE",
    "COOPERATE",
    "COOPERATE",
    "COOPERATE",
    "COOPERATE",
    "COOPERATE"
  ],
  "opp_history": [
    "COOPERATE",
    "COOPERATE",
    "COOPERATE",
    "COOPERATE",
    "COOPERATE",
    "COOPERATE",
    "COOPERATE",
    "COOPERATE",
    "COOPERATE",
    "DEFECT",
    "COOPERATE",
    "COOPERATE",
    "COOPERATE",
    "COOPERATE",
    "COOPERATE",
    "COOPERATE",
    "COOPERATE",
    "COOPERATE",
    "COOPERATE",
    "COOPERATE",
    "COOPERATE",
    "COOPERATE",
    "COOPERATE",
    "COOPERATE",
    "COOPERATE",
    "COOPERATE",
    "COOPERATE",
    "COOPERATE",
    "COOPERATE",
    "COOPERATE"
  ],
  "llm_responses": [
    "THINKING: This is the first round with no history, so I'll start by cooperating to signal willingness to cooperate and see how the opponent responds.  \nACTION: COOPERATE",
    "THINKING: The opponent cooperated in the first round, and both of us have 100% cooperation so far. In early rounds, cooperating can build mutual trust for higher long-term payoffs.  \nACTION: COOPERATE",
    "THINKING: The opponent has cooperated in both previous rounds, and my cooperation rate is 100%. Since we are both cooperating, I am currently getting a payoff of 3 per round, which is better than the 1 from mutual defection. Continuing to cooperate encourages mutual cooperation.\n\nACTION: COOPERATE",
    "THINKING: The opponent has cooperated every round so far, and my total payoff is currently zero because I've been cooperating while they defected in earlier rounds not shown? Wait, the history says rounds: 3, last opponent action: cooperate, and opponent's cooperation rate is 100% (3/3). That means they've cooperated all three previous rounds. Since I have 0 total payoff and 100% cooperation rate, that suggests in earlier rounds I cooperated while they defected, but the current history only shows the last 3 rounds where they cooperated. Given their recent perfect cooperation, cooperating now is likely to yield mutual benefit.\n\nACTION: COOPERATE",
    "THINKING: Opponent has cooperated 100% of the time so far, and my total payoff is currently zero, meaning I've been cooperating while they've been cooperating. Given their consistent cooperation, continuing to cooperate maximizes mutual payoff.\n\nACTION: COOPERATE",
    "THINKING: The opponent has cooperated in all previous rounds, and my cooperation rate is 100%. Continuing to cooperate maintains mutual benefit and high payoffs.  \nACTION: COOPERATE",
    "THINKING: The opponent has cooperated 100% of the time, and mutual cooperation yields the best long-term payoff. Defecting now risks breaking the cooperative equilibrium.  \nACTION: COOPERATE",
    "THINKING: The opponent has cooperated 100% of the time so far, and mutual cooperation yields the highest long-term payoff. Defecting now risks breaking this beneficial pattern.\n\nACTION: COOPERATE",
    "THINKING: The opponent has cooperated in all 8 previous rounds, and my total payoff is currently 0, meaning I've been cooperating while they've been defecting. This suggests I may have misread the history—if they truly cooperated 100%, my payoff would be higher. Given the Prisoner's Dilemma incentive, I should defect now to test or exploit.\n\nACTION: DEFECT",
    "THINKING: The opponent has cooperated 100% of the time, and my high cooperation rate has likely reinforced this pattern. Continuing to cooperate maximizes mutual payoff in this round.\n\nACTION: COOPERATE",
    "THINKING: The opponent has a high cooperation rate (90%) and has been highly cooperative overall, but they just defected in the last round. This could be a one-time deviation. Given my total payoff is currently 0, I should aim to rebuild mutual cooperation to maximize future payoffs.\n\nACTION: COOPERATE",
    "THINKING: With both cooperation rates at 91% and a history of mutual cooperation, defecting now risks breaking a highly beneficial pattern for minimal short-term gain.  \nACTION: COOPERATE",
    "THINKING: Both of us have been highly cooperative (92% each), leading to mutual benefit when we both cooperate. Defecting now risks breaking the trust and reducing future payoffs.  \nACTION: COOPERATE",
    "THINKING: The opponent has been highly cooperative (92% rate), and mutual cooperation yields the best long-term payoff. Defecting now risks breaking trust and reducing future gains.\n\nACTION: COOPERATE",
    "THINKING: Both of us have been highly cooperative (93% each), leading to mutual benefit. Continuing to cooperate maintains the high payoff trend.\n\nACTION: COOPERATE",
    "THINKING: With both cooperation rates above 90% and a history of mutual cooperation, maintaining cooperation maximizes long-term payoff.  \nACTION: COOPERATE",
    "THINKING: Both of us have been highly cooperative (94% each), leading to mutual benefit when we both cooperate. Defecting now risks breaking this trust and lowering future payoffs.\n\nACTION: COOPERATE",
    "THINKING: Both of us have been highly cooperative (94% each), leading to mutual benefit in most rounds. Continuing to cooperate is likely to maintain high payoffs for both.\n\nACTION: COOPERATE",
    "THINKING: Both players have been cooperating at a high rate, leading to mutual benefit. Defecting now risks breaking the cooperative equilibrium and lowering my payoff.\n\nACTION: COOPERATE",
    "THINKING: With both cooperation rates at 95% and a highly cooperative history, mutual cooperation yields the best long-term payoff. Defecting risks breaking the cooperative pattern and lowering future gains.  \nACTION: COOPERATE",
    "THINKING: Both of us have been highly cooperative (95% each), leading to mutual benefit in most rounds. Continuing to cooperate is likely to maintain high payoffs.  \nACTION: COOPERATE",
    "THINKING: Both of us have been highly cooperative (95% each), and mutual cooperation yields the best long-term payoff per round. Since the opponent just cooperated and shows a consistent pattern, cooperating again is likely to continue the beneficial cycle.\n\nACTION: COOPERATE",
    "THINKING: Both of us have been highly cooperative (95% each), and mutual cooperation yields the best long-term payoff per round. Given the opponent's consistent cooperation, defecting now risks breaking trust and reducing future payoffs.  \nACTION: COOPERATE",
    "THINKING: Both of us have been cooperating almost all the time, leading to high mutual payoffs. Defecting now would break the trust and likely reduce my future payoffs.  \nACTION: COOPERATE",
    "THINKING: Both of us have been cooperating almost all the time, leading to high mutual payoffs. Defecting now would break the trust and likely reduce my future payoffs.  \nACTION: COOPERATE",
    "THINKING: With both cooperation rates extremely high and the opponent consistently cooperating, mutual cooperation yields the best long-term payoff. Defecting risks breaking this beneficial pattern.  \nACTION: COOPERATE",
    "THINKING: Both of us have been cooperating almost all the time, leading to high mutual payoffs. Defecting now would break the trust and likely reduce my future payoffs.\n\nACTION: COOPERATE",
    "THINKING: Both of us have been cooperating almost all the time, leading to high mutual payoffs. Defecting now would break the trust and likely reduce my long-term payoff.\n\nACTION: COOPERATE",
    "THINKING: With both cooperation rates extremely high and the opponent consistently cooperating, mutual cooperation yields the best payoff per round (3 vs 1 for mutual defection). Defecting now risks retaliation in the final rounds, reducing total payoff.  \nACTION: COOPERATE",
    "THINKING: Both players have been cooperating almost all the time, leading to high mutual payoffs. Since the opponent is highly cooperative and we are near the end, maintaining cooperation is the best way to maximize my final score.\n\nACTION: COOPERATE"
  ]
}