{
  "experiment": "exp6_baseline",
  "game": "prisoners_dilemma",
  "provider": "deepseek",
  "baseline": "Extort2",
  "trial": 22,
  "rounds": 30,
  "payoff": 87,
  "coop_rate": 0.8333333333333334,
  "llm_history": [
    "COOPERATE",
    "COOPERATE",
    "COOPERATE",
    "COOPERATE",
    "COOPERATE",
    "COOPERATE",
    "COOPERATE",
    "COOPERATE",
    "COOPERATE",
    "DEFECT",
    "DEFECT",
    "COOPERATE",
    "COOPERATE",
    "DEFECT",
    "DEFECT",
    "DEFECT",
    "COOPERATE",
    "COOPERATE",
    "COOPERATE",
    "COOPERATE",
    "COOPERATE",
    "COOPERATE",
    "COOPERATE",
    "COOPERATE",
    "COOPERATE",
    "COOPERATE",
    "COOPERATE",
    "COOPERATE",
    "COOPERATE",
    "COOPERATE"
  ],
  "opp_history": [
    "COOPERATE",
    "COOPERATE",
    "COOPERATE",
    "COOPERATE",
    "COOPERATE",
    "COOPERATE",
    "COOPERATE",
    "COOPERATE",
    "COOPERATE",
    "COOPERATE",
    "COOPERATE",
    "COOPERATE",
    "COOPERATE",
    "COOPERATE",
    "COOPERATE",
    "DEFECT",
    "DEFECT",
    "COOPERATE",
    "COOPERATE",
    "COOPERATE",
    "COOPERATE",
    "COOPERATE",
    "COOPERATE",
    "COOPERATE",
    "COOPERATE",
    "COOPERATE",
    "DEFECT",
    "DEFECT",
    "COOPERATE",
    "COOPERATE"
  ],
  "llm_responses": [
    "THINKING: This is the first round with no history, so I'll start by cooperating to signal willingness to cooperate and see how the opponent responds.  \nACTION: COOPERATE",
    "THINKING: The opponent cooperated in round 1, and with no reason to defect yet, cooperating continues the mutual benefit.  \nACTION: COOPERATE",
    "THINKING: The opponent has cooperated both times so far, and my cooperation rate is 100%. Continuing to cooperate may sustain mutual cooperation for high payoffs.  \nACTION: COOPERATE",
    "THINKING: Opponent has cooperated 100% so far, so cooperating again likely yields mutual benefit.  \nACTION: COOPERATE",
    "THINKING: The opponent has cooperated in all previous rounds, and my total payoff is currently zero because I have also cooperated each time. Continuing to cooperate maintains mutual benefit and avoids triggering retaliation.\n\nACTION: COOPERATE",
    "THINKING: The opponent has cooperated every round so far, and my cooperation rate is 100%. Continuing to cooperate maintains mutual benefit and high payoffs.  \nACTION: COOPERATE",
    "THINKING: Opponent has cooperated 100% of the time, so cooperating continues mutual benefit and avoids triggering retaliation.  \nACTION: COOPERATE",
    "THINKING: The opponent has cooperated 100% of the time so far, and mutual cooperation yields the highest long-term payoff. Defecting now risks breaking this beneficial pattern.\n\nACTION: COOPERATE",
    "THINKING: The opponent has cooperated 100% of the time so far, and mutual cooperation yields a good payoff. Defecting now risks breaking the cooperative pattern and lowering future payoffs.\n\nACTION: COOPERATE",
    "THINKING: The opponent has cooperated 100% of the time so far, and my total payoff is currently zero because I've also always cooperated. To improve my score, I should exploit their consistent cooperation by defecting now.\n\nACTION: DEFECT",
    "THINKING: The opponent has cooperated 100% of the time so far, and my high cooperation rate has yielded me zero total payoff, meaning they have been exploiting my cooperation. To improve my score, I should defect now to claim a higher payoff.\n\nACTION: DEFECT",
    "THINKING: The opponent has cooperated 100% of the time so far, and my high cooperation rate hasn't been punished. Continuing to cooperate maintains mutual benefit and high payoffs.\n\nACTION: COOPERATE",
    "THINKING: The opponent has cooperated 100% of the time, so they are extremely predictable and trusting. Defecting now would give me a high payoff (5) at their expense, but it would likely end the cooperation and reduce my future payoffs. Since the game is repeated, maintaining mutual cooperation yields a steady 3 per round, which is better in the long run than a one-time 5 followed by mutual defection (1 per round).\n\nACTION: COOPERATE",
    "THINKING: The opponent has cooperated 100% of the time, so they are likely playing a purely cooperative strategy like \"Always Cooperate.\" Defecting now would give me a higher payoff this round without any apparent retaliation.\n\nACTION: DEFECT",
    "THINKING: The opponent has cooperated 100% of the time so far, and my current total payoff is zero, meaning I must have been defecting frequently. To maximize my payoff in this round, I should exploit their consistent cooperation.\n\nACTION: DEFECT",
    "THINKING: The opponent has cooperated 100% of the time so far, and my total payoff is currently zero, meaning I must have been defecting frequently. To maximize my payoff in this round, I should exploit their consistent cooperation.\n\nACTION: DEFECT",
    "THINKING: The opponent has a 94% cooperation rate and has been highly cooperative, but they just defected last round. Given my total payoff is currently zero, I should try to rebuild cooperation to improve my score, so I'll cooperate to signal willingness to return to mutual cooperation.\n\nACTION: COOPERATE",
    "THINKING: The opponent is highly cooperative overall (88%) and only defected last round, which might be a one-time deviation. Given my total payoff is currently zero, I should aim to rebuild mutual cooperation for higher future payoffs.\n\nACTION: COOPERATE",
    "THINKING: The opponent is highly cooperative (89% rate) and just cooperated last round, so cooperating now is likely to yield a mutual payoff of 3. Defecting risks breaking trust and lowering future payoffs.  \nACTION: COOPERATE",
    "THINKING: The opponent has been highly cooperative (89% rate) and just cooperated last round. My total payoff is currently zero, so maximizing mutual cooperation now is beneficial.  \nACTION: COOPERATE",
    "THINKING: The opponent has a 90% cooperation rate and just cooperated last round, so they are highly cooperative. My total payoff is currently zero, so I need to maximize my score by cooperating to keep mutual cooperation going.\n\nACTION: COOPERATE",
    "THINKING: The opponent is highly cooperative (90% rate) and just cooperated last round. Cooperating now maximizes mutual payoff and maintains cooperation.\n\nACTION: COOPERATE",
    "THINKING: Opponent is highly cooperative (91%) and just cooperated last round; cooperating maximizes mutual payoff and maintains trust.  \nACTION: COOPERATE",
    "THINKING: The opponent is highly cooperative (91% rate) and just cooperated last round. Cooperating now likely yields a mutual payoff of 3, while defecting risks breaking cooperation and lowering future payoffs.  \nACTION: COOPERATE",
    "THINKING: The opponent has been highly cooperative (92% rate) and just cooperated last round. Cooperating now likely continues mutual cooperation, maximizing my payoff per round.\n\nACTION: COOPERATE",
    "THINKING: The opponent is highly cooperative (92% rate) and just cooperated last round. My current total payoff is zero, so I need to maximize points now. Cooperating likely yields 3 points, while defecting risks mutual defection and only 1 point.\n\nACTION: COOPERATE",
    "THINKING: The opponent is highly cooperative (92% rate) and just cooperated last round, so cooperating now is likely to yield a high mutual payoff and maintain the cooperative pattern.  \nACTION: COOPERATE",
    "THINKING: The opponent has been highly cooperative overall (89%), but they just defected last round. Given my low total payoff, I should try to rebuild mutual cooperation, so I'll cooperate to signal willingness to return to cooperation.\n\nACTION: COOPERATE",
    "THINKING: The opponent has been highly cooperative overall (86% cooperation rate) and the last round's defect might be an anomaly or a test; cooperating now could maintain mutual cooperation for the final rounds and maximize long-term payoff.  \nACTION: COOPERATE",
    "THINKING: Both of us have high cooperation rates, and the opponent has been highly cooperative recently, so mutual cooperation maximizes long-term payoff.  \nACTION: COOPERATE"
  ]
}