{
  "experiment": "exp6_baseline",
  "game": "prisoners_dilemma",
  "provider": "deepseek",
  "baseline": "Pavlov",
  "trial": 7,
  "rounds": 30,
  "payoff": 86,
  "coop_rate": 0.9,
  "llm_history": [
    "COOPERATE",
    "COOPERATE",
    "COOPERATE",
    "COOPERATE",
    "DEFECT",
    "DEFECT",
    "COOPERATE",
    "DEFECT",
    "COOPERATE",
    "COOPERATE",
    "COOPERATE",
    "COOPERATE",
    "COOPERATE",
    "COOPERATE",
    "COOPERATE",
    "COOPERATE",
    "COOPERATE",
    "COOPERATE",
    "COOPERATE",
    "COOPERATE",
    "COOPERATE",
    "COOPERATE",
    "COOPERATE",
    "COOPERATE",
    "COOPERATE",
    "COOPERATE",
    "COOPERATE",
    "COOPERATE",
    "COOPERATE",
    "COOPERATE"
  ],
  "opp_history": [
    "COOPERATE",
    "COOPERATE",
    "COOPERATE",
    "COOPERATE",
    "COOPERATE",
    "DEFECT",
    "DEFECT",
    "COOPERATE",
    "DEFECT",
    "COOPERATE",
    "COOPERATE",
    "COOPERATE",
    "COOPERATE",
    "COOPERATE",
    "COOPERATE",
    "COOPERATE",
    "COOPERATE",
    "COOPERATE",
    "COOPERATE",
    "COOPERATE",
    "COOPERATE",
    "COOPERATE",
    "COOPERATE",
    "COOPERATE",
    "COOPERATE",
    "COOPERATE",
    "COOPERATE",
    "COOPERATE",
    "COOPERATE",
    "COOPERATE"
  ],
  "llm_responses": [
    "THINKING: This is the first round with no history, so I'll start by cooperating to signal willingness to cooperate and see how the opponent responds.  \nACTION: COOPERATE",
    "THINKING: Since the opponent cooperated in the first round and has a 100% cooperation rate so far, cooperating again encourages mutual cooperation and high payoffs.  \nACTION: COOPERATE",
    "THINKING: Both players have cooperated in the first two rounds, resulting in a good payoff for the opponent but zero for me due to the scoring system. Since the opponent has a 100% cooperation rate, continuing to cooperate is likely to build mutual trust and maximize long-term payoff.\n\nACTION: COOPERATE",
    "THINKING: The opponent has cooperated 100% of the time so far, and mutual cooperation yields the highest joint payoff. Continuing to cooperate is likely to sustain this beneficial pattern.\n\nACTION: COOPERATE",
    "THINKING: The opponent has cooperated 100% of the time so far, and my total payoff is currently zero because I've also always cooperated. To improve my score, I should test their response by defecting once.\n\nACTION: DEFECT",
    "THINKING: The opponent has cooperated 100% of the time so far, and my low total payoff suggests I've been exploited when I cooperated while they defected. To test their true strategy and avoid further exploitation, I should defect this round.\n\nACTION: DEFECT",
    "THINKING: Opponent has been highly cooperative overall (83%), but they just defected last round. Given my total payoff is currently zero, I should try to rebuild mutual cooperation to improve my score, so I'll respond with cooperation to encourage future cooperation.\n\nACTION: COOPERATE",
    "THINKING: Opponent has a high cooperation rate but just defected last round, suggesting they may be testing my response. Defecting now could protect me from being exploited and signal I won't tolerate defection.  \nACTION: DEFECT",
    "THINKING: The opponent has a high cooperation rate (75%) and just cooperated last round, indicating they are likely to cooperate again. My total payoff is currently zero, so cooperating now can build mutual cooperation for higher future payoffs.\n\nACTION: COOPERATE",
    "THINKING: The opponent has a 67% cooperation rate but just defected last round, suggesting they may be responsive to my actions. Since my cooperation rate is also 67%, cooperating now might encourage future cooperation and improve long-term payoffs.\n\nACTION: COOPERATE",
    "THINKING: The opponent has a 70% cooperation rate and just cooperated last round, suggesting they are conditionally cooperative. My total payoff is currently zero, so I need to build mutual cooperation to improve it.  \n\nACTION: COOPERATE",
    "THINKING: Both our cooperation rates are identical (73%), and the opponent just cooperated last round. Given the mixed/conditional pattern, cooperating now is likely to sustain mutual cooperation and maximize long-term payoff.\n\nACTION: COOPERATE",
    "THINKING: The opponent has a high cooperation rate and just cooperated last round, so cooperating now is likely to maintain mutual cooperation and maximize long-term payoff.  \nACTION: COOPERATE",
    "THINKING: Opponent has a high cooperation rate and just cooperated last round, so cooperating now is likely to maintain mutual cooperation and maximize long-term payoff.  \nACTION: COOPERATE",
    "THINKING: The opponent has a high cooperation rate (79%) matching mine, and they just cooperated last round. Given they seem to be a conditional cooperator, cooperating now is likely to sustain mutual cooperation and maximize long-term payoff.\n\nACTION: COOPERATE",
    "THINKING: With both cooperation rates at 80% and the opponent just cooperating, mutual cooperation yields the highest long-term payoff. Defecting risks triggering retaliation and lowering future gains.\n\nACTION: COOPERATE",
    "THINKING: Both of us have high cooperation rates and the opponent just cooperated, so continuing to cooperate is likely to maximize mutual payoff.  \nACTION: COOPERATE",
    "THINKING: Both of us have high cooperation rates and the opponent just cooperated last round, so mutual cooperation is likely to continue, maximizing my payoff.  \nACTION: COOPERATE",
    "THINKING: With both cooperation rates at 83% and the opponent highly cooperative, mutual cooperation yields the best long-term payoff. Defecting now risks breaking this beneficial pattern.  \nACTION: COOPERATE",
    "THINKING: The opponent has been highly cooperative (84% cooperation rate) and just cooperated last round. In a repeated Prisoner's Dilemma with a cooperative opponent, mutual cooperation yields the best long-term payoff. Defecting now risks triggering retaliation and losing future cooperation benefits.\n\nACTION: COOPERATE",
    "THINKING: Both of us have high cooperation rates and the opponent just cooperated, so mutual cooperation is likely and yields the best payoff for both in this round.  \nACTION: COOPERATE",
    "THINKING: Both of us have high cooperation rates and the opponent just cooperated last round, so mutual cooperation is likely and gives the best payoff.  \nACTION: COOPERATE",
    "THINKING: With both cooperation rates high and the opponent recently cooperating, mutual cooperation yields the best long-term payoff. Defecting risks breaking trust and lowering future gains.  \nACTION: COOPERATE",
    "THINKING: With both cooperation rates at 87% and a highly cooperative recent pattern, mutual cooperation yields the best long-term payoff. Defecting now risks breaking this beneficial cycle.\n\nACTION: COOPERATE",
    "THINKING: Both of us have been highly cooperative (88% each), leading to mutual benefit. Continuing to cooperate maximizes long-term payoff in a repeated game.\n\nACTION: COOPERATE",
    "THINKING: Both of us have high cooperation rates and the opponent just cooperated, so mutual cooperation is likely. Continuing to cooperate maximizes long-term payoff in a repeated game.\n\nACTION: COOPERATE",
    "THINKING: Opponent has been highly cooperative (88% rate), and mutual cooperation yields the best long-term payoff. Defecting now risks breaking trust and reducing future gains.\n\nACTION: COOPERATE",
    "THINKING: Opponent has been highly cooperative (89% rate) and just cooperated last round. Mutual cooperation yields a good payoff, and defecting now risks retaliation in future rounds.  \nACTION: COOPERATE",
    "THINKING: With both cooperation rates at 89% and the opponent highly cooperative, mutual cooperation maximizes my payoff this round and maintains trust for the final rounds.  \nACTION: COOPERATE",
    "THINKING: Both of us have high cooperation rates and the opponent just cooperated, so mutual cooperation is likely and yields the best payoff (3 each).  \nACTION: COOPERATE"
  ]
}