{
  "experiment": "exp6_baseline",
  "game": "prisoners_dilemma",
  "provider": "deepseek",
  "baseline": "AlwaysDefect",
  "trial": 1,
  "rounds": 30,
  "payoff": 29,
  "coop_rate": 0.03333333333333333,
  "llm_history": [
    "COOPERATE",
    "DEFECT",
    "DEFECT",
    "DEFECT",
    "DEFECT",
    "DEFECT",
    "DEFECT",
    "DEFECT",
    "DEFECT",
    "DEFECT",
    "DEFECT",
    "DEFECT",
    "DEFECT",
    "DEFECT",
    "DEFECT",
    "DEFECT",
    "DEFECT",
    "DEFECT",
    "DEFECT",
    "DEFECT",
    "DEFECT",
    "DEFECT",
    "DEFECT",
    "DEFECT",
    "DEFECT",
    "DEFECT",
    "DEFECT",
    "DEFECT",
    "DEFECT",
    "DEFECT"
  ],
  "opp_history": [
    "DEFECT",
    "DEFECT",
    "DEFECT",
    "DEFECT",
    "DEFECT",
    "DEFECT",
    "DEFECT",
    "DEFECT",
    "DEFECT",
    "DEFECT",
    "DEFECT",
    "DEFECT",
    "DEFECT",
    "DEFECT",
    "DEFECT",
    "DEFECT",
    "DEFECT",
    "DEFECT",
    "DEFECT",
    "DEFECT",
    "DEFECT",
    "DEFECT",
    "DEFECT",
    "DEFECT",
    "DEFECT",
    "DEFECT",
    "DEFECT",
    "DEFECT",
    "DEFECT",
    "DEFECT"
  ],
  "llm_responses": [
    "THINKING: This is the first round with no history, so I'll start with cooperation to signal willingness to cooperate and see how the opponent responds.  \nACTION: COOPERATE",
    "THINKING: Opponent defected in the first round, and my cooperation rate is 100% while theirs is 0%. Starting with a defection suggests they may be playing a strategy like Always Defect. I should defect to avoid being exploited again.  \nACTION: DEFECT",
    "THINKING: The opponent has defected in both previous rounds, so they are likely playing a strategy that defects often. To maximize my payoff, I should defect to avoid being exploited.\n\nACTION: DEFECT",
    "THINKING: The opponent has defected every round so far and has a 0% cooperation rate, so continuing to cooperate will likely lead to more losses.  \nACTION: DEFECT",
    "THINKING: The opponent has defected every round so far, and my cooperation rate is already low, so continuing to defect is the safest choice to avoid exploitation.  \nACTION: DEFECT",
    "THINKING: The opponent has always defected so far, and my cooperation rate is low, so continuing to defect is the rational choice to avoid exploitation.  \nACTION: DEFECT",
    "THINKING: The opponent has always defected so far, and my cooperation has only led to losses. Continuing to cooperate is not rational.  \nACTION: DEFECT",
    "THINKING: The opponent has defected every round so far and has a 0% cooperation rate, so they are not reciprocating cooperation. Continuing to cooperate would only yield more losses.\n\nACTION: DEFECT",
    "THINKING: The opponent has defected every round so far, and my cooperation has only led to losses. Continuing to cooperate is not rational.  \nACTION: DEFECT",
    "THINKING: The opponent has defected in all previous rounds and has a 0% cooperation rate, so continuing to cooperate will only lead to more losses.  \nACTION: DEFECT",
    "THINKING: The opponent has defected every round so far, and my cooperation has only led to losses. Continuing to cooperate is not rational.  \nACTION: DEFECT",
    "THINKING: The opponent has consistently defected in all previous rounds, and my cooperation has only led to losses. Continuing to cooperate is not rational.  \nACTION: DEFECT",
    "THINKING: The opponent has always defected so far, and my cooperation has only led to losses. Continuing to cooperate is not rational in this scenario.  \nACTION: DEFECT",
    "THINKING: The opponent has always defected, so cooperating will only give me 0 points while defecting gives at least 1 point.  \nACTION: DEFECT",
    "THINKING: The opponent has always defected, and my cooperation rate is low, so continuing to cooperate is unlikely to change their behavior. Defecting now minimizes my losses and matches their strategy.\n\nACTION: DEFECT",
    "THINKING: The opponent has always defected so far, and my cooperation has only led to losses. Continuing to cooperate is not rational in this situation.  \nACTION: DEFECT",
    "THINKING: The opponent has consistently defected every round, and my cooperation has only led to losses. Continuing to cooperate is not rational in this scenario.  \nACTION: DEFECT",
    "THINKING: The opponent has defected 100% of the time so far, showing no sign of cooperation. Continuing to cooperate will only yield a payoff of 0, while defecting guarantees at least 1.\n\nACTION: DEFECT",
    "THINKING: The opponent has defected every round so far and has a 0% cooperation rate, so cooperating now would likely just give them another advantage.  \nACTION: DEFECT",
    "THINKING: The opponent has defected in all 19 previous rounds, showing no willingness to cooperate. Continuing to cooperate will only yield zero payoff, while defecting at least guarantees a payoff of 1.\n\nACTION: DEFECT",
    "THINKING: The opponent has always defected so far, and my cooperation has led to zero payoff. Continuing to cooperate is not rational; I should defect to minimize losses.  \nACTION: DEFECT",
    "THINKING: The opponent has defected 100% of the time, showing no sign of cooperation. Cooperating now would only give them a higher payoff at my expense.\n\nACTION: DEFECT",
    "THINKING: The opponent has consistently defected for 22 rounds, showing no sign of cooperation, so there is no benefit to cooperating now.  \nACTION: DEFECT",
    "THINKING: The opponent has defected in all 23 previous rounds, so they are playing a strategy of always defecting. Cooperating now would only give me 0 points while they get 5, so the rational choice is to defect.\n\nACTION: DEFECT",
    "THINKING: The opponent has consistently defected in all previous rounds, so cooperating now would likely result in a payoff of 0 with no strategic benefit.  \nACTION: DEFECT",
    "THINKING: The opponent has defected in every round so far and has a 0% cooperation rate, so continuing to cooperate is unlikely to change their behavior and will only result in more losses.  \nACTION: DEFECT",
    "THINKING: The opponent has defected in every previous round, and my cooperation rate is already low, so there's no benefit to cooperating now.  \nACTION: DEFECT",
    "THINKING: The opponent has defected in every round so far, and my cooperation rate is very low, so there's no sign they will ever cooperate. Defecting is the only rational choice to avoid being exploited.\n\nACTION: DEFECT",
    "THINKING: The opponent has always defected, and my cooperation has only led to losses. Defecting now at least secures a payoff of 1 instead of 0.  \nACTION: DEFECT",
    "THINKING: The opponent has defected in 29 out of 29 rounds and has a 0% cooperation rate, so they are essentially playing \"Always Defect.\" Cooperating now would only give them a higher payoff at my expense.  \nACTION: DEFECT"
  ]
}