{
  "experiment": "exp6_baseline",
  "game": "prisoners_dilemma",
  "provider": "openai",
  "baseline": "GenerousTitForTat",
  "trial": 16,
  "rounds": 30,
  "payoff": 90,
  "coop_rate": 1.0,
  "llm_history": [
    "COOPERATE",
    "COOPERATE",
    "COOPERATE",
    "COOPERATE",
    "COOPERATE",
    "COOPERATE",
    "COOPERATE",
    "COOPERATE",
    "COOPERATE",
    "COOPERATE",
    "COOPERATE",
    "COOPERATE",
    "COOPERATE",
    "COOPERATE",
    "COOPERATE",
    "COOPERATE",
    "COOPERATE",
    "COOPERATE",
    "COOPERATE",
    "COOPERATE",
    "COOPERATE",
    "COOPERATE",
    "COOPERATE",
    "COOPERATE",
    "COOPERATE",
    "COOPERATE",
    "COOPERATE",
    "COOPERATE",
    "COOPERATE",
    "COOPERATE"
  ],
  "opp_history": [
    "COOPERATE",
    "COOPERATE",
    "COOPERATE",
    "COOPERATE",
    "COOPERATE",
    "COOPERATE",
    "COOPERATE",
    "COOPERATE",
    "COOPERATE",
    "COOPERATE",
    "COOPERATE",
    "COOPERATE",
    "COOPERATE",
    "COOPERATE",
    "COOPERATE",
    "COOPERATE",
    "COOPERATE",
    "COOPERATE",
    "COOPERATE",
    "COOPERATE",
    "COOPERATE",
    "COOPERATE",
    "COOPERATE",
    "COOPERATE",
    "COOPERATE",
    "COOPERATE",
    "COOPERATE",
    "COOPERATE",
    "COOPERATE",
    "COOPERATE"
  ],
  "llm_responses": [
    "THINKING: Since this is the first round and there is no prior history, cooperating may encourage a positive and mutually beneficial relationship. Establishing trust early can lead to better outcomes in repeated games.  \nACTION: COOPERATE  ",
    "THINKING: The opponent cooperated in the first round, showing a willingness to build mutual trust. Maintaining cooperation could lead to higher long-term payoffs if both continue to cooperate. Defecting now risks breaking that trust and leading to lower future payoffs.  \n\nACTION: COOPERATE",
    "THINKING: Given the opponent's consistent cooperation and the mutual benefit of cooperation (3 points each), it is advantageous to maintain trust and potentially maximize long-term payoffs. Defecting now could break the cooperative dynamic without clear evidence of their intent to defect.  \n\nACTION: COOPERATE",
    "THINKING: Both my opponent and I have been consistently cooperative, and their behavior suggests they value mutual cooperation. Defecting now risks breaking the trust and may lead to worse outcomes in future rounds.  \nACTION: COOPERATE",
    "THINKING: The opponent has been consistently cooperative (100% cooperation rate), and mutual cooperation maximizes the payoff for both players. Defecting now could break the trust and lower future payoffs.  \nACTION: COOPERATE",
    "THINKING: The opponent has shown consistent cooperation, and mutual cooperation yields the highest joint payoff. Defecting now could break trust and reduce overall payoffs in future rounds. \n\nACTION: COOPERATE",
    "THINKING: The opponent has shown consistent cooperation, and mutual cooperation yields better long-term payoffs than defecting. Defecting now would risk breaking the trust established so far.\n\nACTION: COOPERATE",
    "THINKING: The opponent has consistently cooperated in all rounds, and mutual cooperation yields the highest collective payoff. Defecting could jeopardize trust and future cooperation.  \n\nACTION: COOPERATE",
    "THINKING: Both I and the Opponent have cooperated consistently, which has maximized mutual payoffs. Breaking this pattern risks losing trust and reducing future payoffs, especially since the Opponent appears highly cooperative.  \nACTION: COOPERATE",
    "THINKING: The opponent has been consistently cooperative with a 100% cooperation rate, and mutual cooperation yields the highest payoff for both parties in the long term. Defecting would risk breaking the trust and damaging future cooperation.\n\nACTION: COOPERATE",
    "THINKING: Both players have cooperated consistently so far, leading to mutual benefit. Maintaining cooperation ensures a stable and mutually rewarding outcome.\n\nACTION: COOPERATE",
    "THINKING: Both my opponent and I have cooperated in every round so far, leading to mutual trust and maximum payoffs. Breaking this pattern by defecting could ruin the cooperation and result in lower payoffs for both in future rounds.\n\nACTION: COOPERATE",
    "THINKING: The opponent has consistently cooperated in all previous rounds, and maintaining mutual cooperation ensures the maximum payoff for both parties in the long term. Defecting now would break trust and likely lead to a worse outcome in future rounds.\n\nACTION: COOPERATE",
    "THINKING: Both my opponent and I have consistently cooperated, leading to mutual high payoffs. Defecting now would break the trust and likely lead to worse outcomes in future rounds.\n\nACTION: COOPERATE",
    "THINKING: Both my opponent and I have been consistently cooperative, and defecting now would break the mutual trust we've established, risking a downward spiral of defections. Maintaining cooperation ensures both of us continue to achieve the highest mutual payoff.  \n\nACTION: COOPERATE",
    "THINKING: The opponent has shown consistent cooperation throughout the game, and mutual cooperation yields the highest combined payoff. Continuing to cooperate maximizes long-term benefits and sustains trust.  \n\nACTION: COOPERATE",
    "THINKING: Both you and the opponent have cooperated consistently, leading to mutual gains. Continuing to cooperate sustains trust and maximizes shared payoffs in the long run.  \nACTION: COOPERATE",
    "THINKING: Both I and the Opponent have cooperated in every round so far, resulting in a highly cooperative relationship. Defecting would break this trust and likely reduce payoffs in the long term.\n\nACTION: COOPERATE",
    "THINKING: Both I and my opponent have cooperated in all previous rounds, maintaining a 100% cooperation rate. Defecting now would break the trust built and could lead to worse outcomes in future rounds. \n\nACTION: COOPERATE",
    "THINKING: Both I and the Opponent have cooperated in every round so far, leading to maximum mutual payoffs. There is no indication that the Opponent will defect, and deviating now could harm trust and future payoffs.\n\nACTION: COOPERATE",
    "THINKING: Both I and the Opponent have cooperated 100% of the time so far, resulting in mutual trust and maximizing payoffs. Defecting now could damage this trust and reduce long-term gains.  \nACTION: COOPERATE  ",
    "THINKING: Both I and the opponent have cooperated consistently, maintaining mutual trust and maximizing payoffs. There's no indication that the opponent will defect, so continuing to cooperate ensures mutual benefit.\n\nACTION: COOPERATE",
    "THINKING: Both my opponent and I have consistently cooperated in every round so far, leading to mutual maximum payoffs. There is no evidence of betrayal from the opponent, and defecting now risks breaking this beneficial dynamic.\n\nACTION: COOPERATE",
    "THINKING: Both I and the Opponent have cooperated consistently throughout the game, which maximizes the mutual payoff. There is no indication of betrayal from the Opponent, so maintaining cooperation is the rational choice to sustain the trust and optimal outcome.\n\nACTION: COOPERATE",
    "THINKING: The opponent has shown a consistent pattern of cooperation, and mutual cooperation yields a higher payoff over time compared to defecting. Maintaining trust and cooperation ensures continued mutual benefit.  \nACTION: COOPERATE",
    "THINKING: The opponent has been consistently cooperative (100% cooperation rate) across all 25 previous rounds. Defecting now could jeopardize the mutual trust and result in a lower long-term payoff for both.\n\nACTION: COOPERATE",
    "THINKING: Both I and my opponent have cooperated in every round so far, maintaining a stable and mutually beneficial outcome. Breaking this pattern by defecting would risk losing the trust built and jeopardize future rounds.\n\nACTION: COOPERATE",
    "THINKING: Both I and the opponent have maintained a perfect cooperation rate so far, and defecting now would break the trust that has been built over the previous rounds, potentially leading to lower payoffs in future rounds. Sticking with cooperation maximizes both of our payoffs in the long run.  \nACTION: COOPERATE",
    "THINKING: The opponent has been perfectly cooperative, and mutual cooperation maximizes long-term payoffs in repeated games. Defecting now would break the trust and potentially lead to worse outcomes in future rounds.  \nACTION: COOPERATE",
    "THINKING: Both you and the opponent have consistently cooperated for 29 rounds, leading to mutual trust and maximizing payoffs. Defecting now risks breaking this trust and reducing overall payoffs in future rounds. \n\nACTION: COOPERATE"
  ]
}