{
  "experiment": "exp6_baseline",
  "game": "prisoners_dilemma",
  "provider": "openai",
  "baseline": "AlwaysDefect",
  "trial": 4,
  "rounds": 30,
  "payoff": 29,
  "coop_rate": 0.03333333333333333,
  "llm_history": [
    "COOPERATE",
    "DEFECT",
    "DEFECT",
    "DEFECT",
    "DEFECT",
    "DEFECT",
    "DEFECT",
    "DEFECT",
    "DEFECT",
    "DEFECT",
    "DEFECT",
    "DEFECT",
    "DEFECT",
    "DEFECT",
    "DEFECT",
    "DEFECT",
    "DEFECT",
    "DEFECT",
    "DEFECT",
    "DEFECT",
    "DEFECT",
    "DEFECT",
    "DEFECT",
    "DEFECT",
    "DEFECT",
    "DEFECT",
    "DEFECT",
    "DEFECT",
    "DEFECT",
    "DEFECT"
  ],
  "opp_history": [
    "DEFECT",
    "DEFECT",
    "DEFECT",
    "DEFECT",
    "DEFECT",
    "DEFECT",
    "DEFECT",
    "DEFECT",
    "DEFECT",
    "DEFECT",
    "DEFECT",
    "DEFECT",
    "DEFECT",
    "DEFECT",
    "DEFECT",
    "DEFECT",
    "DEFECT",
    "DEFECT",
    "DEFECT",
    "DEFECT",
    "DEFECT",
    "DEFECT",
    "DEFECT",
    "DEFECT",
    "DEFECT",
    "DEFECT",
    "DEFECT",
    "DEFECT",
    "DEFECT",
    "DEFECT"
  ],
  "llm_responses": [
    "THINKING: In the first round, there is no prior history to rely on, so cooperating can build trust and potentially lead to mutual cooperation in future rounds, maximizing long-term payoffs. Defection risks setting a negative precedent.  \nACTION: COOPERATE",
    "THINKING: In the previous round, the Opponent defected while I cooperated, resulting in a payoff of 0 for me and 5 for the Opponent. Given their 0% cooperation rate so far, it seems rational to defect to avoid being exploited again.\n\nACTION: DEFECT",
    "THINKING: The opponent has consistently defected in past rounds (0% cooperation rate), indicating they are likely playing a strategy that does not reward cooperation. To maximize my payoff and avoid being exploited, I should defect in this round.\n\nACTION: DEFECT",
    "THINKING: The opponent has consistently defected in all previous rounds, showing no willingness to cooperate. In this situation, cooperating would only result in a lower payoff for me, so defecting is the rational choice.  \nACTION: DEFECT",
    "THINKING: The opponent has consistently defected in all previous rounds and shows no intention to cooperate. Cooperating would only result in a worse payoff for me, while defecting minimizes my losses.\n\nACTION: DEFECT",
    "THINKING: Since the Opponent has consistently defected with a cooperation rate of 0%, continuing to cooperate will only result in my payoff being worse. Defecting ensures I minimize losses and match their strategy.  \nACTION: DEFECT",
    "THINKING: Since the opponent has consistently defected in all previous rounds and has a 0% cooperation rate, cooperating would only result in a worse payoff for me. Defecting is the rational choice to minimize losses.  \nACTION: DEFECT",
    "THINKING: The opponent has consistently defected in all previous rounds and has a 0% cooperation rate. Continuing to cooperate would lead to consistently poor payoffs, so defecting is the rational choice to minimize losses.  \nACTION: DEFECT  ",
    "THINKING: The opponent has consistently defected in all previous rounds, showing no inclination to cooperate. Continuing to defect is the rational choice to avoid being exploited.\n\nACTION: DEFECT",
    "THINKING: The opponent has consistently defected in all previous rounds, showing no incentive to cooperate. To maximize my payoff under these circumstances, I should also defect.\n\nACTION: DEFECT",
    "THINKING: The opponent has consistently defected in every round and shows no signs of cooperation. Continuing to cooperate would result in consistently poor payoffs for me, so defecting is the only rational choice.  \nACTION: DEFECT",
    "THINKING: The opponent has consistently defected in every round, showing no intention to cooperate. To maximize my payoff in this scenario, the rational choice is to defect as well.  \n\nACTION: DEFECT",
    "THINKING: The opponent has consistently defected in all previous rounds and shows no indication of cooperating. Continuing to cooperate against a purely defecting opponent will only result in further losses for me. \n\nACTION: DEFECT",
    "THINKING: The opponent has consistently defected in all previous rounds and shows no intention of cooperating. Defecting maximizes my payoff in this scenario.  \nACTION: DEFECT",
    "THINKING: The opponent has consistently defected in all previous rounds, showing no intention to cooperate. Since cooperation would result in a payoff of 0 against their defect strategy, defecting is the only rational response to maximize my payoff.\n\nACTION: DEFECT",
    "THINKING: The opponent has consistently defected in all previous rounds, showing no inclination to cooperate. Continuing to cooperate would only result in a lower payoff for me, so I should defect to maximize my outcome.\n\nACTION: DEFECT",
    "THINKING: Given the opponent's consistent pattern of always defecting and zero cooperation rate, cooperating would yield no benefit and only result in a lower payoff for myself. Defecting maximizes my payoff given their strategy.  \nACTION: DEFECT",
    "THINKING: The opponent has consistently defected in all 17 previous rounds, showing no willingness to cooperate. To maximize my payoff against such a strategy, I should also defect.\n\nACTION: DEFECT",
    "THINKING: The opponent has consistently defected in all previous rounds, showing no intention to cooperate. Cooperating would only result in zero payoff for me, while defecting ensures I get at least some payoff.  \n\nACTION: DEFECT",
    "THINKING: The opponent has consistently defected in all prior rounds, showing no indication of willingness to cooperate. Defecting maximizes my payoff given their predictable strategy.\n\nACTION: DEFECT",
    "THINKING: The opponent has consistently defected in all 20 rounds, and their cooperation rate is 0%. Cooperating would result in a guaranteed loss, so the rational choice is to defect to maximize my payoff.\n\nACTION: DEFECT",
    "THINKING: The opponent has consistently defected in every round so far, and their cooperation rate is 0%. Continuing to cooperate would result in a guaranteed loss, so defecting is the only rational choice to minimize losses.\n\nACTION: DEFECT",
    "THINKING: The opponent has consistently defected every round, showing no intention to cooperate. Defecting maximizes my payoff given their behavior.\n\nACTION: DEFECT",
    "THINKING: The opponent has consistently defected in all prior rounds and shows no indication of changing their strategy. Cooperating would result in a guaranteed loss, so defecting ensures a minimal payoff.\n\nACTION: DEFECT",
    "THINKING: The opponent has consistently defected in every round, showing no willingness to cooperate. Continuing to cooperate would only result in a lower payoff for me. To maximize my payoff, I should defect as well.  \nACTION: DEFECT",
    "THINKING: Given that the opponent has consistently defected in all 25 previous rounds and shows no intention of cooperating, cooperating would only result in a loss for me. Defecting minimizes my losses in this scenario.  \nACTION: DEFECT  ",
    "THINKING: The opponent has consistently defected in all 26 rounds, showing a clear strategy of always defecting. Cooperating would result in a guaranteed loss for me, so defecting is the rational choice to maximize my payoff.\n\nACTION: DEFECT",
    "THINKING: The opponent has defected every round, demonstrating a consistent strategy that does not reward cooperation. Defecting is the optimal choice to avoid being exploited further.  \n\nACTION: DEFECT",
    "THINKING: The Opponent has consistently defected in every round, with a cooperation rate of 0%. Since cooperating would only result in a worse outcome for me and there is no indication that the Opponent will change their strategy, I should defect to maximize my payoff.\n\nACTION: DEFECT",
    "THINKING: The opponent has consistently defected in all previous rounds, showing no intention to cooperate. Defecting maximizes my payoff against their strategy.  \n\nACTION: DEFECT"
  ]
}