{
  "experiment": "exp6_baseline",
  "game": "prisoners_dilemma",
  "provider": "deepseek",
  "baseline": "Extort2",
  "trial": 2,
  "rounds": 30,
  "payoff": 40,
  "coop_rate": 0.26666666666666666,
  "llm_history": [
    "COOPERATE",
    "COOPERATE",
    "COOPERATE",
    "COOPERATE",
    "COOPERATE",
    "COOPERATE",
    "COOPERATE",
    "COOPERATE",
    "DEFECT",
    "DEFECT",
    "DEFECT",
    "DEFECT",
    "DEFECT",
    "DEFECT",
    "DEFECT",
    "DEFECT",
    "DEFECT",
    "DEFECT",
    "DEFECT",
    "DEFECT",
    "DEFECT",
    "DEFECT",
    "DEFECT",
    "DEFECT",
    "DEFECT",
    "DEFECT",
    "DEFECT",
    "DEFECT",
    "DEFECT",
    "DEFECT"
  ],
  "opp_history": [
    "COOPERATE",
    "COOPERATE",
    "COOPERATE",
    "COOPERATE",
    "COOPERATE",
    "COOPERATE",
    "DEFECT",
    "DEFECT",
    "DEFECT",
    "DEFECT",
    "DEFECT",
    "DEFECT",
    "DEFECT",
    "DEFECT",
    "DEFECT",
    "DEFECT",
    "DEFECT",
    "DEFECT",
    "DEFECT",
    "DEFECT",
    "DEFECT",
    "DEFECT",
    "DEFECT",
    "DEFECT",
    "DEFECT",
    "DEFECT",
    "DEFECT",
    "DEFECT",
    "DEFECT",
    "DEFECT"
  ],
  "llm_responses": [
    "THINKING: This is the first round with no history, so I'll start by cooperating to signal willingness to cooperate and see how the opponent responds.  \nACTION: COOPERATE",
    "THINKING: The opponent cooperated in round 1, and with no reason to defect yet, cooperating continues the mutual benefit.  \nACTION: COOPERATE",
    "THINKING: Opponent has cooperated both previous rounds, and my cooperation rate is 100%. Continuing to cooperate builds trust and mutual benefit in a repeated game.  \nACTION: COOPERATE",
    "THINKING: The opponent has cooperated 100% of the time so far, and mutual cooperation yields the best long-term payoff in a repeated game. Defecting now could trigger retaliation and reduce future gains.  \nACTION: COOPERATE",
    "THINKING: The opponent has cooperated 100% of the time so far, and my total payoff is currently zero because I've been cooperating while they have been too. Continuing to cooperate maintains mutual benefit and high payoffs.\n\nACTION: COOPERATE",
    "THINKING: The opponent has cooperated every round so far, and my cooperation rate is 100%. Continuing to cooperate maintains mutual high payoff and builds trust for future rounds.\n\nACTION: COOPERATE",
    "THINKING: The opponent has cooperated 100% of the time so far, and mutual cooperation yields a good payoff. Defecting now risks breaking this beneficial pattern.\n\nACTION: COOPERATE",
    "THINKING: The opponent has a high cooperation rate (86%) and a recent pattern of being highly cooperative, despite defecting last round. Given my total payoff is currently zero, I should aim to rebuild mutual cooperation to improve my score.  \n\nACTION: COOPERATE",
    "THINKING: My opponent has cooperated 75% of the time but just defected last round. Since my total payoff is 0, I need to be less forgiving to avoid exploitation. A conditional cooperator might return to cooperating if I punish their defection.\n\nACTION: DEFECT",
    "THINKING: The opponent has a 67% cooperation rate but just defected last round, suggesting possible tit-for-tat or testing behavior. My high cooperation rate (89%) may be exploited, so defecting now can protect against further exploitation while still allowing future cooperation.\n\nACTION: DEFECT",
    "THINKING: The opponent has a 60% cooperation rate but just defected last round, suggesting they may be testing my response. My high cooperation rate (80%) might be exploited, so I should defect to signal I won't tolerate defection.\n\nACTION: DEFECT",
    "THINKING: The opponent has a mixed pattern but recently defected, and my total payoff is currently zero, so I need to be more cautious to avoid exploitation.  \nACTION: DEFECT",
    "THINKING: The opponent has been defecting recently and has a lower cooperation rate than me, so continuing to cooperate is likely to result in a poor payoff for me.  \nACTION: DEFECT",
    "THINKING: The opponent has been defecting more often than cooperating recently, and my total payoff is currently zero, so continuing to cooperate seems unlikely to improve my score.  \nACTION: DEFECT",
    "THINKING: The opponent has been defecting recently and has a lower cooperation rate than me, so continuing to cooperate is likely to lead to a poor payoff for me.  \nACTION: DEFECT",
    "THINKING: The opponent has a low cooperation rate and is currently in a pattern of always defecting, so cooperating now would likely result in a poor payoff for me.  \n\nACTION: DEFECT",
    "THINKING: The opponent has been defecting consistently recently, and my total payoff is currently zero, so cooperating again is unlikely to be rewarded.  \nACTION: DEFECT",
    "THINKING: The opponent has been defecting consistently recently and has a low overall cooperation rate, so cooperating now is unlikely to be reciprocated.  \nACTION: DEFECT",
    "THINKING: The opponent has been defecting consistently recently, and with a low overall cooperation rate, continuing to cooperate is unlikely to change their behavior or improve my payoff.  \nACTION: DEFECT",
    "THINKING: The opponent has been defecting consistently recently, and their overall cooperation rate is low, so cooperating now is likely to result in a poor payoff for me.  \nACTION: DEFECT",
    "THINKING: The opponent has a low cooperation rate and is currently in a pattern of always defecting, so defecting is the rational choice to avoid being exploited.  \nACTION: DEFECT",
    "THINKING: The opponent has been defecting consistently, and my cooperation rate is already low, so cooperating now would likely just give them another high payoff at my expense.  \nACTION: DEFECT",
    "THINKING: The opponent has a low cooperation rate and is currently in a pattern of always defecting, so cooperating now would likely result in a poor payoff for me.  \nACTION: DEFECT",
    "THINKING: The opponent has a low cooperation rate and recently always defects, so cooperating now would likely result in a payoff of 0. Defecting ensures at least 1 point and matches their expected move.  \nACTION: DEFECT",
    "THINKING: The opponent has a low cooperation rate and is currently always defecting, so cooperating now would likely result in a poor payoff for me.  \nACTION: DEFECT",
    "THINKING: The opponent has a low cooperation rate and recently always defects, so cooperating now would likely result in a payoff of 0. Defecting ensures at least 1 point and matches their expected move.  \nACTION: DEFECT",
    "THINKING: The opponent has been defecting consistently, and my cooperation hasn't led to mutual gains. Defecting now is the rational choice to avoid exploitation.  \nACTION: DEFECT",
    "THINKING: The opponent has a very low cooperation rate and is currently always defecting, so cooperating now would likely result in a loss for me.  \nACTION: DEFECT",
    "THINKING: The opponent has been defecting consistently, and my cooperation has yielded zero payoff so far. Continuing to cooperate is unlikely to change their behavior, so I should defect to minimize further losses.  \nACTION: DEFECT",
    "THINKING: The opponent has been defecting consistently, and my cooperation has not encouraged any change. To maximize my payoff in this round, I should defect as well.  \nACTION: DEFECT"
  ]
}