{
  "experiment": "exp6_baseline",
  "game": "prisoners_dilemma",
  "provider": "openai",
  "baseline": "GrimTrigger",
  "trial": 16,
  "rounds": 30,
  "payoff": 90,
  "coop_rate": 1.0,
  "llm_history": [
    "COOPERATE",
    "COOPERATE",
    "COOPERATE",
    "COOPERATE",
    "COOPERATE",
    "COOPERATE",
    "COOPERATE",
    "COOPERATE",
    "COOPERATE",
    "COOPERATE",
    "COOPERATE",
    "COOPERATE",
    "COOPERATE",
    "COOPERATE",
    "COOPERATE",
    "COOPERATE",
    "COOPERATE",
    "COOPERATE",
    "COOPERATE",
    "COOPERATE",
    "COOPERATE",
    "COOPERATE",
    "COOPERATE",
    "COOPERATE",
    "COOPERATE",
    "COOPERATE",
    "COOPERATE",
    "COOPERATE",
    "COOPERATE",
    "COOPERATE"
  ],
  "opp_history": [
    "COOPERATE",
    "COOPERATE",
    "COOPERATE",
    "COOPERATE",
    "COOPERATE",
    "COOPERATE",
    "COOPERATE",
    "COOPERATE",
    "COOPERATE",
    "COOPERATE",
    "COOPERATE",
    "COOPERATE",
    "COOPERATE",
    "COOPERATE",
    "COOPERATE",
    "COOPERATE",
    "COOPERATE",
    "COOPERATE",
    "COOPERATE",
    "COOPERATE",
    "COOPERATE",
    "COOPERATE",
    "COOPERATE",
    "COOPERATE",
    "COOPERATE",
    "COOPERATE",
    "COOPERATE",
    "COOPERATE",
    "COOPERATE",
    "COOPERATE"
  ],
  "llm_responses": [
    "THINKING: Since there is no history to analyze, I will start by cooperating to establish trust and potentially encourage mutual cooperation. This can maximize long-term payoffs if the opponent reciprocates.  \nACTION: COOPERATE  ",
    "THINKING: Since the opponent has cooperated in the first round and currently has a 100% cooperation rate, continuing to cooperate could maintain mutual trust and maximize long-term payoffs. Defecting now risks breaking trust early in the game.  \nACTION: COOPERATE  ",
    "THINKING: Both I and the Opponent have cooperated consistently so far, leading to mutual benefit. Maintaining cooperation maximizes long-term payoffs in this situation.\n\nACTION: COOPERATE",
    "THINKING: Both my cooperation rate and the opponent's cooperation rate are 100%, indicating mutual trust and a highly cooperative dynamic so far. Defecting might jeopardize this trust and lead to lower overall payoffs in future rounds. \n\nACTION: COOPERATE",
    "THINKING: Both I and the Opponent have cooperated consistently so far, which has led to mutual trust and higher payoffs. Breaking this pattern by defecting risks damaging the trust and reducing potential future payoffs.\n\nACTION: COOPERATE",
    "THINKING: Both my opponent and I have maintained perfect cooperation so far, ensuring maximum mutual payoff. Breaking this trust by defecting now would likely harm future cooperation and reduce long-term payoffs.\n\nACTION: COOPERATE",
    "THINKING: Both my cooperation and the opponent's cooperation rates are 100%, and the opponent has shown a consistent pattern of cooperation. Maintaining mutual cooperation yields the highest long-term payoff for both parties. \n\nACTION: COOPERATE",
    "THINKING: The opponent has shown consistent cooperation in every round, and mutual cooperation maximizes the payoff for both sides. Defecting now would break the trust and likely lead to mutual defection in future rounds, lowering overall payoffs.\n\nACTION: COOPERATE",
    "THINKING: The opponent has been consistently cooperative, and mutual cooperation yields a higher payoff than mutual defection. Given my 100% cooperation rate and the opponent's trustworthiness, continuing to cooperate maintains trust and maximizes long-term gains.\n\nACTION: COOPERATE",
    "THINKING: The opponent has consistently cooperated in all previous rounds, resulting in mutual benefit. Maintaining cooperation ensures continued high payoffs for both parties and preserves trust.  \nACTION: COOPERATE  ",
    "THINKING: Both I and the opponent have consistently cooperated in all previous rounds, leading to a stable and mutually beneficial outcome. Breaking this trust by defecting could risk future cooperation and reduce long-term payoffs.\n\nACTION: COOPERATE",
    "THINKING: Both I and the opponent have been fully cooperative so far, leading to a mutually beneficial outcome. Breaking this trust by defecting could harm the long-term payoff and ruin the cooperative dynamic. \n\nACTION: COOPERATE",
    "THINKING: Both I and the Opponent have consistently cooperated for all 12 rounds, and the Opponent has shown a highly cooperative pattern. Continuing cooperation maximizes mutual benefit and maintains trust.  \nACTION: COOPERATE  ",
    "THINKING: Both I and the Opponent have cooperated 100% of the time so far, suggesting mutual trust and a highly cooperative dynamic. Defecting now would break that trust and likely lead to worse long-term payoffs if the Opponent retaliates. \n\nACTION: COOPERATE",
    "THINKING: The opponent has been fully cooperative across all rounds, and mutual cooperation provides the highest collective payoff. Defecting now would break trust and harm the long-term outcome.\n\nACTION: COOPERATE",
    "THINKING: The opponent has been fully cooperative throughout all previous rounds, which suggests a highly trustworthy and consistent behavior. To maintain mutual benefit and avoid jeopardizing the cooperative equilibrium, I should continue cooperating.\n\nACTION: COOPERATE",
    "THINKING: Both you and the opponent have been highly cooperative throughout all previous rounds. Breaking the trust at this stage could jeopardize the established pattern and lead to lower long-term payoffs. Maintaining cooperation ensures mutual benefit.  \n\nACTION: COOPERATE",
    "THINKING: Both I and my opponent have consistently cooperated throughout the game, resulting in maximum mutual payoffs. Since there is no indication that my opponent will deviate from this cooperative strategy, continuing to cooperate is the rational choice to maintain mutual benefit.  \nACTION: COOPERATE",
    "THINKING: Both you and your opponent have maintained 100% cooperation thus far, resulting in mutual benefit. Breaking this pattern by defecting could harm trust and lead to lower payoffs in future rounds. \n\nACTION: COOPERATE",
    "THINKING: The opponent has consistently cooperated in every round, resulting in a mutually beneficial outcome. Defecting now risks losing trust and disrupting the cooperative dynamic, which could lead to lower payoffs in future rounds.  \nACTION: COOPERATE  ",
    "THINKING: The opponent has demonstrated perfect cooperation so far, with a 100% cooperation rate. Maintaining cooperation ensures mutual benefit, while defecting risks breaking trust and reducing future payoffs.\n\nACTION: COOPERATE",
    "THINKING: The opponent has shown a consistent and reliable cooperative pattern, and mutual cooperation yields a higher payoff than defection in the long term. Maintaining cooperation aligns with maximizing joint payoffs and preserving trust.\n\nACTION: COOPERATE",
    "THINKING: The opponent has demonstrated consistent cooperation across all 22 rounds, leading to mutual high payoffs. Defecting now would break trust and likely result in lower payoffs in future rounds.  \n\nACTION: COOPERATE",
    "THINKING: The Opponent has shown consistent cooperation throughout the game (100% cooperation rate). Defecting now could break mutual trust and jeopardize long-term payoffs, while cooperating maintains the mutually beneficial dynamic.  \n\nACTION: COOPERATE",
    "THINKING: Both you and your opponent have consistently cooperated throughout the game, leading to mutual high payoffs. Maintaining cooperation maximizes long-term benefits and avoids jeopardizing the established trust.  \n\nACTION: COOPERATE",
    "THINKING: Both you and your opponent have maintained perfect cooperation throughout the game. Defecting now would break the trust and likely lead to a worse payoff in future rounds. Continuing to cooperate maximizes mutual benefits.  \n\nACTION: COOPERATE",
    "THINKING: The opponent has shown consistent cooperation for all 26 rounds, and mutual cooperation maximizes both players' payoffs. Maintaining cooperation ensures ongoing trust and optimal outcomes.  \nACTION: COOPERATE  ",
    "THINKING: The opponent has consistently cooperated in all previous rounds, and both of us have a 100% cooperation rate so far, maximizing mutual payoffs. It is in my best interest to maintain mutual trust and cooperation.  \nACTION: COOPERATE",
    "THINKING: Opponent has consistently cooperated in all rounds, resulting in mutual high payoffs. Defecting now would break trust and potentially lead to a worse long-term outcome if the opponent changes their strategy. \n\nACTION: COOPERATE",
    "THINKING: The opponent has been highly cooperative across all rounds, showing a clear pattern of mutual cooperation. Defecting now would break the trust established and likely lead to suboptimal outcomes in future rounds.\n\nACTION: COOPERATE"
  ]
}