{
  "experiment": "exp6_baseline",
  "game": "prisoners_dilemma",
  "provider": "openai",
  "baseline": "Extort2",
  "trial": 19,
  "rounds": 30,
  "payoff": 84,
  "coop_rate": 1.0,
  "llm_history": [
    "COOPERATE",
    "COOPERATE",
    "COOPERATE",
    "COOPERATE",
    "COOPERATE",
    "COOPERATE",
    "COOPERATE",
    "COOPERATE",
    "COOPERATE",
    "COOPERATE",
    "COOPERATE",
    "COOPERATE",
    "COOPERATE",
    "COOPERATE",
    "COOPERATE",
    "COOPERATE",
    "COOPERATE",
    "COOPERATE",
    "COOPERATE",
    "COOPERATE",
    "COOPERATE",
    "COOPERATE",
    "COOPERATE",
    "COOPERATE",
    "COOPERATE",
    "COOPERATE",
    "COOPERATE",
    "COOPERATE",
    "COOPERATE",
    "COOPERATE"
  ],
  "opp_history": [
    "COOPERATE",
    "COOPERATE",
    "COOPERATE",
    "COOPERATE",
    "COOPERATE",
    "COOPERATE",
    "DEFECT",
    "COOPERATE",
    "COOPERATE",
    "COOPERATE",
    "COOPERATE",
    "COOPERATE",
    "DEFECT",
    "COOPERATE",
    "COOPERATE",
    "COOPERATE",
    "COOPERATE",
    "COOPERATE",
    "COOPERATE",
    "COOPERATE",
    "COOPERATE",
    "COOPERATE",
    "COOPERATE",
    "COOPERATE",
    "COOPERATE",
    "COOPERATE",
    "COOPERATE",
    "COOPERATE",
    "COOPERATE",
    "COOPERATE"
  ],
  "llm_responses": [
    "THINKING: Since this is the first round and there is no history or pattern to analyze, cooperating can help establish trust and encourage mutual cooperation in future rounds, which leads to higher payoffs over time.  \nACTION: COOPERATE  ",
    "THINKING: Both I and the Opponent have cooperated in the first round, and they have a 100% cooperation rate so far. To build trust and maintain mutual benefits, it is strategic to continue cooperating.\n\nACTION: COOPERATE",
    "THINKING: The opponent has consistently cooperated, and mutual cooperation yields the highest collective payoff. Defecting now risks breaking trust and reducing long-term payoffs.\n\nACTION: COOPERATE",
    "THINKING: The opponent has consistently cooperated in all previous rounds, and maintaining cooperation maximizes long-term payoffs for both players. Defecting now would break trust and likely lead to mutual defection in future rounds, reducing overall payoffs.  \n\nACTION: COOPERATE",
    "THINKING: Both my opponent and I have maintained a 100% cooperation rate, which has been mutually beneficial thus far. Defecting now would risk breaking the trust and reducing future payoffs in a repeated game setting. \n\nACTION: COOPERATE",
    "THINKING: So far, both I and the Opponent have maintained perfect cooperation, leading to optimal joint payoffs. Breaking this trust by defecting would harm the relationship and could trigger retaliation in future rounds, reducing long-term payoffs.  \n\nACTION: COOPERATE",
    "THINKING: The opponent has shown consistent cooperation in all rounds, and mutual cooperation yields a higher long-term payoff compared to defecting and risking mutual defection. Maintaining cooperation encourages trust and stability in the game.\n\nACTION: COOPERATE",
    "THINKING: The opponent has been highly cooperative overall, but defected in the last round. Since mutual cooperation yields the highest payoff, I will risk cooperating again to encourage trust and return to a cooperative pattern. \n\nACTION: COOPERATE",
    "THINKING: The opponent has shown a high level of cooperation (88%), and mutual cooperation yields the best long-term payoff. Breaking the trust now could ruin the cooperative dynamic and result in lower payoffs in future rounds.  \nACTION: COOPERATE",
    "THINKING: Given the opponent's high cooperation rate (89%) and consistent cooperative behavior, defecting could disrupt mutual benefits. Cooperating maximizes the chance of continuing a cooperative relationship and achieving higher payoffs in subsequent rounds.  \n\nACTION: COOPERATE",
    "THINKING: The opponent has displayed high cooperation throughout the game, with a 90% cooperation rate and recent cooperative behavior. Maintaining mutual cooperation maximizes both players' payoffs in the long run.  \n\nACTION: COOPERATE",
    "THINKING: The opponent has been highly cooperative (91%) and has consistently cooperated in the last round. Defecting now could break the trust and lead to lower payoffs in subsequent rounds. Cooperation maximizes mutual benefit in the long run.  \n\nACTION: COOPERATE",
    "THINKING: The opponent has displayed a highly cooperative pattern (92% cooperation rate) and cooperated in the last round. Maintaining mutual cooperation is likely to yield the best long-term payoff for both players. Defecting could risk breaking mutual trust.\n\nACTION: COOPERATE",
    "THINKING: The opponent has been highly cooperative overall (85%) but defected in the last round, possibly testing me or shifting strategy. To maintain trust and encourage mutual cooperation, I will cooperate this round.  \nACTION: COOPERATE",
    "THINKING: The opponent has been highly cooperative, with an 86% cooperation rate, and cooperated in the last round. Maintaining cooperation will likely maximize long-term payoffs and encourage mutual trust. Defecting could risk damaging the cooperative dynamic.  \nACTION: COOPERATE",
    "THINKING: The opponent has been highly cooperative (87% cooperation rate) and cooperated in the last round. Maintaining cooperation will likely encourage mutual benefit and maximize long-term payoffs. \n\nACTION: COOPERATE",
    "THINKING: The opponent has been highly cooperative, with an 88% cooperation rate, and cooperated in the last round. To maintain mutual trust and maximize long-term payoffs, it is beneficial to reciprocate cooperation.  \nACTION: COOPERATE",
    "THINKING: The opponent has shown a high cooperation rate (88%) and cooperated in the previous round. Sustaining mutual cooperation will maximize both our payoffs, and defecting could risk breaking the cooperative dynamic.\n\nACTION: COOPERATE",
    "THINKING: The opponent has been highly cooperative (89% cooperation rate) and cooperated in the last round. Maintaining cooperation is likely to maximize long-term payoffs in this repeated game. Defecting now could disrupt the trust and lead to lower payoffs in future rounds.  \n\nACTION: COOPERATE",
    "THINKING: The opponent has been highly cooperative (89% cooperation rate), and their last action was to cooperate. Maintaining mutual cooperation maximizes long-term payoffs in this scenario. Defecting risks breaking the trust and the beneficial dynamic.\n\nACTION: COOPERATE",
    "THINKING: The opponent has demonstrated a highly cooperative pattern (90% cooperation rate), and mutual cooperation yields the highest payoff for both parties. Maintaining cooperation may encourage continued mutual benefits.  \n\nACTION: COOPERATE",
    "THINKING: The opponent has been highly cooperative (90%), and mutual cooperation yields a higher payoff (3 each). Defecting risks breaking trust and losing potential future cooperative payoffs.  \n\nACTION: COOPERATE",
    "THINKING: The opponent has been highly cooperative, with a 91% cooperation rate, and cooperated in the last round. Maintaining mutual cooperation maximizes long-term payoffs in repeated games. I will continue cooperating to encourage trust and collaboration.  \nACTION: COOPERATE",
    "THINKING: The opponent has been highly cooperative (91% cooperation rate) and cooperated in the previous round. Defecting now could harm the mutual trust and reduce long-term payoffs in this repeated game. Maintaining cooperation aligns with maximizing mutual benefits.\n\nACTION: COOPERATE",
    "THINKING: The opponent has been highly cooperative, with a 92% cooperation rate, and they cooperated in the last round. Defecting now risks breaking trust and reducing future payoffs in this repeated game. Cooperation aligns with maximizing long-term mutual benefit.  \n\nACTION: COOPERATE",
    "THINKING: Since the Opponent has been highly cooperative with a 92% cooperation rate and their most recent action was to cooperate, maintaining mutual cooperation maximizes long-term payoffs. Defecting now could disrupt the trust and lead to worse outcomes.  \nACTION: COOPERATE",
    "THINKING: The opponent has been highly cooperative with a 92% cooperation rate, and their last action was to cooperate. Continuing to cooperate is likely to sustain mutual benefit, as defecting could risk disrupting this cooperative dynamic.  \nACTION: COOPERATE",
    "THINKING: The opponent has been highly cooperative, with a 93% cooperation rate, and cooperated in the last round. Maintaining mutual cooperation maximizes overall payoffs in the long term. Defecting now would risk breaking the trust and damaging future rounds. \n\nACTION: COOPERATE",
    "THINKING: The opponent has shown a highly cooperative pattern, with a cooperation rate of 93%. Continuing to cooperate maximizes long-term payoffs and maintains mutual trust.  \nACTION: COOPERATE  ",
    "THINKING: The opponent has been highly cooperative, with a 93% cooperation rate and their last action was cooperation. Defecting risks breaking mutual trust and reducing long-term payoffs.\n\nACTION: COOPERATE"
  ]
}