{
  "experiment": "exp6_baseline",
  "game": "prisoners_dilemma",
  "provider": "openai",
  "baseline": "AlwaysDefect",
  "trial": 18,
  "rounds": 30,
  "payoff": 29,
  "coop_rate": 0.03333333333333333,
  "llm_history": [
    "COOPERATE",
    "DEFECT",
    "DEFECT",
    "DEFECT",
    "DEFECT",
    "DEFECT",
    "DEFECT",
    "DEFECT",
    "DEFECT",
    "DEFECT",
    "DEFECT",
    "DEFECT",
    "DEFECT",
    "DEFECT",
    "DEFECT",
    "DEFECT",
    "DEFECT",
    "DEFECT",
    "DEFECT",
    "DEFECT",
    "DEFECT",
    "DEFECT",
    "DEFECT",
    "DEFECT",
    "DEFECT",
    "DEFECT",
    "DEFECT",
    "DEFECT",
    "DEFECT",
    "DEFECT"
  ],
  "opp_history": [
    "DEFECT",
    "DEFECT",
    "DEFECT",
    "DEFECT",
    "DEFECT",
    "DEFECT",
    "DEFECT",
    "DEFECT",
    "DEFECT",
    "DEFECT",
    "DEFECT",
    "DEFECT",
    "DEFECT",
    "DEFECT",
    "DEFECT",
    "DEFECT",
    "DEFECT",
    "DEFECT",
    "DEFECT",
    "DEFECT",
    "DEFECT",
    "DEFECT",
    "DEFECT",
    "DEFECT",
    "DEFECT",
    "DEFECT",
    "DEFECT",
    "DEFECT",
    "DEFECT",
    "DEFECT"
  ],
  "llm_responses": [
    "THINKING: Since this is the first round and there is no prior history, cooperating is a good strategy to establish trust and potentially encourage mutual cooperation in future rounds. It minimizes risk in the absence of information about the opponent's strategy.  \nACTION: COOPERATE  ",
    "THINKING: The opponent defected in the first round, indicating a lack of cooperation. To avoid being exploited and to test whether they will change their behavior, I will defect this round.\n\nACTION: DEFECT",
    "THINKING: The opponent has consistently defected so far (0% cooperation rate), signaling no incentive to cooperate. To maximize my payoff under these conditions, it is rational to defect as well.\n\nACTION: DEFECT",
    "THINKING: Since the Opponent has consistently defected in all rounds so far (0% cooperation rate), cooperating would only result in a loss for me. Defecting minimizes my losses in this scenario.  \nACTION: DEFECT",
    "THINKING: The opponent has consistently defected in all previous rounds, showing no intention to cooperate. To maximize my payoff in this situation, the rational choice is to defect as well.\n\nACTION: DEFECT",
    "THINKING: The opponent has consistently defected in every round, and their cooperation rate is 0%. Cooperating would only result in a lower payoff for me, as they are not reciprocating. Defecting maximizes my payoff under these conditions.  \n\nACTION: DEFECT",
    "THINKING: The opponent has consistently defected in all previous rounds, showing no willingness to cooperate. Defecting is the rational choice to minimize losses and avoid being exploited again.  \nACTION: DEFECT",
    "THINKING: The opponent has consistently defected in every round, showing no intention to cooperate. To maximize my payoff and avoid exploitation, I should continue to defect.  \n\nACTION: DEFECT",
    "THINKING: Since the opponent has consistently defected in all previous rounds, cooperating would only result in a loss for me. To maximize my payoff, I should defect as well.  \nACTION: DEFECT",
    "THINKING: The opponent has consistently defected in all previous rounds, showing no willingness to cooperate. To maximize my payoff, I should also defect, as cooperating would only result in a lower score for me.\n\nACTION: DEFECT",
    "THINKING: The opponent has consistently defected in all previous rounds, showing no intention to cooperate. Cooperating would result in a worse payoff for me, while defecting ensures I at least gain 1 point.  \nACTION: DEFECT  ",
    "THINKING: Based on the opponent's history of always defecting and a cooperation rate of 0%, cooperating will consistently lead to a suboptimal payoff for me. Defecting is the only rational choice to avoid being exploited.  \nACTION: DEFECT",
    "THINKING: The opponent has consistently defected in all previous rounds, showing no intention to cooperate. Continuing to cooperate would only result in a lower payoff for me.\n\nACTION: DEFECT",
    "THINKING: The opponent has consistently defected in every round, showing no intention of cooperating. To maximize my payoff, the best response against a consistently defecting opponent is to defect as well.  \n\nACTION: DEFECT",
    "THINKING: Since the Opponent has consistently defected in all previous rounds and has a 0% cooperation rate, cooperating would only result in a payoff of 0 for me while benefiting the Opponent. Defecting ensures I at least secure a payoff of 1.  \n\nACTION: DEFECT",
    "THINKING: The opponent has consistently defected in all 15 rounds, and their cooperation rate is 0%. Given the payoff matrix, defecting is the only rational choice to avoid being exploited.  \n\nACTION: DEFECT",
    "THINKING: The opponent has consistently defected in all rounds, and there is no indication they will change their behavior. Cooperating would only result in a worse payoff for me. \n\nACTION: DEFECT",
    "THINKING: The opponent has consistently defected in every round (0% cooperation rate). Cooperating in this scenario would only result in a guaranteed loss for me, so the rational choice is to defect to avoid being exploited.  \nACTION: DEFECT",
    "THINKING: Opponent has consistently defected in all previous rounds, showing no intention to cooperate. Defecting maximizes my payoff under these circumstances.  \nACTION: DEFECT",
    "THINKING: The opponent has consistently defected in every round, showing no inclination to cooperate. Given the payoff matrix, defecting is the rational choice to avoid being exploited and to maximize my payoff.\n\nACTION: DEFECT",
    "THINKING: The opponent has consistently defected in every round, indicating a clear strategy of not cooperating. Given their history and lack of trustworthiness, it would not be rational to cooperate as it only results in a worse payoff for me.\n\nACTION: DEFECT",
    "THINKING: The opponent has consistently defected in all previous rounds, showing no signs of cooperation. Given their unchanging strategy, defecting is the rational choice to maximize my own payoff.\n\nACTION: DEFECT",
    "THINKING: The opponent has always defected in all previous rounds, and cooperating would lead to a guaranteed loss of payoff. Defecting is the only rational choice to maximize my payoff.  \nACTION: DEFECT  ",
    "THINKING: The opponent has consistently defected in every round (0% cooperation rate), and cooperating against a guaranteed defection would result in a payoff of 0 for me. Defecting is the only rational choice to maximize my payoff under these circumstances.\n\nACTION: DEFECT",
    "THINKING: The opponent has consistently defected in every round, indicating a strategy not aimed at mutual benefit. Defecting maximizes my payoff given their predictable behavior.  \n\nACTION: DEFECT",
    "THINKING: My opponent has a consistent pattern of always defecting, and cooperating would result in a guaranteed loss for me. To maximize my payoff, I should also defect.  \n\nACTION: DEFECT",
    "THINKING: The opponent has consistently defected in every round, showing no intention to cooperate. Defecting maximizes my payoff under these circumstances.  \n\nACTION: DEFECT",
    "THINKING: Given the opponent's consistent defection (0% cooperation rate) and my extremely low payoff due to cooperating only 4% of the time, the rational strategy is to defect to avoid being exploited further. There's no evidence that my cooperation will change their behavior.  \n\nACTION: DEFECT",
    "THINKING: The opponent has consistently defected in all 28 rounds, indicating a clear strategy of non-cooperation. Given the payoff matrix, cooperating would result in a guaranteed loss, so defecting is the only rational choice to minimize losses.\n\nACTION: DEFECT",
    "THINKING: Based on the opponent's consistent behavior of always defecting (0% cooperation rate), cooperating will only result in a loss for me while benefiting the opponent. Defecting is the only rational choice to minimize losses.  \nACTION: DEFECT"
  ]
}