{
  "experiment": "exp6_baseline",
  "game": "prisoners_dilemma",
  "provider": "deepseek",
  "baseline": "Extort2",
  "trial": 25,
  "rounds": 30,
  "payoff": 84,
  "coop_rate": 0.8,
  "llm_history": [
    "COOPERATE",
    "COOPERATE",
    "COOPERATE",
    "COOPERATE",
    "DEFECT",
    "DEFECT",
    "COOPERATE",
    "DEFECT",
    "DEFECT",
    "DEFECT",
    "COOPERATE",
    "COOPERATE",
    "COOPERATE",
    "COOPERATE",
    "COOPERATE",
    "COOPERATE",
    "COOPERATE",
    "COOPERATE",
    "COOPERATE",
    "COOPERATE",
    "COOPERATE",
    "COOPERATE",
    "DEFECT",
    "COOPERATE",
    "COOPERATE",
    "COOPERATE",
    "COOPERATE",
    "COOPERATE",
    "COOPERATE",
    "COOPERATE"
  ],
  "opp_history": [
    "COOPERATE",
    "COOPERATE",
    "COOPERATE",
    "COOPERATE",
    "COOPERATE",
    "COOPERATE",
    "COOPERATE",
    "COOPERATE",
    "COOPERATE",
    "COOPERATE",
    "DEFECT",
    "COOPERATE",
    "COOPERATE",
    "COOPERATE",
    "DEFECT",
    "COOPERATE",
    "COOPERATE",
    "COOPERATE",
    "COOPERATE",
    "COOPERATE",
    "DEFECT",
    "DEFECT",
    "COOPERATE",
    "DEFECT",
    "COOPERATE",
    "COOPERATE",
    "COOPERATE",
    "COOPERATE",
    "COOPERATE",
    "DEFECT"
  ],
  "llm_responses": [
    "THINKING: This is the first round with no history, so I'll start with cooperation to signal willingness to cooperate and see how the opponent responds.  \nACTION: COOPERATE",
    "THINKING: The opponent cooperated in the first round, and both cooperation rates are 100%. Starting with mutual cooperation is beneficial, so I'll continue cooperating to build trust and maximize long-term payoff.  \nACTION: COOPERATE",
    "THINKING: Opponent has cooperated both previous rounds, and my cooperation rate is 100%. Continuing to cooperate builds trust and mutual payoff in this repeated game.  \nACTION: COOPERATE",
    "THINKING: The opponent has cooperated 100% of the time so far, and mutual cooperation yields a good payoff. Defecting now could break the trust and reduce future gains.\n\nACTION: COOPERATE",
    "THINKING: The opponent has cooperated 100% of the time so far, and my total payoff is currently zero, meaning I have been cooperating while they have been defecting in previous rounds (since the history says 4 rounds, last opponent action cooperate, but my payoff is 0). This suggests the opponent may be playing \"Tit for Tat\" or similar, but my payoff indicates they defected earlier. To test their response and maximize payoff, I will defect now.\n\nACTION: DEFECT",
    "THINKING: The opponent has cooperated 100% of the time so far, and my high cooperation rate (80%) has yielded a total payoff of 0, meaning I've been exploited. To improve my score, I should defect now to claim a higher payoff while they are still likely to cooperate.\n\nACTION: DEFECT",
    "THINKING: The opponent has cooperated 100% of the time so far, and my low total payoff suggests I may have been defecting too often. To maximize long-term payoff, I should match their cooperation to build mutual trust and benefit from the (3,3) outcome.\n\nACTION: COOPERATE",
    "THINKING: The opponent has cooperated 100% of the time so far, and my low total payoff suggests I've been cooperating while they occasionally defect, but the history shows they always cooperated. To maximize my payoff, I should exploit their consistent cooperation by defecting.\n\nACTION: DEFECT",
    "THINKING: The opponent has cooperated 100% of the time so far, making them extremely predictable and exploitable. Defecting now maximizes my payoff for this round.  \nACTION: DEFECT",
    "THINKING: The opponent has cooperated 100% of the time so far, making them extremely predictable and exploitable. Defecting now will maximize my payoff for this round.  \nACTION: DEFECT",
    "THINKING: The opponent has cooperated 100% of the time so far, and my low total payoff suggests I've been defecting too often. To maximize long-term gain against a highly cooperative player, I should cooperate now to build mutual cooperation.\n\nACTION: COOPERATE",
    "THINKING: The opponent has been highly cooperative overall (91%), but they just defected last round. Given my low total payoff, I should try to rebuild cooperation to earn higher mutual payoffs, but also be cautious. A forgiving cooperative move may encourage them to return to cooperating.\n\nACTION: COOPERATE",
    "THINKING: The opponent has been highly cooperative (92% rate), and my total payoff is currently zero, so cooperating now can help build mutual cooperation for higher future payoffs.  \nACTION: COOPERATE",
    "THINKING: The opponent is highly cooperative (92% cooperation rate) and just cooperated last round. My total payoff is currently zero, so cooperating now is likely to yield a positive payoff and maintain mutual cooperation.\n\nACTION: COOPERATE",
    "THINKING: The opponent is highly cooperative (93% rate) and just cooperated last round. My total payoff is currently zero, so cooperating now is likely to yield a positive payoff and maintain mutual cooperation.\n\nACTION: COOPERATE",
    "THINKING: The opponent is highly cooperative overall (87%) and only defected last round, which might be a one-time deviation. Given my total payoff is currently zero, maximizing future cooperation is key, so I should cooperate to restore mutual cooperation.\n\nACTION: COOPERATE",
    "THINKING: The opponent is highly cooperative (88% rate) and just cooperated last round, so cooperating now is likely to yield a mutual payoff of 3 and maintain trust.  \nACTION: COOPERATE",
    "THINKING: The opponent is highly cooperative (88% rate) and just cooperated last round, so cooperating now is likely to yield a high payoff of 3 and maintain mutual cooperation.  \nACTION: COOPERATE",
    "THINKING: The opponent has been highly cooperative (89% rate) and just cooperated last round. My total payoff is currently zero, so I need to maximize my score now. Cooperating likely leads to mutual cooperation, giving me 3 points.\n\nACTION: COOPERATE",
    "THINKING: The opponent has been highly cooperative (89% rate) and just cooperated last round. Cooperating now likely leads to mutual cooperation, which gives a better payoff (3) than mutual defection (1).  \n\nACTION: COOPERATE",
    "THINKING: The opponent is highly cooperative (90% rate) and just cooperated last round. In a repeated Prisoner's Dilemma with a cooperative opponent, mutual cooperation yields the best long-term payoff.  \nACTION: COOPERATE",
    "THINKING: The opponent is highly cooperative overall (86%), but they just defected last round. Given my total payoff is currently zero, I should aim to rebuild mutual cooperation, so I'll respond with cooperation to encourage future cooperation.\n\nACTION: COOPERATE",
    "THINKING: The opponent has a high cooperation rate (82%) and appears to be a conditional cooperator, but they just defected last round. A tit-for-tat response is appropriate to avoid exploitation while signaling willingness to return to cooperation.\n\nACTION: DEFECT",
    "THINKING: Opponent has a high cooperation rate (83%) and just cooperated last round, so cooperating now is likely to lead to mutual cooperation and a payoff of 3. Defecting risks damaging future cooperation for a one-time gain of 5, but given the high opponent cooperation, maintaining trust is more profitable in the long run.  \nACTION: COOPERATE",
    "THINKING: The opponent has a high cooperation rate (79%) but just defected last round, possibly testing my response. Since my cooperation rate is 75%, matching their general cooperative tendency, cooperating now may encourage a return to mutual cooperation for better long-term payoffs.\n\nACTION: COOPERATE",
    "THINKING: Opponent has cooperated 80% of the time and just cooperated last round, so they are likely to cooperate again. My cooperation rate is high, and mutual cooperation yields a better payoff than mutual defection.\n\nACTION: COOPERATE",
    "THINKING: Opponent has a high cooperation rate (81%) and just cooperated last round, indicating they are likely to continue cooperating. My total payoff is currently zero, so cooperating now helps build mutual cooperation for future rounds and improves my score.\n\nACTION: COOPERATE",
    "THINKING: Opponent has cooperated 81% of the time and just cooperated last round, so they are likely to cooperate again. My cooperation rate is high, and mutual cooperation yields a better payoff (3) than mutual defection (1).  \nACTION: COOPERATE",
    "THINKING: With both cooperation rates high and the opponent just cooperating, mutual cooperation yields good payoff. Defecting risks retaliation in final rounds and lowers my score.\n\nACTION: COOPERATE",
    "THINKING: The opponent has a high cooperation rate (83%) and just cooperated last round, suggesting they are generally cooperative. My cooperation rate is also high, so mutual cooperation yields the best long-term payoff per round (3 vs 1 for mutual defection). Given the repeated nature, cooperating now is likely to sustain cooperation.\n\nACTION: COOPERATE"
  ]
}