{
  "experiment": "exp6_baseline",
  "game": "prisoners_dilemma",
  "provider": "deepseek",
  "baseline": "AlwaysCooperate",
  "trial": 11,
  "rounds": 30,
  "payoff": 132,
  "coop_rate": 0.3,
  "llm_history": [
    "COOPERATE",
    "COOPERATE",
    "COOPERATE",
    "COOPERATE",
    "DEFECT",
    "DEFECT",
    "COOPERATE",
    "DEFECT",
    "DEFECT",
    "DEFECT",
    "DEFECT",
    "DEFECT",
    "DEFECT",
    "DEFECT",
    "DEFECT",
    "COOPERATE",
    "DEFECT",
    "DEFECT",
    "DEFECT",
    "COOPERATE",
    "DEFECT",
    "DEFECT",
    "DEFECT",
    "DEFECT",
    "DEFECT",
    "DEFECT",
    "COOPERATE",
    "COOPERATE",
    "DEFECT",
    "DEFECT"
  ],
  "opp_history": [
    "COOPERATE",
    "COOPERATE",
    "COOPERATE",
    "COOPERATE",
    "COOPERATE",
    "COOPERATE",
    "COOPERATE",
    "COOPERATE",
    "COOPERATE",
    "COOPERATE",
    "COOPERATE",
    "COOPERATE",
    "COOPERATE",
    "COOPERATE",
    "COOPERATE",
    "COOPERATE",
    "COOPERATE",
    "COOPERATE",
    "COOPERATE",
    "COOPERATE",
    "COOPERATE",
    "COOPERATE",
    "COOPERATE",
    "COOPERATE",
    "COOPERATE",
    "COOPERATE",
    "COOPERATE",
    "COOPERATE",
    "COOPERATE",
    "COOPERATE"
  ],
  "llm_responses": [
    "THINKING: This is the first round with no history, so I'll start with cooperation to establish a positive baseline and see how the opponent responds.  \nACTION: COOPERATE",
    "THINKING: Since the opponent has cooperated in the first round and there's no reason to defect yet, cooperating continues building mutual trust for potentially higher long-term payoffs.  \nACTION: COOPERATE",
    "THINKING: Opponent has cooperated both previous rounds, and my cooperation rate is 100%. Since it's early in the game, cooperating continues to build trust and encourages mutual cooperation for higher long-term payoffs.  \nACTION: COOPERATE",
    "THINKING: Opponent has been fully cooperative so far, and mutual cooperation yields the highest long-term payoff.  \nACTION: COOPERATE",
    "THINKING: The opponent has cooperated 100% of the time so far, and my total payoff is currently zero because I have always cooperated while they have defected in at least one early round (since my payoff is 0.0 after 4 rounds). To improve my score, I should defect now to capitalize on their consistent cooperation.\n\nACTION: DEFECT",
    "THINKING: The opponent has cooperated 100% of the time so far, and my high cooperation rate (80%) has not been reciprocated with good payoffs for me. I should test their response by defecting to see if they are truly unconditional.\n\nACTION: DEFECT",
    "THINKING: The opponent has cooperated 100% of the time, so they are likely playing a cooperative strategy like Tit-for-Tat or Always Cooperate. Defecting now would give me a higher payoff this round, but could trigger retaliation and reduce future payoffs. Since we are in a repeated game, maintaining mutual cooperation is more profitable in the long run.\n\nACTION: COOPERATE",
    "THINKING: The opponent has cooperated 100% of the time so far, making them highly predictable and exploitable. Defecting now will maximize my payoff for this round without immediate retaliation.\n\nACTION: DEFECT",
    "THINKING: The opponent has cooperated 100% of the time so far, making them extremely predictable and exploitable. Defecting now yields the highest immediate payoff (5) with minimal risk, as they are likely to cooperate again.\n\nACTION: DEFECT",
    "THINKING: The opponent has cooperated 100% of the time so far, making them extremely predictable and exploitable. Defecting now maximizes my payoff for this round.\n\nACTION: DEFECT",
    "THINKING: The opponent has cooperated 100% of the time so far, making them extremely predictable and exploitable. Defecting now maximizes my payoff for this round without immediate retaliation based on their past pattern.\n\nACTION: DEFECT",
    "THINKING: The opponent has cooperated 100% of the time so far, making them extremely predictable and exploitable. My current payoff is zero, so I need to maximize my score by defecting now to gain 5 points.  \nACTION: DEFECT",
    "THINKING: The opponent has cooperated 100% of the time so far, making them extremely predictable and exploitable. Defecting now maximizes my payoff for this round without immediate retaliation based on their past behavior.\n\nACTION: DEFECT",
    "THINKING: The opponent has cooperated 100% of the time, making them extremely predictable and exploitable. Defecting now maximizes my payoff for this round.\n\nACTION: DEFECT",
    "THINKING: The opponent has cooperated 100% of the time so far, and my low total payoff suggests I have been defecting often. To maximize my payoff in this round, I should exploit their cooperation.\n\nACTION: DEFECT",
    "THINKING: The opponent has cooperated 100% of the time so far, and my low total payoff suggests I've been defecting too much. To maximize long-term payoff, I should start cooperating to encourage mutual cooperation.\n\nACTION: COOPERATE",
    "THINKING: The opponent has cooperated 100% of the time, so they are likely to cooperate again. To maximize my payoff in this round, I should defect.\n\nACTION: DEFECT",
    "THINKING: The opponent has cooperated 100% of the time, so they are likely playing a purely cooperative strategy like \"Always Cooperate.\" Defecting now would give me a higher payoff this round (5 vs 3) without any apparent retaliation risk.\n\nACTION: DEFECT",
    "THINKING: The opponent has cooperated 100% of the time, so they are likely to cooperate again. To maximize my payoff in this round, I should defect.  \nACTION: DEFECT",
    "THINKING: The opponent has cooperated 100% of the time, so defecting now would give me a high payoff of 5, but it would likely end their cooperation in future rounds. Since we have many rounds left, maintaining mutual cooperation yields a better long-term payoff (3 per round) than a one-time 5 followed by mutual defection (1 per round).  \n\nACTION: COOPERATE",
    "THINKING: The opponent has cooperated 100% of the time so far, making them extremely predictable and exploitable. Defecting now yields the highest immediate payoff (5 vs 3) with no sign of retaliation.  \nACTION: DEFECT",
    "THINKING: The opponent has cooperated 100% of the time so far, making them extremely predictable and exploitable. Defecting now yields the highest immediate payoff (5) with no sign of retaliation.  \nACTION: DEFECT",
    "THINKING: The opponent has cooperated 100% of the time, so they are likely playing a purely cooperative strategy like \"Always Cooperate.\" Defecting now gives me a higher payoff this round (5 vs 3) with no apparent retaliation risk.\n\nACTION: DEFECT",
    "THINKING: The opponent has cooperated 100% of the time so far, making them extremely predictable and exploitable. Defecting now will maximize my payoff for this round without immediate retaliation.\n\nACTION: DEFECT",
    "THINKING: The opponent has cooperated 100% of the time, so they are extremely predictable and trusting. Defecting now guarantees a higher payoff this round with no apparent retaliation risk.\n\nACTION: DEFECT",
    "THINKING: The opponent has cooperated 100% of the time, making them extremely predictable and exploitable. Defecting now maximizes my payoff for this round.\n\nACTION: DEFECT",
    "THINKING: The opponent has cooperated in all 26 previous rounds, showing a highly cooperative and likely forgiving strategy. Defecting now would yield a short-term gain but risks retaliation and losing the long-term benefits of mutual cooperation, especially since my total payoff is currently zero.\n\nACTION: COOPERATE",
    "THINKING: The opponent has cooperated 100% of the time, so they are extremely predictable and trusting. Defecting now would give me a higher payoff for this round, but since the game is repeated, exploiting their trust could cause them to change strategy in future rounds.\n\nACTION: COOPERATE",
    "THINKING: The opponent has cooperated 100% of the time, making them extremely predictable and exploitable. Defecting now maximizes my payoff in this round without risking retaliation in the final rounds.\n\nACTION: DEFECT",
    "THINKING: The opponent has cooperated 100% of the time, making them extremely predictable and exploitable. Defecting now maximizes my payoff for this round.\n\nACTION: DEFECT"
  ]
}