{
  "experiment": "exp6_baseline",
  "game": "prisoners_dilemma",
  "provider": "deepseek",
  "baseline": "AlwaysCooperate",
  "trial": 1,
  "rounds": 30,
  "payoff": 110,
  "coop_rate": 0.6666666666666666,
  "llm_history": [
    "COOPERATE",
    "COOPERATE",
    "COOPERATE",
    "COOPERATE",
    "COOPERATE",
    "COOPERATE",
    "COOPERATE",
    "COOPERATE",
    "COOPERATE",
    "COOPERATE",
    "COOPERATE",
    "DEFECT",
    "COOPERATE",
    "COOPERATE",
    "COOPERATE",
    "COOPERATE",
    "COOPERATE",
    "COOPERATE",
    "DEFECT",
    "DEFECT",
    "COOPERATE",
    "DEFECT",
    "DEFECT",
    "COOPERATE",
    "DEFECT",
    "COOPERATE",
    "DEFECT",
    "DEFECT",
    "DEFECT",
    "DEFECT"
  ],
  "opp_history": [
    "COOPERATE",
    "COOPERATE",
    "COOPERATE",
    "COOPERATE",
    "COOPERATE",
    "COOPERATE",
    "COOPERATE",
    "COOPERATE",
    "COOPERATE",
    "COOPERATE",
    "COOPERATE",
    "COOPERATE",
    "COOPERATE",
    "COOPERATE",
    "COOPERATE",
    "COOPERATE",
    "COOPERATE",
    "COOPERATE",
    "COOPERATE",
    "COOPERATE",
    "COOPERATE",
    "COOPERATE",
    "COOPERATE",
    "COOPERATE",
    "COOPERATE",
    "COOPERATE",
    "COOPERATE",
    "COOPERATE",
    "COOPERATE",
    "COOPERATE"
  ],
  "llm_responses": [
    "THINKING: This is the first round with no history, so I'll start by cooperating to signal willingness to cooperate and see how the opponent responds.  \nACTION: COOPERATE",
    "THINKING: The opponent cooperated in round 1, and their cooperation rate is 100%. In a repeated Prisoner's Dilemma, starting with cooperation can build mutual trust for higher long-term payoffs.  \nACTION: COOPERATE",
    "THINKING: The opponent has cooperated both times so far, and my cooperation rate is 100%. Continuing to cooperate builds trust and maximizes mutual payoff in this repeated game.\n\nACTION: COOPERATE",
    "THINKING: The opponent has cooperated every round so far, and my cooperation rate is 100%. Continuing to cooperate maintains mutual cooperation and maximizes long-term payoff in a repeated game.  \nACTION: COOPERATE",
    "THINKING: The opponent has cooperated in all previous rounds and appears highly cooperative, so mutual cooperation yields the best long-term payoff.  \nACTION: COOPERATE",
    "THINKING: Opponent has cooperated 100% so far, and mutual cooperation yields the best long-term payoff. Defecting now risks retaliation and losing future cooperative gains.  \nACTION: COOPERATE",
    "THINKING: Opponent has cooperated 100% so far, and mutual cooperation yields the highest long-term payoff. Defecting now risks breaking trust and reducing future gains.  \nACTION: COOPERATE",
    "THINKING: The opponent has cooperated 100% of the time so far, and my total payoff is currently zero, meaning I've been cooperating while they've been cooperating. Defecting now would give me a higher immediate payoff, but would likely break the cooperative pattern and reduce future payoffs.\n\nACTION: COOPERATE",
    "THINKING: The opponent has cooperated 100% of the time so far, and mutual cooperation yields a good payoff. Defecting now risks breaking this cooperative pattern for a short-term gain.\n\nACTION: COOPERATE",
    "THINKING: The opponent has cooperated 100% of the time so far, and my total payoff is currently zero, meaning I've been cooperating while they have been cooperating as well. Continuing to cooperate maintains mutual benefit and high payoffs.\n\nACTION: COOPERATE",
    "THINKING: The opponent has cooperated 100% of the time, and mutual cooperation yields a good payoff. Defecting now risks breaking this beneficial pattern and lowering my long-term score.\n\nACTION: COOPERATE",
    "THINKING: The opponent has cooperated 100% of the time, and my total payoff is currently zero, meaning I have been exploited in past rounds. To improve my score, I should defect now to claim a higher payoff.\n\nACTION: DEFECT",
    "THINKING: The opponent has cooperated 100% of the time so far, and my cooperation rate is high. Defecting now would give me a higher payoff this round, but could trigger retaliation and reduce future payoffs. Since the opponent is highly cooperative, maintaining mutual cooperation is likely optimal for long-term gain.\n\nACTION: COOPERATE",
    "THINKING: The opponent has cooperated in every round so far, and my cooperation rate is high, so mutual cooperation is likely to continue, maximizing my payoff.  \nACTION: COOPERATE",
    "THINKING: The opponent has cooperated 100% of the time, so cooperating again is likely to yield a payoff of 3, while defecting would yield 5 but risks breaking the cooperative pattern.  \nACTION: COOPERATE",
    "THINKING: The opponent has cooperated 100% of the time, and my high cooperation rate hasn't been punished. Continuing to cooperate maximizes mutual payoff in this round.\n\nACTION: COOPERATE",
    "THINKING: The opponent has cooperated 100% of the time, so cooperating now is likely to continue mutual cooperation and maximize my payoff for this round.  \nACTION: COOPERATE",
    "THINKING: The opponent has cooperated 100% of the time, and my high cooperation rate has likely sustained this. Defecting now would give a short-term gain but risks breaking the cooperative equilibrium for the final rounds.\n\nACTION: COOPERATE",
    "THINKING: The opponent has cooperated 100% of the time, and my total payoff is currently zero, meaning I've been exploited when I cooperated. To improve my score, I should defect now while they are likely to cooperate again.  \nACTION: DEFECT",
    "THINKING: The opponent has cooperated 100% of the time, making them extremely predictable and exploitable. Defecting now yields the highest immediate payoff (5 vs 3) with no sign of retaliation.\n\nACTION: DEFECT",
    "THINKING: The opponent has cooperated 100% of the time so far, and my cooperation rate is high. Continuing to cooperate maximizes mutual payoff and maintains the cooperative equilibrium.\n\nACTION: COOPERATE",
    "THINKING: The opponent has cooperated 100% of the time so far, and my low total payoff suggests I've been exploited after cooperating while they defected in key rounds. To maximize my payoff now, I should defect against this consistently cooperative opponent.  \nACTION: DEFECT",
    "THINKING: The opponent has cooperated 100% of the time, so they are likely playing a purely cooperative strategy like \"Always Cooperate.\" Defecting now maximizes my payoff for this round.\n\nACTION: DEFECT",
    "THINKING: The opponent has cooperated 100% of the time, so defecting now would yield a higher immediate payoff (5 vs 3). However, with a long game, exploiting their trust could cause them to retaliate in future rounds, reducing my long-term gains. Since my total payoff is currently 0.0, I need to start accumulating points, and cooperating maintains the mutually beneficial outcome.\n\nACTION: COOPERATE",
    "THINKING: The opponent has cooperated 100% of the time, making them extremely predictable and exploitable. Defecting now maximizes my payoff for this round with no sign of retaliation.\n\nACTION: DEFECT",
    "THINKING: The opponent has cooperated 100% of the time so far, and my cooperation rate is high. Continuing to cooperate maintains mutual high payoffs and avoids triggering potential retaliation.  \nACTION: COOPERATE",
    "THINKING: The opponent has cooperated 100% of the time, making them extremely predictable and exploitable. Defecting now yields the highest immediate payoff (5 vs 3) with no sign of retaliation.\n\nACTION: DEFECT",
    "THINKING: The opponent has cooperated 100% of the time so far, making them extremely predictable and exploitable. Defecting now yields a higher immediate payoff (5 vs 3) with no sign of retaliation.\n\nACTION: DEFECT",
    "THINKING: The opponent has cooperated 100% of the time, so they are likely playing a pure cooperative strategy like \"Always Cooperate.\" Defecting now maximizes my payoff for this round.\n\nACTION: DEFECT",
    "THINKING: The opponent has cooperated 100% of the time, so defecting now would give me a higher payoff this round with minimal risk of retaliation.  \nACTION: DEFECT"
  ]
}