{
  "experiment": "exp6_baseline",
  "game": "prisoners_dilemma",
  "provider": "openai",
  "baseline": "AlwaysCooperate",
  "trial": 8,
  "rounds": 30,
  "payoff": 90,
  "coop_rate": 1.0,
  "llm_history": [
    "COOPERATE",
    "COOPERATE",
    "COOPERATE",
    "COOPERATE",
    "COOPERATE",
    "COOPERATE",
    "COOPERATE",
    "COOPERATE",
    "COOPERATE",
    "COOPERATE",
    "COOPERATE",
    "COOPERATE",
    "COOPERATE",
    "COOPERATE",
    "COOPERATE",
    "COOPERATE",
    "COOPERATE",
    "COOPERATE",
    "COOPERATE",
    "COOPERATE",
    "COOPERATE",
    "COOPERATE",
    "COOPERATE",
    "COOPERATE",
    "COOPERATE",
    "COOPERATE",
    "COOPERATE",
    "COOPERATE",
    "COOPERATE",
    "COOPERATE"
  ],
  "opp_history": [
    "COOPERATE",
    "COOPERATE",
    "COOPERATE",
    "COOPERATE",
    "COOPERATE",
    "COOPERATE",
    "COOPERATE",
    "COOPERATE",
    "COOPERATE",
    "COOPERATE",
    "COOPERATE",
    "COOPERATE",
    "COOPERATE",
    "COOPERATE",
    "COOPERATE",
    "COOPERATE",
    "COOPERATE",
    "COOPERATE",
    "COOPERATE",
    "COOPERATE",
    "COOPERATE",
    "COOPERATE",
    "COOPERATE",
    "COOPERATE",
    "COOPERATE",
    "COOPERATE",
    "COOPERATE",
    "COOPERATE",
    "COOPERATE",
    "COOPERATE"
  ],
  "llm_responses": [
    "THINKING: Since this is the first round and there is no prior history, cooperating allows me to signal goodwill and test the opponent's strategy. Cooperation can lead to mutual benefit if the opponent reciprocates.  \nACTION: COOPERATE",
    "THINKING: The opponent has cooperated in the first round, and their cooperation rate is 100%. To build mutual trust and maximize long-term payoffs, I will continue to cooperate.  \nACTION: COOPERATE",
    "THINKING: The opponent has cooperated 100% of the time so far, and mutual cooperation yields the best long-term payoff. Maintaining cooperation encourages trust and ensures a higher cumulative payoff for both of us.\n\nACTION: COOPERATE",
    "THINKING: The opponent has been consistently cooperative, and my cooperation rate is also 100%. Maintaining mutual cooperation will maximize the payoff for both of us and sustain trust in this repeated game.  \nACTION: COOPERATE",
    "THINKING: The opponent has consistently cooperated, and I have also fully cooperated so far. Mutual cooperation yields the highest long-term payoff, so maintaining cooperation seems optimal to preserve trust and maximize points.  \nACTION: COOPERATE",
    "THINKING: Both I and the Opponent have been entirely cooperative so far, resulting in mutual benefit. Continuing cooperation maximizes long-term payoffs, as there's no indication that the Opponent will defect.\n\nACTION: COOPERATE",
    "THINKING: The opponent has been consistently cooperative, and my cooperation rate is 100%. Maintaining mutual cooperation maximizes the long-term payoff for both players. Defecting risks breaking trust and reducing future payoffs.\n\nACTION: COOPERATE",
    "THINKING: Both players have cooperated consistently, leading to a mutually beneficial outcome. Defecting now could break trust and hurt long-term payoffs.\n\nACTION: COOPERATE",
    "THINKING: The opponent has cooperated in all previous rounds, signaling a highly cooperative strategy. Maintaining mutual cooperation maximizes long-term payoffs for both parties.\n\nACTION: COOPERATE",
    "THINKING: Both I and the opponent have consistently cooperated, leading to mutual benefit. There is no indication that the opponent will defect, so continuing cooperation maximizes long-term payoffs.  \nACTION: COOPERATE",
    "THINKING: The opponent has consistently cooperated in all 10 previous rounds, showing a highly cooperative strategy. Maintaining mutual cooperation will maximize long-term payoffs for both players, as defecting could break the trust and lead to lower overall payoffs.\n\nACTION: COOPERATE",
    "THINKING: My opponent has demonstrated consistent cooperation, and mutual cooperation maximizes long-term payoffs. Defecting now risks breaking the trust and reducing future payoffs.  \nACTION: COOPERATE",
    "THINKING: Both you and your opponent have maintained perfect cooperation so far, leading to mutually beneficial outcomes. Breaking this pattern by defecting could harm the trust and potentially lead to suboptimal payoffs in future rounds. \n\nACTION: COOPERATE",
    "THINKING: The opponent has been consistently cooperative (100% cooperation rate), and mutual cooperation leads to the best collective outcome. Defecting now could break trust and harm future payoffs. Maintaining cooperation sustains long-term mutual benefit.  \nACTION: COOPERATE",
    "THINKING: Both the opponent and I have consistently cooperated, leading to mutual gains. Maintaining cooperation maximizes long-term rewards in a repeated game with a highly cooperative opponent.\n\nACTION: COOPERATE",
    "THINKING: Both I and the Opponent have cooperated consistently, yielding mutual benefit. Breaking this trust now risks disrupting the cooperative dynamic and reducing long-term payoffs.\n\nACTION: COOPERATE",
    "THINKING: The opponent has consistently cooperated for all previous rounds, and mutual cooperation leads to the highest combined payoff. Defecting now would break trust and reduce long-term gains.  \nACTION: COOPERATE",
    "THINKING: The opponent has been consistently cooperative across all 17 rounds, and mutual cooperation yields the highest collective payoff. Defecting now would break this trust and likely result in lower payoffs in future rounds. \n\nACTION: COOPERATE",
    "THINKING: Both you and the opponent have maintained a 100% cooperation rate, which has resulted in steady payoffs. Defecting now might break the trust and ruin future gains, especially in a repeated game scenario. Cooperation ensures mutual benefit.  \n\nACTION: COOPERATE",
    "THINKING: Both my opponent and I have maintained a 100% cooperation rate thus far, indicating a mutually beneficial and collaborative dynamic. Defecting now would break this trust and likely lead to worse outcomes in future rounds.\n\nACTION: COOPERATE",
    "THINKING: The opponent has consistently cooperated in all 20 rounds, and I have also cooperated every time. Maintaining mutual cooperation maximizes payoffs for both parties, and deviating now could break the trust and harm long-term outcomes.\n\nACTION: COOPERATE",
    "THINKING: Both I and my opponent have maintained perfect cooperation so far, and there's no indication of defection. Defecting now would break the trust and likely lead to mutual defection in future rounds, lowering payoffs for both of us. \n\nACTION: COOPERATE",
    "THINKING: Both my opponent and I have maintained a 100% cooperation rate, which has maximized mutual payoffs so far. Defecting now would risk breaking this mutually beneficial dynamic and could lead to reduced payoffs in future rounds if trust is lost.\n\nACTION: COOPERATE",
    "THINKING: Both you and Opponent have consistently cooperated, resulting in a stable and mutually beneficial payoff. Breaking this trust by defecting could jeopardize future cooperation and lower overall payoffs.  \nACTION: COOPERATE  ",
    "THINKING: Both players have consistently cooperated, leading to high payoffs for both. Maintaining cooperation maximizes mutual benefits and avoids risking trust built over 24 rounds. \n\nACTION: COOPERATE",
    "THINKING: The opponent has demonstrated consistent cooperation over all previous rounds. Defecting now would break mutual trust and likely harm long-term payoffs. Continuing cooperation seems optimal for maintaining this beneficial dynamic.  \nACTION: COOPERATE",
    "THINKING: The opponent has cooperated 100% of the time, showing consistent trustworthiness. Continuing to cooperate maximizes mutual benefits and ensures a high payoff for both sides in this repeated game.  \nACTION: COOPERATE  ",
    "THINKING: Both I and the opponent have cooperated consistently for 27 rounds, leading to maximum mutual payoffs. Breaking this pattern by defecting risks losing trust and disrupting the mutually beneficial dynamic.  \n\nACTION: COOPERATE",
    "THINKING: Both players have maintained a perfect cooperation rate, which maximizes mutual payoffs. Defecting now would break the trust and harm the long-term payoff potential.  \nACTION: COOPERATE  ",
    "THINKING: Both I and my opponent have cooperated in every round so far, leading to maximum mutual payoffs. Defecting now would break the trust and likely lead to worse outcomes in future rounds. Maintaining cooperation is the optimal strategy for continued high payoffs.\n\nACTION: COOPERATE"
  ]
}