{
  "experiment": "exp6_baseline",
  "game": "prisoners_dilemma",
  "provider": "openai",
  "baseline": "Extort2",
  "trial": 5,
  "rounds": 30,
  "payoff": 79,
  "coop_rate": 0.9333333333333333,
  "llm_history": [
    "COOPERATE",
    "COOPERATE",
    "COOPERATE",
    "DEFECT",
    "COOPERATE",
    "COOPERATE",
    "COOPERATE",
    "COOPERATE",
    "COOPERATE",
    "COOPERATE",
    "COOPERATE",
    "COOPERATE",
    "COOPERATE",
    "COOPERATE",
    "COOPERATE",
    "COOPERATE",
    "COOPERATE",
    "DEFECT",
    "COOPERATE",
    "COOPERATE",
    "COOPERATE",
    "COOPERATE",
    "COOPERATE",
    "COOPERATE",
    "COOPERATE",
    "COOPERATE",
    "COOPERATE",
    "COOPERATE",
    "COOPERATE",
    "COOPERATE"
  ],
  "opp_history": [
    "COOPERATE",
    "COOPERATE",
    "COOPERATE",
    "COOPERATE",
    "DEFECT",
    "COOPERATE",
    "COOPERATE",
    "COOPERATE",
    "DEFECT",
    "COOPERATE",
    "COOPERATE",
    "COOPERATE",
    "COOPERATE",
    "COOPERATE",
    "COOPERATE",
    "DEFECT",
    "DEFECT",
    "COOPERATE",
    "COOPERATE",
    "COOPERATE",
    "COOPERATE",
    "COOPERATE",
    "COOPERATE",
    "COOPERATE",
    "COOPERATE",
    "COOPERATE",
    "COOPERATE",
    "COOPERATE",
    "COOPERATE",
    "DEFECT"
  ],
  "llm_responses": [
    "THINKING: Since it is the first round and there is no history or pattern to analyze, cooperating establishes a foundation of trust and encourages mutual cooperation in future rounds. This can maximize long-term payoffs.  \nACTION: COOPERATE  ",
    "THINKING: The opponent has cooperated in the first round, and their cooperation rate is 100%. To build trust and maximize long-term payoffs, it is reasonable to cooperate again and encourage mutual cooperation.  \nACTION: COOPERATE  ",
    "THINKING: The opponent has cooperated 100% of the time so far, suggesting they may be aiming for mutual cooperation. Defecting now could break trust and lead to a worse outcome in future rounds. Maintaining cooperation maximizes long-term payoffs if the opponent continues to cooperate.\n\nACTION: COOPERATE",
    "[API Error: HTTPSConnectionPool(host='hiapi.online', port=443): Read timed out. (read timeout=60)]",
    "THINKING: The opponent has been highly cooperative, consistently cooperating in all rounds. To build trust and maximize long-term payoffs in a repeated game, it is beneficial to cooperate at this stage. \n\nACTION: COOPERATE",
    "THINKING: Although the opponent has been highly cooperative overall (80% cooperation rate), their last action was to defect, which could indicate a potential shift in strategy or a test of my response. To encourage mutual cooperation moving forward, I will cooperate this round and observe their next move.  \n\nACTION: COOPERATE",
    "THINKING: The opponent has shown a strong tendency to cooperate (83% cooperation rate) and was cooperative in the last round. Maintaining mutual cooperation maximizes long-term payoffs in this repeated game.  \nACTION: COOPERATE",
    "THINKING: The opponent has been highly cooperative overall, with a cooperation rate matching mine (86%). Maintaining mutual cooperation ensures a higher payoff for both in the long run.\n\nACTION: COOPERATE",
    "THINKING: Given both my and the opponent's high cooperation rates (88%), and their pattern of consistent cooperation, reciprocating cooperation maximizes mutual payoff and sustains trust. Defecting could risk breaking this cooperative dynamic.  \n\nACTION: COOPERATE",
    "THINKING: Given the opponent's mixed/conditional cooperation pattern and their most recent action being a defect, they may be testing my response or shifting strategies. To encourage future cooperation and potentially maximize long-term payoffs, I will cooperate this round.\n\nACTION: COOPERATE",
    "THINKING: The opponent seems highly cooperative (80% cooperation rate) and has cooperated in the last round. Given my high cooperation rate (90%) and the mutual benefit of cooperation, it is optimal to maintain trust and maximize long-term payoffs.  \nACTION: COOPERATE",
    "THINKING: The Opponent has been highly cooperative (82% cooperation rate), and maintaining cooperation will maximize long-term payoffs. Defecting unnecessarily might break trust and lead to worse outcomes in future rounds.\n\nACTION: COOPERATE",
    "THINKING: The opponent has shown a high level of cooperation (83%), and their recent behavior suggests trustworthiness. Cooperating will likely maintain mutual benefit and maximize long-term payoffs.\n\nACTION: COOPERATE",
    "THINKING: Both players have demonstrated high cooperation rates, and the opponent's recent pattern suggests continued cooperation. Maintaining mutual cooperation maximizes the payoff for both parties.  \nACTION: COOPERATE",
    "THINKING: Given the opponent's high cooperation rate and recent pattern of cooperation, maintaining mutual cooperation is likely to maximize long-term payoffs for both players. Defecting could risk breaking the trust and lead to lower overall payoffs.  \n\nACTION: COOPERATE",
    "THINKING: The opponent has been highly cooperative overall, including their last action in the previous round. Maintaining cooperation is likely to keep the payoff higher for both players in the long run.  \nACTION: COOPERATE",
    "THINKING: The opponent has been highly cooperative overall but defected in the last round, which could indicate a shift in strategy or a one-time deviation. To encourage mutual cooperation and maximize long-term payoffs, I will cooperate this round. \n\nACTION: COOPERATE",
    "THINKING: The opponent has recently defected, which may indicate a conditional strategy to exploit my high cooperation rate. To avoid being consistently exploited, I will defect this round to signal that I can also retaliate if needed. \n\nACTION: DEFECT",
    "THINKING: The opponent's cooperation rate is relatively high (78%), and they cooperated in the last round, suggesting conditional cooperation. To maintain trust and potentially maximize long-term payoffs, cooperating seems advantageous.  \n\nACTION: COOPERATE",
    "THINKING: The opponent has been highly cooperative (79%) and cooperated in the last round. Continuing to cooperate can maintain mutual benefit and maximize long-term payoffs. Defecting risks breaking trust and reducing future rewards.\n\nACTION: COOPERATE",
    "THINKING: The opponent has been highly cooperative with an 80% cooperation rate, and the last action was cooperation. Maintaining mutual cooperation maximizes long-term payoffs, aligning with their apparent strategy. Defecting risks losing this trust and reducing future payoffs.\n\nACTION: COOPERATE",
    "THINKING: Opponent has been highly cooperative, with an 81% cooperation rate and a history of cooperating in the last round. Maintaining mutual cooperation will maximize long-term payoffs for both players. \n\nACTION: COOPERATE",
    "THINKING: The opponent has shown a highly cooperative behavior with an 82% cooperation rate, and their last action was to cooperate. Maintaining cooperation is likely to maximize long-term payoffs.  \nACTION: COOPERATE  ",
    "THINKING: The Opponent has been highly cooperative with an 83% cooperation rate, and their recent behavior suggests a willingness to work together. Maintaining cooperation will likely maximize long-term payoffs in this repeated game. \n\nACTION: COOPERATE",
    "THINKING: The opponent has been highly cooperative with an 83% cooperation rate, and I have an even higher cooperation rate of 92%. Maintaining mutual cooperation maximizes long-term payoffs, and there is no evidence the opponent will defect in this round.  \nACTION: COOPERATE",
    "THINKING: The opponent has been highly cooperative with an 84% cooperation rate, and their last action was cooperation. Sustaining mutual cooperation maximizes long-term payoffs for both players.  \nACTION: COOPERATE",
    "THINKING: The opponent has been highly cooperative, with an 85% cooperation rate, and their last action was to cooperate. Maintaining cooperation is likely to sustain mutual high payoffs in the long term.  \nACTION: COOPERATE",
    "THINKING: The opponent has been highly cooperative with an 85% cooperation rate, and mutual cooperation yields the highest combined payoff. Defecting now risks breaking this trust and reducing future payoffs. \n\nACTION: COOPERATE",
    "THINKING: The opponent has shown a highly cooperative pattern overall, and reciprocating cooperation maximizes joint payoffs. Defecting risks disrupting the trust built over previous rounds.  \n\nACTION: COOPERATE",
    "THINKING: The opponent has been highly cooperative with an 86% cooperation rate, and cooperation has historically led to better overall payoffs for both players. Maintaining cooperation will likely continue to result in mutual benefits.  \nACTION: COOPERATE"
  ]
}