{
  "experiment": "exp6_baseline",
  "game": "prisoners_dilemma",
  "provider": "deepseek",
  "baseline": "GenerousTitForTat",
  "trial": 1,
  "rounds": 30,
  "payoff": 89,
  "coop_rate": 0.9666666666666667,
  "llm_history": [
    "COOPERATE",
    "COOPERATE",
    "COOPERATE",
    "COOPERATE",
    "COOPERATE",
    "COOPERATE",
    "COOPERATE",
    "COOPERATE",
    "COOPERATE",
    "COOPERATE",
    "COOPERATE",
    "COOPERATE",
    "COOPERATE",
    "COOPERATE",
    "DEFECT",
    "COOPERATE",
    "COOPERATE",
    "COOPERATE",
    "COOPERATE",
    "COOPERATE",
    "COOPERATE",
    "COOPERATE",
    "COOPERATE",
    "COOPERATE",
    "COOPERATE",
    "COOPERATE",
    "COOPERATE",
    "COOPERATE",
    "COOPERATE",
    "COOPERATE"
  ],
  "opp_history": [
    "COOPERATE",
    "COOPERATE",
    "COOPERATE",
    "COOPERATE",
    "COOPERATE",
    "COOPERATE",
    "COOPERATE",
    "COOPERATE",
    "COOPERATE",
    "COOPERATE",
    "COOPERATE",
    "COOPERATE",
    "COOPERATE",
    "COOPERATE",
    "COOPERATE",
    "DEFECT",
    "COOPERATE",
    "COOPERATE",
    "COOPERATE",
    "COOPERATE",
    "COOPERATE",
    "COOPERATE",
    "COOPERATE",
    "COOPERATE",
    "COOPERATE",
    "COOPERATE",
    "COOPERATE",
    "COOPERATE",
    "COOPERATE",
    "COOPERATE"
  ],
  "llm_responses": [
    "THINKING: Since this is the first round and there is no history, I'll start by cooperating to signal willingness to cooperate and see how the opponent responds.  \nACTION: COOPERATE",
    "THINKING: The opponent cooperated in the first round, and with no reason to defect yet, cooperating again builds trust and mutual benefit.  \nACTION: COOPERATE",
    "THINKING: The opponent has cooperated in both previous rounds, and my cooperation rate is 100%. Since we are both cooperating, I am currently getting 3 points per round, which is a good outcome. Continuing to cooperate is likely to sustain mutual cooperation and maximize long-term payoff.\n\nACTION: COOPERATE",
    "THINKING: The opponent has cooperated 100% of the time so far, and my total payoff is 0, meaning they have defected against me in a previous round (likely round 1 or 2). However, their recent pattern is highly cooperative. Continuing to cooperate may sustain mutual cooperation for higher long-term payoffs.\n\nACTION: COOPERATE",
    "THINKING: Opponent has cooperated 100% of the time so far, and my total payoff is currently zero, meaning I've been cooperating while they've been cooperating too. Continuing to cooperate maintains mutual benefit and high payoffs.\n\nACTION: COOPERATE",
    "THINKING: Opponent has cooperated 100% of the time so far, and mutual cooperation yields a good payoff. Defecting now risks breaking the cooperative pattern and lowering future payoffs.  \nACTION: COOPERATE",
    "THINKING: The opponent has cooperated 100% of the time so far, and mutual cooperation yields the best long-term payoff. Defecting now risks breaking the cooperative pattern and lowering future payoffs.  \nACTION: COOPERATE",
    "THINKING: The opponent has cooperated 100% of the time so far, and mutual cooperation yields the best long-term payoff. Defecting now risks breaking this beneficial pattern.\n\nACTION: COOPERATE",
    "THINKING: The opponent has cooperated 100% of the time so far, and mutual cooperation yields a good payoff. Defecting now risks breaking the cooperative pattern and lowering future payoffs.\n\nACTION: COOPERATE",
    "THINKING: The opponent has cooperated 100% of the time, and mutual cooperation yields a good payoff. Defecting now risks breaking the cooperative equilibrium for a short-term gain.\n\nACTION: COOPERATE",
    "THINKING: The opponent has cooperated 100% of the time so far, and my total payoff is zero because I've always cooperated while they have defected in a way that gave me zero payoff in earlier rounds. However, the history shows the last opponent action was cooperate, and their overall pattern is highly cooperative. In a repeated Prisoner's Dilemma with a cooperative opponent, mutual cooperation yields the best long-term payoff.\n\nACTION: COOPERATE",
    "THINKING: Opponent has cooperated 100% of the time so far, and my total payoff is currently zero, meaning I have been cooperating while they have been defecting in some rounds, but the history says they have cooperated in all 11 rounds. This suggests a possible mismatch in recorded history, but given the stated 100% cooperation rate for both, mutual cooperation is likely continuing.  \nACTION: COOPERATE",
    "THINKING: The opponent has cooperated in all 12 rounds, and my cooperation rate is 100%. Continuing to cooperate maintains mutual benefit and high payoffs for both of us.\n\nACTION: COOPERATE",
    "THINKING: The opponent has cooperated in all 13 previous rounds, showing a highly cooperative pattern. Continuing to cooperate maintains mutual benefit and high payoffs.\n\nACTION: COOPERATE",
    "THINKING: The opponent has cooperated 100% of the time so far, and my total payoff is currently zero, meaning I've been cooperating while they've been defecting against me.  \nACTION: DEFECT",
    "THINKING: The opponent has cooperated 100% of the time so far, and my high cooperation rate has not been punished. Defecting now would likely break the mutual cooperation and reduce my payoff in future rounds.\n\nACTION: COOPERATE",
    "THINKING: The opponent has a high cooperation rate (94%) and has been highly cooperative recently, but they defected last round. Given the long-term mutual benefit, cooperating now encourages future cooperation and maximizes total payoff over time.\n\nACTION: COOPERATE",
    "THINKING: Both of us have been highly cooperative, leading to mutual high payoffs. Given the opponent's consistent cooperation, continuing to cooperate is likely to maintain the beneficial outcome.\n\nACTION: COOPERATE",
    "THINKING: Both players have been highly cooperative (94% each), and mutual cooperation yields the best joint payoff. Given the opponent's consistent cooperation, cooperating again maximizes my payoff in this round.\n\nACTION: COOPERATE",
    "THINKING: With both cooperation rates at 95% and a highly cooperative history, mutual cooperation yields the best joint payoff. Defecting now risks breaking the cooperative equilibrium for minimal short-term gain.\n\nACTION: COOPERATE",
    "THINKING: With both cooperation rates at 95% and a highly cooperative recent pattern, mutual cooperation yields the best long-term payoff. Defecting now risks breaking the cooperative equilibrium.  \nACTION: COOPERATE",
    "THINKING: Both of us have been cooperating almost all the time, leading to high mutual payoffs. Given the opponent's consistent cooperation and high cooperation rate, maintaining cooperation is the best strategy to continue the mutual benefit.\n\nACTION: COOPERATE",
    "THINKING: Both of us have been cooperating almost all the time, leading to high mutual payoffs. Given the opponent's 95% cooperation rate and recent cooperative behavior, continuing to cooperate is the best way to maintain mutual benefit.\n\nACTION: COOPERATE",
    "THINKING: Both of us have been cooperating almost all the time, leading to high mutual payoffs. Defecting now would break the trust and likely reduce my future payoff.  \nACTION: COOPERATE",
    "THINKING: Both of us have been cooperating almost all the time, leading to high mutual payoffs. Defecting now would break the trust and likely reduce my future payoffs.\n\nACTION: COOPERATE",
    "THINKING: The opponent has been highly cooperative (96%), and mutual cooperation yields the best long-term payoff per round. Defecting risks breaking trust and lowering future payoffs.\n\nACTION: COOPERATE",
    "THINKING: Both of us have been cooperating almost all the time, leading to high mutual payoffs. Defecting now would break that trust and likely reduce my long-term payoff.\n\nACTION: COOPERATE",
    "THINKING: Both of us have been cooperating almost all the time, leading to high mutual payoffs. Defecting now would break the trust and likely reduce my long-term payoff.\n\nACTION: COOPERATE",
    "THINKING: With both cooperation rates extremely high and the opponent consistently cooperating, mutual cooperation maximizes my payoff in this round. Defecting risks breaking the cooperative pattern for minimal gain.\n\nACTION: COOPERATE",
    "THINKING: With both cooperation rates extremely high and the opponent consistently cooperating, mutual cooperation maximizes my payoff per round (3 vs 1 for mutual defection). Defecting now risks breaking the cooperative equilibrium.\n\nACTION: COOPERATE"
  ]
}