{
  "experiment": "exp6_baseline",
  "game": "prisoners_dilemma",
  "provider": "openai",
  "baseline": "GenerousTitForTat",
  "trial": 4,
  "rounds": 30,
  "payoff": 90,
  "coop_rate": 1.0,
  "llm_history": [
    "COOPERATE",
    "COOPERATE",
    "COOPERATE",
    "COOPERATE",
    "COOPERATE",
    "COOPERATE",
    "COOPERATE",
    "COOPERATE",
    "COOPERATE",
    "COOPERATE",
    "COOPERATE",
    "COOPERATE",
    "COOPERATE",
    "COOPERATE",
    "COOPERATE",
    "COOPERATE",
    "COOPERATE",
    "COOPERATE",
    "COOPERATE",
    "COOPERATE",
    "COOPERATE",
    "COOPERATE",
    "COOPERATE",
    "COOPERATE",
    "COOPERATE",
    "COOPERATE",
    "COOPERATE",
    "COOPERATE",
    "COOPERATE",
    "COOPERATE"
  ],
  "opp_history": [
    "COOPERATE",
    "COOPERATE",
    "COOPERATE",
    "COOPERATE",
    "COOPERATE",
    "COOPERATE",
    "COOPERATE",
    "COOPERATE",
    "COOPERATE",
    "COOPERATE",
    "COOPERATE",
    "COOPERATE",
    "COOPERATE",
    "COOPERATE",
    "COOPERATE",
    "COOPERATE",
    "COOPERATE",
    "COOPERATE",
    "COOPERATE",
    "COOPERATE",
    "COOPERATE",
    "COOPERATE",
    "COOPERATE",
    "COOPERATE",
    "COOPERATE",
    "COOPERATE",
    "COOPERATE",
    "COOPERATE",
    "COOPERATE",
    "COOPERATE"
  ],
  "llm_responses": [
    "THINKING: Since this is the first round and there is no prior history, I will choose to cooperate to signal willingness to build mutual trust and maximize long-term payoffs.  \nACTION: COOPERATE",
    "THINKING: The Opponent has shown full cooperation so far, and maintaining mutual cooperation maximizes the payoff for both players. Defecting now risks breaking trust and reducing long-term gains.  \n\nACTION: COOPERATE",
    "THINKING: Both I and the opponent have maintained a 100% cooperation rate so far, which has maximized mutual payoffs. Given the lack of data suggesting a change in their behavior, continuing to cooperate seems optimal for maintaining trust and maximizing long-term payoffs.  \nACTION: COOPERATE",
    "THINKING: Both the opponent and I have maintained a 100% cooperation rate, suggesting a highly collaborative dynamic. Continuing to cooperate maximizes mutual payoffs and sustains trust.  \nACTION: COOPERATE",
    "THINKING: The opponent has been consistently cooperative for all previous rounds, and my cooperation rate is also at 100%. Maintaining mutual cooperation maximizes payoffs for both of us in a repeated setting. Defecting now risks breaking trust and reducing long-term gains.\n\nACTION: COOPERATE",
    "THINKING: So far, both I and my opponent have maintained perfect cooperation, leading to mutually beneficial outcomes. Breaking this pattern by defecting might increase my short-term payoff but risks long-term loss of trust and cooperation.\n\nACTION: COOPERATE",
    "THINKING: Both I and my opponent have maintained perfect cooperation so far, resulting in mutual benefits. Breaking this cooperation now would reduce trust and likely lead to lower payoffs in future rounds.\n\nACTION: COOPERATE",
    "THINKING: Given the opponent’s consistent cooperation rate of 100% and the mutual benefit of cooperating, it is optimal to maintain cooperation to maximize long-term payoffs. Defecting would risk breaking trust and reducing future payoffs.  \n\nACTION: COOPERATE",
    "THINKING: The opponent has consistently cooperated in every round, and my cooperation rate is also 100%. Defecting now would break the trust and could lead to mutual defection in future rounds, lowering overall payoffs. Maintaining cooperation ensures mutual benefit.  \nACTION: COOPERATE  ",
    "THINKING: The opponent has consistently cooperated in all previous rounds, and mutual cooperation maximizes the payoff for both players. Defecting now risks breaking the trust and could lead to lower payoffs in future rounds.  \nACTION: COOPERATE",
    "THINKING: Both I and the Opponent have been entirely cooperative so far, maintaining mutual trust and maximizing our payoffs. Defecting now would break that trust and potentially lead to worse outcomes in future rounds.\n\nACTION: COOPERATE",
    "THINKING: Given the opponent's perfect cooperation rate and clear pattern of trustworthiness, continuing to cooperate maximizes mutual payoff and maintains positive dynamics in the game. Defecting now risks breaking the trust and reducing long-term payoffs.  \nACTION: COOPERATE",
    "THINKING: The Opponent has shown consistent cooperation with a 100% cooperation rate, and mutual cooperation maximizes long-term payoffs in this scenario. Defecting now risks breaking the trust and reducing potential payoffs in future rounds.  \nACTION: COOPERATE  ",
    "THINKING: Both my opponent and I have cooperated consistently, ensuring mutual benefit. Maintaining cooperation will likely keep the trust and maximize long-term payoffs.  \nACTION: COOPERATE  ",
    "THINKING: Both I and the opponent have maintained a perfect cooperation rate so far, which has maximized mutual payoffs. Continuing to cooperate sustains trust and ensures optimal outcomes. Defecting now could break the established trust and harm future payoffs.  \nACTION: COOPERATE",
    "THINKING: The opponent has shown consistent cooperation (100% rate) throughout all rounds, and mutual cooperation yields the highest joint payoff. Defecting now would risk breaking this trust and lead to worse outcomes in future rounds. \n\nACTION: COOPERATE",
    "THINKING: The opponent has been consistently cooperative, and maintaining mutual cooperation maximizes the long-term payoff for both players. Defecting would damage the trust built so far and result in a lower overall payoff. \n\nACTION: COOPERATE",
    "THINKING: Both I and the opponent have cooperated consistently for all 17 rounds. Maintaining mutual cooperation ensures a higher total payoff for both, and there’s no indication the opponent will defect. Breaking this trust now risks losing the benefits of cooperation.\n\nACTION: COOPERATE",
    "THINKING: The opponent has shown consistent cooperation (100% rate), and mutual cooperation yields higher payoffs (3 each) compared to mutual defection (1 each). Defecting now risks breaking the trust and reducing long-term gains.  \n\nACTION: COOPERATE",
    "THINKING: Both I and my opponent have consistently cooperated in all previous rounds, maintaining a mutually beneficial outcome. Defecting now would break the trust and likely lead to worse outcomes in future rounds.\n\nACTION: COOPERATE",
    "THINKING: The opponent has consistently cooperated in all previous rounds, and mutual cooperation yields the highest joint payoff. Maintaining cooperation ensures trust and maximizes long-term benefits.\n\nACTION: COOPERATE",
    "THINKING: Both my opponent and I have cooperated consistently for all 21 rounds, leading to mutual benefit. Maintaining cooperation ensures continued high payoffs for both of us, while defecting would break trust and likely ruin future payoffs.  \nACTION: COOPERATE",
    "THINKING: Both the opponent and I have maintained 100% cooperation so far, and the payoff matrix heavily rewards mutual cooperation. Defecting now would break the trust and likely reduce future payoffs.\n\nACTION: COOPERATE",
    "THINKING: Both my opponent and I have maintained a perfect cooperation rate, resulting in a stable and mutually beneficial outcome. Continuing to cooperate maximizes long-term payoffs and sustains trust.\n\nACTION: COOPERATE",
    "THINKING: The Opponent has consistently cooperated every round, and maintaining mutual cooperation maximizes long-term payoffs for both players. Defecting now would risk breaking the trust and reducing overall payoffs. \n\nACTION: COOPERATE",
    "THINKING: The opponent has been consistently cooperative for all 25 rounds, and mutual cooperation has the highest collective payoff. Defecting now could break the trust and lead to lower payoffs in future rounds. \n\nACTION: COOPERATE",
    "THINKING: Both myself and the Opponent have cooperated consistently, resulting in mutual benefits so far. Defecting now could break the trust and potentially cause long-term losses in future rounds.\n\nACTION: COOPERATE",
    "THINKING: Given that the opponent has been consistently cooperative (27/27) and both parties benefit most from mutual cooperation, it is strategically optimal to maintain cooperation to sustain the high payoff equilibrium. Defecting could risk breaking this trust and reducing long-term payoffs.\n\nACTION: COOPERATE",
    "THINKING: Both I and my opponent have cooperated consistently for 28 rounds, yielding mutual benefits. Breaking this pattern could jeopardize the trust and cooperative dynamic, potentially leading to lower payoffs in future rounds.\n\nACTION: COOPERATE",
    "THINKING: Both players have maintained a 100% cooperation rate, and defecting now risks breaking the trust and reducing future payoffs. Sustaining mutual cooperation ensures the highest long-term rewards for both.  \nACTION: COOPERATE"
  ]
}