{
  "experiment": "exp6_baseline",
  "game": "prisoners_dilemma",
  "provider": "openai",
  "baseline": "GrimTrigger",
  "trial": 3,
  "rounds": 30,
  "payoff": 90,
  "coop_rate": 1.0,
  "llm_history": [
    "COOPERATE",
    "COOPERATE",
    "COOPERATE",
    "COOPERATE",
    "COOPERATE",
    "COOPERATE",
    "COOPERATE",
    "COOPERATE",
    "COOPERATE",
    "COOPERATE",
    "COOPERATE",
    "COOPERATE",
    "COOPERATE",
    "COOPERATE",
    "COOPERATE",
    "COOPERATE",
    "COOPERATE",
    "COOPERATE",
    "COOPERATE",
    "COOPERATE",
    "COOPERATE",
    "COOPERATE",
    "COOPERATE",
    "COOPERATE",
    "COOPERATE",
    "COOPERATE",
    "COOPERATE",
    "COOPERATE",
    "COOPERATE",
    "COOPERATE"
  ],
  "opp_history": [
    "COOPERATE",
    "COOPERATE",
    "COOPERATE",
    "COOPERATE",
    "COOPERATE",
    "COOPERATE",
    "COOPERATE",
    "COOPERATE",
    "COOPERATE",
    "COOPERATE",
    "COOPERATE",
    "COOPERATE",
    "COOPERATE",
    "COOPERATE",
    "COOPERATE",
    "COOPERATE",
    "COOPERATE",
    "COOPERATE",
    "COOPERATE",
    "COOPERATE",
    "COOPERATE",
    "COOPERATE",
    "COOPERATE",
    "COOPERATE",
    "COOPERATE",
    "COOPERATE",
    "COOPERATE",
    "COOPERATE",
    "COOPERATE",
    "COOPERATE"
  ],
  "llm_responses": [
    "THINKING: Since this is the first round and there is no history or data on the opponent's behavior, cooperating can build trust and encourage mutual cooperation in future rounds. Defecting might lead to a downward spiral of mutual defection.  \nACTION: COOPERATE",
    "THINKING: Since both I and the opponent cooperated in the previous round and their cooperation rate is 100%, maintaining mutual cooperation maximizes payoffs for both players in this repeated game. Defecting now risks breaking trust and reducing long-term gains.  \nACTION: COOPERATE",
    "THINKING: Both I and the opponent have cooperated in every round so far, which suggests a mutually beneficial strategy. Continuing to cooperate maintains trust and maximizes long-term payoffs in a repeated game.\n\nACTION: COOPERATE",
    "THINKING: The opponent has consistently cooperated in all previous rounds, and maintaining mutual cooperation maximizes long-term payoffs for both players. Defecting would break trust and reduce future cooperation likelihood.  \n\nACTION: COOPERATE",
    "THINKING: Both I and my opponent have shown a consistent pattern of cooperation, and mutual cooperation yields the best long-term payoff. Breaking this streak risks damaging trust and reducing future payoffs.  \nACTION: COOPERATE",
    "THINKING: Both the opponent and I have cooperated 100% of the time so far, leading to mutual trust and maximizing payoffs for both players. Maintaining cooperation ensures continued high payoffs for both parties without risking mutual defection.  \n\nACTION: COOPERATE",
    "THINKING: Both you and your opponent have demonstrated perfect cooperation so far, leading to mutual payoff maximization. Continuing to cooperate ensures trust and maintains the highest collective benefit. Defecting now would risk breaking this trust unnecessarily.\n\nACTION: COOPERATE",
    "THINKING: Both my cooperation rate and the Opponent's cooperation rate are 100%, suggesting mutual trust and successful outcomes for both so far. Breaking this cooperation could harm future interactions, especially since the Opponent has shown no signs of defection.\n\nACTION: COOPERATE",
    "THINKING: Both you and the opponent have consistently cooperated, leading to mutual benefit. Breaking the trust now could jeopardize future cooperation and lower total payoffs for both.  \nACTION: COOPERATE  ",
    "THINKING: The opponent has consistently cooperated in all previous rounds, indicating a strong pattern of trust and mutual benefit. Continuing to cooperate maximizes the payoff for both players and sustains the cooperative dynamic.\n\nACTION: COOPERATE",
    "THINKING: Both I and the Opponent have maintained perfect cooperation so far, leading to a highly beneficial mutual outcome. Breaking the cycle of cooperation would risk damaging the trust and long-term payoffs.\n\nACTION: COOPERATE",
    "THINKING: Both my opponent and I have been consistently cooperating, leading to mutual gains. Breaking this pattern by defecting may harm future cooperation and long-term payoffs. \n\nACTION: COOPERATE",
    "THINKING: Both I and the Opponent have cooperated 100% so far, leading to stable and mutually beneficial outcomes. Defecting now would break this trust and likely lead to a worse outcome for both in future rounds.\n\nACTION: COOPERATE",
    "THINKING: Both my cooperation rate and my opponent's cooperation rate are 100%, indicating mutual trust and a stable cooperative dynamic. Defecting now could disrupt this beneficial pattern and harm long-term payoffs.  \n\nACTION: COOPERATE",
    "THINKING: The opponent has been consistently cooperative, and mutual cooperation yields higher long-term payoffs in the Prisoner's Dilemma. Maintaining trust and cooperation maximizes both our outcomes.  \n\nACTION: COOPERATE",
    "THINKING: Both my opponent and I have consistently cooperated, resulting in mutual benefit so far. Defecting now could risk breaking the trust and reduce long-term payoffs in future rounds.  \nACTION: COOPERATE",
    "THINKING: The opponent has consistently cooperated in all previous rounds, and maintaining mutual cooperation ensures the highest possible payoff for both. Defecting would break the established trust and reduce long-term gains.\n\nACTION: COOPERATE",
    "THINKING: Both the Opponent and I have maintained a 100% cooperation rate so far, which has maximized mutual payoffs. Breaking this pattern by defecting risks losing trust and long-term gains. \n\nACTION: COOPERATE",
    "THINKING: Both you and your opponent have consistently cooperated for the entire game, maintaining a 100% cooperation rate and resulting in mutual maximum payoffs. Defecting now would betray the established trust and likely harm future payoffs. \n\nACTION: COOPERATE",
    "THINKING: Both my opponent and I have maintained a 100% cooperation rate over 19 rounds, resulting in mutual benefit. Defecting now would break the trust and jeopardize future payoffs in this repeated game.  \nACTION: COOPERATE  ",
    "THINKING: The opponent has consistently cooperated in all previous rounds, maintaining a 100% cooperation rate. To maximize my long-term payoff and maintain mutual trust, it is in my best interest to continue cooperating.  \n\nACTION: COOPERATE",
    "THINKING: The opponent has consistently cooperated throughout all 21 rounds, and mutual cooperation yields the highest joint payoff. Defecting now could break trust and lower long-term payoffs.  \nACTION: COOPERATE",
    "THINKING: Both my opponent and I have consistently cooperated, which maximizes mutual payoffs. Defecting now risks breaking the trust and reducing future payoffs in this repeated game.  \n\nACTION: COOPERATE  ",
    "THINKING: Both the opponent and I have maintained a 100% cooperation rate so far, which has maximized mutual payoffs. Breaking this trust now would jeopardize the pattern of mutually beneficial outcomes. \n\nACTION: COOPERATE",
    "THINKING: Both you and your opponent have maintained a 100% cooperation rate, resulting in mutual benefits. Defecting now would disrupt this equilibrium and risk long-term retaliation.  \nACTION: COOPERATE",
    "THINKING: Both the opponent and I have been fully cooperative so far, resulting in mutual gains. Defecting now would break the trust and harm future payoffs, especially since the opponent seems highly cooperative.  \nACTION: COOPERATE",
    "THINKING: The opponent has demonstrated consistent cooperation (100% cooperation rate), and mutual cooperation yields a higher payoff (3 vs. 1 for mutual defection). Maintaining cooperation maximizes long-term rewards and trust.  \nACTION: COOPERATE",
    "THINKING: Both I and the opponent have cooperated consistently for the entire game, leading to mutual high payoffs. Defecting now would break trust and likely result in lower payoffs in future rounds.\n\nACTION: COOPERATE",
    "THINKING: The opponent has consistently cooperated in all previous rounds, resulting in mutual benefits. Defecting would break the trust and likely lead to lower future payoffs. Maintaining cooperation maximizes long-term rewards.  \n\nACTION: COOPERATE",
    "THINKING: The opponent has been consistently cooperative throughout all 29 rounds, demonstrating trustworthiness. Continuing to cooperate maximizes long-term mutual payoff and maintains trust. \n\nACTION: COOPERATE"
  ]
}