{
  "experiment": "exp6_baseline",
  "game": "prisoners_dilemma",
  "provider": "openai",
  "baseline": "GrimTrigger",
  "trial": 8,
  "rounds": 30,
  "payoff": 90,
  "coop_rate": 1.0,
  "llm_history": [
    "COOPERATE",
    "COOPERATE",
    "COOPERATE",
    "COOPERATE",
    "COOPERATE",
    "COOPERATE",
    "COOPERATE",
    "COOPERATE",
    "COOPERATE",
    "COOPERATE",
    "COOPERATE",
    "COOPERATE",
    "COOPERATE",
    "COOPERATE",
    "COOPERATE",
    "COOPERATE",
    "COOPERATE",
    "COOPERATE",
    "COOPERATE",
    "COOPERATE",
    "COOPERATE",
    "COOPERATE",
    "COOPERATE",
    "COOPERATE",
    "COOPERATE",
    "COOPERATE",
    "COOPERATE",
    "COOPERATE",
    "COOPERATE",
    "COOPERATE"
  ],
  "opp_history": [
    "COOPERATE",
    "COOPERATE",
    "COOPERATE",
    "COOPERATE",
    "COOPERATE",
    "COOPERATE",
    "COOPERATE",
    "COOPERATE",
    "COOPERATE",
    "COOPERATE",
    "COOPERATE",
    "COOPERATE",
    "COOPERATE",
    "COOPERATE",
    "COOPERATE",
    "COOPERATE",
    "COOPERATE",
    "COOPERATE",
    "COOPERATE",
    "COOPERATE",
    "COOPERATE",
    "COOPERATE",
    "COOPERATE",
    "COOPERATE",
    "COOPERATE",
    "COOPERATE",
    "COOPERATE",
    "COOPERATE",
    "COOPERATE",
    "COOPERATE"
  ],
  "llm_responses": [
    "THINKING: Since this is the first round and there is no history or pattern to analyze, cooperating may build trust and encourage mutual cooperation in future rounds. However, defecting could maximize my payoff if the opponent cooperates. I'll take the risk to establish a cooperative stance.\n\nACTION: COOPERATE",
    "THINKING: The opponent cooperated in the first round, and their cooperation rate is 100%. Maintaining mutual cooperation maximizes payoffs for both players in the long run.  \nACTION: COOPERATE",
    "THINKING: Both the opponent and I have cooperated consistently so far, resulting in maximum mutual payoffs. There is no indication of betrayal yet, so maintaining cooperation could preserve trust and maximize long-term gains.  \nACTION: COOPERATE  ",
    "THINKING: The opponent has consistently cooperated, and mutual cooperation yields the highest payoff for both players. Defecting would risk breaking trust and lead to lower long-term payoffs.  \n\nACTION: COOPERATE",
    "THINKING: Both my opponent and I have consistently cooperated, leading to mutual benefit. Breaking this cooperation now risks losing trust and reducing future payoffs in this repeated game.  \nACTION: COOPERATE",
    "THINKING: The opponent has maintained a 100% cooperation rate, and mutual cooperation maximizes long-term payoffs. Defecting now could break trust and reduce future payoffs.\n\nACTION: COOPERATE",
    "THINKING: The opponent has consistently cooperated in every round, and mutual cooperation yields the highest collective payoff. Maintaining cooperation ensures trust and maximizes long-term benefits in this repeated game.\n\nACTION: COOPERATE",
    "THINKING: The opponent has been consistently cooperative, and mutual cooperation yields a better long-term payoff than defecting. Breaking cooperation now could harm the trust and lead to future defections from the opponent. \n\nACTION: COOPERATE",
    "THINKING: The opponent has consistently cooperated (100% cooperation rate), and mutual cooperation yields the highest total payoff over the long run. Defecting now risks breaking the trust and reducing future payoffs.  \nACTION: COOPERATE",
    "THINKING: The opponent has shown complete cooperation throughout the game, and mutual cooperation maximizes payoffs for both players. Maintaining cooperation could build trust and ensure continued high payoffs.  \n\nACTION: COOPERATE",
    "THINKING: The opponent has shown consistent cooperation with a 100% cooperation rate, and mutual cooperation yields the highest combined payoff. Defecting now risks breaking trust and leading to a worse outcome in future rounds.  \nACTION: COOPERATE",
    "THINKING: Both I and the opponent have cooperated consistently, and the opponent's cooperation rate is 100%. Defecting now would risk breaking the mutual trust and lead to lower payoffs in future rounds. Maintaining cooperation maximizes long-term gains.  \n\nACTION: COOPERATE  ",
    "THINKING: Both I and the Opponent have shown consistent cooperation for all rounds so far, which maximizes mutual payoffs. Breaking this pattern by defecting risks damaging trust and reducing future payoffs.  \nACTION: COOPERATE",
    "THINKING: Both I and my opponent have cooperated consistently, leading to mutual benefits. Maintaining cooperation maximizes long-term payoffs and sustains trust.\n\nACTION: COOPERATE",
    "THINKING: Both I and the Opponent have cooperated consistently so far, leading to a highly cooperative dynamic. Continuing to cooperate maximizes mutual benefit and avoids risking the breakdown of trust.\n\nACTION: COOPERATE",
    "THINKING: The opponent has consistently cooperated in all prior rounds, and both of us have maintained a cooperative strategy, ensuring mutual high payoffs. Breaking this pattern by defecting now risks disrupting trust and long-term benefits.\n\nACTION: COOPERATE",
    "THINKING: Both I and the opponent have consistently cooperated for all previous rounds, leading to mutually optimal payoffs. Maintaining cooperation ensures the best long-term outcome given the opponent's highly cooperative behavior.\n\nACTION: COOPERATE",
    "THINKING: The opponent has consistently cooperated in all 17 rounds, suggesting they are highly trustworthy and playing a cooperative strategy. Defecting now would break mutual trust and reduce long-term payoffs for both players.  \n\nACTION: COOPERATE",
    "THINKING: The opponent has shown consistent cooperation in all previous rounds, and maintaining mutual cooperation maximizes the payoff for both parties. Defecting would break trust and lead to lower payoffs in the long run. \n\nACTION: COOPERATE",
    "THINKING: Both my opponent and I have cooperated in all rounds so far, leading to mutual benefits. Breaking this pattern by defecting risks losing the trust and the long-term payoffs from continued cooperation.  \nACTION: COOPERATE",
    "THINKING: The opponent has been consistently cooperative (100% cooperation rate over 20 rounds), and mutual cooperation yields the highest long-term payoff. Defecting might break the trust and lead to worse outcomes in subsequent rounds.  \n\nACTION: COOPERATE",
    "THINKING: The opponent has cooperated in every round, indicating a highly cooperative strategy. To maximize long-term payoffs and maintain mutual trust, I should continue to cooperate.  \n\nACTION: COOPERATE  ",
    "THINKING: The opponent has consistently cooperated in every round, showing a highly cooperative strategy. Maintaining mutual cooperation maximizes long-term payoffs for both players in this scenario.\n\nACTION: COOPERATE",
    "THINKING: The opponent has consistently cooperated in every round, demonstrating a highly cooperative pattern. Continuing to cooperate maximizes mutual payoff and sustains trust in the repeated game.\n\nACTION: COOPERATE",
    "THINKING: The opponent has consistently cooperated in all previous rounds, and mutual cooperation maximizes long-term payoffs for both parties in this repeated game scenario. Defecting would risk breaking this cooperative dynamic and reduce overall payoffs. \n\nACTION: COOPERATE",
    "THINKING: The opponent has consistently cooperated over 25 rounds, maintaining a 100% cooperation rate. Defecting now would break the mutual trust and likely lead to lower payoffs in future rounds.  \n\nACTION: COOPERATE  ",
    "THINKING: Both my opponent and I have consistently cooperated for 26 rounds, leading to mutually beneficial outcomes. Breaking this pattern by defecting would damage the trust and likely result in lower payoffs in future rounds.\n\nACTION: COOPERATE",
    "THINKING: Both my Opponent and I have been entirely cooperative so far, leading to optimal payoffs for both of us. Breaking this mutual trust by defecting could jeopardize future cooperation and reduce long-term payoffs.\n\nACTION: COOPERATE",
    "THINKING: Both you and your opponent have consistently cooperated for 28 rounds, building trust and maximizing mutual payoffs. Defecting now would break this trust and likely lead to mutual defection in future rounds, lowering overall payoffs. \n\nACTION: COOPERATE",
    "THINKING: Both my opponent and I have maintained perfect cooperation for all 29 rounds, leading to mutual high payoffs. Defecting now would break the trust and likely trigger retaliation, reducing long-term benefits.\n\nACTION: COOPERATE"
  ]
}