{
  "experiment": "exp6_baseline",
  "game": "prisoners_dilemma",
  "provider": "openai",
  "baseline": "AlwaysDefect",
  "trial": 25,
  "rounds": 30,
  "payoff": 29,
  "coop_rate": 0.03333333333333333,
  "llm_history": [
    "COOPERATE",
    "DEFECT",
    "DEFECT",
    "DEFECT",
    "DEFECT",
    "DEFECT",
    "DEFECT",
    "DEFECT",
    "DEFECT",
    "DEFECT",
    "DEFECT",
    "DEFECT",
    "DEFECT",
    "DEFECT",
    "DEFECT",
    "DEFECT",
    "DEFECT",
    "DEFECT",
    "DEFECT",
    "DEFECT",
    "DEFECT",
    "DEFECT",
    "DEFECT",
    "DEFECT",
    "DEFECT",
    "DEFECT",
    "DEFECT",
    "DEFECT",
    "DEFECT",
    "DEFECT"
  ],
  "opp_history": [
    "DEFECT",
    "DEFECT",
    "DEFECT",
    "DEFECT",
    "DEFECT",
    "DEFECT",
    "DEFECT",
    "DEFECT",
    "DEFECT",
    "DEFECT",
    "DEFECT",
    "DEFECT",
    "DEFECT",
    "DEFECT",
    "DEFECT",
    "DEFECT",
    "DEFECT",
    "DEFECT",
    "DEFECT",
    "DEFECT",
    "DEFECT",
    "DEFECT",
    "DEFECT",
    "DEFECT",
    "DEFECT",
    "DEFECT",
    "DEFECT",
    "DEFECT",
    "DEFECT",
    "DEFECT"
  ],
  "llm_responses": [
    "THINKING: Since this is the first round and there is no history to analyze, cooperating sets a foundation for potential mutual trust and maximizes long-term payoffs if the opponent also cooperates. Defecting might discourage future cooperation.  \nACTION: COOPERATE",
    "THINKING: In the first round, the opponent defected even though I cooperated, which suggests they might be playing a selfish or exploitative strategy. To avoid being exploited further, I should defect this round to protect my payoff.\n\nACTION: DEFECT",
    "THINKING: The opponent has consistently defected in the previous rounds, indicating a lack of trust or willingness to cooperate. To maximize my payoff, it is rational to defect in response.\n\nACTION: DEFECT",
    "THINKING: The opponent has consistently defected in all past rounds, showing no inclination to cooperate. To maximize my payoff, it is rational to defect as well, since cooperation would only result in a payoff of 0 for me.\n\nACTION: DEFECT",
    "THINKING: The Opponent has consistently defected in every round with a cooperation rate of 0%. Cooperating would result in being exploited again, while defecting ensures at least a minimal payoff for myself. \n\nACTION: DEFECT",
    "THINKING: Given that the opponent has consistently defected in every round and their cooperation rate is 0%, cooperating would continuously result in a payoff of 0 for me while they gain 5. To maximize my own payoff, defecting is the rational choice.  \n\nACTION: DEFECT",
    "THINKING: The opponent has consistently defected in all previous rounds, showing no willingness to cooperate. To maximize my payoff, the rational choice is to defect as well.  \n\nACTION: DEFECT",
    "THINKING: The opponent has consistently defected in every round (0% cooperation rate), which indicates that they are not incentivized to cooperate. To maximize my payoff, it is rational to defect as well.\n\nACTION: DEFECT",
    "THINKING: The opponent has consistently defected in every round, showing no willingness to cooperate. Defecting is the only rational response to avoid being exploited and to maximize my own payoff.\n\nACTION: DEFECT",
    "THINKING: The opponent has consistently defected in every round, showing no willingness to cooperate. Continuing to cooperate would only result in a loss for me, given their strategy.\n\nACTION: DEFECT",
    "THINKING: The opponent has consistently defected in every round, showing no intention of cooperating. Continuing to cooperate would only result in a payoff of 0 for me, while they gain 5. Defecting ensures I at least get 1 point. \n\nACTION: DEFECT",
    "THINKING: The opponent has consistently defected in every round, showing no willingness to cooperate. To maximize my payoff in this situation, the best response is to defect as well.  \n\nACTION: DEFECT",
    "THINKING: The opponent has consistently defected every round, and their cooperation rate is 0%. Continuing to cooperate would only result in a lower payoff for me without any expectation of mutual benefit. Defection maximizes my payoff in this scenario.\n\nACTION: DEFECT",
    "THINKING: The opponent has consistently defected in every round and shows no signs of cooperating. Since cooperation would only lead to being exploited, the rational decision is to defect to avoid unnecessary losses.\n\nACTION: DEFECT",
    "THINKING: The opponent has consistently defected in all previous rounds, showing no intention of cooperating. Defecting maximizes my payoff given their behavior.  \nACTION: DEFECT  ",
    "THINKING: The opponent has consistently defected in all previous rounds and shows no indication of changing their strategy. Defecting is the rational choice to maximize my payoff in this situation.  \n\nACTION: DEFECT",
    "THINKING: The opponent has consistently defected in every round, indicating no incentive to cooperate. Defecting maximizes my payoff in this scenario.  \nACTION: DEFECT",
    "THINKING: The Opponent has consistently defected in every round, showing no willingness to cooperate. Continuing to cooperate would result in repeated losses, so defecting maximizes my payoff.\n\nACTION: DEFECT",
    "THINKING: The opponent has consistently defected for all previous rounds, and their cooperation rate is 0%. Cooperating would guarantee a loss, while defecting ensures at least a minimal payoff.  \nACTION: DEFECT  ",
    "THINKING: The opponent has consistently defected in every round, and their cooperation rate is 0%. Continuing to cooperate would only result in a loss for me, as there is no indication that the opponent will change their behavior.\n\nACTION: DEFECT",
    "THINKING: The opponent has consistently defected in all previous rounds, showing no indication of willingness to cooperate. Defecting ensures I avoid being exploited and guarantees at least a minimal payoff.\n\nACTION: DEFECT",
    "THINKING: The opponent has consistently defected in every round so far, showing no intention to cooperate. To maximize my payoff in this situation, it is rational to defect as well.\n\nACTION: DEFECT",
    "THINKING: The opponent has consistently defected in all previous rounds, and cooperation on my part would result in a guaranteed loss of payoff. To maximize my payoff, I should also defect.  \nACTION: DEFECT",
    "THINKING: The opponent has consistently defected in every round and shows no inclination to cooperate. Cooperating would only result in my exploitation without any benefit. Defecting is the best strategy to maximize my own payoff in this scenario.  \n\nACTION: DEFECT",
    "THINKING: The opponent has consistently defected in every round, showing no indication of willingness to cooperate. Defecting maximizes my payoff given their predictable behavior.\n\nACTION: DEFECT",
    "THINKING: The opponent has consistently defected in every round, and there is no indication they will cooperate. To maximize my payoff in this scenario, the rational choice is to defect as well.  \n\nACTION: DEFECT",
    "THINKING: The opponent has consistently defected in all previous rounds, indicating a strategy of non-cooperation. Defecting maximizes my payoff given their predictable behavior.  \n\nACTION: DEFECT",
    "THINKING: The opponent has consistently defected in all previous rounds, showing no intention to cooperate. Defecting ensures I don't get exploited and maximizes my payoff given their strategy.  \n\nACTION: DEFECT",
    "THINKING: The opponent has consistently defected in all 28 rounds, showing no willingness to cooperate. Defecting is the only rational choice to avoid being exploited further.\n\nACTION: DEFECT",
    "THINKING: Given the opponent's consistent history of always defecting (0% cooperation rate) and my low payoff so far, cooperation would only continue to hurt my score with no chance of mutual benefit. Defection is the rational choice to maximize my minimal payoff.  \nACTION: DEFECT"
  ]
}