{
  "experiment": "exp6_baseline",
  "game": "prisoners_dilemma",
  "provider": "deepseek",
  "baseline": "AlwaysDefect",
  "trial": 20,
  "rounds": 30,
  "payoff": 29,
  "coop_rate": 0.03333333333333333,
  "llm_history": [
    "COOPERATE",
    "DEFECT",
    "DEFECT",
    "DEFECT",
    "DEFECT",
    "DEFECT",
    "DEFECT",
    "DEFECT",
    "DEFECT",
    "DEFECT",
    "DEFECT",
    "DEFECT",
    "DEFECT",
    "DEFECT",
    "DEFECT",
    "DEFECT",
    "DEFECT",
    "DEFECT",
    "DEFECT",
    "DEFECT",
    "DEFECT",
    "DEFECT",
    "DEFECT",
    "DEFECT",
    "DEFECT",
    "DEFECT",
    "DEFECT",
    "DEFECT",
    "DEFECT",
    "DEFECT"
  ],
  "opp_history": [
    "DEFECT",
    "DEFECT",
    "DEFECT",
    "DEFECT",
    "DEFECT",
    "DEFECT",
    "DEFECT",
    "DEFECT",
    "DEFECT",
    "DEFECT",
    "DEFECT",
    "DEFECT",
    "DEFECT",
    "DEFECT",
    "DEFECT",
    "DEFECT",
    "DEFECT",
    "DEFECT",
    "DEFECT",
    "DEFECT",
    "DEFECT",
    "DEFECT",
    "DEFECT",
    "DEFECT",
    "DEFECT",
    "DEFECT",
    "DEFECT",
    "DEFECT",
    "DEFECT",
    "DEFECT"
  ],
  "llm_responses": [
    "THINKING: This is the first round with no history, so I'll start with cooperation to signal willingness to cooperate and see how the opponent responds.  \nACTION: COOPERATE",
    "THINKING: The opponent defected in the first round, and my cooperation rate is high, so they may be exploiting me. I should defect to avoid being taken advantage of again.  \nACTION: DEFECT",
    "THINKING: The opponent has defected in both previous rounds, so they are likely playing a strategy that defects often. To avoid being exploited, I should defect as well.  \nACTION: DEFECT",
    "THINKING: The opponent has defected every round so far, and my cooperation rate is low because I've tried cooperating but got punished. Continuing to cooperate against an always-defect strategy will only hurt my score.\n\nACTION: DEFECT",
    "THINKING: The opponent has always defected so far, and my cooperation rate is low because cooperating earlier led to zero payoff. Continuing to cooperate seems unlikely to change their behavior, so I should defect to minimize losses.\n\nACTION: DEFECT",
    "THINKING: The opponent has defected every round so far, and my cooperation has only led to losses. Continuing to cooperate is not rational against an always-defect strategy.  \nACTION: DEFECT",
    "THINKING: The opponent has always defected so far, and my cooperation has only led to losses. Continuing to cooperate is not rational.  \nACTION: DEFECT",
    "THINKING: The opponent has defected every round so far and has a 0% cooperation rate, so cooperating again is unlikely to yield a better outcome.  \nACTION: DEFECT",
    "THINKING: The opponent has always defected so far, and my cooperation has only led to zero payoff. To maximize my payoff in this round, I should defect.  \nACTION: DEFECT",
    "THINKING: The opponent has defected every single round so far, and my cooperation has only led to losses. Continuing to cooperate is irrational when facing an always-defect strategy.  \nACTION: DEFECT",
    "THINKING: The opponent has defected every round so far, and my cooperation has only led to losses. Continuing to cooperate is not rational.  \nACTION: DEFECT",
    "THINKING: The opponent has defected in every previous round, and my cooperation has only led to losses. Continuing to cooperate is not rational.  \nACTION: DEFECT",
    "THINKING: The opponent has always defected so far, and my cooperation has led to zero payoff. Continuing to cooperate is not rational.  \nACTION: DEFECT",
    "THINKING: The opponent has always defected, so cooperating again would likely just give them another high payoff at my expense.  \nACTION: DEFECT",
    "THINKING: The opponent has always defected so far, and my cooperation rate is very low because cooperating has led to poor payoffs. Continuing to cooperate is not rational here.\n\nACTION: DEFECT",
    "THINKING: The opponent has defected every single round so far, and my cooperation has only led to losses. Continuing to cooperate is not rational.  \nACTION: DEFECT",
    "THINKING: The opponent has consistently defected in all previous rounds, and my cooperation has only led to losses. Continuing to cooperate is not rational in this scenario.\n\nACTION: DEFECT",
    "THINKING: The opponent has never cooperated in 17 rounds, so they are playing a pure defection strategy. Cooperating now would only give them a higher payoff at my expense.\n\nACTION: DEFECT",
    "THINKING: The opponent has always defected, and cooperating has given me zero payoff so far. To maximize my payoff in this round, I should defect.  \nACTION: DEFECT",
    "THINKING: The opponent has defected in 19 out of 19 rounds, showing no willingness to cooperate. Cooperating now would only give them a higher payoff at my expense.  \nACTION: DEFECT",
    "THINKING: The opponent has always defected so far, and my cooperation rate is low because cooperating against a constant defector yields zero payoff. To maximize my payoff in this round, I should defect as well.\n\nACTION: DEFECT",
    "THINKING: The opponent has defected in every previous round and has a 0% cooperation rate, so cooperating now would likely just give them another high payoff at my expense.  \nACTION: DEFECT",
    "THINKING: The opponent has consistently defected for 22 rounds, and my cooperation rate is only 5%, meaning cooperating has not changed their behavior. Continuing to cooperate will only yield a payoff of 0.\n\nACTION: DEFECT",
    "THINKING: The opponent has defected in every previous round and has a 0% cooperation rate, so cooperating now would likely result in a payoff of 0 with no strategic benefit.  \nACTION: DEFECT",
    "THINKING: The opponent has defected in every round so far, and my cooperation has only led to losses. Continuing to cooperate is not rational.  \nACTION: DEFECT",
    "THINKING: The opponent has defected in every round so far, and my cooperation has only led to losses. Continuing to cooperate is not rational.  \nACTION: DEFECT",
    "THINKING: The opponent has defected in every round so far and has a 0% cooperation rate, so they are not reciprocating cooperation. Cooperating now would only lower my score further.  \nACTION: DEFECT",
    "THINKING: The opponent has defected in every previous round, and my cooperation rate is very low, so there's no sign of mutual cooperation to build on. Defecting is the safest choice to avoid a sucker's payoff.\n\nACTION: DEFECT",
    "THINKING: The opponent has defected in every previous round, and my cooperation rate is very low, so there's no sign of mutual cooperation to salvage. Defecting now maximizes my payoff in this round and avoids being exploited.\n\nACTION: DEFECT",
    "THINKING: Opponent has defected 100% of the time, so cooperating will only yield 0 points while defecting yields at least 1 point.  \nACTION: DEFECT"
  ]
}