{
  "experiment": "exp6_baseline",
  "game": "prisoners_dilemma",
  "provider": "openai",
  "baseline": "AlwaysDefect",
  "trial": 26,
  "rounds": 30,
  "payoff": 29,
  "coop_rate": 0.03333333333333333,
  "llm_history": [
    "COOPERATE",
    "DEFECT",
    "DEFECT",
    "DEFECT",
    "DEFECT",
    "DEFECT",
    "DEFECT",
    "DEFECT",
    "DEFECT",
    "DEFECT",
    "DEFECT",
    "DEFECT",
    "DEFECT",
    "DEFECT",
    "DEFECT",
    "DEFECT",
    "DEFECT",
    "DEFECT",
    "DEFECT",
    "DEFECT",
    "DEFECT",
    "DEFECT",
    "DEFECT",
    "DEFECT",
    "DEFECT",
    "DEFECT",
    "DEFECT",
    "DEFECT",
    "DEFECT",
    "DEFECT"
  ],
  "opp_history": [
    "DEFECT",
    "DEFECT",
    "DEFECT",
    "DEFECT",
    "DEFECT",
    "DEFECT",
    "DEFECT",
    "DEFECT",
    "DEFECT",
    "DEFECT",
    "DEFECT",
    "DEFECT",
    "DEFECT",
    "DEFECT",
    "DEFECT",
    "DEFECT",
    "DEFECT",
    "DEFECT",
    "DEFECT",
    "DEFECT",
    "DEFECT",
    "DEFECT",
    "DEFECT",
    "DEFECT",
    "DEFECT",
    "DEFECT",
    "DEFECT",
    "DEFECT",
    "DEFECT",
    "DEFECT"
  ],
  "llm_responses": [
    "THINKING: In the first round, there is no history or pattern to analyze. Starting with cooperation can foster trust and potentially encourage mutual cooperation in future rounds.  \nACTION: COOPERATE  ",
    "THINKING: In the first round, the opponent chose to defect, indicating a lack of trust or a strategy to exploit cooperation. Since their cooperation rate is 0% so far, I will defect to avoid being exploited again.\n\nACTION: DEFECT",
    "THINKING: The opponent has consistently defected so far (0% cooperation rate), indicating they are not inclined to cooperate. Defecting minimizes losses in this scenario.\n\nACTION: DEFECT",
    "THINKING: The opponent has consistently defected in every round, showing no intention to cooperate. To maximize my payoff in this situation, the best response is to defect as well.\n\nACTION: DEFECT",
    "THINKING: The opponent has consistently defected in all previous rounds, showing no inclination to cooperate. Continuing to cooperate would only result in further losses for me without any reciprocal benefit.\n\nACTION: DEFECT",
    "THINKING: The opponent has consistently defected in all previous rounds and has a cooperation rate of 0%. Cooperating would result in no payoff for me, while defecting guarantees at least 1 point. \n\nACTION: DEFECT",
    "THINKING: The opponent has consistently defected in all previous rounds, showing no willingness to cooperate. Continuing to cooperate would only result in zero payoff for me, so defecting is the rational choice to maximize my payoff.\n\nACTION: DEFECT",
    "THINKING: The opponent has shown a consistent pattern of always defecting, and cooperating against a persistent defector leads to minimal payoffs for me. To maximize my payoff, I should defect as well.\n\nACTION: DEFECT",
    "THINKING: The opponent has consistently defected in all previous rounds, showing no intention to cooperate. Continuing to cooperate in this scenario would only result in me receiving the lowest possible payoff.\n\nACTION: DEFECT",
    "THINKING: The opponent has consistently defected in every round, showing no intention to cooperate. Continuing to cooperate would only result in a worse payoff for me, so the rational choice is to defect.\n\nACTION: DEFECT",
    "THINKING: The opponent has consistently defected in all rounds, and their cooperation rate is 0%. Cooperation would result in a guaranteed loss for me, so defecting is the only rational choice to avoid being exploited.\n\nACTION: DEFECT",
    "THINKING: The opponent has consistently defected in all previous rounds, demonstrating no willingness to cooperate. Since mutual cooperation is unlikely, defecting maximizes my payoff in this situation.  \n\nACTION: DEFECT",
    "THINKING: The opponent has consistently defected in every round, indicating they are not inclined to cooperate. Defecting maximizes my payoff given their behavior.  \nACTION: DEFECT",
    "THINKING: The opponent has consistently defected in every round, showing no intention to cooperate. Continuing to cooperate will only result in a worse payoff for me. The optimal strategy is to defect to avoid being exploited.\n\nACTION: DEFECT",
    "THINKING: The opponent has consistently defected, showing no willingness to cooperate. Defecting ensures I avoid being exploited and maximizes my payoff under these circumstances.  \nACTION: DEFECT",
    "THINKING: The opponent has consistently defected in all previous rounds, showing no intention to cooperate. To maximize my payoff in this zero-cooperation scenario, the rational choice is to defect as well.\n\nACTION: DEFECT",
    "THINKING: The opponent has consistently defected in every round, showing no intention to cooperate. To maximize my own payoff, defecting is the only rational choice.  \n\nACTION: DEFECT",
    "THINKING: The opponent has consistently defected in all 17 rounds, showing no willingness to cooperate. Since cooperating would only result in a 0 payoff for me, defecting is the only rational choice to maximize my payoff.  \n\nACTION: DEFECT",
    "THINKING: The opponent has consistently defected in every round, and there is no evidence to suggest they will change their strategy. Cooperating would only lead to a lower payoff for me. \n\nACTION: DEFECT",
    "THINKING: The opponent has consistently defected in all 19 rounds, demonstrating no willingness to cooperate. To maximize my payoff under these circumstances, defecting is the rational choice.  \n\nACTION: DEFECT",
    "THINKING: The opponent has consistently defected in every round, showing no intention to cooperate. Given the payoff matrix, cooperating would only result in a loss for me, so defecting is the best response.\n\nACTION: DEFECT",
    "THINKING: The opponent has consistently defected in every round, showing no willingness to cooperate. Defecting is the best strategy to minimize losses since cooperation will only result in a payoff of 0.\n\nACTION: DEFECT",
    "THINKING: The opponent has consistently defected in all previous rounds and has a 0% cooperation rate. Continuing to cooperate would yield no benefit, as the opponent is unlikely to change their strategy.\n\nACTION: DEFECT",
    "THINKING: The opponent has consistently defected every round, showing no intent to cooperate. Since cooperating would yield a payoff of 0 against their defection, the rational choice to maximize my payoff is to defect as well.  \n\nACTION: DEFECT",
    "THINKING: Given that the opponent has consistently defected and has a cooperation rate of 0%, cooperating would only result in a loss for me. Defecting ensures a minimal payoff of 1.  \nACTION: DEFECT",
    "THINKING: The opponent has consistently defected in every round, showing no willingness to cooperate. To maximize my payoff in this scenario, the optimal strategy is to defect as well.\n\nACTION: DEFECT",
    "THINKING: The opponent has consistently defected in all previous rounds, showing no intention to cooperate. Defecting maximizes my payoff in this scenario since cooperation would yield no benefit.  \n\nACTION: DEFECT",
    "THINKING: The opponent has consistently defected every round, showing no willingness to cooperate. Defecting ensures I maximize my payoff given their behavior.  \n\nACTION: DEFECT  ",
    "THINKING: The Opponent has consistently defected in all previous rounds, and there is no incentive to cooperate since it would result in a guaranteed loss for me. Defecting maximizes my payoff in this situation.  \nACTION: DEFECT",
    "THINKING: Given the opponent has consistently defected in all 29 rounds and has a 0% cooperation rate, cooperating would result in a guaranteed loss. Defecting is the rational choice to minimize losses.  \n\nACTION: DEFECT"
  ]
}