{
  "experiment": "exp6_baseline",
  "game": "prisoners_dilemma",
  "provider": "openai",
  "baseline": "AlwaysDefect",
  "trial": 28,
  "rounds": 30,
  "payoff": 29,
  "coop_rate": 0.03333333333333333,
  "llm_history": [
    "COOPERATE",
    "DEFECT",
    "DEFECT",
    "DEFECT",
    "DEFECT",
    "DEFECT",
    "DEFECT",
    "DEFECT",
    "DEFECT",
    "DEFECT",
    "DEFECT",
    "DEFECT",
    "DEFECT",
    "DEFECT",
    "DEFECT",
    "DEFECT",
    "DEFECT",
    "DEFECT",
    "DEFECT",
    "DEFECT",
    "DEFECT",
    "DEFECT",
    "DEFECT",
    "DEFECT",
    "DEFECT",
    "DEFECT",
    "DEFECT",
    "DEFECT",
    "DEFECT",
    "DEFECT"
  ],
  "opp_history": [
    "DEFECT",
    "DEFECT",
    "DEFECT",
    "DEFECT",
    "DEFECT",
    "DEFECT",
    "DEFECT",
    "DEFECT",
    "DEFECT",
    "DEFECT",
    "DEFECT",
    "DEFECT",
    "DEFECT",
    "DEFECT",
    "DEFECT",
    "DEFECT",
    "DEFECT",
    "DEFECT",
    "DEFECT",
    "DEFECT",
    "DEFECT",
    "DEFECT",
    "DEFECT",
    "DEFECT",
    "DEFECT",
    "DEFECT",
    "DEFECT",
    "DEFECT",
    "DEFECT",
    "DEFECT"
  ],
  "llm_responses": [
    "THINKING: Since this is the first round, there is no history to analyze. To establish trust and encourage mutual cooperation in future rounds, I will start by cooperating. \n\nACTION: COOPERATE",
    "THINKING: In the first round, the opponent defected while I cooperated, leading to a payoff imbalance. Since the opponent shows no cooperation so far, I will defect this round to avoid being exploited. \n\nACTION: DEFECT",
    "THINKING: The opponent has consistently defected in all rounds so far, indicating a strategy of non-cooperation. To maximize my payoff, it is rational to defect as well, since cooperating would only result in me losing points.\n\nACTION: DEFECT",
    "THINKING: The opponent has consistently defected in all past rounds, showing no intention to cooperate. Continuing to cooperate will only result in a lower payoff for me, so defecting is the best response to minimize losses.\n\nACTION: DEFECT",
    "THINKING: The opponent has consistently defected in all rounds, showing no intention to cooperate. Continuing to cooperate will only result in further losses for me, so the optimal strategy is to defect to minimize losses.  \n\nACTION: DEFECT",
    "THINKING: The opponent has consistently defected in all previous rounds, showing no intention to cooperate. Defecting will minimize loss and prevent exploitation. \n\nACTION: DEFECT",
    "THINKING: The opponent has consistently defected in every round, showing no intention of cooperation. Continuing to cooperate would only result in a lower payoff for me.\n\nACTION: DEFECT",
    "THINKING: The opponent has a 0% cooperation rate and has consistently defected every round. Cooperating would result in a guaranteed loss, so defecting is the best response to minimize losses.\n\nACTION: DEFECT",
    "THINKING: The opponent has consistently defected in all past rounds, and their cooperation rate is 0%. To maximize my payoff, it is optimal to defect as well, as cooperating would result in a guaranteed loss.  \nACTION: DEFECT",
    "THINKING: The opponent has consistently defected in all previous rounds, showing no inclination to cooperate. To maximize my payoff in this situation, the best response is to defect as well.\n\nACTION: DEFECT",
    "THINKING: The opponent has consistently defected in all previous rounds, showing no intention to cooperate. Defecting is the rational choice to avoid being taken advantage of again.  \nACTION: DEFECT  ",
    "THINKING: The opponent has consistently defected in every round, showing no intention of cooperating. To maximize my payoff given their always-defect strategy, I should defect as well.  \n\nACTION: DEFECT",
    "THINKING: The opponent has consistently defected in all rounds, indicating no willingness to cooperate. Continuing to cooperate would only result in being exploited, so defecting maximizes my payoff in this situation.\n\nACTION: DEFECT",
    "THINKING: The opponent has consistently defected in every round, and their cooperation rate is 0%. Cooperating would only result in a guaranteed loss for me, so defecting maximizes my payoff.  \nACTION: DEFECT",
    "THINKING: Based on the opponent's consistent behavior of defecting in every round, cooperating would result in a payoff of 0 while defecting guarantees at least a payoff of 1. There is no incentive to cooperate given the opponent's strategy.  \nACTION: DEFECT",
    "THINKING: The opponent has consistently defected in every round, showing no willingness to cooperate. Continuing to cooperate would only lead to repeated losses, so defecting is the rational choice to minimize losses.\n\nACTION: DEFECT",
    "THINKING: The opponent has consistently defected in every round (0% cooperation rate), and cooperation on my part has no benefit in this scenario due to their unchanging strategy. Defecting maximizes my payoff in this situation.  \nACTION: DEFECT",
    "THINKING: The opponent has consistently defected in all prior rounds, demonstrating no willingness to cooperate. Defecting maximizes my payoff under these circumstances.\n\nACTION: DEFECT",
    "THINKING: Given the opponent's consistent pattern of always defecting and their 0% cooperation rate, cooperating would only result in a payoff of 0 for me. Defecting ensures I at least get 1.\n\nACTION: DEFECT",
    "THINKING: The opponent has consistently defected in every round, and their cooperation rate is 0%. Given their established pattern, cooperating would guarantee a loss for me, while defecting minimizes losses.\n\nACTION: DEFECT",
    "THINKING: Opponent has consistently defected in all previous rounds, showing no inclination to cooperate. Continuing to defect maximizes my payoff given their strategy.\n\nACTION: DEFECT",
    "THINKING: The opponent has consistently defected in all previous rounds and shows no indication of changing behavior. Cooperation would result in a guaranteed loss, so defecting maximizes my payoff in this scenario.\n\nACTION: DEFECT",
    "THINKING: Opponent has consistently defected in every round, showing no intention to cooperate. Cooperating would result in a guaranteed loss, so the optimal strategy is to defect as well. \n\nACTION: DEFECT",
    "THINKING: The opponent has consistently defected in all previous rounds, and their cooperation rate is 0%. Cooperating would only result in a lower payoff for me, so defecting is the only rational choice to maximize my payoff.\n\nACTION: DEFECT",
    "THINKING: Opponent has consistently defected every round, showing no intention to cooperate. Continuing to cooperate would only lower my payoff further, as defecting maximizes my payoff given their strategy.  \n\nACTION: DEFECT",
    "THINKING: The opponent has consistently defected in every round and shows no willingness to cooperate. Cooperating in this situation would only result in a worse payoff for me.\n\nACTION: DEFECT",
    "THINKING: Opponent has consistently defected in every round, and their cooperation rate is 0%. Cooperating would only result in a loss for me, as I would receive 0 while they gain 5. Defecting ensures I at least receive 1.  \n\nACTION: DEFECT",
    "THINKING: Opponent has consistently defected in all previous rounds, showing no intention to cooperate. To maximize my payoff and avoid being exploited, defecting is the rational choice.  \n\nACTION: DEFECT",
    "THINKING: Since the opponent has a 0% cooperation rate and always defects, cooperating would consistently result in a zero payoff for me. Defecting ensures I get at least 1 point.  \n\nACTION: DEFECT",
    "THINKING: The opponent has consistently defected every round, showing no intention to cooperate. Continuing to defect minimizes losses, as cooperation would yield zero payoff given their behavior.  \nACTION: DEFECT  "
  ]
}