{
  "experiment": "exp6_baseline",
  "game": "prisoners_dilemma",
  "provider": "deepseek",
  "baseline": "GrimTrigger",
  "trial": 3,
  "rounds": 30,
  "payoff": 40,
  "coop_rate": 0.2,
  "llm_history": [
    "COOPERATE",
    "COOPERATE",
    "COOPERATE",
    "COOPERATE",
    "DEFECT",
    "COOPERATE",
    "COOPERATE",
    "DEFECT",
    "DEFECT",
    "DEFECT",
    "DEFECT",
    "DEFECT",
    "DEFECT",
    "DEFECT",
    "DEFECT",
    "DEFECT",
    "DEFECT",
    "DEFECT",
    "DEFECT",
    "DEFECT",
    "DEFECT",
    "DEFECT",
    "DEFECT",
    "DEFECT",
    "DEFECT",
    "DEFECT",
    "DEFECT",
    "DEFECT",
    "DEFECT",
    "DEFECT"
  ],
  "opp_history": [
    "COOPERATE",
    "COOPERATE",
    "COOPERATE",
    "COOPERATE",
    "COOPERATE",
    "DEFECT",
    "DEFECT",
    "DEFECT",
    "DEFECT",
    "DEFECT",
    "DEFECT",
    "DEFECT",
    "DEFECT",
    "DEFECT",
    "DEFECT",
    "DEFECT",
    "DEFECT",
    "DEFECT",
    "DEFECT",
    "DEFECT",
    "DEFECT",
    "DEFECT",
    "DEFECT",
    "DEFECT",
    "DEFECT",
    "DEFECT",
    "DEFECT",
    "DEFECT",
    "DEFECT",
    "DEFECT"
  ],
  "llm_responses": [
    "THINKING: This is the first round with no history, so I'll start by cooperating to signal willingness to cooperate and see how the opponent responds.  \nACTION: COOPERATE",
    "THINKING: The opponent cooperated in round 1, and with no reason to defect yet, cooperating continues the mutual benefit.  \nACTION: COOPERATE",
    "THINKING: The opponent has cooperated in both previous rounds, and my cooperation rate is 100%. Since we are both cooperating, I'm currently getting a payoff of 3 per round, which is the mutual cooperation reward. Defecting now could risk breaking this cooperative pattern for a short-term gain of 5, but likely at the cost of future cooperation. Given the early stage and the opponent's consistent cooperation, it's best to continue cooperating to build trust.\n\nACTION: COOPERATE",
    "THINKING: The opponent has cooperated 100% so far, and mutual cooperation yields the highest long-term payoff. Defecting now could break trust and reduce future gains.  \nACTION: COOPERATE",
    "THINKING: The opponent has cooperated 100% of the time so far, and my total payoff is zero because I have always cooperated while they have defected against me in at least one round (since my payoff is 0.0). To avoid being exploited, I should defect now to test their response and improve my score.\n\nACTION: DEFECT",
    "THINKING: The opponent has cooperated 100% of the time, so they are likely playing a cooperative strategy like Tit-for-Tat or Always Cooperate. Defecting now would give a short-term gain but risks retaliation and losing the long-term benefits of mutual cooperation.\n\nACTION: COOPERATE",
    "THINKING: The opponent has a high cooperation rate (83%) and is generally cooperative, but they just defected last round. In a repeated Prisoner's Dilemma, a single defection might be a test or mistake, and retaliating could break mutual cooperation. Since my total payoff is currently zero, I should aim to restore cooperation for better long-term payoffs.\n\nACTION: COOPERATE",
    "THINKING: The opponent has a high cooperation rate overall but just defected last round, suggesting they might be testing my response. My total payoff is currently zero, so I need to avoid being exploited while encouraging cooperation.  \n\nACTION: DEFECT",
    "THINKING: Opponent has a moderate cooperation rate but just defected last round, so they may be testing my response. Given my high cooperation rate, defecting now could protect me from exploitation while signaling I won't be taken advantage of.\n\nACTION: DEFECT",
    "THINKING: Opponent has a mixed pattern but recently defected; my cooperation rate is high, so they might exploit me if I keep cooperating. Given the repeated nature, a tit-for-tat approach suggests defecting after their defect to avoid being exploited.\n\nACTION: DEFECT",
    "THINKING: Opponent's recent pattern suggests conditional cooperation, but they just defected last round. My total payoff is currently zero, so I need to be cautious and avoid exploitation.\n\nACTION: DEFECT",
    "THINKING: The opponent has a low cooperation rate and mostly defects recently, so defecting is safer to avoid exploitation.  \nACTION: DEFECT",
    "THINKING: The opponent has a low cooperation rate and mostly defects recently, so continuing to cooperate is unlikely to yield good payoffs. Defecting protects my payoff and matches their likely move.\n\nACTION: DEFECT",
    "THINKING: The opponent has a low cooperation rate and mostly defects recently, so cooperating now likely leads to a low payoff. Defecting protects my payoff and matches their likely action.  \nACTION: DEFECT",
    "THINKING: The opponent has been defecting consistently recently, and my cooperation rate is already low, so cooperating now likely gives me 0 while defecting gives at least 1.  \nACTION: DEFECT",
    "THINKING: The opponent has been defecting consistently recently, and my cooperation rate is already low, so defecting now minimizes my risk of being exploited.  \nACTION: DEFECT",
    "THINKING: The opponent has a low cooperation rate and is currently in a pattern of always defecting. Given that, defecting is the safer choice to avoid being exploited.\n\nACTION: DEFECT",
    "THINKING: The opponent has a low cooperation rate and is currently in a pattern of always defecting, so defecting is the best response to minimize losses.  \nACTION: DEFECT",
    "THINKING: The opponent has been defecting consistently recently, and my cooperation rate is low, so cooperating now likely gives me 0 payoff while defecting gives at least 1.  \nACTION: DEFECT",
    "THINKING: The opponent has a low cooperation rate and is currently in a pattern of always defecting, so cooperating now would likely lead to a poor payoff for me.  \nACTION: DEFECT",
    "THINKING: The opponent has a low cooperation rate and has been consistently defecting recently, so cooperating now would likely lead to a poor payoff for me.  \nACTION: DEFECT",
    "THINKING: The opponent has been defecting consistently, and my cooperation has led to zero payoff so far. Continuing to cooperate is unlikely to change their behavior.  \nACTION: DEFECT",
    "THINKING: The opponent has a very low cooperation rate and is currently in a pattern of always defecting; cooperating now would likely just give them a higher payoff at my expense.  \nACTION: DEFECT",
    "THINKING: The opponent has been defecting consistently, and my cooperation so far has led to zero total payoff. Continuing to cooperate is unlikely to change their behavior, so I should defect to minimize further losses.\n\nACTION: DEFECT",
    "THINKING: The opponent has a low cooperation rate and is currently in a pattern of always defecting. Cooperating now would likely result in a payoff of 0, while defecting secures at least 1.\n\nACTION: DEFECT",
    "THINKING: The opponent has a very low cooperation rate and is currently in a pattern of always defecting; cooperating now would likely result in a poor payoff for me.  \nACTION: DEFECT",
    "THINKING: The opponent has a very low cooperation rate and recently always defects, so cooperating would likely lead to a poor payoff for me.  \nACTION: DEFECT",
    "THINKING: The opponent has a very low cooperation rate and has been defecting consistently, so cooperating now would likely result in a loss for me.  \nACTION: DEFECT",
    "THINKING: The opponent has been defecting consistently, with a very low cooperation rate, and recent pattern shows always defects. Cooperating now would likely result in a payoff of 0, while defecting ensures at least 1.  \nACTION: DEFECT",
    "THINKING: The opponent has a very low cooperation rate and has been consistently defecting recently, so cooperating now would likely result in a loss for me.  \nACTION: DEFECT"
  ]
}