{
  "experiment": "exp6_baseline",
  "game": "prisoners_dilemma",
  "provider": "openai",
  "baseline": "GenerousTitForTat",
  "trial": 12,
  "rounds": 30,
  "payoff": 90,
  "coop_rate": 1.0,
  "llm_history": [
    "COOPERATE",
    "COOPERATE",
    "COOPERATE",
    "COOPERATE",
    "COOPERATE",
    "COOPERATE",
    "COOPERATE",
    "COOPERATE",
    "COOPERATE",
    "COOPERATE",
    "COOPERATE",
    "COOPERATE",
    "COOPERATE",
    "COOPERATE",
    "COOPERATE",
    "COOPERATE",
    "COOPERATE",
    "COOPERATE",
    "COOPERATE",
    "COOPERATE",
    "COOPERATE",
    "COOPERATE",
    "COOPERATE",
    "COOPERATE",
    "COOPERATE",
    "COOPERATE",
    "COOPERATE",
    "COOPERATE",
    "COOPERATE",
    "COOPERATE"
  ],
  "opp_history": [
    "COOPERATE",
    "COOPERATE",
    "COOPERATE",
    "COOPERATE",
    "COOPERATE",
    "COOPERATE",
    "COOPERATE",
    "COOPERATE",
    "COOPERATE",
    "COOPERATE",
    "COOPERATE",
    "COOPERATE",
    "COOPERATE",
    "COOPERATE",
    "COOPERATE",
    "COOPERATE",
    "COOPERATE",
    "COOPERATE",
    "COOPERATE",
    "COOPERATE",
    "COOPERATE",
    "COOPERATE",
    "COOPERATE",
    "COOPERATE",
    "COOPERATE",
    "COOPERATE",
    "COOPERATE",
    "COOPERATE",
    "COOPERATE",
    "COOPERATE"
  ],
  "llm_responses": [
    "THINKING: Since this is the first round and there is no history to analyze, cooperating establishes trust and sets a foundation for potential mutual cooperation in future rounds. This aligns with the principle of reciprocity in repeated games.  \n\nACTION: COOPERATE",
    "THINKING: The opponent has cooperated in the previous round and their cooperation rate is 100%. Maintaining mutual cooperation maximizes the payoff for both players in the long term.  \nACTION: COOPERATE  ",
    "THINKING: Given the opponent's consistent cooperation and considering that mutual cooperation yields the highest joint payoff, maintaining cooperation is beneficial to sustain trust and maximize long-term gains.\n\nACTION: COOPERATE",
    "THINKING: Both I and the Opponent have been fully cooperative so far, suggesting a mutually beneficial dynamic. Continuing to cooperate maximizes long-term payoffs for both parties.  \nACTION: COOPERATE  ",
    "THINKING: The opponent has been entirely cooperative so far, and mutual cooperation maximizes payoffs in the long term. Defecting now could break the trust and lead to lower payoffs for both players in future rounds.  \n\nACTION: COOPERATE",
    "THINKING: The opponent has consistently cooperated in all previous rounds, showing a highly cooperative pattern. To maintain mutual trust and maximize long-term payoffs, it is best to also cooperate.\n\nACTION: COOPERATE",
    "THINKING: The opponent has demonstrated a consistent pattern of cooperation, and mutual cooperation yields the best long-term payoff. Defecting now would break trust and could lead to worse outcomes in future rounds.  \n\nACTION: COOPERATE",
    "THINKING: Both I and the Opponent have consistently cooperated, resulting in mutual high payoffs. Defecting now risks breaking this trust and potentially causing lower payoffs in future rounds. Maintaining cooperation maximizes long-term benefits.  \nACTION: COOPERATE",
    "THINKING: Both I and Opponent have consistently cooperated, maintaining mutual trust and maximizing joint payoffs. Breaking from this pattern could harm future cooperation and diminish long-term gains.\n\nACTION: COOPERATE",
    "THINKING: The Opponent has maintained a 100% cooperation rate, indicating a strong tendency toward mutual benefit. To maximize long-term payoffs, continuing to cooperate aligns with the strategy of ensuring trust and mutual cooperation.  \n\nACTION: COOPERATE",
    "THINKING: Both my opponent and I have consistently cooperated in every round so far, leading to mutual payoffs and a stable relationship. Defecting now would break the trust and jeopardize future cooperation, which could result in lower payoffs for both of us.\n\nACTION: COOPERATE",
    "THINKING: Both I and the Opponent have maintained a 100% cooperation rate, which has ensured mutual maximum payoffs so far. Breaking this cooperative pattern by defecting could harm the trust and the long-term payoff potential.\n\nACTION: COOPERATE",
    "THINKING: Both I and the Opponent have cooperated 100% so far, resulting in mutual trust and optimal payoffs. Defecting now would break this trust and likely lead to a less favorable outcome in future rounds.  \n\nACTION: COOPERATE",
    "THINKING: Both I and my opponent have cooperated consistently, resulting in mutual benefit. Defecting now would break the trust and likely lead to worse outcomes in future rounds.\n\nACTION: COOPERATE",
    "THINKING: Both my opponent and I have demonstrated consistent cooperation, resulting in mutual benefit. Breaking this pattern by defecting could damage trust and lead to lower payoffs in future rounds.\n\nACTION: COOPERATE",
    "THINKING: The opponent has maintained a perfect cooperation rate, and mutual cooperation consistently yields the best payoff for both players. Defecting would risk breaking trust and could lead to lower long-term payoffs.  \n\nACTION: COOPERATE",
    "THINKING: Given the opponent's consistent cooperation rate of 100% and the mutual benefits of cooperation, continuing to cooperate will maximize long-term payoffs for both parties. Defecting would break the trusting dynamic and harm the overall outcome.  \n\nACTION: COOPERATE",
    "THINKING: The opponent has consistently cooperated in all 17 rounds, and my cooperation rate is 100%. Continuing to cooperate will likely maintain mutual trust and maximize long-term payoffs. Defecting now risks breaking the trust and reducing future cooperation.  \nACTION: COOPERATE",
    "THINKING: Both I and the opponent have cooperated consistently for 18 rounds, and mutual cooperation has led to optimal outcomes for both. Breaking this pattern now could jeopardize the trust and long-term benefits of mutual cooperation.\n\nACTION: COOPERATE",
    "THINKING: Both myself and the Opponent have cooperated 100% of the time so far, fostering mutual trust and maximizing payoffs. Defecting now would break this trust and potentially lead to worse outcomes in future rounds.\n\nACTION: COOPERATE",
    "THINKING: Both I and my opponent have maintained perfect cooperation so far, which maximizes mutual payoffs. There is no reason to break this trust now, as defecting would harm both the ongoing strategy and the trust built.  \nACTION: COOPERATE",
    "THINKING: The opponent has consistently cooperated in all 21 rounds, and mutual cooperation maximizes the payoff for both players. Breaking this trust by defecting would risk losing future cooperation and reducing overall payoffs.  \nACTION: COOPERATE",
    "THINKING: Both I and my opponent have consistently cooperated so far, resulting in mutual high payoffs. Breaking this cooperative streak would reduce trust and harm long-term outcomes.  \nACTION: COOPERATE",
    "THINKING: The opponent has been highly cooperative with a 100% cooperation rate, and mutual cooperation yields the highest collective payoff. Defecting now would damage trust and likely lead to worse outcomes in future rounds.  \nACTION: COOPERATE",
    "THINKING: The opponent has been fully cooperative so far, with a 100% cooperation rate, suggesting a strong likelihood of continued cooperation. Maintaining mutual cooperation maximizes the payoff for both players in the long term.\n\nACTION: COOPERATE",
    "THINKING: Both I and my opponent have cooperated consistently, leading to mutual high payoffs. Defecting now could break this trust and harm future cooperation. \n\nACTION: COOPERATE",
    "THINKING: Both I and the Opponent have maintained 100% cooperation so far, resulting in stable and optimal payoffs for both. Defecting now would break the trust and potentially lead to mutual losses in future rounds.  \nACTION: COOPERATE",
    "THINKING: The opponent has consistently cooperated in all 27 rounds, and maintaining mutual cooperation yields the highest long-term payoff for both of us. Defecting would break trust and risk future cooperation.  \nACTION: COOPERATE",
    "THINKING: The opponent has shown consistent cooperation throughout all rounds, and mutual cooperation has the highest overall payoff. Breaking the cooperative streak risks losing trust and future payoffs.\n\nACTION: COOPERATE",
    "THINKING: Both my cooperation rate and the opponent's cooperation rate are 100%, indicating mutual trust and a highly cooperative pattern. Defecting now would break this equilibrium and likely lead to lower payoffs in future rounds. \n\nACTION: COOPERATE"
  ]
}