{
  "experiment": "exp6_baseline",
  "game": "prisoners_dilemma",
  "provider": "openai",
  "baseline": "GenerousTitForTat",
  "trial": 1,
  "rounds": 30,
  "payoff": 90,
  "coop_rate": 1.0,
  "llm_history": [
    "COOPERATE",
    "COOPERATE",
    "COOPERATE",
    "COOPERATE",
    "COOPERATE",
    "COOPERATE",
    "COOPERATE",
    "COOPERATE",
    "COOPERATE",
    "COOPERATE",
    "COOPERATE",
    "COOPERATE",
    "COOPERATE",
    "COOPERATE",
    "COOPERATE",
    "COOPERATE",
    "COOPERATE",
    "COOPERATE",
    "COOPERATE",
    "COOPERATE",
    "COOPERATE",
    "COOPERATE",
    "COOPERATE",
    "COOPERATE",
    "COOPERATE",
    "COOPERATE",
    "COOPERATE",
    "COOPERATE",
    "COOPERATE",
    "COOPERATE"
  ],
  "opp_history": [
    "COOPERATE",
    "COOPERATE",
    "COOPERATE",
    "COOPERATE",
    "COOPERATE",
    "COOPERATE",
    "COOPERATE",
    "COOPERATE",
    "COOPERATE",
    "COOPERATE",
    "COOPERATE",
    "COOPERATE",
    "COOPERATE",
    "COOPERATE",
    "COOPERATE",
    "COOPERATE",
    "COOPERATE",
    "COOPERATE",
    "COOPERATE",
    "COOPERATE",
    "COOPERATE",
    "COOPERATE",
    "COOPERATE",
    "COOPERATE",
    "COOPERATE",
    "COOPERATE",
    "COOPERATE",
    "COOPERATE",
    "COOPERATE",
    "COOPERATE"
  ],
  "llm_responses": [
    "THINKING: Since this is the first round and there’s no prior information about the Opponent's strategy, cooperating could build trust and encourage mutual cooperation in future rounds. However, defecting could maximize short-term gain if the Opponent chooses to cooperate. Starting with cooperation allows for a potential long-term cooperative relationship.\n\nACTION: COOPERATE",
    "THINKING: Since both players cooperated in the first round and the opponent has a 100% cooperation rate so far, maintaining mutual cooperation maximizes payoffs for both parties in the long run. Defecting now could break trust and reduce future gains.\n\nACTION: COOPERATE",
    "THINKING: Both you and the opponent have cooperated in all previous rounds, suggesting mutual trust and the potential for continued high payoffs. Defecting now would risk breaking this trust and reduce the long-term gains. \n\nACTION: COOPERATE",
    "THINKING: Based on the opponent's consistent cooperation and high cooperation rate, it is likely beneficial to continue cooperating for mutual gain, as defecting might disrupt this pattern and lead to reduced payoffs in future rounds. Maintaining trust seems the optimal strategy.\n\nACTION: COOPERATE",
    "THINKING: The opponent has demonstrated consistent cooperation with a 100% cooperation rate. Defecting now would break mutual trust and could lead to retaliation, reducing payoffs in future rounds. Maintaining cooperation maximizes long-term gains.\n\nACTION: COOPERATE",
    "THINKING: Both I and my Opponent have cooperated every round so far, leading to mutual trust and maximizing long-term payoffs. Breaking this pattern by defecting now risks ruining the cooperation streak and may lead to lower payoffs in future rounds.\n\nACTION: COOPERATE",
    "THINKING: The opponent has consistently cooperated in all rounds, fostering trust and mutual benefit. Defecting now would break the cooperative dynamic and likely lead to lower long-term payoffs.\n\nACTION: COOPERATE",
    "THINKING: Both players have consistently cooperated for seven rounds, ensuring mutual benefit. To maintain trust and maximize long-term payoffs, continuing to cooperate seems optimal.  \nACTION: COOPERATE",
    "THINKING: The opponent has been consistently cooperative, and mutual cooperation yields a higher payoff than mutual defection. Breaking the cooperative pattern risks losing trust and long-term rewards.  \n\nACTION: COOPERATE  ",
    "THINKING: The opponent has demonstrated consistent cooperation (100%) throughout the game, and mutual cooperation yields a higher long-term payoff than defecting. To maintain trust and maximize overall gains, cooperation is the best strategy.\n\nACTION: COOPERATE",
    "THINKING: Both I and my opponent have been fully cooperative throughout the game, leading to mutual benefits. Breaking this cooperation now risks ruining the trust and reducing long-term payoffs.\n\nACTION: COOPERATE",
    "THINKING: The opponent has consistently cooperated throughout all rounds, showing a highly cooperative strategy. To maximize long-term mutual payoffs and maintain trust, it is optimal to cooperate as well.\n\nACTION: COOPERATE",
    "THINKING: Both I and the Opponent have shown 100% cooperation so far, leading to mutual high payoffs. Breaking this cooperation now would risk losing trust and reduce long-term payoffs. Maintaining cooperation maximizes rewards and preserves a positive relationship.  \nACTION: COOPERATE",
    "THINKING: The opponent has been consistently cooperative (100% cooperation rate), and mutual cooperation yields higher long-term payoffs than defecting. Maintaining cooperation maximizes trust and ensures continued mutual benefit.  \nACTION: COOPERATE",
    "THINKING: Both the opponent and I have cooperated in every round, maintaining mutual trust and maximizing shared payoffs. Defecting now would break this trust and likely lead to a worse outcome in future rounds.\n\nACTION: COOPERATE",
    "THINKING: The opponent has consistently cooperated in all rounds, leading to mutual benefits. Continuing to cooperate will maximize both of our payoffs in the long term.  \nACTION: COOPERATE  ",
    "THINKING: The opponent has consistently cooperated in all rounds, maintaining a 100% cooperation rate. Defecting now could break the trust and lead to future retaliation, reducing overall payoffs in the long run. \n\nACTION: COOPERATE",
    "THINKING: The opponent has been consistently cooperative for all 17 rounds, and my cooperation rate is also 100%. Defecting now would break the trust and potentially trigger retaliation, reducing long-term payoffs. Continued cooperation maximizes mutual benefit.\n\nACTION: COOPERATE",
    "THINKING: The opponent has demonstrated consistent cooperation through all 18 rounds, and my own cooperation rate is 100%. Breaking this mutual trust now may jeopardize future cooperation and result in lower payoffs in subsequent rounds. Cooperation maximizes long-term rewards in such a scenario.  \nACTION: COOPERATE",
    "THINKING: Both I and my opponent have cooperated consistently so far, leading to mutual benefits. Defecting now risks breaking the trust and reducing long-term payoffs. \n\nACTION: COOPERATE",
    "THINKING: Both I and the opponent have cooperated consistently for 20 rounds, yielding maximum mutual payoffs. Defecting now risks breaking the trust and reducing long-term benefits in this repeated game.\n\nACTION: COOPERATE",
    "THINKING: Both I and the Opponent have cooperated consistently, which has maximized mutual payoffs. Maintaining trust and cooperation ensures a continued optimal outcome for both parties. Defecting risks breaking this mutually beneficial dynamic.\n\nACTION: COOPERATE",
    "THINKING: Both players have been fully cooperative so far, and defecting now would break the trust and likely lead to worse outcomes in future rounds. Continuing to cooperate maximizes long-term payoff in this mutually cooperative dynamic.\n\nACTION: COOPERATE",
    "THINKING: Both I and the Opponent have cooperated 100% of the time, and the Opponent appears to be highly cooperative. Breaking the mutual cooperation would harm long-term payoffs. Maintaining trust is beneficial.  \nACTION: COOPERATE",
    "THINKING: The opponent has cooperated in every round so far, maintaining a 100% cooperation rate. Continuing to cooperate will likely maximize both of our payoffs and sustain mutual trust.  \n\nACTION: COOPERATE",
    "THINKING: Both my opponent and I have cooperated consistently, leading to mutual benefits. Breaking this streak could harm trust and reduce long-term payoffs.  \nACTION: COOPERATE",
    "THINKING: The opponent has consistently cooperated in every round, and mutual cooperation yields the best long-term payoff. Breaking the cooperative pattern could harm trust and lead to worse outcomes in future rounds. \n\nACTION: COOPERATE",
    "THINKING: Both I and the Opponent have cooperated consistently, resulting in mutual gains. Maintaining cooperation maximizes long-term payoffs in this highly cooperative dynamic.  \nACTION: COOPERATE  ",
    "THINKING: Both I and the Opponent have consistently cooperated, and defecting now would break the trust built over the previous rounds, risking future cooperation and reducing long-term payoffs. Continuing to cooperate maximizes mutual benefit.\n\nACTION: COOPERATE",
    "THINKING: Given that both my cooperation rate and the opponent's cooperation rate are 100%, the opponent appears trustworthy and consistent in cooperating. Defecting now would break the trust built over 29 rounds and disrupt the mutually beneficial outcome.\n\nACTION: COOPERATE"
  ]
}