{
  "experiment": "exp6_baseline",
  "game": "prisoners_dilemma",
  "provider": "deepseek",
  "baseline": "Extort2",
  "trial": 29,
  "rounds": 30,
  "payoff": 52,
  "coop_rate": 0.3,
  "llm_history": [
    "COOPERATE",
    "COOPERATE",
    "COOPERATE",
    "COOPERATE",
    "DEFECT",
    "DEFECT",
    "DEFECT",
    "COOPERATE",
    "DEFECT",
    "COOPERATE",
    "COOPERATE",
    "DEFECT",
    "COOPERATE",
    "COOPERATE",
    "DEFECT",
    "DEFECT",
    "DEFECT",
    "DEFECT",
    "DEFECT",
    "DEFECT",
    "DEFECT",
    "DEFECT",
    "DEFECT",
    "DEFECT",
    "DEFECT",
    "DEFECT",
    "DEFECT",
    "DEFECT",
    "DEFECT",
    "DEFECT"
  ],
  "opp_history": [
    "COOPERATE",
    "COOPERATE",
    "COOPERATE",
    "COOPERATE",
    "COOPERATE",
    "COOPERATE",
    "DEFECT",
    "DEFECT",
    "COOPERATE",
    "DEFECT",
    "DEFECT",
    "COOPERATE",
    "COOPERATE",
    "DEFECT",
    "DEFECT",
    "DEFECT",
    "DEFECT",
    "DEFECT",
    "DEFECT",
    "DEFECT",
    "DEFECT",
    "DEFECT",
    "DEFECT",
    "DEFECT",
    "DEFECT",
    "DEFECT",
    "DEFECT",
    "DEFECT",
    "DEFECT",
    "DEFECT"
  ],
  "llm_responses": [
    "THINKING: This is the first round with no history, so I'll start with cooperation to signal willingness to cooperate and see how the opponent responds.  \nACTION: COOPERATE",
    "THINKING: Since the opponent cooperated in the first round and has a 100% cooperation rate, cooperating now encourages mutual cooperation for higher long-term payoffs.  \nACTION: COOPERATE",
    "THINKING: The opponent has cooperated in both previous rounds, and my cooperation rate is 100%. Since we are both cooperating, I'm currently getting a payoff of 3 per round, which is the mutual cooperation reward. Defecting now could yield a higher payoff (5) this round, but risks triggering retaliation and losing future cooperative payoffs. Given the early stage and the opponent's consistent cooperation, cooperating is likely best to sustain mutual benefit.\n\nACTION: COOPERATE",
    "THINKING: The opponent has cooperated 100% so far, and mutual cooperation yields the highest long-term payoff.  \nACTION: COOPERATE",
    "THINKING: The opponent has cooperated 100% of the time so far, and my total payoff is currently zero, meaning I have been cooperating while they have been defecting in previous rounds. Their stated 100% cooperation rate (4/4) contradicts my payoff, but the history says their last action was cooperate. Given the apparent inconsistency, I should defect to test their response and protect my payoff.\n\nACTION: DEFECT",
    "THINKING: The opponent has cooperated 100% of the time so far, and my high cooperation rate (80%) has yielded me a total payoff of 0, meaning I've been exploited. To improve my payoff, I should defect now to gain 5 points while they likely cooperate again.  \nACTION: DEFECT",
    "THINKING: The opponent has cooperated 100% of the time, so they are likely playing a cooperative strategy like Tit-for-Tat or Always Cooperate. My total payoff is currently zero, so I need to start earning points. Defecting now will give me a high payoff of 5, and they are unlikely to retaliate immediately given their history.\n\nACTION: DEFECT",
    "THINKING: The opponent has been highly cooperative (86% rate) but just defected last round. In a repeated Prisoner's Dilemma, a single defection after cooperation may be a test or a mistake. Given my total payoff is currently zero, I should aim to rebuild mutual cooperation for higher future payoffs.  \nACTION: COOPERATE",
    "THINKING: The opponent has a high cooperation rate (75%) and appears to be a conditional cooperator, but they just defected last round. To encourage a return to cooperation, I should respond with a forgiving but firm \"tit-for-tat\" style move by defecting this round.\n\nACTION: DEFECT",
    "THINKING: Opponent has a high cooperation rate and just cooperated last round, so cooperating now is likely to yield a good payoff and maintain mutual cooperation.  \nACTION: COOPERATE",
    "THINKING: The opponent has a high cooperation rate (70%) but just defected last round, possibly testing my response. My total payoff is currently zero, so I need to encourage mutual cooperation to improve it. Defecting now might trigger a retaliation spiral.\n\nACTION: COOPERATE",
    "THINKING: Opponent has a 64% cooperation rate and recently defected, but overall they are mixed/conditional. My total payoff is currently zero, so I need to maximize my score now. Given the Prisoner's Dilemma incentives, defecting is the safer choice to avoid exploitation.\n\nACTION: DEFECT",
    "THINKING: The opponent has a high cooperation rate and just cooperated last round, so cooperating now is likely to lead to mutual cooperation and a better payoff for this round.  \nACTION: COOPERATE",
    "THINKING: Opponent has cooperated recently and has a high cooperation rate overall, so cooperating now is likely to lead to mutual cooperation and a better payoff this round.  \nACTION: COOPERATE",
    "THINKING: The opponent has a similar cooperation rate to mine and appears to be a conditional cooperator, but they just defected last round. A tit-for-tat response is appropriate to avoid exploitation.\n\nACTION: DEFECT",
    "THINKING: Opponent has been defecting recently and has a 60% cooperation rate overall, but my total payoff is zero, so my past strategy hasn't worked. I should defect to protect myself and try to improve my score.  \nACTION: DEFECT",
    "THINKING: The opponent has been mostly defecting recently and has a 56% cooperation rate overall, but my total payoff is currently zero, indicating I've been exploited when cooperating. Given the recent pattern, I should defect to protect myself and try to improve my score.\n\nACTION: DEFECT",
    "THINKING: The opponent has mostly been defecting recently and defected last round, so cooperating now risks a low payoff. Given the repeated nature, a tit-for-tat or defensive approach suggests defecting to avoid exploitation.\n\nACTION: DEFECT",
    "THINKING: The opponent has been mostly defecting recently and has a 50% cooperation rate overall, so they are unpredictable but leaning toward defection. Given my total payoff is currently zero, I should defect to avoid being exploited and possibly gain a higher payoff this round.\n\nACTION: DEFECT",
    "THINKING: The opponent has mostly been defecting recently and has a low cooperation rate, so cooperating now is unlikely to be reciprocated.  \nACTION: DEFECT",
    "THINKING: The opponent has a low cooperation rate and recently defected, so continuing to cooperate is likely to lead to exploitation.  \nACTION: DEFECT",
    "THINKING: The opponent has mostly been defecting recently, and my total payoff is currently zero, so continuing to cooperate is unlikely to improve my score.  \nACTION: DEFECT",
    "THINKING: The opponent has been defecting consistently recently, and my cooperation rate is similar to theirs, but continuing to cooperate while they defect yields me zero payoff. To protect my score, I should defect.\n\nACTION: DEFECT",
    "THINKING: The opponent has been defecting consistently recently, and my cooperation hasn't changed their behavior. Defecting now protects me from a sucker's payoff and matches their strategy.\n\nACTION: DEFECT",
    "THINKING: The opponent has been defecting consistently recently, and my cooperation rate is low, so continuing to defect is the safest way to avoid exploitation.  \nACTION: DEFECT",
    "THINKING: The opponent has been always defecting recently, and my cooperation rate is low, so continuing to defect is the rational choice to avoid exploitation.  \nACTION: DEFECT",
    "THINKING: Opponent has been defecting consistently recently, and my cooperation rate is low, so they likely won't trust me. Defecting is the safer choice to avoid being exploited.  \nACTION: DEFECT",
    "THINKING: The opponent has been defecting consistently recently and has a low overall cooperation rate, so cooperating now would likely result in a loss for me.  \nACTION: DEFECT",
    "THINKING: The opponent has been defecting consistently recently, and my total payoff is zero, so cooperating now is unlikely to change their behavior or improve my score.  \nACTION: DEFECT",
    "THINKING: The opponent has been always defecting recently, and my cooperation rate is similar to theirs. Continuing to cooperate when they defect gives me 0 payoff, while defecting gives at least 1. It's rational to defect now.\n\nACTION: DEFECT"
  ]
}