{
  "experiment": "exp6_baseline",
  "game": "prisoners_dilemma",
  "provider": "deepseek",
  "baseline": "Pavlov",
  "trial": 26,
  "rounds": 30,
  "payoff": 87,
  "coop_rate": 0.9333333333333333,
  "llm_history": [
    "COOPERATE",
    "COOPERATE",
    "COOPERATE",
    "COOPERATE",
    "DEFECT",
    "DEFECT",
    "COOPERATE",
    "COOPERATE",
    "COOPERATE",
    "COOPERATE",
    "COOPERATE",
    "COOPERATE",
    "COOPERATE",
    "COOPERATE",
    "COOPERATE",
    "COOPERATE",
    "COOPERATE",
    "COOPERATE",
    "COOPERATE",
    "COOPERATE",
    "COOPERATE",
    "COOPERATE",
    "COOPERATE",
    "COOPERATE",
    "COOPERATE",
    "COOPERATE",
    "COOPERATE",
    "COOPERATE",
    "COOPERATE",
    "COOPERATE"
  ],
  "opp_history": [
    "COOPERATE",
    "COOPERATE",
    "COOPERATE",
    "COOPERATE",
    "COOPERATE",
    "DEFECT",
    "DEFECT",
    "COOPERATE",
    "COOPERATE",
    "COOPERATE",
    "COOPERATE",
    "COOPERATE",
    "COOPERATE",
    "COOPERATE",
    "COOPERATE",
    "COOPERATE",
    "COOPERATE",
    "COOPERATE",
    "COOPERATE",
    "COOPERATE",
    "COOPERATE",
    "COOPERATE",
    "COOPERATE",
    "COOPERATE",
    "COOPERATE",
    "COOPERATE",
    "COOPERATE",
    "COOPERATE",
    "COOPERATE",
    "COOPERATE"
  ],
  "llm_responses": [
    "THINKING: This is the first round with no history, so I'll start by cooperating to signal willingness for mutual cooperation.  \nACTION: COOPERATE",
    "THINKING: The opponent cooperated in the first round, and with a 100% cooperation rate so far, it's likely they are playing a cooperative strategy like Tit-for-Tat. Cooperating now builds trust and mutual benefit.\n\nACTION: COOPERATE",
    "THINKING: Both players have cooperated in the first two rounds, and the opponent has a 100% cooperation rate. Starting with mutual cooperation is promising, so I'll continue cooperating to build trust and maintain the high payoff outcome.\n\nACTION: COOPERATE",
    "THINKING: The opponent has cooperated 100% of the time so far, and mutual cooperation yields a good payoff. Defecting now could break trust and trigger retaliation in future rounds.\n\nACTION: COOPERATE",
    "THINKING: The opponent has cooperated 100% of the time so far, and my total payoff is currently zero because I have always cooperated while they have defected in at least one early round (since my payoff is 0.0). To maximize my payoff, I should defect now to exploit their consistent cooperation.\n\nACTION: DEFECT",
    "THINKING: The opponent has cooperated 100% of the time so far, and my high cooperation rate (80%) has yielded a total payoff of 0, meaning they have exploited my occasional defections. To improve my score, I should defect now to take advantage of their consistent cooperation.  \nACTION: DEFECT",
    "THINKING: The opponent has been highly cooperative overall (83%), but they just defected last round. Given my total payoff is currently zero, I should try to rebuild mutual cooperation to improve my score, so I'll respond with cooperation to encourage future cooperation.\n\nACTION: COOPERATE",
    "THINKING: The opponent has a 71% cooperation rate but just defected last round, suggesting they may be responding to my actions. Since my cooperation rate is also 71%, they might be mirroring me. To rebuild mutual cooperation, I should cooperate now to signal willingness to return to cooperation.\n\nACTION: COOPERATE",
    "THINKING: Opponent has cooperated 75% of the time and just cooperated last round, so they are likely to cooperate again. Mutual cooperation gives a good payoff (3) and improves my total, while defecting risks them retaliating later.\n\nACTION: COOPERATE",
    "THINKING: Opponent has a high cooperation rate and just cooperated last round, so cooperating now likely maintains mutual cooperation for good payoffs.  \nACTION: COOPERATE",
    "THINKING: The opponent has been highly cooperative (80% cooperation rate) and just cooperated last round. Cooperating now is likely to maintain mutual cooperation, maximizing long-term payoff.  \nACTION: COOPERATE",
    "THINKING: The opponent has been highly cooperative (82% rate) and just cooperated last round. In a repeated Prisoner's Dilemma with a cooperative opponent, mutual cooperation yields the best long-term payoff.  \nACTION: COOPERATE",
    "THINKING: Opponent has been highly cooperative (83% rate) and just cooperated last round. Mutual cooperation yields the best long-term payoff here.  \nACTION: COOPERATE",
    "THINKING: Both of us have high cooperation rates and the opponent just cooperated, so mutual cooperation is likely and yields the best payoff for both in this round.  \nACTION: COOPERATE",
    "THINKING: With both cooperation rates high and the opponent recently cooperating, mutual cooperation yields the best payoff. Defecting risks breaking the cooperative pattern.  \nACTION: COOPERATE",
    "THINKING: Both of us have high cooperation rates, and the opponent just cooperated last round. Continuing to cooperate maintains mutual benefit.\n\nACTION: COOPERATE",
    "THINKING: Both of us have been highly cooperative (88% each), and the opponent just cooperated last round. Continuing mutual cooperation maximizes long-term payoff.\n\nACTION: COOPERATE",
    "THINKING: Both of us have been highly cooperative (88% each), and the opponent just cooperated last round. Continuing to cooperate maximizes mutual payoff in a cooperative equilibrium.  \nACTION: COOPERATE",
    "THINKING: Both of us have high cooperation rates, and the opponent has been consistently cooperating recently. Maintaining mutual cooperation maximizes long-term payoff.  \nACTION: COOPERATE",
    "THINKING: Both of us have been highly cooperative (89% each), and the opponent just cooperated last round. Continuing to cooperate maximizes mutual payoff in a cooperative pattern.\n\nACTION: COOPERATE",
    "THINKING: The opponent has a 90% cooperation rate and just cooperated last round, so continuing to cooperate is likely to yield mutual high payoffs.  \nACTION: COOPERATE",
    "THINKING: Both players have high cooperation rates, and the opponent just cooperated. Continuing to cooperate maintains mutual benefit and high payoffs.\n\nACTION: COOPERATE",
    "THINKING: Both of us have been highly cooperative (91% each), and the opponent just cooperated last round. Maintaining mutual cooperation maximizes long-term payoff in this repeated game.\n\nACTION: COOPERATE",
    "THINKING: With both cooperation rates at 91% and a highly cooperative recent pattern, mutual cooperation yields the best long-term payoff. Defecting now risks breaking this beneficial cycle.  \nACTION: COOPERATE",
    "THINKING: Both of us have been highly cooperative (92% each), and mutual cooperation yields the best long-term payoff. Defecting now risks breaking the cooperative pattern and reducing future gains.\n\nACTION: COOPERATE",
    "THINKING: Both of us have been highly cooperative (92% each), and mutual cooperation yields the best long-term payoff per round. Defecting now risks breaking this beneficial pattern.\n\nACTION: COOPERATE",
    "THINKING: With both cooperation rates at 92% and a highly cooperative recent pattern, mutual cooperation yields the best ongoing payoff. Defecting now risks breaking this beneficial cycle.\n\nACTION: COOPERATE",
    "THINKING: Both of us have been highly cooperative (93% each), and mutual cooperation yields the best long-term payoff per round. Defecting now risks breaking the cooperative equilibrium.\n\nACTION: COOPERATE",
    "THINKING: With both cooperation rates above 90% and a history of mutual cooperation, maintaining cooperation maximizes long-term payoff. Defecting now risks retaliation in the final rounds.\n\nACTION: COOPERATE",
    "THINKING: With both cooperation rates above 90% and a history of mutual cooperation, maintaining cooperation maximizes long-term payoff in this repeated game.  \nACTION: COOPERATE"
  ]
}