{
  "experiment": "exp6_baseline",
  "game": "prisoners_dilemma",
  "provider": "deepseek",
  "baseline": "AlwaysDefect",
  "trial": 18,
  "rounds": 30,
  "payoff": 29,
  "coop_rate": 0.03333333333333333,
  "llm_history": [
    "COOPERATE",
    "DEFECT",
    "DEFECT",
    "DEFECT",
    "DEFECT",
    "DEFECT",
    "DEFECT",
    "DEFECT",
    "DEFECT",
    "DEFECT",
    "DEFECT",
    "DEFECT",
    "DEFECT",
    "DEFECT",
    "DEFECT",
    "DEFECT",
    "DEFECT",
    "DEFECT",
    "DEFECT",
    "DEFECT",
    "DEFECT",
    "DEFECT",
    "DEFECT",
    "DEFECT",
    "DEFECT",
    "DEFECT",
    "DEFECT",
    "DEFECT",
    "DEFECT",
    "DEFECT"
  ],
  "opp_history": [
    "DEFECT",
    "DEFECT",
    "DEFECT",
    "DEFECT",
    "DEFECT",
    "DEFECT",
    "DEFECT",
    "DEFECT",
    "DEFECT",
    "DEFECT",
    "DEFECT",
    "DEFECT",
    "DEFECT",
    "DEFECT",
    "DEFECT",
    "DEFECT",
    "DEFECT",
    "DEFECT",
    "DEFECT",
    "DEFECT",
    "DEFECT",
    "DEFECT",
    "DEFECT",
    "DEFECT",
    "DEFECT",
    "DEFECT",
    "DEFECT",
    "DEFECT",
    "DEFECT",
    "DEFECT"
  ],
  "llm_responses": [
    "THINKING: This is the first round with no history, so I'll start by cooperating to signal willingness to cooperate and see how the opponent responds.  \nACTION: COOPERATE",
    "THINKING: Opponent defected in the first round, and my cooperation rate is 100% while theirs is 0%. Starting with a defection suggests they may be playing a strategy like Always Defect. I should defect to avoid being exploited again.  \nACTION: DEFECT",
    "THINKING: The opponent has defected in both previous rounds, so they are likely playing a strategy that defects often. To maximize my payoff, I should defect to avoid being exploited.\n\nACTION: DEFECT",
    "THINKING: The opponent has always defected so far, and my cooperation rate is low because I've tried cooperating but got punished. Continuing to cooperate seems unlikely to change their behavior.\n\nACTION: DEFECT",
    "THINKING: The opponent has defected every round so far, and my cooperation rate is low because I likely tried cooperating earlier and got punished. Continuing to cooperate against an always-defect strategy yields no benefit.\n\nACTION: DEFECT",
    "THINKING: The opponent has always defected so far, and my cooperation has led to zero payoff. Continuing to cooperate is unlikely to change their behavior, so I should defect to minimize losses.  \nACTION: DEFECT",
    "THINKING: The opponent has always defected so far, and my cooperation has led to zero payoff. To avoid further losses, I should defect as well.  \nACTION: DEFECT",
    "THINKING: The opponent has defected every round so far, and my cooperation has only led to losses. Continuing to cooperate is not rational.\n\nACTION: DEFECT",
    "THINKING: The opponent has defected every round so far, and my cooperation has only led to losses. Continuing to cooperate is not rational.  \nACTION: DEFECT",
    "THINKING: The opponent has defected in all previous rounds, and my cooperation rate is low, so continuing to cooperate is unlikely to change their behavior. To maximize my payoff in this round, I should defect.\n\nACTION: DEFECT",
    "THINKING: The opponent has always defected so far, and my cooperation has only led to losses. Continuing to cooperate is not rational.  \nACTION: DEFECT",
    "THINKING: The opponent has always defected, so cooperating will likely lead to a payoff of 0 while defecting guarantees at least 1.  \nACTION: DEFECT",
    "THINKING: The opponent has defected every round so far, and my cooperation has only led to losses. Continuing to cooperate is not rational in this repeated game against an always-defect strategy.\n\nACTION: DEFECT",
    "THINKING: The opponent has defected in every previous round and has a 0% cooperation rate, so cooperating now would likely result in a payoff of 0 with no strategic benefit.  \nACTION: DEFECT",
    "THINKING: The opponent has always defected so far, and my cooperation has only led to losses. Continuing to cooperate is not rational in this scenario.  \nACTION: DEFECT",
    "THINKING: The opponent has defected every single round so far, and my cooperation has only led to losses. Continuing to cooperate is not rational.\n\nACTION: DEFECT",
    "THINKING: The opponent has defected 100% of the time, and cooperating now would only give them a higher payoff at my expense with no sign of reciprocation.  \nACTION: DEFECT",
    "THINKING: The opponent has defected in all previous rounds and has a 0% cooperation rate, so they are playing a strategy of always defecting. Cooperating now would only give me 0 points while defecting gives me 1 point.\n\nACTION: DEFECT",
    "THINKING: The opponent has consistently defected every round, and my cooperation has only led to losses. Continuing to cooperate is not rational.  \nACTION: DEFECT",
    "THINKING: The opponent has defected in all 19 previous rounds and has a 0% cooperation rate, so they are playing a pure \"Always Defect\" strategy. Cooperating again would only give me 0 points while defecting gives me 1 point.\n\nACTION: DEFECT",
    "THINKING: The opponent has defected 100% of the time, showing no sign of cooperation. Cooperating now would only give them a higher payoff at my expense.\n\nACTION: DEFECT",
    "THINKING: The opponent has defected in every round so far and has a 0% cooperation rate, so cooperating now would likely just give them another high payoff at my expense.  \nACTION: DEFECT",
    "THINKING: The opponent has defected in all 22 previous rounds and has a 0% cooperation rate, so they are playing a strategy of always defecting. Cooperating again would only yield a payoff of 0, while defecting yields at least 1.\n\nACTION: DEFECT",
    "THINKING: The opponent has defected in all 23 previous rounds, showing no willingness to cooperate. My cooperation rate is already low, and cooperating now would only reward their defection with no benefit to me.\n\nACTION: DEFECT",
    "THINKING: The opponent has consistently defected for 24 rounds, showing no willingness to cooperate, so cooperating now would only lower my score.  \nACTION: DEFECT",
    "THINKING: The opponent has always defected, so cooperating now would just give them a higher payoff at my expense. My best move is to defect to protect my own score.\n\nACTION: DEFECT",
    "THINKING: The opponent has consistently defected in all previous rounds, and my cooperation has only led to losses. Continuing to cooperate is not rational in this scenario.\n\nACTION: DEFECT",
    "THINKING: The opponent has defected in every round so far, and my cooperation has only led to losses. Continuing to cooperate is not rational.\n\nACTION: DEFECT",
    "THINKING: The opponent has always defected so far, and my cooperation rate is very low, so there's no benefit to cooperating now.  \nACTION: DEFECT",
    "THINKING: The opponent has defected in all 29 previous rounds, so they are playing a strategy of always defecting. Cooperating will only give me 0 points while defecting gives me 1 point.\n\nACTION: DEFECT"
  ]
}