{
  "experiment": "exp6_baseline",
  "game": "prisoners_dilemma",
  "provider": "deepseek",
  "baseline": "AlwaysCooperate",
  "trial": 18,
  "rounds": 30,
  "payoff": 128,
  "coop_rate": 0.36666666666666664,
  "llm_history": [
    "COOPERATE",
    "COOPERATE",
    "COOPERATE",
    "COOPERATE",
    "DEFECT",
    "COOPERATE",
    "COOPERATE",
    "DEFECT",
    "DEFECT",
    "COOPERATE",
    "COOPERATE",
    "DEFECT",
    "DEFECT",
    "DEFECT",
    "COOPERATE",
    "COOPERATE",
    "DEFECT",
    "DEFECT",
    "DEFECT",
    "DEFECT",
    "DEFECT",
    "DEFECT",
    "DEFECT",
    "COOPERATE",
    "DEFECT",
    "DEFECT",
    "DEFECT",
    "DEFECT",
    "DEFECT",
    "DEFECT"
  ],
  "opp_history": [
    "COOPERATE",
    "COOPERATE",
    "COOPERATE",
    "COOPERATE",
    "COOPERATE",
    "COOPERATE",
    "COOPERATE",
    "COOPERATE",
    "COOPERATE",
    "COOPERATE",
    "COOPERATE",
    "COOPERATE",
    "COOPERATE",
    "COOPERATE",
    "COOPERATE",
    "COOPERATE",
    "COOPERATE",
    "COOPERATE",
    "COOPERATE",
    "COOPERATE",
    "COOPERATE",
    "COOPERATE",
    "COOPERATE",
    "COOPERATE",
    "COOPERATE",
    "COOPERATE",
    "COOPERATE",
    "COOPERATE",
    "COOPERATE",
    "COOPERATE"
  ],
  "llm_responses": [
    "THINKING: This is the first round with no history, so I'll start by cooperating to signal willingness to cooperate and see how the opponent responds.  \nACTION: COOPERATE",
    "THINKING: The opponent has cooperated in the first round, and there's no clear pattern yet. Starting with cooperation builds trust and can lead to mutual gains in a repeated game.  \nACTION: COOPERATE",
    "THINKING: The opponent has cooperated in both previous rounds, and my cooperation rate is high, so continuing to cooperate may sustain mutual cooperation for higher payoffs.  \nACTION: COOPERATE",
    "THINKING: Opponent has cooperated 100% so far, and mutual cooperation yields the highest long-term payoff.  \nACTION: COOPERATE",
    "THINKING: The opponent has cooperated 100% of the time so far, and my total payoff is currently zero because I have always cooperated while they have defected in at least one early round (since my payoff is 0.0). To maximize my payoff, I should defect now to exploit their consistent cooperation.\n\nACTION: DEFECT",
    "THINKING: The opponent has cooperated 100% of the time so far, and my high cooperation rate (80%) has not been exploited. Continuing to cooperate maintains mutual benefit and high payoffs.  \nACTION: COOPERATE",
    "THINKING: The opponent has cooperated 100% of the time so far, and my high cooperation rate hasn't been punished. Continuing to cooperate is likely to maintain mutual high payoffs.\n\nACTION: COOPERATE",
    "THINKING: The opponent has cooperated 100% of the time so far, and my low total payoff suggests I've been exploited in early rounds. To improve my score, I should exploit their consistent cooperation now.\n\nACTION: DEFECT",
    "THINKING: The opponent has cooperated 100% of the time so far, making them highly predictable and exploitable. Defecting now maximizes my payoff for this round without immediate retaliation risk.\n\nACTION: DEFECT",
    "THINKING: The opponent has cooperated 100% of the time so far, and my low total payoff suggests I may have been defecting too often. To maximize long-term mutual gain, I should match their cooperation.\n\nACTION: COOPERATE",
    "THINKING: The opponent has cooperated 100% of the time so far, making them extremely predictable and trustworthy. My current low total payoff suggests I have been defecting too often against a cooperative player; cooperating now maximizes mutual gain.\n\nACTION: COOPERATE",
    "THINKING: The opponent has cooperated 100% of the time so far, making them highly predictable and exploitable. Defecting now yields the highest immediate payoff (5 vs 3) with little risk, as they are likely to cooperate again.\n\nACTION: DEFECT",
    "THINKING: The opponent has cooperated 100% of the time, making them extremely predictable and exploitable. Defecting now yields the highest immediate payoff with little risk of retaliation based on their past behavior.\n\nACTION: DEFECT",
    "THINKING: The opponent has cooperated 100% of the time, making them extremely predictable and exploitable. Defecting now yields the highest immediate payoff (5) with no sign of retaliation.  \nACTION: DEFECT",
    "THINKING: The opponent has cooperated 100% of the time so far, and my total payoff is zero, meaning I have been punished for defecting against a cooperative strategy. To maximize my payoff, I should cooperate now to earn mutual rewards.\n\nACTION: COOPERATE",
    "THINKING: The opponent has cooperated 100% of the time so far, and my total payoff is currently zero, meaning I've likely been defecting too often against a highly cooperative strategy. To maximize my payoff from this cooperative opponent, I should cooperate now to start earning mutual rewards.\n\nACTION: COOPERATE",
    "THINKING: The opponent has cooperated 100% of the time, so defecting now would give me a higher payoff this round (5 vs 3) without any sign of retaliation.  \nACTION: DEFECT",
    "THINKING: The opponent has cooperated 100% of the time so far, making them extremely predictable and exploitable. Defecting now yields the highest immediate payoff (5) with minimal risk, since they are likely to cooperate again.\n\nACTION: DEFECT",
    "THINKING: The opponent has cooperated 100% of the time so far, making them extremely predictable and exploitable. Defecting now will maximize my payoff for this round without any sign of retaliation.\n\nACTION: DEFECT",
    "THINKING: The opponent has cooperated 100% of the time so far, making them extremely predictable and exploitable. Defecting now maximizes my payoff for this round with no sign of retaliation.\n\nACTION: DEFECT",
    "THINKING: The opponent has cooperated 100% of the time, so they are likely playing a purely cooperative strategy like \"Always Cooperate.\" Defecting now would give me a higher payoff for this round.\n\nACTION: DEFECT",
    "THINKING: The opponent has cooperated 100% of the time so far, making them extremely predictable and exploitable. My total payoff is currently zero, so I should maximize my gain by defecting now.  \nACTION: DEFECT",
    "THINKING: The opponent has cooperated 100% of the time, so they are likely playing a purely cooperative strategy like \"Always Cooperate.\" Defecting now would give me a higher payoff this round (5 vs 3) with no immediate retaliation, so it's the rational short-term choice.\n\nACTION: DEFECT",
    "THINKING: The opponent has cooperated 100% of the time so far, and my total payoff is zero, meaning my past defections have likely been punished by mutual defection. To maximize my payoff in this round, I should cooperate to match their consistent cooperation and get a mutual reward.\n\nACTION: COOPERATE",
    "THINKING: The opponent has cooperated 100% of the time, so they are likely playing a pure cooperative strategy like \"Always Cooperate.\" Defecting now maximizes my payoff for this round.\n\nACTION: DEFECT",
    "THINKING: The opponent has cooperated 100% of the time so far, showing no sign of retaliation. Defecting now yields the highest immediate payoff (5 vs 3) with no apparent risk based on their past behavior.\n\nACTION: DEFECT",
    "THINKING: The opponent has cooperated 100% of the time, making them extremely predictable and exploitable. Defecting now maximizes my payoff for this round without immediate risk of retaliation.\n\nACTION: DEFECT",
    "THINKING: The opponent has cooperated 100% of the time so far, making them extremely predictable and exploitable. Defecting now maximizes my payoff for this round.\n\nACTION: DEFECT",
    "THINKING: The opponent has cooperated 100% of the time, so they are likely playing a purely cooperative strategy like \"Always Cooperate.\" Defecting now yields a higher payoff for this round, and since the game is ending soon, there is little risk of future retaliation.\n\nACTION: DEFECT",
    "THINKING: The opponent has cooperated in every single round so far, and my total payoff is currently zero, meaning I must have been defecting often. To maximize my payoff now, I should take advantage of their consistent cooperation by defecting.\n\nACTION: DEFECT"
  ]
}